FECHA_CORTE,ANIO,MES,ID_CLASE,CLASE,ID_CATEGORIA,CATEGORIA,DEPARTAMENTO,ID_UBIGEO,NUMERO_ESTABLECIMIENTOS,NUMERO_HABITACIONES,NUMERO_PLAZAS_CAMA,PORCENTAJE_TNOH,PORCENTAJE_TNOC,PROMEDIO_PERMANENCIA,PROMEDIO_PERMANENCIA_NAC,PROMEDIO_PERMANENCIA_EXT,TOTAL_ARRIBOS,TOTAL_ARRIBOS_NAC,TOTAL_ARRIBOS_EXT,TOTAL_PERNOCT,TOTAL_PERNOCT_NAC,TOTAL_PERNOCT_EXT,TOTAL_EMPLEO,ARCHIVO_ORIGEN,FECHA,TASA_OCUPABILIDAD_HOTELERA,TASA_OCUPABILIDAD_HOTELERA_FUTURA,MES_SIN,MES_COS,TASA_LAG_1,TASA_LAG_2,TASA_LAG_3,ARRIBOS_LAG_1,PERNOCT_LAG_1,EMPLEO_LAG_1,TASA_MEDIA_MOVIL_3,ES_COVID_2020,TENDENCIA_MESES
,2019,4,TT,TODAS CONSOLIDADAS,TT,TODAS CONSOLIDADAS,AMAZONAS,010000,372,5072,8122,23.06,18.1,1.17,1.14,1.78,38011,35932,2079,44899,40924,3975,916,Indicadores_ocupabilidad_2019.csv,2019-04-01,23.06,20.03,0.8660254037844387,-0.4999999999999998,25.01,25.96,28.2,40135.0,46118.0,909.0,26.39,0,0
,2019,5,TT,TODAS CONSOLIDADAS,TT,TODAS CONSOLIDADAS,AMAZONAS,010000,367,5054,8062,20.03,14.93,1.2,1.16,1.68,32993,30945,2048,39594,35667,3927,902,Indicadores_ocupabilidad_2019.csv,2019-05-01,20.03,25.85,0.49999999999999994,-0.8660254037844387,23.06,25.01,25.96,38011.0,44899.0,916.0,24.676666666666666,0,1
,2019,6,TT,TODAS CONSOLIDADAS,TT,TODAS CONSOLIDADAS,AMAZONAS,010000,367,5056,8064,25.85,18.54,1.21,1.19,1.73,38075,36258,1817,45598,42217,3381,914,Indicadores_ocupabilidad_2019.csv,2019-06-01,25.85,29.94,1.2246467991473532e-16,-1.0,20.03,23.06,25.01,32993.0,39594.0,902.0,22.700000000000003,0,2
,2019,7,TT,TODAS CONSOLIDADAS,TT,TODAS CONSOLIDADAS,AMAZONAS,010000,372,5172,8278,29.94,23.06,1.23,1.21,1.6,49923,47364,2559,60853,56387,4466,941,Indicadores_ocupabilidad_2019.csv,2019-07-01,29.94,28.45,-0.4999999999999997,-0.8660254037844388,25.85,20.03,23.06,38075.0,45598.0,914.0,22.98,0,3
,2019,8,TT,TODAS CONSOLIDADAS,TT,TODAS CONSOLIDADAS,AMAZONAS,010000,372,5153,8251,28.45,22.42,1.31,1.27,1.81,45887,42861,3026,59073,53092,5981,933,Indicadores_ocupabilidad_2019.csv,2019-08-01,28.45,25.05,-0.8660254037844384,-0.5000000000000004,29.94,25.85,20.03,49923.0,60853.0,941.0,25.27333333333333,0,4
,2019,9,TT,TODAS CONSOLIDADAS,TT,TODAS CONSOLIDADAS,AMAZONAS,010000,372,5565,9190,25.05,20.56,1.32,1.29,1.83,41447,39004,2443,54469,49860,4609,924,Indicadores_ocupabilidad_2019.csv,2019-09-01,25.05,23.36,-1.0,-1.8369701987210297e-16,28.45,29.94,25.85,45887.0,59073.0,933.0,28.08,0,5
,2019,10,TT,TODAS CONSOLIDADAS,TT,TODAS CONSOLIDADAS,AMAZONAS,010000,372,5598,9205,23.36,17.95,1.33,1.31,1.67,38845,36801,2044,51684,47728,3956,921,Indicadores_ocupabilidad_2019.csv,2019-10-01,23.36,25.74,-0.8660254037844386,0.5000000000000001,25.05,28.45,29.94,41447.0,54469.0,924.0,27.813333333333333,0,6
,2019,11,TT,TODAS CONSOLIDADAS,TT,TODAS CONSOLIDADAS,AMAZONAS,010000,369,5179,8394,25.74,19.0,1.32,1.3,1.72,37759,35860,1899,49065,45546,3519,926,Indicadores_ocupabilidad_2019.csv,2019-11-01,25.74,24.76,-0.5000000000000004,0.8660254037844384,23.36,25.05,28.45,38845.0,51684.0,921.0,25.62,0,7
,2019,12,TT,TODAS CONSOLIDADAS,TT,TODAS CONSOLIDADAS,AMAZONAS,010000,369,5178,8393,24.76,17.56,1.27,1.26,1.51,37409,35778,1631,46630,43995,2635,922,Indicadores_ocupabilidad_2019.csv,2019-12-01,24.76,25.69,-2.4492935982947064e-16,1.0,25.74,23.36,25.05,37759.0,49065.0,926.0,24.716666666666665,0,8
,2020,1,TT,TODAS CONSOLIDADAS,TT,TODAS CONSOLIDADAS,AMAZONAS,010000,388,5298,8679,25.69,18.89,1.14,1.14,1.38,47529,46038,1491,54897,52893,2004,925,Indicadores_ocupabilidad_2020.csv,2020-01-01,25.69,27.77,0.49999999999999994,0.8660254037844387,24.76,25.74,23.36,37409.0,46630.0,922.0,24.62,1,9
,2020,2,TT,TODAS CONSOLIDADAS,TT,TODAS CONSOLIDADAS,AMAZONAS,010000,392,5296,8693,27.77,18.81,1.14,1.14,1.15,43247,41956,1291,50118,48442,1676,827,Indicadores_ocupabilidad_2020.csv,2020-02-01,27.77,11.77,0.8660254037844386,0.5000000000000001,25.69,24.76,25.74,47529.0,54897.0,925.0,25.396666666666665,1,10
,2020,3,TT,TODAS CONSOLIDADAS,TT,TODAS CONSOLIDADAS,AMAZONAS,010000,385,5123,8287,11.77,8.7,1.15,1.15,1.14,22164,21729,435,28125,27414,711,747,Indicadores_ocupabilidad_2020.csv,2020-03-01,11.77,0.94,1.0,6.123233995736766e-17,27.77,25.69,24.76,43247.0,50118.0,827.0,26.073333333333334,1,11
,2020,4,TT,TODAS CONSOLIDADAS,TT,TODAS CONSOLIDADAS,AMAZONAS,010000,38,739,1152,0.94,0.85,0.99,0.99,0.0,235,235,0,288,288,0,75,Indicadores_ocupabilidad_2020.csv,2020-04-01,0.94,3.52,0.8660254037844387,-0.4999999999999998,11.77,27.77,25.69,22164.0,28125.0,747.0,21.743333333333336,1,12
,2020,5,TT,TODAS CONSOLIDADAS,TT,TODAS CONSOLIDADAS,AMAZONAS,010000,55,1217,1898,3.52,2.75,3.71,3.71,0.0,837,837,0,1792,1792,0,96,Indicadores_ocupabilidad_2020.csv,2020-05-01,3.52,5.13,0.49999999999999994,-0.8660254037844387,0.94,11.77,27.77,235.0,288.0,75.0,13.493333333333334,1,13
,2020,6,TT,TODAS CONSOLIDADAS,TT,TODAS CONSOLIDADAS,AMAZONAS,010000,55,1208,1895,5.13,3.18,1.04,1.04,0.27,1933,1920,13,1986,1973,13,187,Indicadores_ocupabilidad_2020.csv,2020-06-01,5.13,8.47,1.2246467991473532e-16,-1.0,3.52,0.94,11.77,837.0,1792.0,96.0,5.41,1,14
,2020,7,TT,TODAS CONSOLIDADAS,TT,TODAS CONSOLIDADAS,AMAZONAS,010000,120,2348,3721,8.47,6.26,1.41,1.4,0.47,4636,4556,80,7497,7273,224,340,Indicadores_ocupabilidad_2020.csv,2020-07-01,8.47,18.12,-0.4999999999999997,-0.8660254037844388,5.13,3.52,0.94,1933.0,1986.0,187.0,3.1966666666666668,1,15
,2020,8,TT,TODAS CONSOLIDADAS,TT,TODAS CONSOLIDADAS,AMAZONAS,010000,140,2735,4391,18.12,13.67,1.56,1.54,1.95,11970,11657,313,19657,18770,887,413,Indicadores_ocupabilidad_2020.csv,2020-08-01,18.12,18.8,-0.8660254037844384,-0.5000000000000004,8.47,5.13,3.52,4636.0,7497.0,340.0,5.706666666666667,1,16
,2020,9,TT,TODAS CONSOLIDADAS,TT,TODAS CONSOLIDADAS,AMAZONAS,010000,144,2857,4589,18.8,13.0,1.41,1.41,1.42,12761,12604,157,18957,18602,355,431,Indicadores_ocupabilidad_2020.csv,2020-09-01,18.8,16.7,-1.0,-1.8369701987210297e-16,18.12,8.47,5.13,11970.0,19657.0,413.0,10.573333333333334,1,17
,2020,10,TT,TODAS CONSOLIDADAS,TT,TODAS CONSOLIDADAS,AMAZONAS,010000,156,2962,4844,16.7,13.67,1.29,1.28,1.59,14765,14596,169,22072,21672,400,400,Indicadores_ocupabilidad_2020.csv,2020-10-01,16.7,17.51,-0.8660254037844386,0.5000000000000001,18.8,18.12,8.47,12761.0,18957.0,431.0,15.13,1,18
,2020,11,TT,TODAS CONSOLIDADAS,TT,TODAS CONSOLIDADAS,AMAZONAS,010000,209,3598,5812,17.51,13.23,1.33,1.33,1.12,16644,16465,179,25406,25023,383,476,Indicadores_ocupabilidad_2020.csv,2020-11-01,17.51,18.22,-0.5000000000000004,0.8660254037844384,16.7,18.8,18.12,14765.0,22072.0,400.0,17.873333333333335,1,19
,2020,12,TT,TODAS CONSOLIDADAS,TT,TODAS CONSOLIDADAS,AMAZONAS,010000,260,4199,6705,18.22,14.44,1.26,1.26,0.78,23400,23271,129,32581,32333,248,650,Indicadores_ocupabilidad_2020.csv,2020-12-01,18.22,19.49,-2.4492935982947064e-16,1.0,17.51,16.7,18.8,16644.0,25406.0,476.0,17.67,1,20
,2021,1,TT,TODAS CONSOLIDADAS,TT,TODAS CONSOLIDADAS,AMAZONAS,010000,362,4580,7353,19.49,15.42,1.17,1.17,1.25,32842,32581,261,38404,38068,336,779,Indicadores_ocupabilidad_2021.csv,2021-01-01,19.49,16.47,0.49999999999999994,0.8660254037844387,18.22,17.51,16.7,23400.0,32581.0,650.0,17.47666666666667,0,21
,2021,2,TT,TODAS CONSOLIDADAS,TT,TODAS CONSOLIDADAS,AMAZONAS,010000,358,4550,7256,16.47,12.76,1.26,1.26,1.2,23724,23207,517,28607,27944,663,777,Indicadores_ocupabilidad_2021.csv,2021-02-01,16.47,16.52,0.8660254037844386,0.5000000000000001,19.49,18.22,17.51,32842.0,38404.0,779.0,18.406666666666666,0,22
,2021,3,TT,TODAS CONSOLIDADAS,TT,TODAS CONSOLIDADAS,AMAZONAS,010000,353,4500,7181,16.52,13.62,1.23,1.23,1.48,27275,27176,99,32293,32157,136,770,Indicadores_ocupabilidad_2021.csv,2021-03-01,16.52,14.37,1.0,6.123233995736766e-17,16.47,19.49,18.22,23724.0,28607.0,777.0,18.06,0,23
,2021,4,TT,TODAS CONSOLIDADAS,TT,TODAS CONSOLIDADAS,AMAZONAS,010000,348,4385,7031,14.37,11.72,1.2,1.19,1.69,23419,22742,677,27499,26488,1011,753,Indicadores_ocupabilidad_2021.csv,2021-04-01,14.37,15.93,0.8660254037844387,-0.4999999999999998,16.52,16.47,19.49,27275.0,32293.0,770.0,17.49333333333333,0,24
,2021,5,TT,TODAS CONSOLIDADAS,TT,TODAS CONSOLIDADAS,AMAZONAS,010000,348,4377,7017,15.93,13.3,1.27,1.27,1.32,25564,24462,1102,31603,30177,1426,764,Indicadores_ocupabilidad_2021.csv,2021-05-01,15.93,21.19,0.49999999999999994,-0.8660254037844387,14.37,16.52,16.47,23419.0,27499.0,753.0,15.786666666666667,0,25
,2021,6,TT,TODAS CONSOLIDADAS,TT,TODAS CONSOLIDADAS,AMAZONAS,010000,349,4364,6989,21.19,16.51,1.22,1.22,1.24,30895,29990,905,37617,36477,1140,767,Indicadores_ocupabilidad_2021.csv,2021-06-01,21.19,23.84,1.2246467991473532e-16,-1.0,15.93,14.37,16.52,25564.0,31603.0,764.0,15.606666666666667,0,26
,2021,7,TT,TODAS CONSOLIDADAS,TT,TODAS CONSOLIDADAS,AMAZONAS,010000,352,4425,7087,23.84,20.2,1.23,1.23,1.26,37500,36510,990,46892,45591,1301,771,Indicadores_ocupabilidad_2021.csv,2021-07-01,23.84,26.05,-0.4999999999999997,-0.8660254037844388,21.19,15.93,14.37,30895.0,37617.0,767.0,17.16333333333333,0,27
,2021,8,TT,TODAS CONSOLIDADAS,TT,TODAS CONSOLIDADAS,AMAZONAS,010000,356,4519,7334,26.05,21.19,1.26,1.25,1.44,39700,38781,919,50307,49025,1282,794,Indicadores_ocupabilidad_2021.csv,2021-08-01,26.05,26.14,-0.8660254037844384,-0.5000000000000004,23.84,21.19,15.93,37500.0,46892.0,771.0,20.32,0,28
,2021,9,TT,TODAS CONSOLIDADAS,TT,TODAS CONSOLIDADAS,AMAZONAS,010000,361,4551,7323,26.14,23.99,1.38,1.37,1.53,39056,37351,1705,52733,50184,2549,807,Indicadores_ocupabilidad_2021.csv,2021-09-01,26.14,31.68,-1.0,-1.8369701987210297e-16,26.05,23.84,21.19,39700.0,50307.0,794.0,23.69333333333333,0,29
,2021,10,TT,TODAS CONSOLIDADAS,TT,TODAS CONSOLIDADAS,AMAZONAS,010000,364,4642,7440,31.68,26.68,1.39,1.38,1.64,44658,41421,3237,62448,57387,5061,819,Indicadores_ocupabilidad_2021.csv,2021-10-01,31.68,23.52,-0.8660254037844386,0.5000000000000001,26.14,26.05,23.84,39056.0,52733.0,807.0,25.343333333333334,0,30
,2021,11,TT,TODAS CONSOLIDADAS,TT,TODAS CONSOLIDADAS,AMAZONAS,010000,364,4652,7407,23.52,20.13,1.33,1.31,1.67,35691,33990,1701,47932,44937,2995,824,Indicadores_ocupabilidad_2021.csv,2021-11-01,23.52,19.22,-0.5000000000000004,0.8660254037844384,31.68,26.14,26.05,44658.0,62448.0,819.0,27.956666666666663,0,31
,2021,12,TT,TODAS CONSOLIDADAS,TT,TODAS CONSOLIDADAS,AMAZONAS,010000,365,4670,7444,19.22,14.85,1.34,1.34,1.53,27791,26414,1377,37822,35697,2125,829,Indicadores_ocupabilidad_2021.csv,2021-12-01,19.22,19.9,-2.4492935982947064e-16,1.0,23.52,31.68,26.14,35691.0,47932.0,824.0,27.113333333333333,0,32
,2022,1,TT,TODAS CONSOLIDADAS,TT,TODAS CONSOLIDADAS,AMAZONAS,010000,394,5072,8231,19.9,16.59,1.19,1.19,1.38,36145,35128,1017,45213,43783,1430,936,Indicadores_ocupabilidad_2022.csv,2022-01-01,19.9,21.32,0.49999999999999994,0.8660254037844387,19.22,23.52,31.68,27791.0,37822.0,829.0,24.80666666666666,0,33
,2022,2,TT,TODAS CONSOLIDADAS,TT,TODAS CONSOLIDADAS,AMAZONAS,010000,395,5060,8207,21.32,17.58,1.2,1.2,1.26,35413,34468,945,43010,41722,1288,934,Indicadores_ocupabilidad_2022.csv,2022-02-01,21.32,19.28,0.8660254037844386,0.5000000000000001,19.9,19.22,23.52,36145.0,45213.0,936.0,20.88,0,34
,2022,3,TT,TODAS CONSOLIDADAS,TT,TODAS CONSOLIDADAS,AMAZONAS,010000,399,5135,8323,19.28,15.85,1.15,1.15,1.32,36486,35430,1056,43030,41637,1393,954,Indicadores_ocupabilidad_2022.csv,2022-03-01,19.28,21.54,1.0,6.123233995736766e-17,21.32,19.9,19.22,35413.0,43010.0,934.0,20.146666666666665,0,35
,2022,4,TT,TODAS CONSOLIDADAS,TT,TODAS CONSOLIDADAS,AMAZONAS,010000,398,5137,8306,21.54,17.89,1.16,1.16,1.25,38727,37371,1356,45975,44198,1777,943,Indicadores_ocupabilidad_2022.csv,2022-04-01,21.54,22.86,0.8660254037844387,-0.4999999999999998,19.28,21.32,19.9,36486.0,43030.0,954.0,20.166666666666668,0,36
,2022,5,TT,TODAS CONSOLIDADAS,TT,TODAS CONSOLIDADAS,AMAZONAS,010000,396,5188,8380,22.86,18.78,1.16,1.15,1.34,41958,40365,1593,49795,47422,2373,939,Indicadores_ocupabilidad_2022.csv,2022-05-01,22.86,22.25,0.49999999999999994,-0.8660254037844387,21.54,19.28,21.32,38727.0,45975.0,943.0,20.71333333333333,0,37
,2022,6,TT,TODAS CONSOLIDADAS,TT,TODAS CONSOLIDADAS,AMAZONAS,010000,399,5167,8386,22.25,18.17,1.17,1.16,1.57,38170,37108,1062,47245,45527,1718,947,Indicadores_ocupabilidad_2022.csv,2022-06-01,22.25,24.39,1.2246467991473532e-16,-1.0,22.86,21.54,19.28,41958.0,49795.0,939.0,21.226666666666663,0,38
,2022,7,TT,TODAS CONSOLIDADAS,TT,TODAS CONSOLIDADAS,AMAZONAS,010000,404,5250,8524,24.39,20.58,1.17,1.16,1.5,46098,45036,1062,56077,54295,1782,938,Indicadores_ocupabilidad_2022.csv,2022-07-01,24.39,27.15,-0.4999999999999997,-0.8660254037844388,22.25,22.86,21.54,38170.0,47245.0,947.0,22.216666666666665,0,39
,2022,8,TT,TODAS CONSOLIDADAS,TT,TODAS CONSOLIDADAS,AMAZONAS,010000,403,5229,8539,27.15,20.59,1.23,1.23,1.42,45248,43950,1298,58952,56775,2177,948,Indicadores_ocupabilidad_2022.csv,2022-08-01,27.15,25.18,-0.8660254037844384,-0.5000000000000004,24.39,22.25,22.86,46098.0,56077.0,938.0,23.166666666666668,0,40
,2022,9,TT,TODAS CONSOLIDADAS,TT,TODAS CONSOLIDADAS,AMAZONAS,010000,403,5225,8544,25.18,19.73,1.19,1.18,1.6,43130,42377,753,52148,50821,1327,926,Indicadores_ocupabilidad_2022.csv,2022-09-01,25.18,25.11,-1.0,-1.8369701987210297e-16,27.15,24.39,22.25,45248.0,58952.0,948.0,24.596666666666664,0,41
,2022,10,TT,TODAS CONSOLIDADAS,TT,TODAS CONSOLIDADAS,AMAZONAS,010000,400,5250,8555,25.11,19.72,1.2,1.2,1.48,45297,44081,1216,55517,53519,1998,894,Indicadores_ocupabilidad_2022.csv,2022-10-01,25.11,24.39,-0.8660254037844386,0.5000000000000001,25.18,27.15,24.39,43130.0,52148.0,926.0,25.573333333333334,0,42
,2022,11,TT,TODAS CONSOLIDADAS,TT,TODAS CONSOLIDADAS,AMAZONAS,010000,396,5176,8414,24.39,18.49,1.17,1.16,1.48,42131,41278,853,50714,49198,1516,886,Indicadores_ocupabilidad_2022.csv,2022-11-01,24.39,23.07,-0.5000000000000004,0.8660254037844384,25.11,25.18,27.15,45297.0,55517.0,894.0,25.813333333333333,0,43
,2022,12,TT,TODAS CONSOLIDADAS,TT,TODAS CONSOLIDADAS,AMAZONAS,010000,396,5154,8397,23.07,19.19,1.26,1.23,1.75,40883,38953,1930,52592,48617,3975,878,Indicadores_ocupabilidad_2022.csv,2022-12-01,23.07,19.91,-2.4492935982947064e-16,1.0,24.39,25.11,25.18,42131.0,50714.0,886.0,24.89333333333333,0,44
,2023,1,TT,TODAS CONSOLIDADAS,TT,TODAS CONSOLIDADAS,AMAZONAS,010000,400,5258,8483,19.91,16.88,1.27,1.27,1.58,36097,35543,554,44737,43752,985,978,Indicadores_ocupabilidad_2023.csv,2023-01-01,19.91,22.12,0.49999999999999994,0.8660254037844387,23.07,24.39,25.11,40883.0,52592.0,878.0,24.189999999999998,0,45
,2023,2,TT,TODAS CONSOLIDADAS,TT,TODAS CONSOLIDADAS,AMAZONAS,010000,404,5283,8557,22.12,17.51,1.21,1.21,1.52,37003,36469,534,44611,43725,886,989,Indicadores_ocupabilidad_2023.csv,2023-02-01,22.12,19.58,0.8660254037844386,0.5000000000000001,19.91,23.07,24.39,36097.0,44737.0,978.0,22.456666666666667,0,46
,2023,3,TT,TODAS CONSOLIDADAS,TT,TODAS CONSOLIDADAS,AMAZONAS,010000,401,5247,8496,19.58,14.93,1.24,1.24,1.5,34111,33347,764,41332,40208,1124,976,Indicadores_ocupabilidad_2023.csv,2023-03-01,19.58,20.43,1.0,6.123233995736766e-17,22.12,19.91,23.07,37003.0,44611.0,989.0,21.7,0,47
,2023,4,TT,TODAS CONSOLIDADAS,TT,TODAS CONSOLIDADAS,AMAZONAS,010000,404,5280,8550,20.43,16.8,1.34,1.33,1.72,34982,34277,705,44671,43526,1145,977,Indicadores_ocupabilidad_2023.csv,2023-04-01,20.43,19.97,0.8660254037844387,-0.4999999999999998,19.58,22.12,19.91,34111.0,41332.0,976.0,20.536666666666665,0,48
,2023,5,TT,TODAS CONSOLIDADAS,TT,TODAS CONSOLIDADAS,AMAZONAS,010000,413,5392,8684,19.97,16.94,1.46,1.4,2.46,34026,32658,1368,46266,42928,3338,1018,Indicadores_ocupabilidad_2023.csv,2023-05-01,19.97,19.37,0.49999999999999994,-0.8660254037844387,20.43,19.58,22.12,34982.0,44671.0,977.0,20.709999999999997,0,49
,2023,6,TT,TODAS CONSOLIDADAS,TT,TODAS CONSOLIDADAS,AMAZONAS,010000,412,5395,8652,19.37,16.03,1.3,1.27,1.9,34950,33935,1015,43877,41942,1935,1005,Indicadores_ocupabilidad_2023.csv,2023-06-01,19.37,20.94,1.2246467991473532e-16,-1.0,19.97,20.43,19.58,34026.0,46266.0,1018.0,19.99333333333333,0,50
,2023,7,TT,TODAS CONSOLIDADAS,TT,TODAS CONSOLIDADAS,AMAZONAS,010000,413,5422,8677,20.94,18.23,1.25,1.24,1.77,41763,40586,1177,52423,50345,2078,1019,Indicadores_ocupabilidad_2023.csv,2023-07-01,20.94,23.41,-0.4999999999999997,-0.8660254037844388,19.37,19.97,20.43,34950.0,43877.0,1005.0,19.923333333333332,0,51
,2023,8,TT,TODAS CONSOLIDADAS,TT,TODAS CONSOLIDADAS,AMAZONAS,010000,411,5416,8689,23.41,19.11,1.33,1.32,1.62,42276,40908,1368,54952,52727,2225,1007,Indicadores_ocupabilidad_2023.csv,2023-08-01,23.41,20.34,-0.8660254037844384,-0.5000000000000004,20.94,19.37,19.97,41763.0,52423.0,1019.0,20.093333333333334,0,52
,2023,9,TT,TODAS CONSOLIDADAS,TT,TODAS CONSOLIDADAS,AMAZONAS,010000,419,5523,8840,20.34,16.67,1.24,1.23,1.67,37308,36213,1095,46325,44494,1831,1033,Indicadores_ocupabilidad_2023.csv,2023-09-01,20.34,16.19,-1.0,-1.8369701987210297e-16,23.41,20.94,19.37,42276.0,54952.0,1007.0,21.24,0,53
,2023,10,TT,TODAS CONSOLIDADAS,TT,TODAS CONSOLIDADAS,AMAZONAS,010000,419,5517,8852,16.19,13.58,1.31,1.29,1.68,31757,30328,1429,41175,38802,2373,995,Indicadores_ocupabilidad_2023.csv,2023-10-01,16.19,16.27,-0.8660254037844386,0.5000000000000001,20.34,23.41,20.94,37308.0,46325.0,1033.0,21.563333333333333,0,54
,2023,11,TT,TODAS CONSOLIDADAS,TT,TODAS CONSOLIDADAS,AMAZONAS,010000,417,5455,8742,16.27,14.17,1.3,1.29,1.49,31678,30411,1267,41186,39161,2025,965,Indicadores_ocupabilidad_2023.csv,2023-11-01,16.27,17.82,-0.5000000000000004,0.8660254037844384,16.19,20.34,23.41,31757.0,41175.0,995.0,19.98,0,55
,2023,12,TT,TODAS CONSOLIDADAS,TT,TODAS CONSOLIDADAS,AMAZONAS,010000,413,5381,8584,17.82,14.82,1.35,1.34,1.64,32838,31657,1181,43561,41556,2005,951,Indicadores_ocupabilidad_2023.csv,2023-12-01,17.82,15.17,-2.4492935982947064e-16,1.0,16.27,16.19,20.34,31678.0,41186.0,965.0,17.599999999999998,0,56
20260330,2024,1,TT,TODAS CONSOLIDADAS,TT,TODAS CONSOLIDADAS,AMAZONAS,010000,440,5631,8987,15.17,12.11,1.26,1.25,1.69,31099,30113,986,38285,36549,1736,1044,Indicadores_ocupabilidad_2024.csv,2024-01-01,15.17,15.26,0.49999999999999994,0.8660254037844387,17.82,16.27,16.19,32838.0,43561.0,951.0,16.759999999999998,0,57
20260330,2024,2,TT,TODAS CONSOLIDADAS,TT,TODAS CONSOLIDADAS,AMAZONAS,010000,435,5536,8851,15.26,12.61,1.27,1.26,1.43,29584,28743,841,36357,35009,1348,1011,Indicadores_ocupabilidad_2024.csv,2024-02-01,15.26,15.24,0.8660254037844386,0.5000000000000001,15.17,17.82,16.27,31099.0,38285.0,1044.0,16.419999999999998,0,58
20260330,2024,3,TT,TODAS CONSOLIDADAS,TT,TODAS CONSOLIDADAS,AMAZONAS,010000,434,5513,8844,15.24,12.7,1.25,1.24,1.5,31069,30373,696,38623,37472,1151,1010,Indicadores_ocupabilidad_2024.csv,2024-03-01,15.24,14.23,1.0,6.123233995736766e-17,15.26,15.17,17.82,29584.0,36357.0,1011.0,16.083333333333332,0,59
20260330,2024,4,TT,TODAS CONSOLIDADAS,TT,TODAS CONSOLIDADAS,AMAZONAS,010000,437,5545,8909,14.23,11.2,1.19,1.17,1.54,28498,27503,995,33900,32274,1626,1009,Indicadores_ocupabilidad_2024.csv,2024-04-01,14.23,13.76,0.8660254037844387,-0.4999999999999998,15.24,15.26,15.17,31069.0,38623.0,1010.0,15.223333333333331,0,60
20260330,2024,5,TT,TODAS CONSOLIDADAS,TT,TODAS CONSOLIDADAS,AMAZONAS,010000,436,5537,8900,13.76,11.2,1.26,1.25,1.53,27771,26665,1106,35188,33283,1905,1018,Indicadores_ocupabilidad_2024.csv,2024-05-01,13.76,13.98,0.49999999999999994,-0.8660254037844387,14.23,15.24,15.26,28498.0,33900.0,1009.0,14.909999999999998,0,61
20260330,2024,6,TT,TODAS CONSOLIDADAS,TT,TODAS CONSOLIDADAS,AMAZONAS,010000,441,5571,8952,13.98,11.43,1.25,1.23,1.61,27587,26391,1196,34111,32060,2051,1020,Indicadores_ocupabilidad_2024.csv,2024-06-01,13.98,18.98,1.2246467991473532e-16,-1.0,13.76,14.23,15.24,27771.0,35188.0,1018.0,14.409999999999998,0,62
20260330,2024,7,TT,TODAS CONSOLIDADAS,TT,TODAS CONSOLIDADAS,AMAZONAS,010000,442,5597,8982,18.98,16.03,1.33,1.32,1.76,36517,35156,1361,48107,45626,2481,1024,Indicadores_ocupabilidad_2024.csv,2024-07-01,18.98,18.22,-0.4999999999999997,-0.8660254037844388,13.98,13.76,14.23,27587.0,34111.0,1020.0,13.99,0,63
20260330,2024,8,TT,TODAS CONSOLIDADAS,TT,TODAS CONSOLIDADAS,AMAZONAS,010000,447,5668,9095,18.22,15.0,1.29,1.27,1.61,37448,36225,1223,47797,45676,2121,1029,Indicadores_ocupabilidad_2024.csv,2024-08-01,18.22,17.26,-0.8660254037844384,-0.5000000000000004,18.98,13.98,13.76,36517.0,48107.0,1024.0,15.573333333333332,0,64
20260330,2024,9,TT,TODAS CONSOLIDADAS,TT,TODAS CONSOLIDADAS,AMAZONAS,010000,447,5663,9047,17.26,13.72,1.23,1.22,1.51,34139,32757,1382,42826,40446,2380,1032,Indicadores_ocupabilidad_2024.csv,2024-09-01,17.26,17.2,-1.0,-1.8369701987210297e-16,18.22,18.98,13.98,37448.0,47797.0,1029.0,17.06,0,65
20260330,2024,10,TT,TODAS CONSOLIDADAS,TT,TODAS CONSOLIDADAS,AMAZONAS,010000,444,5589,8920,17.2,13.74,1.23,1.22,1.53,35487,34449,1038,43446,41730,1716,1034,Indicadores_ocupabilidad_2024.csv,2024-10-01,17.2,17.4,-0.8660254037844386,0.5000000000000001,17.26,18.22,18.98,34139.0,42826.0,1032.0,18.153333333333332,0,66
20260330,2024,11,TT,TODAS CONSOLIDADAS,TT,TODAS CONSOLIDADAS,AMAZONAS,010000,445,5596,8946,17.4,13.7,1.27,1.26,1.45,30915,29513,1402,41140,38892,2248,1029,Indicadores_ocupabilidad_2024.csv,2024-11-01,17.4,17.6,-0.5000000000000004,0.8660254037844384,17.2,17.26,18.22,35487.0,43446.0,1034.0,17.56,0,67
,2019,4,TT,TODAS CONSOLIDADAS,TT,TODAS CONSOLIDADAS,APURÍMAC,030000,538,5236,8219,28.52,22.8,1.16,1.16,1.19,47342,46906,436,55436,54942,494,948,Indicadores_ocupabilidad_2019.csv,2019-04-01,28.52,36.03,0.8660254037844387,-0.4999999999999998,57.24,31.37,38.78,45258.0,51049.0,931.0,42.46333333333333,0,0
,2019,5,TT,TODAS CONSOLIDADAS,TT,TODAS CONSOLIDADAS,APURÍMAC,030000,539,5282,8283,36.03,30.73,1.88,1.89,1.16,41851,41329,522,76718,76071,647,939,Indicadores_ocupabilidad_2019.csv,2019-05-01,36.03,49.0,0.49999999999999994,-0.8660254037844387,28.52,57.24,31.37,47342.0,55436.0,948.0,39.04333333333333,0,1
,2019,6,TT,TODAS CONSOLIDADAS,TT,TODAS CONSOLIDADAS,APURÍMAC,030000,539,5286,8285,49.0,46.76,2.19,2.2,1.25,51257,50746,511,109805,109152,653,934,Indicadores_ocupabilidad_2019.csv,2019-06-01,49.0,37.37,1.2246467991473532e-16,-1.0,36.03,28.52,57.24,41851.0,76718.0,939.0,40.596666666666664,0,2
,2019,7,TT,TODAS CONSOLIDADAS,TT,TODAS CONSOLIDADAS,APURÍMAC,030000,539,5294,8321,37.37,31.86,1.14,1.14,1.51,70563,69864,699,81296,80266,1030,965,Indicadores_ocupabilidad_2019.csv,2019-07-01,37.37,37.41,-0.4999999999999997,-0.8660254037844388,49.0,36.03,28.52,51257.0,109805.0,934.0,37.85,0,3
,2019,8,TT,TODAS CONSOLIDADAS,TT,TODAS CONSOLIDADAS,APURÍMAC,030000,537,5240,8228,37.41,32.87,1.19,1.19,1.32,68771,68097,674,81959,81085,874,963,Indicadores_ocupabilidad_2019.csv,2019-08-01,37.41,38.94,-0.8660254037844384,-0.5000000000000004,37.37,49.0,36.03,70563.0,81296.0,965.0,40.800000000000004,0,4
,2019,9,TT,TODAS CONSOLIDADAS,TT,TODAS CONSOLIDADAS,APURÍMAC,030000,536,5299,8295,38.94,33.27,1.16,1.16,1.39,69490,68591,899,80898,79701,1197,968,Indicadores_ocupabilidad_2019.csv,2019-09-01,38.94,32.89,-1.0,-1.8369701987210297e-16,37.41,37.37,49.0,68771.0,81959.0,963.0,41.26,0,5
,2019,10,TT,TODAS CONSOLIDADAS,TT,TODAS CONSOLIDADAS,APURÍMAC,030000,536,5535,8581,32.89,29.1,1.13,1.12,1.44,66473,65690,783,76029,74942,1087,1001,Indicadores_ocupabilidad_2019.csv,2019-10-01,32.89,37.77,-0.8660254037844386,0.5000000000000001,38.94,37.41,37.37,69490.0,80898.0,968.0,37.906666666666666,0,6
,2019,11,TT,TODAS CONSOLIDADAS,TT,TODAS CONSOLIDADAS,APURÍMAC,030000,536,5359,8413,37.77,32.77,1.16,1.15,1.69,68660,67896,764,80769,79568,1201,1000,Indicadores_ocupabilidad_2019.csv,2019-11-01,37.77,37.74,-0.5000000000000004,0.8660254037844384,32.89,38.94,37.41,66473.0,76029.0,1001.0,36.41333333333333,0,7
,2019,12,TT,TODAS CONSOLIDADAS,TT,TODAS CONSOLIDADAS,APURÍMAC,030000,535,5354,8405,37.74,32.98,1.13,1.12,1.57,73152,72543,609,83147,82232,915,993,Indicadores_ocupabilidad_2019.csv,2019-12-01,37.74,32.38,-2.4492935982947064e-16,1.0,37.77,32.89,38.94,68660.0,80769.0,1000.0,36.53333333333333,0,8
,2020,1,TT,TODAS CONSOLIDADAS,TT,TODAS CONSOLIDADAS,APURÍMAC,030000,533,5355,8313,32.38,26.78,1.16,1.16,1.15,58543,58050,493,68103,67407,696,982,Indicadores_ocupabilidad_2020.csv,2020-01-01,32.38,30.53,0.49999999999999994,0.8660254037844387,37.74,37.77,32.89,73152.0,83147.0,993.0,36.13333333333333,1,9
,2020,2,TT,TODAS CONSOLIDADAS,TT,TODAS CONSOLIDADAS,APURÍMAC,030000,533,5370,8330,30.53,24.58,1.19,1.19,1.18,46638,46153,485,56051,55426,625,978,Indicadores_ocupabilidad_2020.csv,2020-02-01,30.53,7.35,0.8660254037844386,0.5000000000000001,32.38,37.74,37.77,58543.0,68103.0,982.0,35.96333333333334,1,10
,2020,3,TT,TODAS CONSOLIDADAS,TT,TODAS CONSOLIDADAS,APURÍMAC,030000,513,4891,7605,7.35,6.17,1.37,1.36,2.08,11378,11105,273,15652,15122,530,553,Indicadores_ocupabilidad_2020.csv,2020-03-01,7.35,5.23,1.0,6.123233995736766e-17,30.53,32.38,37.74,46638.0,56051.0,978.0,33.550000000000004,1,11
,2020,4,TT,TODAS CONSOLIDADAS,TT,TODAS CONSOLIDADAS,APURÍMAC,030000,14,314,515,5.23,4.95,2.61,2.57,10.71,391,390,1,783,768,15,65,Indicadores_ocupabilidad_2020.csv,2020-04-01,5.23,9.4,0.8660254037844387,-0.4999999999999998,7.35,30.53,32.38,11378.0,15652.0,553.0,23.42,1,12
,2020,5,TT,TODAS CONSOLIDADAS,TT,TODAS CONSOLIDADAS,APURÍMAC,030000,13,290,490,9.4,5.87,2.59,2.59,0.0,310,310,0,868,868,0,52,Indicadores_ocupabilidad_2020.csv,2020-05-01,9.4,10.84,0.49999999999999994,-0.8660254037844387,5.23,7.35,30.53,391.0,783.0,65.0,14.37,1,13
,2020,6,TT,TODAS CONSOLIDADAS,TT,TODAS CONSOLIDADAS,APURÍMAC,030000,21,473,791,10.84,7.42,1.66,1.66,0.38,1224,1223,1,2052,2050,2,83,Indicadores_ocupabilidad_2020.csv,2020-06-01,10.84,11.73,1.2246467991473532e-16,-1.0,9.4,5.23,7.35,310.0,868.0,52.0,7.326666666666667,1,14
,2020,7,TT,TODAS CONSOLIDADAS,TT,TODAS CONSOLIDADAS,APURÍMAC,030000,128,2428,3692,11.73,9.05,1.26,1.26,0.95,8198,8170,28,10957,10924,33,409,Indicadores_ocupabilidad_2020.csv,2020-07-01,11.73,11.33,-0.4999999999999997,-0.8660254037844388,10.84,9.4,5.23,1224.0,2052.0,83.0,8.49,1,15
,2020,8,TT,TODAS CONSOLIDADAS,TT,TODAS CONSOLIDADAS,APURÍMAC,030000,137,2585,3927,11.33,9.77,1.33,1.33,0.99,9034,9014,20,12545,12520,25,444,Indicadores_ocupabilidad_2020.csv,2020-08-01,11.33,19.08,-0.8660254037844384,-0.5000000000000004,11.73,10.84,9.4,8198.0,10957.0,409.0,10.656666666666666,1,16
,2020,9,TT,TODAS CONSOLIDADAS,TT,TODAS CONSOLIDADAS,APURÍMAC,030000,145,2852,4364,19.08,14.61,1.35,1.35,1.27,14195,14152,43,19900,19840,60,490,Indicadores_ocupabilidad_2020.csv,2020-09-01,19.08,26.17,-1.0,-1.8369701987210297e-16,11.33,11.73,10.84,9034.0,12545.0,444.0,11.300000000000002,1,17
,2020,10,TT,TODAS CONSOLIDADAS,TT,TODAS CONSOLIDADAS,APURÍMAC,030000,149,2931,4479,26.17,20.03,1.28,1.28,1.13,21565,21463,102,28436,28318,118,509,Indicadores_ocupabilidad_2020.csv,2020-10-01,26.17,25.28,-0.8660254037844386,0.5000000000000001,19.08,11.33,11.73,14195.0,19900.0,490.0,14.046666666666667,1,18
,2020,11,TT,TODAS CONSOLIDADAS,TT,TODAS CONSOLIDADAS,APURÍMAC,030000,158,3113,4751,25.28,19.57,1.27,1.27,1.24,21672,21483,189,28600,28354,246,541,Indicadores_ocupabilidad_2020.csv,2020-11-01,25.28,22.0,-0.5000000000000004,0.8660254037844384,26.17,19.08,11.33,21565.0,28436.0,509.0,18.86,1,19
,2020,12,TT,TODAS CONSOLIDADAS,TT,TODAS CONSOLIDADAS,APURÍMAC,030000,158,3129,4765,22.0,18.15,1.29,1.29,1.0,20389,20254,135,26719,26565,154,537,Indicadores_ocupabilidad_2020.csv,2020-12-01,22.0,13.35,-2.4492935982947064e-16,1.0,25.28,26.17,19.08,21672.0,28600.0,541.0,23.51,1,20
,2021,1,TT,TODAS CONSOLIDADAS,TT,TODAS CONSOLIDADAS,APURÍMAC,030000,477,4786,7439,13.35,10.06,1.17,1.17,1.21,20728,20586,142,24700,24475,225,535,Indicadores_ocupabilidad_2021.csv,2021-01-01,13.35,10.74,0.49999999999999994,0.8660254037844387,22.0,25.28,26.17,20389.0,26719.0,537.0,24.483333333333334,0,21
,2021,2,TT,TODAS CONSOLIDADAS,TT,TODAS CONSOLIDADAS,APURÍMAC,030000,462,4433,6885,10.74,8.02,1.27,1.26,4.26,12598,12550,48,16179,16017,162,496,Indicadores_ocupabilidad_2021.csv,2021-02-01,10.74,14.73,0.8660254037844386,0.5000000000000001,13.35,22.0,25.28,20728.0,24700.0,535.0,20.21,0,22
,2021,3,TT,TODAS CONSOLIDADAS,TT,TODAS CONSOLIDADAS,APURÍMAC,030000,468,4663,7262,14.73,11.01,1.21,1.21,1.47,21015,20951,64,25870,25779,91,524,Indicadores_ocupabilidad_2021.csv,2021-03-01,14.73,14.59,1.0,6.123233995736766e-17,10.74,13.35,22.0,12598.0,16179.0,496.0,15.363333333333332,0,23
,2021,4,TT,TODAS CONSOLIDADAS,TT,TODAS CONSOLIDADAS,APURÍMAC,030000,468,4758,7403,14.59,10.64,1.22,1.21,2.21,20142,19962,180,24744,24371,373,532,Indicadores_ocupabilidad_2021.csv,2021-04-01,14.59,13.84,0.8660254037844387,-0.4999999999999998,14.73,10.74,13.35,21015.0,25870.0,524.0,12.94,0,24
,2021,5,TT,TODAS CONSOLIDADAS,TT,TODAS CONSOLIDADAS,APURÍMAC,030000,466,4784,7432,13.84,10.39,1.21,1.21,1.34,20672,20588,84,25167,25045,122,535,Indicadores_ocupabilidad_2021.csv,2021-05-01,13.84,16.0,0.49999999999999994,-0.8660254037844387,14.59,14.73,10.74,20142.0,24744.0,532.0,13.353333333333333,0,25
,2021,6,TT,TODAS CONSOLIDADAS,TT,TODAS CONSOLIDADAS,APURÍMAC,030000,468,4836,7489,16.0,12.09,1.2,1.19,1.6,22981,22869,112,27673,27501,172,551,Indicadores_ocupabilidad_2021.csv,2021-06-01,16.0,17.1,1.2246467991473532e-16,-1.0,13.84,14.59,14.73,20672.0,25167.0,535.0,14.386666666666665,0,26
,2021,7,TT,TODAS CONSOLIDADAS,TT,TODAS CONSOLIDADAS,APURÍMAC,030000,467,4810,7439,17.1,13.14,1.15,1.15,1.41,27513,27363,150,31840,31591,249,538,Indicadores_ocupabilidad_2021.csv,2021-07-01,17.1,15.64,-0.4999999999999997,-0.8660254037844388,16.0,13.84,14.59,22981.0,27673.0,551.0,14.81,0,27
,2021,8,TT,TODAS CONSOLIDADAS,TT,TODAS CONSOLIDADAS,APURÍMAC,030000,466,4775,7356,15.64,11.71,1.14,1.14,1.08,24365,24135,230,28356,28050,306,546,Indicadores_ocupabilidad_2021.csv,2021-08-01,15.64,18.02,-0.8660254037844384,-0.5000000000000004,17.1,16.0,13.84,27513.0,31840.0,538.0,15.646666666666667,0,28
,2021,9,TT,TODAS CONSOLIDADAS,TT,TODAS CONSOLIDADAS,APURÍMAC,030000,465,4757,7350,18.02,13.37,1.13,1.13,1.16,26870,26751,119,31195,31052,143,534,Indicadores_ocupabilidad_2021.csv,2021-09-01,18.02,18.0,-1.0,-1.8369701987210297e-16,15.64,17.1,16.0,24365.0,28356.0,546.0,16.246666666666666,0,29
,2021,10,TT,TODAS CONSOLIDADAS,TT,TODAS CONSOLIDADAS,APURÍMAC,030000,465,4750,7345,18.0,13.74,1.13,1.13,1.16,28508,28280,228,32760,32491,269,546,Indicadores_ocupabilidad_2021.csv,2021-10-01,18.0,18.02,-0.8660254037844386,0.5000000000000001,18.02,15.64,17.1,26870.0,31195.0,534.0,16.919999999999998,0,30
,2021,11,TT,TODAS CONSOLIDADAS,TT,TODAS CONSOLIDADAS,APURÍMAC,030000,465,4730,7329,18.02,13.77,1.12,1.13,1.05,27748,27467,281,31809,31482,327,528,Indicadores_ocupabilidad_2021.csv,2021-11-01,18.02,19.93,-0.5000000000000004,0.8660254037844384,18.0,18.02,15.64,28508.0,32760.0,546.0,17.22,0,31
,2021,12,TT,TODAS CONSOLIDADAS,TT,TODAS CONSOLIDADAS,APURÍMAC,030000,467,4778,7408,19.93,14.63,1.07,1.07,1.3,31821,31681,140,34781,34584,197,533,Indicadores_ocupabilidad_2021.csv,2021-12-01,19.93,15.76,-2.4492935982947064e-16,1.0,18.02,18.0,18.02,27748.0,31809.0,528.0,18.013333333333332,0,32
,2022,1,TT,TODAS CONSOLIDADAS,TT,TODAS CONSOLIDADAS,APURÍMAC,030000,502,4939,7648,15.76,12.26,1.14,1.14,1.18,26010,25794,216,30151,29881,270,537,Indicadores_ocupabilidad_2022.csv,2022-01-01,15.76,17.48,0.49999999999999994,0.8660254037844387,19.93,18.02,18.0,31821.0,34781.0,533.0,18.650000000000002,0,33
,2022,2,TT,TODAS CONSOLIDADAS,TT,TODAS CONSOLIDADAS,APURÍMAC,030000,499,4930,7638,17.48,13.37,1.15,1.15,1.54,25930,25686,244,30328,29934,394,539,Indicadores_ocupabilidad_2022.csv,2022-02-01,17.48,15.93,0.8660254037844386,0.5000000000000001,15.76,19.93,18.02,26010.0,30151.0,537.0,17.903333333333332,0,34
,2022,3,TT,TODAS CONSOLIDADAS,TT,TODAS CONSOLIDADAS,APURÍMAC,030000,494,4897,7588,15.93,12.23,1.14,1.14,1.5,26356,26074,282,30617,30210,407,535,Indicadores_ocupabilidad_2022.csv,2022-03-01,15.93,14.92,1.0,6.123233995736766e-17,17.48,15.76,19.93,25930.0,30328.0,539.0,17.723333333333333,0,35
,2022,4,TT,TODAS CONSOLIDADAS,TT,TODAS CONSOLIDADAS,APURÍMAC,030000,494,4900,7579,14.92,11.54,1.13,1.13,1.19,24224,23941,283,27969,27630,339,533,Indicadores_ocupabilidad_2022.csv,2022-04-01,14.92,15.57,0.8660254037844387,-0.4999999999999998,15.93,17.48,15.76,26356.0,30617.0,535.0,16.389999999999997,0,36
,2022,5,TT,TODAS CONSOLIDADAS,TT,TODAS CONSOLIDADAS,APURÍMAC,030000,492,4894,7559,15.57,11.76,1.13,1.13,1.26,25491,25124,367,29250,28776,474,541,Indicadores_ocupabilidad_2022.csv,2022-05-01,15.57,16.17,0.49999999999999994,-0.8660254037844387,14.92,15.93,17.48,24224.0,27969.0,533.0,16.11,0,37
,2022,6,TT,TODAS CONSOLIDADAS,TT,TODAS CONSOLIDADAS,APURÍMAC,030000,491,4899,7577,16.17,12.47,1.16,1.16,1.46,26090,25710,380,30881,30334,547,546,Indicadores_ocupabilidad_2022.csv,2022-06-01,16.17,18.09,1.2246467991473532e-16,-1.0,15.57,14.92,15.93,25491.0,29250.0,541.0,15.473333333333334,0,38
,2022,7,TT,TODAS CONSOLIDADAS,TT,TODAS CONSOLIDADAS,APURÍMAC,030000,491,4914,7603,18.09,14.44,1.14,1.13,1.27,31534,30946,588,36765,35894,871,544,Indicadores_ocupabilidad_2022.csv,2022-07-01,18.09,17.29,-0.4999999999999997,-0.8660254037844388,16.17,15.57,14.92,26090.0,30881.0,546.0,15.553333333333335,0,39
,2022,8,TT,TODAS CONSOLIDADAS,TT,TODAS CONSOLIDADAS,APURÍMAC,030000,491,4933,7625,17.29,14.03,1.11,1.11,1.12,31429,30657,772,35865,34888,977,545,Indicadores_ocupabilidad_2022.csv,2022-08-01,17.29,17.64,-0.8660254037844384,-0.5000000000000004,18.09,16.17,15.57,31534.0,36765.0,544.0,16.61,0,40
,2022,9,TT,TODAS CONSOLIDADAS,TT,TODAS CONSOLIDADAS,APURÍMAC,030000,492,4960,7699,17.64,13.65,1.13,1.13,1.11,29273,28665,608,34136,33409,727,553,Indicadores_ocupabilidad_2022.csv,2022-09-01,17.64,17.03,-1.0,-1.8369701987210297e-16,17.29,18.09,16.17,31429.0,35865.0,545.0,17.183333333333334,0,41
,2022,10,TT,TODAS CONSOLIDADAS,TT,TODAS CONSOLIDADAS,APURÍMAC,030000,492,4966,7701,17.03,13.44,1.13,1.13,1.06,30377,29922,455,35200,34659,541,549,Indicadores_ocupabilidad_2022.csv,2022-10-01,17.03,17.34,-0.8660254037844386,0.5000000000000001,17.64,17.29,18.09,29273.0,34136.0,553.0,17.673333333333332,0,42
,2022,11,TT,TODAS CONSOLIDADAS,TT,TODAS CONSOLIDADAS,APURÍMAC,030000,492,4970,7699,17.34,14.14,1.18,1.18,1.14,28929,28503,426,34517,33981,536,534,Indicadores_ocupabilidad_2022.csv,2022-11-01,17.34,13.73,-0.5000000000000004,0.8660254037844384,17.03,17.64,17.29,30377.0,35200.0,549.0,17.319999999999997,0,43
,2022,12,TT,TODAS CONSOLIDADAS,TT,TODAS CONSOLIDADAS,APURÍMAC,030000,492,4941,7701,13.73,10.32,1.19,1.19,1.47,21993,21757,236,26476,26126,350,493,Indicadores_ocupabilidad_2022.csv,2022-12-01,13.73,11.76,-2.4492935982947064e-16,1.0,17.34,17.03,17.64,28929.0,34517.0,534.0,17.33666666666667,0,44
,2023,1,TT,TODAS CONSOLIDADAS,TT,TODAS CONSOLIDADAS,APURÍMAC,030000,510,5145,8087,11.76,8.64,1.15,1.15,1.34,18615,18529,86,21487,21375,112,560,Indicadores_ocupabilidad_2023.csv,2023-01-01,11.76,14.33,0.49999999999999994,0.8660254037844387,13.73,17.34,17.03,21993.0,26476.0,493.0,16.033333333333335,0,45
,2023,2,TT,TODAS CONSOLIDADAS,TT,TODAS CONSOLIDADAS,APURÍMAC,030000,511,5099,8000,14.33,10.54,1.12,1.13,1.12,21346,21254,92,24312,24196,116,543,Indicadores_ocupabilidad_2023.csv,2023-02-01,14.33,16.71,0.8660254037844386,0.5000000000000001,11.76,13.73,17.34,18615.0,21487.0,560.0,14.276666666666666,0,46
,2023,3,TT,TODAS CONSOLIDADAS,TT,TODAS CONSOLIDADAS,APURÍMAC,030000,513,5154,8079,16.71,12.74,1.17,1.17,1.18,28114,27911,203,33467,33192,275,569,Indicadores_ocupabilidad_2023.csv,2023-03-01,16.71,18.0,1.0,6.123233995736766e-17,14.33,11.76,13.73,21346.0,24312.0,543.0,13.273333333333333,0,47
,2023,4,TT,TODAS CONSOLIDADAS,TT,TODAS CONSOLIDADAS,APURÍMAC,030000,513,5129,8031,18.0,13.51,1.13,1.13,1.21,30087,29794,293,34267,33818,449,582,Indicadores_ocupabilidad_2023.csv,2023-04-01,18.0,17.84,0.8660254037844387,-0.4999999999999998,16.71,14.33,11.76,28114.0,33467.0,569.0,14.266666666666666,0,48
,2023,5,TT,TODAS CONSOLIDADAS,TT,TODAS CONSOLIDADAS,APURÍMAC,030000,512,5114,8001,17.84,13.6,1.15,1.15,1.14,30190,29759,431,35244,34737,507,583,Indicadores_ocupabilidad_2023.csv,2023-05-01,17.84,19.04,0.49999999999999994,-0.8660254037844387,18.0,16.71,14.33,30087.0,34267.0,582.0,16.346666666666668,0,49
,2023,6,TT,TODAS CONSOLIDADAS,TT,TODAS CONSOLIDADAS,APURÍMAC,030000,511,5112,8006,19.04,14.08,1.15,1.15,1.28,30616,30294,322,35495,35075,420,570,Indicadores_ocupabilidad_2023.csv,2023-06-01,19.04,19.37,1.2246467991473532e-16,-1.0,17.84,18.0,16.71,30190.0,35244.0,583.0,17.51666666666667,0,50
,2023,7,TT,TODAS CONSOLIDADAS,TT,TODAS CONSOLIDADAS,APURÍMAC,030000,507,5067,7925,19.37,14.32,1.14,1.13,1.19,32110,31657,453,36693,36119,574,556,Indicadores_ocupabilidad_2023.csv,2023-07-01,19.37,19.51,-0.4999999999999997,-0.8660254037844388,19.04,17.84,18.0,30616.0,35495.0,570.0,18.293333333333333,0,51
,2023,8,TT,TODAS CONSOLIDADAS,TT,TODAS CONSOLIDADAS,APURÍMAC,030000,512,5089,7963,19.51,14.39,1.13,1.13,1.13,33665,33163,502,38678,38072,606,562,Indicadores_ocupabilidad_2023.csv,2023-08-01,19.51,20.04,-0.8660254037844384,-0.5000000000000004,19.37,19.04,17.84,32110.0,36693.0,556.0,18.75,0,52
,2023,9,TT,TODAS CONSOLIDADAS,TT,TODAS CONSOLIDADAS,APURÍMAC,030000,511,5076,7954,20.04,14.39,1.14,1.14,1.16,31668,31190,478,36595,36014,581,564,Indicadores_ocupabilidad_2023.csv,2023-09-01,20.04,19.89,-1.0,-1.8369701987210297e-16,19.51,19.37,19.04,33665.0,38678.0,562.0,19.30666666666667,0,53
,2023,10,TT,TODAS CONSOLIDADAS,TT,TODAS CONSOLIDADAS,APURÍMAC,030000,510,5064,7959,19.89,14.69,1.12,1.13,1.07,34362,33781,581,39048,38402,646,571,Indicadores_ocupabilidad_2023.csv,2023-10-01,19.89,20.26,-0.8660254037844386,0.5000000000000001,20.04,19.51,19.37,31668.0,36595.0,564.0,19.64,0,54
,2023,11,TT,TODAS CONSOLIDADAS,TT,TODAS CONSOLIDADAS,APURÍMAC,030000,510,5044,7917,20.26,15.11,1.2,1.2,1.14,31517,31134,383,37911,37448,463,571,Indicadores_ocupabilidad_2023.csv,2023-11-01,20.26,19.2,-0.5000000000000004,0.8660254037844384,19.89,20.04,19.51,34362.0,39048.0,571.0,19.813333333333333,0,55
,2023,12,TT,TODAS CONSOLIDADAS,TT,TODAS CONSOLIDADAS,APURÍMAC,030000,511,5061,7950,19.2,14.05,1.12,1.12,1.07,32514,32262,252,37020,36734,286,569,Indicadores_ocupabilidad_2023.csv,2023-12-01,19.2,19.85,-2.4492935982947064e-16,1.0,20.26,19.89,20.04,31517.0,37911.0,571.0,20.063333333333333,0,56
20260330,2024,1,TT,TODAS CONSOLIDADAS,TT,TODAS CONSOLIDADAS,APURÍMAC,030000,538,5317,8380,19.85,14.77,1.15,1.15,1.13,35090,34720,370,40957,40462,495,595,Indicadores_ocupabilidad_2024.csv,2024-01-01,19.85,20.56,0.49999999999999994,0.8660254037844387,19.2,20.26,19.89,32514.0,37020.0,569.0,19.783333333333335,0,57
20260330,2024,2,TT,TODAS CONSOLIDADAS,TT,TODAS CONSOLIDADAS,APURÍMAC,030000,536,5326,8394,20.56,15.12,1.14,1.14,1.23,33254,32813,441,38226,37673,553,591,Indicadores_ocupabilidad_2024.csv,2024-02-01,20.56,18.89,0.8660254037844386,0.5000000000000001,19.85,19.2,20.26,35090.0,40957.0,595.0,19.77,0,58
20260330,2024,3,TT,TODAS CONSOLIDADAS,TT,TODAS CONSOLIDADAS,APURÍMAC,030000,536,5351,8429,18.89,13.65,1.15,1.15,1.09,33325,32965,360,38841,38381,460,579,Indicadores_ocupabilidad_2024.csv,2024-03-01,18.89,19.26,1.0,6.123233995736766e-17,20.56,19.85,19.2,33254.0,38226.0,591.0,19.87,0,59
20260330,2024,4,TT,TODAS CONSOLIDADAS,TT,TODAS CONSOLIDADAS,APURÍMAC,030000,536,5361,8465,19.26,13.75,1.14,1.15,1.11,33719,33183,536,39365,38681,684,587,Indicadores_ocupabilidad_2024.csv,2024-04-01,19.26,18.02,0.8660254037844387,-0.4999999999999998,18.89,20.56,19.85,33325.0,38841.0,579.0,19.766666666666666,0,60
20260330,2024,5,TT,TODAS CONSOLIDADAS,TT,TODAS CONSOLIDADAS,APURÍMAC,030000,536,5366,8464,18.02,12.97,1.17,1.16,1.63,32323,31835,488,38167,37447,720,583,Indicadores_ocupabilidad_2024.csv,2024-05-01,18.02,18.89,0.49999999999999994,-0.8660254037844387,19.26,18.89,20.56,33719.0,39365.0,587.0,19.57,0,61
20260330,2024,6,TT,TODAS CONSOLIDADAS,TT,TODAS CONSOLIDADAS,APURÍMAC,030000,537,5362,8461,18.89,13.69,1.16,1.16,1.73,32847,32289,558,38934,38023,911,591,Indicadores_ocupabilidad_2024.csv,2024-06-01,18.89,21.28,1.2246467991473532e-16,-1.0,18.02,19.26,18.89,32323.0,38167.0,583.0,18.723333333333333,0,62
20260330,2024,7,TT,TODAS CONSOLIDADAS,TT,TODAS CONSOLIDADAS,APURÍMAC,030000,535,5353,8451,21.28,15.57,1.16,1.15,1.7,38169,37524,645,44979,43921,1058,587,Indicadores_ocupabilidad_2024.csv,2024-07-01,21.28,21.01,-0.4999999999999997,-0.8660254037844388,18.89,18.02,19.26,32847.0,38934.0,591.0,18.723333333333333,0,63
20260330,2024,8,TT,TODAS CONSOLIDADAS,TT,TODAS CONSOLIDADAS,APURÍMAC,030000,535,5354,8454,21.01,15.38,1.15,1.15,1.2,38698,38097,601,45013,44237,776,593,Indicadores_ocupabilidad_2024.csv,2024-08-01,21.01,20.79,-0.8660254037844384,-0.5000000000000004,21.28,18.89,18.02,38169.0,44979.0,587.0,19.396666666666665,0,64
20260330,2024,9,TT,TODAS CONSOLIDADAS,TT,TODAS CONSOLIDADAS,APURÍMAC,030000,535,5366,8483,20.79,15.16,1.16,1.16,1.14,36081,35372,709,42652,41683,969,596,Indicadores_ocupabilidad_2024.csv,2024-09-01,20.79,19.19,-1.0,-1.8369701987210297e-16,21.01,21.28,18.89,38698.0,45013.0,593.0,20.393333333333334,0,65
20260330,2024,10,TT,TODAS CONSOLIDADAS,TT,TODAS CONSOLIDADAS,APURÍMAC,030000,532,5324,8423,19.19,14.68,1.19,1.19,1.44,34852,34080,772,43271,42167,1104,583,Indicadores_ocupabilidad_2024.csv,2024-10-01,19.19,21.1,-0.8660254037844386,0.5000000000000001,20.79,21.01,21.28,36081.0,42652.0,596.0,21.026666666666667,0,66
20260330,2024,11,TT,TODAS CONSOLIDADAS,TT,TODAS CONSOLIDADAS,APURÍMAC,030000,531,5302,8390,21.1,15.9,1.17,1.16,1.72,37699,36833,866,45044,43539,1505,585,Indicadores_ocupabilidad_2024.csv,2024-11-01,21.1,19.43,-0.5000000000000004,0.8660254037844384,19.19,20.79,21.01,34852.0,43271.0,583.0,20.33,0,67
,2019,4,TT,TODAS CONSOLIDADAS,TT,TODAS CONSOLIDADAS,AREQUIPA,040000,1624,18779,33007,25.76,21.53,1.53,1.5,1.72,149824,108821,41003,228708,161177,67531,4064,Indicadores_ocupabilidad_2019.csv,2019-04-01,25.76,28.0,0.8660254037844387,-0.4999999999999998,21.72,23.4,26.1,141571.0,202663.0,3977.0,23.74,0,0
,2019,5,TT,TODAS CONSOLIDADAS,TT,TODAS CONSOLIDADAS,AREQUIPA,040000,1618,18634,32661,28.0,22.84,1.29,1.26,1.58,177860,139293,38567,240363,179156,61207,4098,Indicadores_ocupabilidad_2019.csv,2019-05-01,28.0,28.38,0.49999999999999994,-0.8660254037844387,25.76,21.72,23.4,149824.0,228708.0,4064.0,23.626666666666665,0,1
,2019,6,TT,TODAS CONSOLIDADAS,TT,TODAS CONSOLIDADAS,AREQUIPA,040000,1618,18696,32740,28.38,22.13,1.3,1.28,1.47,164073,130165,33908,222026,169274,52752,4117,Indicadores_ocupabilidad_2019.csv,2019-06-01,28.38,30.17,1.2246467991473532e-16,-1.0,28.0,25.76,21.72,177860.0,240363.0,4098.0,25.16,0,2
,2019,7,TT,TODAS CONSOLIDADAS,TT,TODAS CONSOLIDADAS,AREQUIPA,040000,1618,18784,32911,30.17,25.6,1.24,1.22,1.57,209562,165668,43894,274333,205457,68876,4136,Indicadores_ocupabilidad_2019.csv,2019-07-01,30.17,31.89,-0.4999999999999997,-0.8660254037844388,28.38,28.0,25.76,164073.0,222026.0,4117.0,27.38,0,3
,2019,8,TT,TODAS CONSOLIDADAS,TT,TODAS CONSOLIDADAS,AREQUIPA,040000,1617,18892,33111,31.89,26.78,1.24,1.22,1.54,220031,168393,51638,286029,207082,78947,4142,Indicadores_ocupabilidad_2019.csv,2019-08-01,31.89,33.81,-0.8660254037844384,-0.5000000000000004,30.17,28.38,28.0,209562.0,274333.0,4136.0,28.849999999999998,0,4
,2019,9,TT,TODAS CONSOLIDADAS,TT,TODAS CONSOLIDADAS,AREQUIPA,040000,1620,19214,33586,33.81,27.75,1.28,1.26,1.63,214949,170017,44932,290066,217653,72413,4244,Indicadores_ocupabilidad_2019.csv,2019-09-01,33.81,31.13,-1.0,-1.8369701987210297e-16,31.89,30.17,28.38,220031.0,286029.0,4142.0,30.146666666666665,0,5
,2019,10,TT,TODAS CONSOLIDADAS,TT,TODAS CONSOLIDADAS,AREQUIPA,040000,1606,19404,34069,31.13,25.64,1.24,1.21,1.63,213997,173445,40552,277591,212696,64895,4260,Indicadores_ocupabilidad_2019.csv,2019-10-01,31.13,31.47,-0.8660254037844386,0.5000000000000001,33.81,31.89,30.17,214949.0,290066.0,4244.0,31.956666666666667,0,6
,2019,11,TT,TODAS CONSOLIDADAS,TT,TODAS CONSOLIDADAS,AREQUIPA,040000,1606,19462,34107,31.47,25.83,1.24,1.22,1.61,207822,174764,33058,268633,215923,52710,4211,Indicadores_ocupabilidad_2019.csv,2019-11-01,31.47,33.03,-0.5000000000000004,0.8660254037844384,31.13,33.81,31.89,213997.0,277591.0,4260.0,32.276666666666664,0,7
,2019,12,TT,TODAS CONSOLIDADAS,TT,TODAS CONSOLIDADAS,AREQUIPA,040000,1610,19430,34022,33.03,27.55,1.22,1.2,1.64,219676,197684,21992,274603,237521,37082,4205,Indicadores_ocupabilidad_2019.csv,2019-12-01,33.03,21.86,-2.4492935982947064e-16,1.0,31.47,31.13,33.81,207822.0,268633.0,4211.0,32.13666666666666,0,8
,2020,1,TT,TODAS CONSOLIDADAS,TT,TODAS CONSOLIDADAS,AREQUIPA,040000,1659,19476,33920,21.86,20.22,1.34,1.29,1.72,154146,129510,24636,211914,169312,42602,4215,Indicadores_ocupabilidad_2020.csv,2020-01-01,21.86,24.69,0.49999999999999994,0.8660254037844387,33.03,31.47,31.13,219676.0,274603.0,4205.0,31.876666666666665,1,9
,2020,2,TT,TODAS CONSOLIDADAS,TT,TODAS CONSOLIDADAS,AREQUIPA,040000,1652,19356,33717,24.69,22.51,1.35,1.29,1.77,153242,129841,23401,212337,170065,42272,4114,Indicadores_ocupabilidad_2020.csv,2020-02-01,24.69,12.3,0.8660254037844386,0.5000000000000001,21.86,33.03,31.47,154146.0,211914.0,4215.0,28.786666666666665,1,10
,2020,3,TT,TODAS CONSOLIDADAS,TT,TODAS CONSOLIDADAS,AREQUIPA,040000,1636,19211,33496,12.3,10.94,2.02,1.63,2.92,60316,45786,14530,113057,72176,40881,3294,Indicadores_ocupabilidad_2020.csv,2020-03-01,12.3,12.25,1.0,6.123233995736766e-17,24.69,21.86,33.03,153242.0,212337.0,4114.0,26.526666666666667,1,11
,2020,4,TT,TODAS CONSOLIDADAS,TT,TODAS CONSOLIDADAS,AREQUIPA,040000,62,1558,2728,12.25,9.33,5.52,5.28,10.5,1457,1430,27,6979,6479,500,437,Indicadores_ocupabilidad_2020.csv,2020-04-01,12.25,27.28,0.8660254037844387,-0.4999999999999998,12.3,24.69,21.86,60316.0,113057.0,3294.0,19.616666666666667,1,12
,2020,5,TT,TODAS CONSOLIDADAS,TT,TODAS CONSOLIDADAS,AREQUIPA,040000,128,3671,6503,27.28,17.67,4.35,4.32,7.74,8211,8187,24,37316,36961,355,854,Indicadores_ocupabilidad_2020.csv,2020-05-01,27.28,29.89,0.49999999999999994,-0.8660254037844387,12.25,12.3,24.69,1457.0,6979.0,437.0,16.413333333333334,1,13
,2020,6,TT,TODAS CONSOLIDADAS,TT,TODAS CONSOLIDADAS,AREQUIPA,040000,137,3972,7063,29.89,18.63,4.43,4.42,5.2,8803,8784,19,41738,41528,210,935,Indicadores_ocupabilidad_2020.csv,2020-06-01,29.89,21.85,1.2246467991473532e-16,-1.0,27.28,12.25,12.3,8211.0,37316.0,854.0,17.276666666666667,1,14
,2020,7,TT,TODAS CONSOLIDADAS,TT,TODAS CONSOLIDADAS,AREQUIPA,040000,841,13828,24353,21.85,15.84,3.62,3.59,4.99,35122,34689,433,129381,127235,2146,2416,Indicadores_ocupabilidad_2020.csv,2020-07-01,21.85,22.08,-0.4999999999999997,-0.8660254037844388,29.89,27.28,12.25,8803.0,41738.0,935.0,23.14,1,15
,2020,8,TT,TODAS CONSOLIDADAS,TT,TODAS CONSOLIDADAS,AREQUIPA,040000,843,13850,24414,22.08,15.3,2.56,2.57,1.66,46988,45981,1007,124566,123032,1534,2451,Indicadores_ocupabilidad_2020.csv,2020-08-01,22.08,17.39,-0.8660254037844384,-0.5000000000000004,21.85,29.89,27.28,35122.0,129381.0,2416.0,26.340000000000003,1,16
,2020,9,TT,TODAS CONSOLIDADAS,TT,TODAS CONSOLIDADAS,AREQUIPA,040000,877,14426,25416,17.39,13.01,1.84,1.87,1.37,55474,53551,1923,111716,109429,2287,2568,Indicadores_ocupabilidad_2020.csv,2020-09-01,17.39,18.87,-1.0,-1.8369701987210297e-16,22.08,21.85,29.89,46988.0,124566.0,2451.0,24.60666666666667,1,17
,2020,10,TT,TODAS CONSOLIDADAS,TT,TODAS CONSOLIDADAS,AREQUIPA,040000,871,14468,25515,18.87,15.18,1.66,1.66,1.38,71696,70722,974,123581,122251,1330,2753,Indicadores_ocupabilidad_2020.csv,2020-10-01,18.87,20.4,-0.8660254037844386,0.5000000000000001,17.39,22.08,21.85,55474.0,111716.0,2568.0,20.44,1,18
,2020,11,TT,TODAS CONSOLIDADAS,TT,TODAS CONSOLIDADAS,AREQUIPA,040000,884,14738,25990,20.4,16.24,1.63,1.63,1.43,77032,75674,1358,130903,128700,2203,2819,Indicadores_ocupabilidad_2020.csv,2020-11-01,20.4,19.55,-0.5000000000000004,0.8660254037844384,18.87,17.39,22.08,71696.0,123581.0,2753.0,19.446666666666665,1,19
,2020,12,TT,TODAS CONSOLIDADAS,TT,TODAS CONSOLIDADAS,AREQUIPA,040000,889,14841,26203,19.55,16.87,1.56,1.56,1.54,87500,85647,1853,142333,139043,3290,2827,Indicadores_ocupabilidad_2020.csv,2020-12-01,19.55,20.61,-2.4492935982947064e-16,1.0,20.4,18.87,17.39,77032.0,130903.0,2819.0,18.886666666666667,1,20
,2021,1,TT,TODAS CONSOLIDADAS,TT,TODAS CONSOLIDADAS,AREQUIPA,040000,1468,17448,30026,20.61,15.68,1.54,1.54,1.65,96728,95509,1219,157576,154899,2677,2887,Indicadores_ocupabilidad_2021.csv,2021-01-01,20.61,20.6,0.49999999999999994,0.8660254037844387,19.55,20.4,18.87,87500.0,142333.0,2827.0,19.606666666666666,0,21
,2021,2,TT,TODAS CONSOLIDADAS,TT,TODAS CONSOLIDADAS,AREQUIPA,040000,1456,17378,29907,20.6,14.52,1.79,1.79,1.88,72110,71571,539,131946,130351,1595,2886,Indicadores_ocupabilidad_2021.csv,2021-02-01,20.6,21.8,0.8660254037844386,0.5000000000000001,20.61,19.55,20.4,96728.0,157576.0,2887.0,20.186666666666667,0,22
,2021,3,TT,TODAS CONSOLIDADAS,TT,TODAS CONSOLIDADAS,AREQUIPA,040000,1451,17355,29808,21.8,15.92,1.75,1.75,1.99,88277,87313,964,160396,157901,2495,2906,Indicadores_ocupabilidad_2021.csv,2021-03-01,21.8,22.18,1.0,6.123233995736766e-17,20.6,20.61,19.55,72110.0,131946.0,2886.0,20.253333333333334,0,23
,2021,4,TT,TODAS CONSOLIDADAS,TT,TODAS CONSOLIDADAS,AREQUIPA,040000,1434,17289,29659,22.18,17.37,1.77,1.76,2.21,90551,89315,1236,163386,159845,3541,3516,Indicadores_ocupabilidad_2021.csv,2021-04-01,22.18,23.06,0.8660254037844387,-0.4999999999999998,21.8,20.6,20.61,88277.0,160396.0,2906.0,21.003333333333334,0,24
,2021,5,TT,TODAS CONSOLIDADAS,TT,TODAS CONSOLIDADAS,AREQUIPA,040000,1424,17264,29587,23.06,17.46,1.72,1.71,2.02,98677,95822,2855,175927,169239,6688,3524,Indicadores_ocupabilidad_2021.csv,2021-05-01,23.06,18.88,0.49999999999999994,-0.8660254037844387,22.18,21.8,20.6,90551.0,163386.0,3516.0,21.52666666666667,0,25
,2021,6,TT,TODAS CONSOLIDADAS,TT,TODAS CONSOLIDADAS,AREQUIPA,040000,1423,17300,29629,18.88,15.76,1.69,1.68,1.96,85842,82298,3544,146587,139485,7102,3485,Indicadores_ocupabilidad_2021.csv,2021-06-01,18.88,21.32,1.2246467991473532e-16,-1.0,23.06,22.18,21.8,98677.0,175927.0,3524.0,22.346666666666664,0,26
,2021,7,TT,TODAS CONSOLIDADAS,TT,TODAS CONSOLIDADAS,AREQUIPA,040000,1426,17355,29730,21.32,18.22,1.73,1.72,1.98,102878,97970,4908,175074,165666,9408,3534,Indicadores_ocupabilidad_2021.csv,2021-07-01,21.32,23.66,-0.4999999999999997,-0.8660254037844388,18.88,23.06,22.18,85842.0,146587.0,3485.0,21.373333333333335,0,27
,2021,8,TT,TODAS CONSOLIDADAS,TT,TODAS CONSOLIDADAS,AREQUIPA,040000,1426,17462,29975,23.66,19.81,1.67,1.65,1.97,118595,109794,8801,196497,179790,16707,3559,Indicadores_ocupabilidad_2021.csv,2021-08-01,23.66,24.27,-0.8660254037844384,-0.5000000000000004,21.32,18.88,23.06,102878.0,175074.0,3534.0,21.086666666666666,0,28
,2021,9,TT,TODAS CONSOLIDADAS,TT,TODAS CONSOLIDADAS,AREQUIPA,040000,1426,17435,29940,24.27,19.51,1.53,1.51,1.85,120122,112098,8024,186134,171266,14868,3583,Indicadores_ocupabilidad_2021.csv,2021-09-01,24.27,25.77,-1.0,-1.8369701987210297e-16,23.66,21.32,18.88,118595.0,196497.0,3559.0,21.286666666666665,0,29
,2021,10,TT,TODAS CONSOLIDADAS,TT,TODAS CONSOLIDADAS,AREQUIPA,040000,1425,17423,29975,25.77,21.44,1.56,1.54,1.89,134669,124009,10660,211568,191682,19886,3584,Indicadores_ocupabilidad_2021.csv,2021-10-01,25.77,26.4,-0.8660254037844386,0.5000000000000001,24.27,23.66,21.32,120122.0,186134.0,3583.0,23.083333333333332,0,30
,2021,11,TT,TODAS CONSOLIDADAS,TT,TODAS CONSOLIDADAS,AREQUIPA,040000,1425,17420,29949,26.4,21.74,1.58,1.53,1.97,126197,111585,14612,200781,172191,28590,3571,Indicadores_ocupabilidad_2021.csv,2021-11-01,26.4,23.16,-0.5000000000000004,0.8660254037844384,25.77,24.27,23.66,134669.0,211568.0,3584.0,24.566666666666666,0,31
,2021,12,TT,TODAS CONSOLIDADAS,TT,TODAS CONSOLIDADAS,AREQUIPA,040000,1430,17455,30032,23.16,18.82,1.51,1.46,1.88,118834,107497,11337,178080,155660,22420,3568,Indicadores_ocupabilidad_2021.csv,2021-12-01,23.16,25.8,-2.4492935982947064e-16,1.0,26.4,25.77,24.27,126197.0,200781.0,3571.0,25.48,0,32
,2022,1,TT,TODAS CONSOLIDADAS,TT,TODAS CONSOLIDADAS,AREQUIPA,040000,1474,17353,30061,25.8,22.02,1.51,1.47,2.03,137008,126133,10875,211963,189976,21987,3610,Indicadores_ocupabilidad_2022.csv,2022-01-01,25.8,23.73,0.49999999999999994,0.8660254037844387,23.16,26.4,25.77,118834.0,178080.0,3568.0,25.11,0,33
,2022,2,TT,TODAS CONSOLIDADAS,TT,TODAS CONSOLIDADAS,AREQUIPA,040000,1465,17311,29966,23.73,21.69,1.4,1.34,1.96,131392,119340,12052,186699,163071,23628,3582,Indicadores_ocupabilidad_2022.csv,2022-02-01,23.73,22.2,0.8660254037844386,0.5000000000000001,25.8,23.16,26.4,137008.0,211963.0,3610.0,25.12,0,34
,2022,3,TT,TODAS CONSOLIDADAS,TT,TODAS CONSOLIDADAS,AREQUIPA,040000,1462,17347,30031,22.2,19.84,1.48,1.4,2.01,127912,111670,16242,189913,157149,32764,3627,Indicadores_ocupabilidad_2022.csv,2022-03-01,22.2,20.32,1.0,6.123233995736766e-17,23.73,25.8,23.16,131392.0,186699.0,3582.0,24.23,0,35
,2022,4,TT,TODAS CONSOLIDADAS,TT,TODAS CONSOLIDADAS,AREQUIPA,040000,1462,17446,30232,20.32,18.58,1.53,1.44,1.88,119163,92616,26547,183719,135055,48664,2978,Indicadores_ocupabilidad_2022.csv,2022-04-01,20.32,21.37,0.8660254037844387,-0.4999999999999998,22.2,23.73,25.8,127912.0,189913.0,3627.0,23.91,0,36
,2022,5,TT,TODAS CONSOLIDADAS,TT,TODAS CONSOLIDADAS,AREQUIPA,040000,1462,17460,30246,21.37,19.31,1.49,1.44,1.72,130049,100655,29394,196588,146501,50087,3638,Indicadores_ocupabilidad_2022.csv,2022-05-01,21.37,21.23,0.49999999999999994,-0.8660254037844387,20.32,22.2,23.73,119163.0,183719.0,2978.0,22.083333333333332,0,37
,2022,6,TT,TODAS CONSOLIDADAS,TT,TODAS CONSOLIDADAS,AREQUIPA,040000,1443,17264,29940,21.23,18.96,1.49,1.45,1.65,122936,95233,27703,185513,139605,45908,3003,Indicadores_ocupabilidad_2022.csv,2022-06-01,21.23,22.75,1.2246467991473532e-16,-1.0,21.37,20.32,22.2,130049.0,196588.0,3638.0,21.296666666666667,0,38
,2022,7,TT,TODAS CONSOLIDADAS,TT,TODAS CONSOLIDADAS,AREQUIPA,040000,1445,17451,30303,22.75,20.8,1.56,1.54,1.64,142857,106533,36324,224340,163798,60542,3685,Indicadores_ocupabilidad_2022.csv,2022-07-01,22.75,26.24,-0.4999999999999997,-0.8660254037844388,21.23,21.37,20.32,122936.0,185513.0,3003.0,20.973333333333333,0,39
,2022,8,TT,TODAS CONSOLIDADAS,TT,TODAS CONSOLIDADAS,AREQUIPA,040000,1442,17398,30212,26.24,22.95,1.54,1.51,1.65,155928,109930,45998,247335,171054,76281,3072,Indicadores_ocupabilidad_2022.csv,2022-08-01,26.24,24.28,-0.8660254037844384,-0.5000000000000004,22.75,21.23,21.37,142857.0,224340.0,3685.0,21.783333333333335,0,40
,2022,9,TT,TODAS CONSOLIDADAS,TT,TODAS CONSOLIDADAS,AREQUIPA,040000,1446,17489,30345,24.28,20.95,1.55,1.53,1.63,138039,100527,37512,220654,158094,62560,3109,Indicadores_ocupabilidad_2022.csv,2022-09-01,24.28,25.5,-1.0,-1.8369701987210297e-16,26.24,22.75,21.23,155928.0,247335.0,3072.0,23.406666666666666,0,41
,2022,10,TT,TODAS CONSOLIDADAS,TT,TODAS CONSOLIDADAS,AREQUIPA,040000,1446,17540,30482,25.5,21.68,1.48,1.45,1.59,150404,111436,38968,228557,165414,63143,3769,Indicadores_ocupabilidad_2022.csv,2022-10-01,25.5,23.53,-0.8660254037844386,0.5000000000000001,24.28,26.24,22.75,138039.0,220654.0,3109.0,24.423333333333332,0,42
,2022,11,TT,TODAS CONSOLIDADAS,TT,TODAS CONSOLIDADAS,AREQUIPA,040000,1436,17450,30319,23.53,19.73,1.48,1.46,1.58,128221,97991,30230,197967,148637,49330,3738,Indicadores_ocupabilidad_2022.csv,2022-11-01,23.53,19.08,-0.5000000000000004,0.8660254037844384,25.5,24.28,26.24,150404.0,228557.0,3769.0,25.34,0,43
,2022,12,TT,TODAS CONSOLIDADAS,TT,TODAS CONSOLIDADAS,AREQUIPA,040000,1438,17478,30369,19.08,16.22,1.46,1.41,1.77,105965,92874,13091,160764,136525,24239,3730,Indicadores_ocupabilidad_2022.csv,2022-12-01,19.08,13.56,-2.4492935982947064e-16,1.0,23.53,25.5,24.28,128221.0,197967.0,3738.0,24.436666666666667,0,44
,2023,1,TT,TODAS CONSOLIDADAS,TT,TODAS CONSOLIDADAS,AREQUIPA,040000,1530,17947,30989,13.56,11.29,1.47,1.45,1.65,76288,69343,6945,112500,100060,12440,3150,Indicadores_ocupabilidad_2023.csv,2023-01-01,13.56,18.01,0.49999999999999994,0.8660254037844387,19.08,23.53,25.5,105965.0,160764.0,3730.0,22.703333333333333,0,45
,2023,2,TT,TODAS CONSOLIDADAS,TT,TODAS CONSOLIDADAS,AREQUIPA,040000,1524,17638,30383,18.01,15.83,1.41,1.36,2.01,95738,89386,6352,135420,122264,13156,3754,Indicadores_ocupabilidad_2023.csv,2023-02-01,18.01,19.37,0.8660254037844386,0.5000000000000001,13.56,19.08,23.53,76288.0,112500.0,3150.0,18.723333333333333,0,46
,2023,3,TT,TODAS CONSOLIDADAS,TT,TODAS CONSOLIDADAS,AREQUIPA,040000,1532,17850,30770,19.37,16.16,1.55,1.43,2.16,102466,89274,13192,157106,128217,28889,3787,Indicadores_ocupabilidad_2023.csv,2023-03-01,19.37,21.02,1.0,6.123233995736766e-17,18.01,13.56,19.08,95738.0,135420.0,3754.0,16.883333333333333,0,47
,2023,4,TT,TODAS CONSOLIDADAS,TT,TODAS CONSOLIDADAS,AREQUIPA,040000,1535,18064,31194,21.02,17.22,1.46,1.43,1.58,114052,92648,21404,170296,135141,35155,3888,Indicadores_ocupabilidad_2023.csv,2023-04-01,21.02,19.83,0.8660254037844387,-0.4999999999999998,19.37,18.01,13.56,102466.0,157106.0,3787.0,16.98,0,48
,2023,5,TT,TODAS CONSOLIDADAS,TT,TODAS CONSOLIDADAS,AREQUIPA,040000,1537,18292,31723,19.83,16.54,1.54,1.48,1.85,112863,92640,20223,176807,139802,37005,3242,Indicadores_ocupabilidad_2023.csv,2023-05-01,19.83,20.15,0.49999999999999994,-0.8660254037844387,21.02,19.37,18.01,114052.0,170296.0,3888.0,19.466666666666665,0,49
,2023,6,TT,TODAS CONSOLIDADAS,TT,TODAS CONSOLIDADAS,AREQUIPA,040000,1536,18109,31355,20.15,16.55,1.51,1.44,1.8,109600,89861,19739,168025,131846,36179,3239,Indicadores_ocupabilidad_2023.csv,2023-06-01,20.15,21.99,1.2246467991473532e-16,-1.0,19.83,21.02,19.37,112863.0,176807.0,3242.0,20.073333333333334,0,50
,2023,7,TT,TODAS CONSOLIDADAS,TT,TODAS CONSOLIDADAS,AREQUIPA,040000,1531,18129,31406,21.99,18.72,1.53,1.46,1.75,131565,104223,27342,206821,157113,49708,3278,Indicadores_ocupabilidad_2023.csv,2023-07-01,21.99,23.06,-0.4999999999999997,-0.8660254037844388,20.15,19.83,21.02,109600.0,168025.0,3239.0,20.333333333333332,0,51
,2023,8,TT,TODAS CONSOLIDADAS,TT,TODAS CONSOLIDADAS,AREQUIPA,040000,1534,18191,31502,23.06,19.88,1.51,1.45,1.75,137393,107155,30238,217510,164026,53484,3293,Indicadores_ocupabilidad_2023.csv,2023-08-01,23.06,22.63,-0.8660254037844384,-0.5000000000000004,21.99,20.15,19.83,131565.0,206821.0,3278.0,20.656666666666666,0,52
,2023,9,TT,TODAS CONSOLIDADAS,TT,TODAS CONSOLIDADAS,AREQUIPA,040000,1532,18170,31481,22.63,18.55,1.54,1.52,1.69,124674,98819,25855,202317,156672,45645,3252,Indicadores_ocupabilidad_2023.csv,2023-09-01,22.63,20.68,-1.0,-1.8369701987210297e-16,23.06,21.99,20.15,137393.0,217510.0,3293.0,21.73333333333333,0,53
,2023,10,TT,TODAS CONSOLIDADAS,TT,TODAS CONSOLIDADAS,AREQUIPA,040000,1532,18154,31486,20.68,17.34,1.48,1.44,1.65,126595,98907,27688,197998,150033,47965,3255,Indicadores_ocupabilidad_2023.csv,2023-10-01,20.68,22.63,-0.8660254037844386,0.5000000000000001,22.63,23.06,21.99,124674.0,202317.0,3252.0,22.56,0,54
,2023,11,TT,TODAS CONSOLIDADAS,TT,TODAS CONSOLIDADAS,AREQUIPA,040000,1532,18146,31473,22.63,18.21,1.5,1.48,1.62,122115,97511,24604,190008,147957,42051,3235,Indicadores_ocupabilidad_2023.csv,2023-11-01,22.63,18.9,-0.5000000000000004,0.8660254037844384,20.68,22.63,23.06,126595.0,197998.0,3255.0,22.123333333333335,0,55
,2023,12,TT,TODAS CONSOLIDADAS,TT,TODAS CONSOLIDADAS,AREQUIPA,040000,1539,18240,31685,18.9,15.84,1.45,1.41,1.62,114197,96650,17547,171677,141712,29965,3349,Indicadores_ocupabilidad_2023.csv,2023-12-01,18.9,19.57,-2.4492935982947064e-16,1.0,22.63,20.68,22.63,122115.0,190008.0,3235.0,21.98,0,56
20260330,2024,1,TT,TODAS CONSOLIDADAS,TT,TODAS CONSOLIDADAS,AREQUIPA,040000,1632,18814,32600,19.57,16.17,1.45,1.4,1.71,123630,103470,20160,183164,146643,36521,3314,Indicadores_ocupabilidad_2024.csv,2024-01-01,19.57,21.36,0.49999999999999994,0.8660254037844387,18.9,22.63,20.68,114197.0,171677.0,3349.0,20.736666666666668,0,57
20260330,2024,2,TT,TODAS CONSOLIDADAS,TT,TODAS CONSOLIDADAS,AREQUIPA,040000,1634,18835,32648,21.36,17.72,1.55,1.51,1.71,116609,96430,20179,179527,143491,36036,3334,Indicadores_ocupabilidad_2024.csv,2024-02-01,21.36,19.59,0.8660254037844386,0.5000000000000001,19.57,18.9,22.63,123630.0,183164.0,3314.0,20.366666666666667,0,58
20260330,2024,3,TT,TODAS CONSOLIDADAS,TT,TODAS CONSOLIDADAS,AREQUIPA,040000,1643,18902,32793,19.59,16.31,1.46,1.41,1.6,124212,95532,28680,186092,138682,47410,3370,Indicadores_ocupabilidad_2024.csv,2024-03-01,19.59,20.67,1.0,6.123233995736766e-17,21.36,19.57,18.9,116609.0,179527.0,3334.0,19.94333333333333,0,59
20260330,2024,4,TT,TODAS CONSOLIDADAS,TT,TODAS CONSOLIDADAS,AREQUIPA,040000,1643,18889,32736,20.67,17.41,1.42,1.38,1.51,132591,94690,37901,195000,134920,60080,3374,Indicadores_ocupabilidad_2024.csv,2024-04-01,20.67,21.57,0.8660254037844387,-0.4999999999999998,19.59,21.36,19.57,124212.0,186092.0,3370.0,20.173333333333332,0,60
20260330,2024,5,TT,TODAS CONSOLIDADAS,TT,TODAS CONSOLIDADAS,AREQUIPA,040000,1644,18896,32746,21.57,18.19,1.5,1.5,1.55,138708,96517,42191,214000,145114,68886,3349,Indicadores_ocupabilidad_2024.csv,2024-05-01,21.57,20.52,0.49999999999999994,-0.8660254037844387,20.67,19.59,21.36,132591.0,195000.0,3374.0,20.540000000000003,0,61
20260330,2024,6,TT,TODAS CONSOLIDADAS,TT,TODAS CONSOLIDADAS,AREQUIPA,040000,1650,18963,32878,20.52,17.3,1.47,1.44,1.57,129144,94383,34761,197171,140528,56643,3355,Indicadores_ocupabilidad_2024.csv,2024-06-01,20.52,22.75,1.2246467991473532e-16,-1.0,21.57,20.67,19.59,138708.0,214000.0,3349.0,20.61,0,62
20260330,2024,7,TT,TODAS CONSOLIDADAS,TT,TODAS CONSOLIDADAS,AREQUIPA,040000,1648,18907,32857,22.75,20.58,1.49,1.46,1.57,157842,107000,50842,244230,160877,83353,3359,Indicadores_ocupabilidad_2024.csv,2024-07-01,22.75,25.5,-0.4999999999999997,-0.8660254037844388,20.52,21.57,20.67,129144.0,197171.0,3355.0,20.919999999999998,0,63
20260330,2024,8,TT,TODAS CONSOLIDADAS,TT,TODAS CONSOLIDADAS,AREQUIPA,040000,1651,18959,32966,25.5,22.82,1.52,1.52,1.53,174477,114316,60161,271882,177130,94752,3388,Indicadores_ocupabilidad_2024.csv,2024-08-01,25.5,24.76,-0.8660254037844384,-0.5000000000000004,22.75,20.52,21.57,157842.0,244230.0,3359.0,21.613333333333333,0,64
20260330,2024,9,TT,TODAS CONSOLIDADAS,TT,TODAS CONSOLIDADAS,AREQUIPA,040000,1652,18960,32966,24.76,20.93,1.53,1.51,1.59,152482,102043,50439,238261,156803,81458,3391,Indicadores_ocupabilidad_2024.csv,2024-09-01,24.76,23.96,-1.0,-1.8369701987210297e-16,25.5,22.75,20.52,174477.0,271882.0,3388.0,22.923333333333332,0,65
20260330,2024,10,TT,TODAS CONSOLIDADAS,TT,TODAS CONSOLIDADAS,AREQUIPA,040000,1650,18973,33037,23.96,20.59,1.61,1.6,1.66,155174,106908,48266,253176,172492,80684,3381,Indicadores_ocupabilidad_2024.csv,2024-10-01,23.96,22.46,-0.8660254037844386,0.5000000000000001,24.76,25.5,22.75,152482.0,238261.0,3391.0,24.33666666666667,0,66
20260330,2024,11,TT,TODAS CONSOLIDADAS,TT,TODAS CONSOLIDADAS,AREQUIPA,040000,1653,18977,33045,22.46,18.46,1.54,1.51,1.62,135032,98326,36706,211387,151249,60138,3380,Indicadores_ocupabilidad_2024.csv,2024-11-01,22.46,20.77,-0.5000000000000004,0.8660254037844384,23.96,24.76,25.5,155174.0,253176.0,3381.0,24.74,0,67
,2019,4,TT,TODAS CONSOLIDADAS,TT,TODAS CONSOLIDADAS,AYACUCHO,050000,571,6774,10970,27.8,22.52,1.23,1.23,1.42,59618,58875,743,75571,74387,1184,1239,Indicadores_ocupabilidad_2019.csv,2019-04-01,27.8,27.1,0.8660254037844387,-0.4999999999999998,25.04,26.14,25.17,54724.0,67412.0,1236.0,25.45,0,0
,2019,5,TT,TODAS CONSOLIDADAS,TT,TODAS CONSOLIDADAS,AYACUCHO,050000,576,6894,11172,27.1,21.59,1.17,1.17,1.69,62520,61759,761,75079,73804,1275,1251,Indicadores_ocupabilidad_2019.csv,2019-05-01,27.1,26.94,0.49999999999999994,-0.8660254037844387,27.8,25.04,26.14,59618.0,75571.0,1239.0,26.326666666666668,0,1
,2019,6,TT,TODAS CONSOLIDADAS,TT,TODAS CONSOLIDADAS,AYACUCHO,050000,575,6865,11120,26.94,21.38,1.19,1.19,1.36,58767,57698,1069,71588,69973,1615,1238,Indicadores_ocupabilidad_2019.csv,2019-06-01,26.94,28.73,1.2246467991473532e-16,-1.0,27.1,27.8,25.04,62520.0,75079.0,1251.0,26.646666666666665,0,2
,2019,7,TT,TODAS CONSOLIDADAS,TT,TODAS CONSOLIDADAS,AYACUCHO,050000,575,6866,11103,28.73,23.35,1.25,1.25,1.52,63185,61942,1243,81463,79416,2047,1252,Indicadores_ocupabilidad_2019.csv,2019-07-01,28.73,27.9,-0.4999999999999997,-0.8660254037844388,26.94,27.1,27.8,58767.0,71588.0,1238.0,27.28,0,3
,2019,8,TT,TODAS CONSOLIDADAS,TT,TODAS CONSOLIDADAS,AYACUCHO,050000,574,6812,11084,27.9,22.99,1.25,1.25,1.48,62089,61130,959,80085,78618,1467,1261,Indicadores_ocupabilidad_2019.csv,2019-08-01,27.9,28.18,-0.8660254037844384,-0.5000000000000004,28.73,26.94,27.1,63185.0,81463.0,1252.0,27.590000000000003,0,4
,2019,9,TT,TODAS CONSOLIDADAS,TT,TODAS CONSOLIDADAS,AYACUCHO,050000,574,6810,11058,28.18,22.23,1.27,1.27,1.38,57212,56097,1115,74355,72579,1776,1264,Indicadores_ocupabilidad_2019.csv,2019-09-01,28.18,27.87,-1.0,-1.8369701987210297e-16,27.9,28.73,26.94,62089.0,80085.0,1261.0,27.856666666666666,0,5
,2019,10,TT,TODAS CONSOLIDADAS,TT,TODAS CONSOLIDADAS,AYACUCHO,050000,565,6869,11189,27.87,21.71,1.24,1.24,1.39,59607,58597,1010,75556,73897,1659,1237,Indicadores_ocupabilidad_2019.csv,2019-10-01,27.87,27.62,-0.8660254037844386,0.5000000000000001,28.18,27.9,28.73,57212.0,74355.0,1264.0,28.27,0,6
,2019,11,TT,TODAS CONSOLIDADAS,TT,TODAS CONSOLIDADAS,AYACUCHO,050000,568,6904,11244,27.62,21.86,1.26,1.26,1.35,56904,55918,986,73196,71666,1530,1263,Indicadores_ocupabilidad_2019.csv,2019-11-01,27.62,28.03,-0.5000000000000004,0.8660254037844384,27.87,28.18,27.9,59607.0,75556.0,1237.0,27.98333333333333,0,7
,2019,12,TT,TODAS CONSOLIDADAS,TT,TODAS CONSOLIDADAS,AYACUCHO,050000,568,6848,11173,28.03,21.66,1.25,1.25,1.3,57982,56858,1124,73694,72085,1609,1257,Indicadores_ocupabilidad_2019.csv,2019-12-01,28.03,25.9,-2.4492935982947064e-16,1.0,27.62,27.87,28.18,56904.0,73196.0,1263.0,27.89,0,8
,2020,1,TT,TODAS CONSOLIDADAS,TT,TODAS CONSOLIDADAS,AYACUCHO,050000,615,6925,11304,25.9,21.52,1.25,1.25,1.49,58265,57501,764,73997,72844,1153,1312,Indicadores_ocupabilidad_2020.csv,2020-01-01,25.9,28.25,0.49999999999999994,0.8660254037844387,28.03,27.62,27.87,57982.0,73694.0,1257.0,27.84,1,9
,2020,2,TT,TODAS CONSOLIDADAS,TT,TODAS CONSOLIDADAS,AYACUCHO,050000,615,6950,11299,28.25,24.39,1.29,1.29,1.39,60280,59467,813,79213,77953,1260,1298,Indicadores_ocupabilidad_2020.csv,2020-02-01,28.25,8.79,0.8660254037844386,0.5000000000000001,25.9,28.03,27.62,58265.0,73997.0,1312.0,27.183333333333334,1,10
,2020,3,TT,TODAS CONSOLIDADAS,TT,TODAS CONSOLIDADAS,AYACUCHO,050000,612,6882,11179,8.79,7.34,1.2,1.2,1.25,21740,21345,395,26562,25981,581,957,Indicadores_ocupabilidad_2020.csv,2020-03-01,8.79,4.22,1.0,6.123233995736766e-17,28.25,25.9,28.03,60280.0,79213.0,1298.0,27.39333333333333,1,11
,2020,4,TT,TODAS CONSOLIDADAS,TT,TODAS CONSOLIDADAS,AYACUCHO,050000,17,489,895,4.22,2.99,4.66,4.56,7.53,166,165,1,760,728,32,75,Indicadores_ocupabilidad_2020.csv,2020-04-01,4.22,3.38,0.8660254037844387,-0.4999999999999998,8.79,28.25,25.9,21740.0,26562.0,957.0,20.98,1,12
,2020,5,TT,TODAS CONSOLIDADAS,TT,TODAS CONSOLIDADAS,AYACUCHO,050000,18,521,963,3.38,2.52,3.38,3.18,0.0,111,111,0,670,640,30,69,Indicadores_ocupabilidad_2020.csv,2020-05-01,3.38,4.41,0.49999999999999994,-0.8660254037844387,4.22,8.79,28.25,166.0,760.0,75.0,13.753333333333336,1,13
,2020,6,TT,TODAS CONSOLIDADAS,TT,TODAS CONSOLIDADAS,AYACUCHO,050000,19,528,971,4.41,3.47,4.81,3.7,4.94,127,110,17,964,565,399,72,Indicadores_ocupabilidad_2020.csv,2020-06-01,4.41,3.07,1.2246467991473532e-16,-1.0,3.38,4.22,8.79,111.0,670.0,69.0,5.463333333333334,1,14
,2020,7,TT,TODAS CONSOLIDADAS,TT,TODAS CONSOLIDADAS,AYACUCHO,050000,358,5284,8629,3.07,2.99,1.28,1.23,0.43,5859,5842,17,8609,8081,528,357,Indicadores_ocupabilidad_2020.csv,2020-07-01,3.07,3.89,-0.4999999999999997,-0.8660254037844388,4.41,3.38,4.22,127.0,964.0,72.0,4.003333333333333,1,15
,2020,8,TT,TODAS CONSOLIDADAS,TT,TODAS CONSOLIDADAS,AYACUCHO,050000,361,5381,8795,3.89,3.35,1.32,1.28,0.56,7838,7718,120,11033,10370,663,398,Indicadores_ocupabilidad_2020.csv,2020-08-01,3.89,4.24,-0.8660254037844384,-0.5000000000000004,3.07,4.41,3.38,5859.0,8609.0,357.0,3.6199999999999997,1,16
,2020,9,TT,TODAS CONSOLIDADAS,TT,TODAS CONSOLIDADAS,AYACUCHO,050000,361,5380,8799,4.24,4.27,1.32,1.3,0.54,9896,9746,150,13970,13289,681,394,Indicadores_ocupabilidad_2020.csv,2020-09-01,4.24,11.26,-1.0,-1.8369701987210297e-16,3.89,3.07,4.41,7838.0,11033.0,398.0,3.7900000000000005,1,17
,2020,10,TT,TODAS CONSOLIDADAS,TT,TODAS CONSOLIDADAS,AYACUCHO,050000,360,5361,8778,11.26,8.4,1.25,1.25,1.25,18076,18002,74,22613,22485,128,927,Indicadores_ocupabilidad_2020.csv,2020-10-01,11.26,14.01,-0.8660254037844386,0.5000000000000001,4.24,3.89,3.07,9896.0,13970.0,394.0,3.733333333333333,1,18
,2020,11,TT,TODAS CONSOLIDADAS,TT,TODAS CONSOLIDADAS,AYACUCHO,050000,364,5404,8834,14.01,11.77,1.24,1.24,1.14,25059,24161,898,32193,31102,1091,929,Indicadores_ocupabilidad_2020.csv,2020-11-01,14.01,15.61,-0.5000000000000004,0.8660254037844384,11.26,4.24,3.89,18076.0,22613.0,927.0,6.463333333333334,1,19
,2020,12,TT,TODAS CONSOLIDADAS,TT,TODAS CONSOLIDADAS,AYACUCHO,050000,365,5431,8885,15.61,15.94,1.17,1.17,1.1,36362,35157,1205,42935,41477,1458,917,Indicadores_ocupabilidad_2020.csv,2020-12-01,15.61,9.59,-2.4492935982947064e-16,1.0,14.01,11.26,4.24,25059.0,32193.0,929.0,9.836666666666666,1,20
,2021,1,TT,TODAS CONSOLIDADAS,TT,TODAS CONSOLIDADAS,AYACUCHO,050000,557,6067,9871,9.59,7.54,1.59,1.58,1.98,15514,15257,257,26118,25537,581,774,Indicadores_ocupabilidad_2021.csv,2021-01-01,9.59,7.45,0.49999999999999994,0.8660254037844387,15.61,14.01,11.26,36362.0,42935.0,917.0,13.626666666666667,0,21
,2021,2,TT,TODAS CONSOLIDADAS,TT,TODAS CONSOLIDADAS,AYACUCHO,050000,555,6058,9860,7.45,4.97,1.25,1.24,0.16,11299,11260,39,15998,15693,305,774,Indicadores_ocupabilidad_2021.csv,2021-02-01,7.45,5.47,0.8660254037844386,0.5000000000000001,9.59,15.61,14.01,15514.0,26118.0,774.0,13.07,0,22
,2021,3,TT,TODAS CONSOLIDADAS,TT,TODAS CONSOLIDADAS,AYACUCHO,050000,550,5971,9696,5.47,4.14,1.23,1.23,1.07,10650,10555,95,15467,15213,254,542,Indicadores_ocupabilidad_2021.csv,2021-03-01,5.47,7.96,1.0,6.123233995736766e-17,7.45,9.59,15.61,11299.0,15998.0,774.0,10.883333333333333,0,23
,2021,4,TT,TODAS CONSOLIDADAS,TT,TODAS CONSOLIDADAS,AYACUCHO,050000,548,5948,9652,7.96,6.63,1.13,1.13,1.14,17125,17058,67,21190,20892,298,818,Indicadores_ocupabilidad_2021.csv,2021-04-01,7.96,8.54,0.8660254037844387,-0.4999999999999998,5.47,7.45,9.59,10650.0,15467.0,542.0,7.503333333333334,0,24
,2021,5,TT,TODAS CONSOLIDADAS,TT,TODAS CONSOLIDADAS,AYACUCHO,050000,548,5957,9665,8.54,8.53,1.16,1.16,0.15,21917,21832,85,27308,27164,144,825,Indicadores_ocupabilidad_2021.csv,2021-05-01,8.54,7.58,0.49999999999999994,-0.8660254037844387,7.96,5.47,7.45,17125.0,21190.0,818.0,6.96,0,25
,2021,6,TT,TODAS CONSOLIDADAS,TT,TODAS CONSOLIDADAS,AYACUCHO,050000,552,6047,9818,7.58,6.42,1.15,1.15,1.03,17544,17312,232,21975,21568,407,840,Indicadores_ocupabilidad_2021.csv,2021-06-01,7.58,10.06,1.2246467991473532e-16,-1.0,8.54,7.96,5.47,21917.0,27308.0,825.0,7.323333333333333,0,26
,2021,7,TT,TODAS CONSOLIDADAS,TT,TODAS CONSOLIDADAS,AYACUCHO,050000,550,6030,9791,10.06,8.65,1.23,1.23,1.27,22270,20759,1511,30109,28034,2075,772,Indicadores_ocupabilidad_2021.csv,2021-07-01,10.06,9.55,-0.4999999999999997,-0.8660254037844388,7.58,8.54,7.96,17544.0,21975.0,840.0,8.026666666666666,0,27
,2021,8,TT,TODAS CONSOLIDADAS,TT,TODAS CONSOLIDADAS,AYACUCHO,050000,550,6056,9819,9.55,8.11,1.23,1.23,1.08,21384,21041,343,29335,28849,486,776,Indicadores_ocupabilidad_2021.csv,2021-08-01,9.55,9.9,-0.8660254037844384,-0.5000000000000004,10.06,7.58,8.54,22270.0,30109.0,772.0,8.726666666666667,0,28
,2021,9,TT,TODAS CONSOLIDADAS,TT,TODAS CONSOLIDADAS,AYACUCHO,050000,549,6018,9767,9.9,8.63,1.28,1.28,0.06,20865,20738,127,28785,28466,319,782,Indicadores_ocupabilidad_2021.csv,2021-09-01,9.9,10.58,-1.0,-1.8369701987210297e-16,9.55,10.06,7.58,21384.0,29335.0,776.0,9.063333333333334,0,29
,2021,10,TT,TODAS CONSOLIDADAS,TT,TODAS CONSOLIDADAS,AYACUCHO,050000,549,6036,9832,10.58,7.84,1.14,1.14,1.01,22361,22045,316,29145,28621,524,776,Indicadores_ocupabilidad_2021.csv,2021-10-01,10.58,13.71,-0.8660254037844386,0.5000000000000001,9.9,9.55,10.06,20865.0,28785.0,782.0,9.836666666666666,0,30
,2021,11,TT,TODAS CONSOLIDADAS,TT,TODAS CONSOLIDADAS,AYACUCHO,050000,548,6049,9870,13.71,10.26,1.31,1.31,6.02,23727,23509,218,33245,32804,441,789,Indicadores_ocupabilidad_2021.csv,2021-11-01,13.71,7.13,-0.5000000000000004,0.8660254037844384,10.58,9.9,9.55,22361.0,29145.0,776.0,10.01,0,31
,2021,12,TT,TODAS CONSOLIDADAS,TT,TODAS CONSOLIDADAS,AYACUCHO,050000,548,6045,9870,7.13,6.93,1.49,1.48,2.48,15352,15003,349,24252,23489,763,783,Indicadores_ocupabilidad_2021.csv,2021-12-01,7.13,13.57,-2.4492935982947064e-16,1.0,13.71,10.58,9.9,23727.0,33245.0,789.0,11.396666666666667,0,32
,2022,1,TT,TODAS CONSOLIDADAS,TT,TODAS CONSOLIDADAS,AYACUCHO,050000,572,6114,9913,13.57,10.74,1.25,1.25,1.15,26246,25924,322,34118,33613,505,782,Indicadores_ocupabilidad_2022.csv,2022-01-01,13.57,16.68,0.49999999999999994,0.8660254037844387,7.13,13.71,10.58,15352.0,24252.0,783.0,10.473333333333334,0,33
,2022,2,TT,TODAS CONSOLIDADAS,TT,TODAS CONSOLIDADAS,AYACUCHO,050000,571,6099,9884,16.68,13.62,1.27,1.27,1.26,29273,28885,388,39140,38475,665,783,Indicadores_ocupabilidad_2022.csv,2022-02-01,16.68,14.42,0.8660254037844386,0.5000000000000001,13.57,7.13,13.71,26246.0,34118.0,782.0,11.469999999999999,0,34
,2022,3,TT,TODAS CONSOLIDADAS,TT,TODAS CONSOLIDADAS,AYACUCHO,050000,570,6083,9864,14.42,11.9,1.26,1.26,1.36,28331,27998,333,37676,37085,591,771,Indicadores_ocupabilidad_2022.csv,2022-03-01,14.42,17.28,1.0,6.123233995736766e-17,16.68,13.57,7.13,29273.0,39140.0,783.0,12.459999999999999,0,35
,2022,4,TT,TODAS CONSOLIDADAS,TT,TODAS CONSOLIDADAS,AYACUCHO,050000,573,6151,9988,17.28,13.94,1.25,1.25,1.22,33555,33054,501,44778,43939,839,778,Indicadores_ocupabilidad_2022.csv,2022-04-01,17.28,14.81,0.8660254037844387,-0.4999999999999998,14.42,16.68,13.57,28331.0,37676.0,771.0,14.89,0,36
,2022,5,TT,TODAS CONSOLIDADAS,TT,TODAS CONSOLIDADAS,AYACUCHO,050000,574,6205,10066,14.81,11.41,1.22,1.22,1.12,28942,28481,461,37708,37018,690,779,Indicadores_ocupabilidad_2022.csv,2022-05-01,14.81,16.0,0.49999999999999994,-0.8660254037844387,17.28,14.42,16.68,33555.0,44778.0,778.0,16.12666666666667,0,37
,2022,6,TT,TODAS CONSOLIDADAS,TT,TODAS CONSOLIDADAS,AYACUCHO,050000,576,6267,10180,16.0,12.73,1.23,1.23,1.21,30927,30225,702,39714,38684,1030,789,Indicadores_ocupabilidad_2022.csv,2022-06-01,16.0,17.21,1.2246467991473532e-16,-1.0,14.81,17.28,14.42,28942.0,37708.0,779.0,15.503333333333336,0,38
,2022,7,TT,TODAS CONSOLIDADAS,TT,TODAS CONSOLIDADAS,AYACUCHO,050000,576,6158,10009,17.21,14.01,1.28,1.28,1.25,34144,33156,988,46463,44979,1484,780,Indicadores_ocupabilidad_2022.csv,2022-07-01,17.21,16.35,-0.4999999999999997,-0.8660254037844388,16.0,14.81,17.28,30927.0,39714.0,789.0,16.03,0,39
,2022,8,TT,TODAS CONSOLIDADAS,TT,TODAS CONSOLIDADAS,AYACUCHO,050000,577,6178,10043,16.35,13.05,1.23,1.23,1.36,33115,32368,747,43550,42241,1309,779,Indicadores_ocupabilidad_2022.csv,2022-08-01,16.35,17.88,-0.8660254037844384,-0.5000000000000004,17.21,16.0,14.81,34144.0,46463.0,780.0,16.006666666666668,0,40
,2022,9,TT,TODAS CONSOLIDADAS,TT,TODAS CONSOLIDADAS,AYACUCHO,050000,579,6300,10207,17.88,13.87,1.23,1.23,1.27,33746,33184,562,43954,42998,956,787,Indicadores_ocupabilidad_2022.csv,2022-09-01,17.88,18.26,-1.0,-1.8369701987210297e-16,16.35,17.21,16.0,33115.0,43550.0,779.0,16.52,0,41
,2022,10,TT,TODAS CONSOLIDADAS,TT,TODAS CONSOLIDADAS,AYACUCHO,050000,580,6297,10196,18.26,15.27,1.21,1.21,1.28,39451,38611,840,50293,48872,1421,856,Indicadores_ocupabilidad_2022.csv,2022-10-01,18.26,14.84,-0.8660254037844386,0.5000000000000001,17.88,16.35,17.21,33746.0,43954.0,787.0,17.146666666666665,0,42
,2022,11,TT,TODAS CONSOLIDADAS,TT,TODAS CONSOLIDADAS,AYACUCHO,050000,580,6237,10124,14.84,12.11,1.23,1.23,1.26,30114,29681,433,39205,38341,864,854,Indicadores_ocupabilidad_2022.csv,2022-11-01,14.84,15.95,-0.5000000000000004,0.8660254037844384,18.26,17.88,16.35,39451.0,50293.0,856.0,17.496666666666666,0,43
,2022,12,TT,TODAS CONSOLIDADAS,TT,TODAS CONSOLIDADAS,AYACUCHO,050000,581,6259,10156,15.95,12.84,1.22,1.21,1.48,32523,32167,356,40602,39915,687,858,Indicadores_ocupabilidad_2022.csv,2022-12-01,15.95,32.14,-2.4492935982947064e-16,1.0,14.84,18.26,17.88,30114.0,39205.0,854.0,16.993333333333336,0,44
,2023,1,TT,TODAS CONSOLIDADAS,TT,TODAS CONSOLIDADAS,AYACUCHO,050000,622,6584,10761,32.14,22.82,1.08,1.08,0.99,65883,65820,63,70084,69997,87,1163,Indicadores_ocupabilidad_2023.csv,2023-01-01,32.14,17.43,0.49999999999999994,0.8660254037844387,15.95,14.84,18.26,32523.0,40602.0,858.0,16.35,0,45
,2023,2,TT,TODAS CONSOLIDADAS,TT,TODAS CONSOLIDADAS,AYACUCHO,050000,623,6606,10759,17.43,12.14,1.15,1.15,1.03,30635,30332,303,35950,35588,362,874,Indicadores_ocupabilidad_2023.csv,2023-02-01,17.43,16.49,0.8660254037844386,0.5000000000000001,32.14,15.95,14.84,65883.0,70084.0,1163.0,20.976666666666667,0,46
,2023,3,TT,TODAS CONSOLIDADAS,TT,TODAS CONSOLIDADAS,AYACUCHO,050000,619,6598,10757,16.49,11.12,1.12,1.12,1.1,31527,31384,143,36042,35811,231,869,Indicadores_ocupabilidad_2023.csv,2023-03-01,16.49,20.99,1.0,6.123233995736766e-17,17.43,32.14,15.95,30635.0,35950.0,874.0,21.840000000000003,0,47
,2023,4,TT,TODAS CONSOLIDADAS,TT,TODAS CONSOLIDADAS,AYACUCHO,050000,619,6602,10767,20.99,13.15,1.02,1.02,1.02,41192,40458,734,43474,42483,991,871,Indicadores_ocupabilidad_2023.csv,2023-04-01,20.99,18.02,0.8660254037844387,-0.4999999999999998,16.49,17.43,32.14,31527.0,36042.0,869.0,22.02,0,48
,2023,5,TT,TODAS CONSOLIDADAS,TT,TODAS CONSOLIDADAS,AYACUCHO,050000,622,6631,10821,18.02,11.26,1.01,1.01,0.98,36118,35749,369,37482,37045,437,878,Indicadores_ocupabilidad_2023.csv,2023-05-01,18.02,18.44,0.49999999999999994,-0.8660254037844387,20.99,16.49,17.43,41192.0,43474.0,871.0,18.30333333333333,0,49
,2023,6,TT,TODAS CONSOLIDADAS,TT,TODAS CONSOLIDADAS,AYACUCHO,050000,620,6611,10807,18.44,11.59,1.04,1.04,1.01,34752,34079,673,36903,36122,781,880,Indicadores_ocupabilidad_2023.csv,2023-06-01,18.44,19.37,1.2246467991473532e-16,-1.0,18.02,20.99,16.49,36118.0,37482.0,878.0,18.5,0,50
,2023,7,TT,TODAS CONSOLIDADAS,TT,TODAS CONSOLIDADAS,AYACUCHO,050000,619,6611,10830,19.37,11.99,1.01,1.01,1.01,39281,38440,841,40994,39947,1047,882,Indicadores_ocupabilidad_2023.csv,2023-07-01,19.37,18.76,-0.4999999999999997,-0.8660254037844388,18.44,18.02,20.99,34752.0,36903.0,880.0,19.150000000000002,0,51
,2023,8,TT,TODAS CONSOLIDADAS,TT,TODAS CONSOLIDADAS,AYACUCHO,050000,619,6609,10812,18.76,11.73,1.02,1.02,1.01,37398,36987,411,39476,38913,563,888,Indicadores_ocupabilidad_2023.csv,2023-08-01,18.76,18.8,-0.8660254037844384,-0.5000000000000004,19.37,18.44,18.02,39281.0,40994.0,882.0,18.61,0,52
,2023,9,TT,TODAS CONSOLIDADAS,TT,TODAS CONSOLIDADAS,AYACUCHO,050000,615,6584,10799,18.8,11.68,1.03,1.03,1.03,36472,35844,628,38694,37826,868,892,Indicadores_ocupabilidad_2023.csv,2023-09-01,18.8,19.55,-1.0,-1.8369701987210297e-16,18.76,19.37,18.44,37398.0,39476.0,888.0,18.85666666666667,0,53
,2023,10,TT,TODAS CONSOLIDADAS,TT,TODAS CONSOLIDADAS,AYACUCHO,050000,616,6535,10726,19.55,12.33,1.05,1.05,1.01,39683,39067,616,42769,41975,794,881,Indicadores_ocupabilidad_2023.csv,2023-10-01,19.55,19.93,-0.8660254037844386,0.5000000000000001,18.8,18.76,19.37,36472.0,38694.0,892.0,18.97666666666667,0,54
,2023,11,TT,TODAS CONSOLIDADAS,TT,TODAS CONSOLIDADAS,AYACUCHO,050000,616,6525,10691,19.93,12.16,1.03,1.03,1.12,37033,36455,578,39235,38320,915,850,Indicadores_ocupabilidad_2023.csv,2023-11-01,19.93,14.87,-0.5000000000000004,0.8660254037844384,19.55,18.8,18.76,39683.0,42769.0,881.0,19.036666666666665,0,55
,2023,12,TT,TODAS CONSOLIDADAS,TT,TODAS CONSOLIDADAS,AYACUCHO,050000,616,6481,10632,14.87,8.98,1.03,1.03,1.07,27826,27275,551,29900,29086,814,1138,Indicadores_ocupabilidad_2023.csv,2023-12-01,14.87,14.97,-2.4492935982947064e-16,1.0,19.93,19.55,18.8,37033.0,39235.0,850.0,19.426666666666666,0,56
20260330,2024,1,TT,TODAS CONSOLIDADAS,TT,TODAS CONSOLIDADAS,AYACUCHO,050000,660,6880,11338,14.97,11.98,1.22,1.22,1.27,33492,32742,750,42936,41821,1115,922,Indicadores_ocupabilidad_2024.csv,2024-01-01,14.97,18.22,0.49999999999999994,0.8660254037844387,14.87,19.93,19.55,27826.0,29900.0,1138.0,18.116666666666667,0,57
20260330,2024,2,TT,TODAS CONSOLIDADAS,TT,TODAS CONSOLIDADAS,AYACUCHO,050000,662,6913,11374,18.22,15.17,1.27,1.26,1.53,37669,36987,682,50520,49237,1283,938,Indicadores_ocupabilidad_2024.csv,2024-02-01,18.22,17.74,0.8660254037844386,0.5000000000000001,14.97,14.87,19.93,33492.0,42936.0,922.0,16.59,0,58
20260330,2024,3,TT,TODAS CONSOLIDADAS,TT,TODAS CONSOLIDADAS,AYACUCHO,050000,660,6891,11377,17.74,14.55,1.22,1.22,1.18,41267,40450,817,52920,51538,1382,926,Indicadores_ocupabilidad_2024.csv,2024-03-01,17.74,12.17,1.0,6.123233995736766e-17,18.22,14.97,14.87,37669.0,50520.0,938.0,16.02,0,59
20260330,2024,4,TT,TODAS CONSOLIDADAS,TT,TODAS CONSOLIDADAS,AYACUCHO,050000,659,6869,11362,12.17,11.25,1.31,1.31,1.28,29139,28685,454,39524,38812,712,928,Indicadores_ocupabilidad_2024.csv,2024-04-01,12.17,10.74,0.8660254037844387,-0.4999999999999998,17.74,18.22,14.97,41267.0,52920.0,926.0,16.976666666666667,0,60
20260330,2024,5,TT,TODAS CONSOLIDADAS,TT,TODAS CONSOLIDADAS,AYACUCHO,050000,658,6846,11324,10.74,12.34,1.37,1.37,1.56,31212,30525,687,44625,43526,1099,929,Indicadores_ocupabilidad_2024.csv,2024-05-01,10.74,12.24,0.49999999999999994,-0.8660254037844387,12.17,17.74,18.22,29139.0,39524.0,928.0,16.043333333333333,0,61
20260330,2024,6,TT,TODAS CONSOLIDADAS,TT,TODAS CONSOLIDADAS,AYACUCHO,050000,659,6845,11323,12.24,10.71,1.24,1.24,1.34,29127,28441,686,38101,36886,1215,926,Indicadores_ocupabilidad_2024.csv,2024-06-01,12.24,17.72,1.2246467991473532e-16,-1.0,10.74,12.17,17.74,31212.0,44625.0,929.0,13.549999999999999,0,62
20260330,2024,7,TT,TODAS CONSOLIDADAS,TT,TODAS CONSOLIDADAS,AYACUCHO,050000,656,6746,11121,17.72,13.77,1.29,1.29,1.43,36380,35488,892,49131,47650,1481,884,Indicadores_ocupabilidad_2024.csv,2024-07-01,17.72,17.04,-0.4999999999999997,-0.8660254037844388,12.24,10.74,12.17,29127.0,38101.0,926.0,11.716666666666667,0,63
20260330,2024,8,TT,TODAS CONSOLIDADAS,TT,TODAS CONSOLIDADAS,AYACUCHO,050000,656,6724,11055,17.04,13.71,1.28,1.28,1.55,36186,35383,803,48479,47086,1393,881,Indicadores_ocupabilidad_2024.csv,2024-08-01,17.04,16.71,-0.8660254037844384,-0.5000000000000004,17.72,12.24,10.74,36380.0,49131.0,884.0,13.566666666666665,0,64
20260330,2024,9,TT,TODAS CONSOLIDADAS,TT,TODAS CONSOLIDADAS,AYACUCHO,050000,656,6744,11096,16.71,13.43,1.28,1.28,1.47,34553,33706,847,45943,44557,1386,891,Indicadores_ocupabilidad_2024.csv,2024-09-01,16.71,17.79,-1.0,-1.8369701987210297e-16,17.04,17.72,12.24,36186.0,48479.0,881.0,15.666666666666666,0,65
20260330,2024,10,TT,TODAS CONSOLIDADAS,TT,TODAS CONSOLIDADAS,AYACUCHO,050000,654,6724,11052,17.79,14.02,1.24,1.24,1.5,38273,37422,851,49595,48195,1400,893,Indicadores_ocupabilidad_2024.csv,2024-10-01,17.79,18.22,-0.8660254037844386,0.5000000000000001,16.71,17.04,17.72,34553.0,45943.0,891.0,17.156666666666666,0,66
20260330,2024,11,TT,TODAS CONSOLIDADAS,TT,TODAS CONSOLIDADAS,AYACUCHO,050000,657,6684,10966,18.22,14.1,1.29,1.28,1.54,36129,35405,724,48913,47651,1262,860,Indicadores_ocupabilidad_2024.csv,2024-11-01,18.22,16.65,-0.5000000000000004,0.8660254037844384,17.79,16.71,17.04,38273.0,49595.0,893.0,17.179999999999996,0,67
,2019,4,TT,TODAS CONSOLIDADAS,TT,TODAS CONSOLIDADAS,CAJAMARCA,060000,835,12410,20174,19.44,16.77,1.26,1.26,1.35,77661,76237,1424,101537,99246,2291,2332,Indicadores_ocupabilidad_2019.csv,2019-04-01,19.44,20.14,0.8660254037844387,-0.4999999999999998,21.14,20.53,18.45,85376.0,116475.0,2347.0,20.040000000000003,0,0
,2019,5,TT,TODAS CONSOLIDADAS,TT,TODAS CONSOLIDADAS,CAJAMARCA,060000,834,12398,20100,20.14,16.64,1.38,1.38,1.39,72896,71035,1861,102282,99329,2953,2348,Indicadores_ocupabilidad_2019.csv,2019-05-01,20.14,20.33,0.49999999999999994,-0.8660254037844387,19.44,21.14,20.53,77661.0,101537.0,2332.0,20.37,0,1
,2019,6,TT,TODAS CONSOLIDADAS,TT,TODAS CONSOLIDADAS,CAJAMARCA,060000,834,12379,20111,20.33,16.17,1.21,1.21,1.37,78596,76796,1800,98718,95825,2893,2343,Indicadores_ocupabilidad_2019.csv,2019-06-01,20.33,21.59,1.2246467991473532e-16,-1.0,20.14,19.44,21.14,72896.0,102282.0,2348.0,20.24,0,2
,2019,7,TT,TODAS CONSOLIDADAS,TT,TODAS CONSOLIDADAS,CAJAMARCA,060000,830,12421,20152,21.59,18.26,1.25,1.25,1.31,90682,87972,2710,119465,115474,3991,2299,Indicadores_ocupabilidad_2019.csv,2019-07-01,21.59,20.42,-0.4999999999999997,-0.8660254037844388,20.33,20.14,19.44,78596.0,98718.0,2343.0,19.97,0,3
,2019,8,TT,TODAS CONSOLIDADAS,TT,TODAS CONSOLIDADAS,CAJAMARCA,060000,831,12488,20319,20.42,16.19,1.24,1.23,1.41,81868,79628,2240,106303,102425,3878,2372,Indicadores_ocupabilidad_2019.csv,2019-08-01,20.42,25.95,-0.8660254037844384,-0.5000000000000004,21.59,20.33,20.14,90682.0,119465.0,2299.0,20.686666666666667,0,4
,2019,9,TT,TODAS CONSOLIDADAS,TT,TODAS CONSOLIDADAS,CAJAMARCA,060000,832,12526,20386,25.95,21.39,1.41,1.42,1.35,87769,85579,2190,124801,121559,3242,2402,Indicadores_ocupabilidad_2019.csv,2019-09-01,25.95,30.47,-1.0,-1.8369701987210297e-16,20.42,21.59,20.33,81868.0,106303.0,2372.0,20.78,0,5
,2019,10,TT,TODAS CONSOLIDADAS,TT,TODAS CONSOLIDADAS,CAJAMARCA,060000,833,12563,20476,30.47,22.11,1.21,1.2,1.4,107768,106080,1688,132628,129738,2890,2405,Indicadores_ocupabilidad_2019.csv,2019-10-01,30.47,30.44,-0.8660254037844386,0.5000000000000001,25.95,20.42,21.59,87769.0,124801.0,2402.0,22.653333333333336,0,6
,2019,11,TT,TODAS CONSOLIDADAS,TT,TODAS CONSOLIDADAS,CAJAMARCA,060000,835,12607,20573,30.44,21.87,1.21,1.21,1.46,102369,100831,1538,125418,122620,2798,2396,Indicadores_ocupabilidad_2019.csv,2019-11-01,30.44,27.78,-0.5000000000000004,0.8660254037844384,30.47,25.95,20.42,107768.0,132628.0,2405.0,25.613333333333333,0,7
,2019,12,TT,TODAS CONSOLIDADAS,TT,TODAS CONSOLIDADAS,CAJAMARCA,060000,835,12617,20493,27.78,19.5,1.2,1.19,1.33,93955,92870,1085,113073,111015,2058,2390,Indicadores_ocupabilidad_2019.csv,2019-12-01,27.78,15.34,-2.4492935982947064e-16,1.0,30.44,30.47,25.95,102369.0,125418.0,2396.0,28.953333333333333,0,8
,2020,1,TT,TODAS CONSOLIDADAS,TT,TODAS CONSOLIDADAS,CAJAMARCA,060000,926,13205,21296,15.34,12.91,1.24,1.24,1.23,69297,67933,1364,89216,87151,2065,2515,Indicadores_ocupabilidad_2020.csv,2020-01-01,15.34,25.44,0.49999999999999994,0.8660254037844387,27.78,30.44,30.47,93955.0,113073.0,2390.0,29.563333333333333,1,9
,2020,2,TT,TODAS CONSOLIDADAS,TT,TODAS CONSOLIDADAS,CAJAMARCA,060000,928,13248,21347,25.44,20.63,1.24,1.24,1.34,99249,97047,2202,129362,126010,3352,2489,Indicadores_ocupabilidad_2020.csv,2020-02-01,25.44,8.36,0.8660254037844386,0.5000000000000001,15.34,27.78,30.44,69297.0,89216.0,2515.0,24.52,1,10
,2020,3,TT,TODAS CONSOLIDADAS,TT,TODAS CONSOLIDADAS,CAJAMARCA,060000,919,12993,20947,8.36,7.61,1.2,1.2,1.07,38247,37857,390,48604,47931,673,1739,Indicadores_ocupabilidad_2020.csv,2020-03-01,8.36,0.93,1.0,6.123233995736766e-17,25.44,15.34,27.78,99249.0,129362.0,2489.0,22.853333333333335,1,11
,2020,4,TT,TODAS CONSOLIDADAS,TT,TODAS CONSOLIDADAS,CAJAMARCA,060000,42,1244,2150,0.93,0.41,6.04,6.04,0.0,43,43,0,289,289,0,98,Indicadores_ocupabilidad_2020.csv,2020-04-01,0.93,8.3,0.8660254037844387,-0.4999999999999998,8.36,25.44,15.34,38247.0,48604.0,1739.0,16.38,1,12
,2020,5,TT,TODAS CONSOLIDADAS,TT,TODAS CONSOLIDADAS,CAJAMARCA,060000,90,2697,4457,8.3,3.66,5.51,5.51,0.0,718,718,0,5499,5499,0,391,Indicadores_ocupabilidad_2020.csv,2020-05-01,8.3,22.88,0.49999999999999994,-0.8660254037844387,0.93,8.36,25.44,43.0,289.0,98.0,11.576666666666668,1,13
,2020,6,TT,TODAS CONSOLIDADAS,TT,TODAS CONSOLIDADAS,CAJAMARCA,060000,90,2672,4405,22.88,10.1,5.79,5.79,0.32,2691,1813,878,13980,13102,878,410,Indicadores_ocupabilidad_2020.csv,2020-06-01,22.88,15.04,1.2246467991473532e-16,-1.0,8.3,0.93,8.36,718.0,5499.0,391.0,5.863333333333333,1,14
,2020,7,TT,TODAS CONSOLIDADAS,TT,TODAS CONSOLIDADAS,CAJAMARCA,060000,568,10119,16353,15.04,9.1,2.33,2.33,0.57,30457,29575,882,46916,46034,882,952,Indicadores_ocupabilidad_2020.csv,2020-07-01,15.04,20.96,-0.4999999999999997,-0.8660254037844388,22.88,8.3,0.93,2691.0,13980.0,410.0,10.703333333333333,1,15
,2020,8,TT,TODAS CONSOLIDADAS,TT,TODAS CONSOLIDADAS,CAJAMARCA,060000,581,10418,16779,20.96,15.42,1.5,1.5,0.22,60833,60548,285,79165,78880,285,1593,Indicadores_ocupabilidad_2020.csv,2020-08-01,20.96,21.32,-0.8660254037844384,-0.5000000000000004,15.04,22.88,8.3,30457.0,46916.0,952.0,15.406666666666666,1,16
,2020,9,TT,TODAS CONSOLIDADAS,TT,TODAS CONSOLIDADAS,CAJAMARCA,060000,590,10670,17193,21.32,16.94,1.32,1.32,0.78,60845,60774,71,86035,85963,72,1658,Indicadores_ocupabilidad_2020.csv,2020-09-01,21.32,16.03,-1.0,-1.8369701987210297e-16,20.96,15.04,22.88,60833.0,79165.0,1593.0,19.62666666666667,1,17
,2020,10,TT,TODAS CONSOLIDADAS,TT,TODAS CONSOLIDADAS,CAJAMARCA,060000,606,11173,17905,16.03,12.98,1.47,1.47,1.04,48590,48335,255,70486,70181,305,1819,Indicadores_ocupabilidad_2020.csv,2020-10-01,16.03,17.39,-0.8660254037844386,0.5000000000000001,21.32,20.96,15.04,60845.0,86035.0,1658.0,19.106666666666666,1,18
,2020,11,TT,TODAS CONSOLIDADAS,TT,TODAS CONSOLIDADAS,CAJAMARCA,060000,612,11367,18211,17.39,14.76,1.41,1.41,1.06,55063,54821,242,78386,78074,312,1829,Indicadores_ocupabilidad_2020.csv,2020-11-01,17.39,15.46,-0.5000000000000004,0.8660254037844384,16.03,21.32,20.96,48590.0,70486.0,1819.0,19.436666666666667,1,19
,2020,12,TT,TODAS CONSOLIDADAS,TT,TODAS CONSOLIDADAS,CAJAMARCA,060000,614,11372,18229,15.46,12.36,1.41,1.42,1.04,47499,47288,211,70886,70649,237,1736,Indicadores_ocupabilidad_2020.csv,2020-12-01,15.46,14.14,-2.4492935982947064e-16,1.0,17.39,16.03,21.32,55063.0,78386.0,1829.0,18.246666666666666,1,20
,2021,1,TT,TODAS CONSOLIDADAS,TT,TODAS CONSOLIDADAS,CAJAMARCA,060000,854,12800,19954,14.14,11.78,1.34,1.34,1.08,51702,51442,260,70631,70212,419,2167,Indicadores_ocupabilidad_2021.csv,2021-01-01,14.14,12.87,0.49999999999999994,0.8660254037844387,15.46,17.39,16.03,47499.0,70886.0,1736.0,16.293333333333333,0,21
,2021,2,TT,TODAS CONSOLIDADAS,TT,TODAS CONSOLIDADAS,CAJAMARCA,060000,851,12757,19835,12.87,11.35,1.39,1.39,1.08,44507,44395,112,63157,63002,155,2160,Indicadores_ocupabilidad_2021.csv,2021-02-01,12.87,13.91,0.8660254037844386,0.5000000000000001,14.14,15.46,17.39,51702.0,70631.0,2167.0,15.663333333333334,0,22
,2021,3,TT,TODAS CONSOLIDADAS,TT,TODAS CONSOLIDADAS,CAJAMARCA,060000,856,12823,19932,13.91,12.4,1.34,1.34,0.43,56074,55934,140,77483,77242,241,2167,Indicadores_ocupabilidad_2021.csv,2021-03-01,13.91,13.18,1.0,6.123233995736766e-17,12.87,14.14,15.46,44507.0,63157.0,2160.0,14.156666666666666,0,23
,2021,4,TT,TODAS CONSOLIDADAS,TT,TODAS CONSOLIDADAS,CAJAMARCA,060000,858,12834,19935,13.18,11.94,1.34,1.34,1.13,51651,51510,141,71513,71299,214,2178,Indicadores_ocupabilidad_2021.csv,2021-04-01,13.18,14.66,0.8660254037844387,-0.4999999999999998,13.91,12.87,14.14,56074.0,77483.0,2167.0,13.64,0,24
,2021,5,TT,TODAS CONSOLIDADAS,TT,TODAS CONSOLIDADAS,CAJAMARCA,060000,861,12929,20115,14.66,12.36,1.33,1.33,1.06,56800,56617,183,79900,79657,243,2171,Indicadores_ocupabilidad_2021.csv,2021-05-01,14.66,16.73,0.49999999999999994,-0.8660254037844387,13.18,13.91,12.87,51651.0,71513.0,2178.0,13.32,0,25
,2021,6,TT,TODAS CONSOLIDADAS,TT,TODAS CONSOLIDADAS,CAJAMARCA,060000,859,12950,20091,16.73,13.21,1.28,1.28,0.45,60680,60432,248,83689,83294,395,2189,Indicadores_ocupabilidad_2021.csv,2021-06-01,16.73,17.58,1.2246467991473532e-16,-1.0,14.66,13.18,13.91,56800.0,79900.0,2171.0,13.916666666666666,0,26
,2021,7,TT,TODAS CONSOLIDADAS,TT,TODAS CONSOLIDADAS,CAJAMARCA,060000,857,12984,20181,17.58,14.41,1.34,1.34,1.24,68933,68522,411,98841,98175,666,1920,Indicadores_ocupabilidad_2021.csv,2021-07-01,17.58,15.89,-0.4999999999999997,-0.8660254037844388,16.73,14.66,13.18,60680.0,83689.0,2189.0,14.856666666666667,0,27
,2021,8,TT,TODAS CONSOLIDADAS,TT,TODAS CONSOLIDADAS,CAJAMARCA,060000,857,12370,19527,15.89,13.53,1.33,1.33,1.28,64156,63750,406,92190,91506,684,1931,Indicadores_ocupabilidad_2021.csv,2021-08-01,15.89,15.58,-0.8660254037844384,-0.5000000000000004,17.58,16.73,14.66,68933.0,98841.0,1920.0,16.323333333333334,0,28
,2021,9,TT,TODAS CONSOLIDADAS,TT,TODAS CONSOLIDADAS,CAJAMARCA,060000,859,12491,19722,15.58,12.43,1.31,1.31,1.1,59121,58791,330,84519,84023,496,1960,Indicadores_ocupabilidad_2021.csv,2021-09-01,15.58,16.78,-1.0,-1.8369701987210297e-16,15.89,17.58,16.73,64156.0,92190.0,1931.0,16.733333333333334,0,29
,2021,10,TT,TODAS CONSOLIDADAS,TT,TODAS CONSOLIDADAS,CAJAMARCA,060000,862,12561,19804,16.78,13.38,1.33,1.33,1.09,65563,65128,435,95976,95233,743,1979,Indicadores_ocupabilidad_2021.csv,2021-10-01,16.78,17.7,-0.8660254037844386,0.5000000000000001,15.58,15.89,17.58,59121.0,84519.0,1960.0,16.349999999999998,0,30
,2021,11,TT,TODAS CONSOLIDADAS,TT,TODAS CONSOLIDADAS,CAJAMARCA,060000,865,12591,19797,17.7,14.35,1.34,1.34,1.14,65683,65075,608,97004,95840,1164,1987,Indicadores_ocupabilidad_2021.csv,2021-11-01,17.7,18.09,-0.5000000000000004,0.8660254037844384,16.78,15.58,15.89,65563.0,95976.0,1979.0,16.083333333333332,0,31
,2021,12,TT,TODAS CONSOLIDADAS,TT,TODAS CONSOLIDADAS,CAJAMARCA,060000,869,12705,20015,18.09,14.5,1.29,1.29,1.27,69319,68971,348,95380,94719,661,1978,Indicadores_ocupabilidad_2021.csv,2021-12-01,18.09,15.44,-2.4492935982947064e-16,1.0,17.7,16.78,15.58,65683.0,97004.0,1987.0,16.686666666666667,0,32
,2022,1,TT,TODAS CONSOLIDADAS,TT,TODAS CONSOLIDADAS,CAJAMARCA,060000,925,12760,20124,15.44,12.99,1.2,1.2,1.09,67108,66406,702,84378,83359,1019,2328,Indicadores_ocupabilidad_2022.csv,2022-01-01,15.44,17.28,0.49999999999999994,0.8660254037844387,18.09,17.7,16.78,69319.0,95380.0,1978.0,17.523333333333333,0,33
,2022,2,TT,TODAS CONSOLIDADAS,TT,TODAS CONSOLIDADAS,CAJAMARCA,060000,929,12854,20265,17.28,15.12,1.21,1.21,1.12,71305,70702,603,91054,90124,930,2352,Indicadores_ocupabilidad_2022.csv,2022-02-01,17.28,15.72,0.8660254037844386,0.5000000000000001,15.44,18.09,17.7,67108.0,84378.0,2328.0,17.076666666666664,0,34
,2022,3,TT,TODAS CONSOLIDADAS,TT,TODAS CONSOLIDADAS,CAJAMARCA,060000,928,12804,20185,15.72,13.31,1.26,1.25,1.18,65803,65095,708,86736,85469,1267,2346,Indicadores_ocupabilidad_2022.csv,2022-03-01,15.72,16.26,1.0,6.123233995736766e-17,17.28,15.44,18.09,71305.0,91054.0,2352.0,16.936666666666667,0,35
,2022,4,TT,TODAS CONSOLIDADAS,TT,TODAS CONSOLIDADAS,CAJAMARCA,060000,932,12953,20455,16.26,13.94,1.27,1.27,1.21,67344,66471,873,91392,89788,1604,2431,Indicadores_ocupabilidad_2022.csv,2022-04-01,16.26,16.59,0.8660254037844387,-0.4999999999999998,15.72,17.28,15.44,65803.0,86736.0,2346.0,16.146666666666665,0,36
,2022,5,TT,TODAS CONSOLIDADAS,TT,TODAS CONSOLIDADAS,CAJAMARCA,060000,932,12999,20501,16.59,13.61,1.22,1.22,1.23,71769,70861,908,92900,91352,1548,2445,Indicadores_ocupabilidad_2022.csv,2022-05-01,16.59,17.32,0.49999999999999994,-0.8660254037844387,16.26,15.72,17.28,67344.0,91392.0,2431.0,16.42,0,37
,2022,6,TT,TODAS CONSOLIDADAS,TT,TODAS CONSOLIDADAS,CAJAMARCA,060000,932,13013,20532,17.32,14.89,1.21,1.21,1.24,74591,73354,1237,94000,91985,2015,2423,Indicadores_ocupabilidad_2022.csv,2022-06-01,17.32,20.36,1.2246467991473532e-16,-1.0,16.59,16.26,15.72,71769.0,92900.0,2445.0,16.19,0,38
,2022,7,TT,TODAS CONSOLIDADAS,TT,TODAS CONSOLIDADAS,CAJAMARCA,060000,934,13083,20651,20.36,18.01,1.34,1.35,1.21,87726,86247,1479,121350,119069,2281,2464,Indicadores_ocupabilidad_2022.csv,2022-07-01,20.36,20.76,-0.4999999999999997,-0.8660254037844388,17.32,16.59,16.26,74591.0,94000.0,2423.0,16.723333333333333,0,39
,2022,8,TT,TODAS CONSOLIDADAS,TT,TODAS CONSOLIDADAS,CAJAMARCA,060000,936,13107,20681,20.76,18.04,1.44,1.43,1.57,81330,79623,1707,120046,116536,3510,2464,Indicadores_ocupabilidad_2022.csv,2022-08-01,20.76,17.14,-0.8660254037844384,-0.5000000000000004,20.36,17.32,16.59,87726.0,121350.0,2464.0,18.09,0,40
,2022,9,TT,TODAS CONSOLIDADAS,TT,TODAS CONSOLIDADAS,CAJAMARCA,060000,927,13009,20482,17.14,14.66,1.25,1.25,1.17,72764,71575,1189,96222,94336,1886,2410,Indicadores_ocupabilidad_2022.csv,2022-09-01,17.14,19.72,-1.0,-1.8369701987210297e-16,20.76,20.36,17.32,81330.0,120046.0,2464.0,19.48,0,41
,2022,10,TT,TODAS CONSOLIDADAS,TT,TODAS CONSOLIDADAS,CAJAMARCA,060000,930,13057,20563,19.72,15.88,1.26,1.26,1.33,79704,78418,1286,105554,103253,2301,2432,Indicadores_ocupabilidad_2022.csv,2022-10-01,19.72,15.29,-0.8660254037844386,0.5000000000000001,17.14,20.76,20.36,72764.0,96222.0,2410.0,19.42,0,42
,2022,11,TT,TODAS CONSOLIDADAS,TT,TODAS CONSOLIDADAS,CAJAMARCA,060000,934,13146,20734,15.29,12.44,1.24,1.24,1.83,64284,63137,1147,83401,81177,2224,2063,Indicadores_ocupabilidad_2022.csv,2022-11-01,15.29,14.03,-0.5000000000000004,0.8660254037844384,19.72,17.14,20.76,79704.0,105554.0,2432.0,19.206666666666667,0,43
,2022,12,TT,TODAS CONSOLIDADAS,TT,TODAS CONSOLIDADAS,CAJAMARCA,060000,934,13140,20742,14.03,11.4,1.23,1.23,1.25,60011,59098,913,76557,75124,1433,2076,Indicadores_ocupabilidad_2022.csv,2022-12-01,14.03,11.85,-2.4492935982947064e-16,1.0,15.29,19.72,17.14,64284.0,83401.0,2063.0,17.383333333333333,0,44
,2023,1,TT,TODAS CONSOLIDADAS,TT,TODAS CONSOLIDADAS,CAJAMARCA,060000,987,13408,21274,11.85,9.57,1.33,1.33,1.31,51723,51128,595,70609,69574,1035,2112,Indicadores_ocupabilidad_2023.csv,2023-01-01,11.85,16.85,0.49999999999999994,0.8660254037844387,14.03,15.29,19.72,60011.0,76557.0,2076.0,16.346666666666668,0,45
,2023,2,TT,TODAS CONSOLIDADAS,TT,TODAS CONSOLIDADAS,CAJAMARCA,060000,1000,13511,21472,16.85,14.45,1.46,1.46,1.45,67118,65782,1336,98024,95798,2226,2530,Indicadores_ocupabilidad_2023.csv,2023-02-01,16.85,12.9,0.8660254037844386,0.5000000000000001,11.85,14.03,15.29,51723.0,70609.0,2112.0,13.723333333333334,0,46
,2023,3,TT,TODAS CONSOLIDADAS,TT,TODAS CONSOLIDADAS,CAJAMARCA,060000,1005,13585,21612,12.9,10.74,1.69,1.69,1.88,51356,50745,611,76981,75801,1180,2548,Indicadores_ocupabilidad_2023.csv,2023-03-01,12.9,13.0,1.0,6.123233995736766e-17,16.85,11.85,14.03,67118.0,98024.0,2530.0,14.243333333333334,0,47
,2023,4,TT,TODAS CONSOLIDADAS,TT,TODAS CONSOLIDADAS,CAJAMARCA,060000,1002,13481,21420,13.0,10.75,1.51,1.49,2.15,53706,52493,1213,76727,74164,2563,2512,Indicadores_ocupabilidad_2023.csv,2023-04-01,13.0,12.95,0.8660254037844387,-0.4999999999999998,12.9,16.85,11.85,51356.0,76981.0,2548.0,13.866666666666667,0,48
,2023,5,TT,TODAS CONSOLIDADAS,TT,TODAS CONSOLIDADAS,CAJAMARCA,060000,1007,13609,21656,12.95,10.34,1.34,1.34,1.69,56936,56023,913,78711,76833,1878,2529,Indicadores_ocupabilidad_2023.csv,2023-05-01,12.95,14.77,0.49999999999999994,-0.8660254037844387,13.0,12.9,16.85,53706.0,76727.0,2512.0,14.25,0,49
,2023,6,TT,TODAS CONSOLIDADAS,TT,TODAS CONSOLIDADAS,CAJAMARCA,060000,1006,13545,21620,14.77,12.25,1.31,1.31,1.29,64057,63169,888,86722,85189,1533,2538,Indicadores_ocupabilidad_2023.csv,2023-06-01,14.77,16.94,1.2246467991473532e-16,-1.0,12.95,13.0,12.9,56936.0,78711.0,2529.0,12.950000000000001,0,50
,2023,7,TT,TODAS CONSOLIDADAS,TT,TODAS CONSOLIDADAS,CAJAMARCA,060000,1011,13550,21624,16.94,15.22,1.69,1.68,3.83,70250,68992,1258,109757,107082,2675,2135,Indicadores_ocupabilidad_2023.csv,2023-07-01,16.94,15.0,-0.4999999999999997,-0.8660254037844388,14.77,12.95,13.0,64057.0,86722.0,2538.0,13.573333333333332,0,51
,2023,8,TT,TODAS CONSOLIDADAS,TT,TODAS CONSOLIDADAS,CAJAMARCA,060000,1010,13566,21642,15.0,12.99,1.54,1.53,2.24,63980,62720,1260,95834,93195,2639,2141,Indicadores_ocupabilidad_2023.csv,2023-08-01,15.0,13.3,-0.8660254037844384,-0.5000000000000004,16.94,14.77,12.95,70250.0,109757.0,2135.0,14.886666666666668,0,52
,2023,9,TT,TODAS CONSOLIDADAS,TT,TODAS CONSOLIDADAS,CAJAMARCA,060000,1010,13621,21737,13.3,11.24,1.35,1.35,1.51,60752,59885,867,83026,81617,1409,2147,Indicadores_ocupabilidad_2023.csv,2023-09-01,13.3,13.02,-1.0,-1.8369701987210297e-16,15.0,16.94,14.77,63980.0,95834.0,2141.0,15.57,0,53
,2023,10,TT,TODAS CONSOLIDADAS,TT,TODAS CONSOLIDADAS,CAJAMARCA,060000,1003,13537,21611,13.02,11.49,1.39,1.39,1.58,61764,61083,681,87055,85807,1248,2126,Indicadores_ocupabilidad_2023.csv,2023-10-01,13.02,12.98,-0.8660254037844386,0.5000000000000001,13.3,15.0,16.94,60752.0,83026.0,2147.0,15.080000000000004,0,54
,2023,11,TT,TODAS CONSOLIDADAS,TT,TODAS CONSOLIDADAS,CAJAMARCA,060000,1002,13504,21599,12.98,10.59,1.36,1.36,1.42,58679,58111,568,79927,78868,1059,2128,Indicadores_ocupabilidad_2023.csv,2023-11-01,12.98,13.64,-0.5000000000000004,0.8660254037844384,13.02,13.3,15.0,61764.0,87055.0,2126.0,13.773333333333333,0,55
,2023,12,TT,TODAS CONSOLIDADAS,TT,TODAS CONSOLIDADAS,CAJAMARCA,060000,997,13437,21480,13.64,11.06,1.28,1.28,1.32,63441,62894,547,82705,81790,915,2509,Indicadores_ocupabilidad_2023.csv,2023-12-01,13.64,14.66,-2.4492935982947064e-16,1.0,12.98,13.02,13.3,58679.0,79927.0,2128.0,13.1,0,56
20260330,2024,1,TT,TODAS CONSOLIDADAS,TT,TODAS CONSOLIDADAS,CAJAMARCA,060000,1080,14176,23008,14.66,10.77,1.26,1.26,1.75,65919,65159,760,85056,83630,1426,2204,Indicadores_ocupabilidad_2024.csv,2024-01-01,14.66,19.62,0.49999999999999994,0.8660254037844387,13.64,12.98,13.02,63441.0,82705.0,2509.0,13.213333333333333,0,57
20260330,2024,2,TT,TODAS CONSOLIDADAS,TT,TODAS CONSOLIDADAS,CAJAMARCA,060000,1088,14313,23206,19.62,15.66,1.4,1.39,1.72,81543,80450,1093,112493,110506,1987,2183,Indicadores_ocupabilidad_2024.csv,2024-02-01,19.62,17.81,0.8660254037844386,0.5000000000000001,14.66,13.64,12.98,65919.0,85056.0,2204.0,13.76,0,58
20260330,2024,3,TT,TODAS CONSOLIDADAS,TT,TODAS CONSOLIDADAS,CAJAMARCA,060000,1088,14216,22931,17.81,14.18,1.5,1.49,3.02,71490,70577,913,103056,101178,1878,2201,Indicadores_ocupabilidad_2024.csv,2024-03-01,17.81,16.3,1.0,6.123233995736766e-17,19.62,14.66,13.64,81543.0,112493.0,2183.0,15.973333333333334,0,59
20260330,2024,4,TT,TODAS CONSOLIDADAS,TT,TODAS CONSOLIDADAS,CAJAMARCA,060000,1091,14223,22906,16.3,12.1,1.3,1.3,1.8,65675,64663,1012,86382,84512,1870,2218,Indicadores_ocupabilidad_2024.csv,2024-04-01,16.3,18.19,0.8660254037844387,-0.4999999999999998,17.81,19.62,14.66,71490.0,103056.0,2201.0,17.363333333333333,0,60
20260330,2024,5,TT,TODAS CONSOLIDADAS,TT,TODAS CONSOLIDADAS,CAJAMARCA,060000,1092,14299,23039,18.19,13.86,1.26,1.26,1.49,79046,78020,1026,102696,100889,1807,2217,Indicadores_ocupabilidad_2024.csv,2024-05-01,18.19,15.63,0.49999999999999994,-0.8660254037844387,16.3,17.81,19.62,65675.0,86382.0,2218.0,17.91,0,61
20260330,2024,6,TT,TODAS CONSOLIDADAS,TT,TODAS CONSOLIDADAS,CAJAMARCA,060000,1089,14284,23081,15.63,11.69,1.22,1.22,1.36,70755,69794,961,90104,88471,1633,2197,Indicadores_ocupabilidad_2024.csv,2024-06-01,15.63,17.69,1.2246467991473532e-16,-1.0,18.19,16.3,17.81,79046.0,102696.0,2217.0,17.433333333333334,0,62
20260330,2024,7,TT,TODAS CONSOLIDADAS,TT,TODAS CONSOLIDADAS,CAJAMARCA,060000,1089,14382,23278,17.69,13.37,1.26,1.26,1.45,84387,82943,1444,110957,108472,2485,2193,Indicadores_ocupabilidad_2024.csv,2024-07-01,17.69,15.5,-0.4999999999999997,-0.8660254037844388,15.63,18.19,16.3,70755.0,90104.0,2197.0,16.706666666666667,0,63
20260330,2024,8,TT,TODAS CONSOLIDADAS,TT,TODAS CONSOLIDADAS,CAJAMARCA,060000,1089,14383,23292,15.5,11.26,1.24,1.23,1.63,75554,74341,1213,98607,96579,2028,2159,Indicadores_ocupabilidad_2024.csv,2024-08-01,15.5,15.73,-0.8660254037844384,-0.5000000000000004,17.69,15.63,18.19,84387.0,110957.0,2193.0,17.17,0,64
20260330,2024,9,TT,TODAS CONSOLIDADAS,TT,TODAS CONSOLIDADAS,CAJAMARCA,060000,1088,14344,23184,15.73,11.46,1.23,1.23,1.84,70522,69489,1033,91534,89238,2296,2191,Indicadores_ocupabilidad_2024.csv,2024-09-01,15.73,15.09,-1.0,-1.8369701987210297e-16,15.5,17.69,15.63,75554.0,98607.0,2159.0,16.273333333333337,0,65
20260330,2024,10,TT,TODAS CONSOLIDADAS,TT,TODAS CONSOLIDADAS,CAJAMARCA,060000,1087,14392,23228,15.09,11.05,1.25,1.25,1.29,71016,70129,887,92898,91353,1545,2157,Indicadores_ocupabilidad_2024.csv,2024-10-01,15.09,12.14,-0.8660254037844386,0.5000000000000001,15.73,15.5,17.69,70522.0,91534.0,2191.0,16.30666666666667,0,66
20260330,2024,11,TT,TODAS CONSOLIDADAS,TT,TODAS CONSOLIDADAS,CAJAMARCA,060000,1084,14219,22933,12.14,8.82,1.21,1.21,1.75,58472,57600,872,75421,73779,1642,2149,Indicadores_ocupabilidad_2024.csv,2024-11-01,12.14,10.66,-0.5000000000000004,0.8660254037844384,15.09,15.73,15.5,71016.0,92898.0,2157.0,15.44,0,67
,2019,4,TT,TODAS CONSOLIDADAS,TT,TODAS CONSOLIDADAS,CALLAO,070000,287,4448,7985,43.25,41.49,1.04,1.03,1.22,171132,148952,22180,178302,152658,25644,1688,Indicadores_ocupabilidad_2019.csv,2019-04-01,43.25,37.39,0.8660254037844387,-0.4999999999999998,42.84,43.29,41.83,177673.0,184282.0,1558.0,42.653333333333336,0,0
,2019,5,TT,TODAS CONSOLIDADAS,TT,TODAS CONSOLIDADAS,CALLAO,070000,287,4498,8085,37.39,34.53,1.06,1.04,1.2,152252,124004,28248,161287,129115,32172,1728,Indicadores_ocupabilidad_2019.csv,2019-05-01,37.39,41.22,0.49999999999999994,-0.8660254037844387,43.25,42.84,43.29,171132.0,178302.0,1688.0,43.126666666666665,0,1
,2019,6,TT,TODAS CONSOLIDADAS,TT,TODAS CONSOLIDADAS,CALLAO,070000,286,4488,8065,41.22,39.08,1.07,1.04,1.21,161603,134800,26803,175469,140520,34949,1763,Indicadores_ocupabilidad_2019.csv,2019-06-01,41.22,37.64,1.2246467991473532e-16,-1.0,37.39,43.25,42.84,152252.0,161287.0,1728.0,41.160000000000004,0,2
,2019,7,TT,TODAS CONSOLIDADAS,TT,TODAS CONSOLIDADAS,CALLAO,070000,286,4437,7972,37.64,35.99,1.04,1.03,1.12,151904,130712,21192,161506,134584,26922,1591,Indicadores_ocupabilidad_2019.csv,2019-07-01,37.64,38.23,-0.4999999999999997,-0.8660254037844388,41.22,37.39,43.25,161603.0,175469.0,1763.0,40.620000000000005,0,3
,2019,8,TT,TODAS CONSOLIDADAS,TT,TODAS CONSOLIDADAS,CALLAO,070000,286,4413,7922,38.23,36.48,1.04,1.03,1.14,153370,133714,19656,162567,137695,24872,1615,Indicadores_ocupabilidad_2019.csv,2019-08-01,38.23,38.74,-0.8660254037844384,-0.5000000000000004,37.64,41.22,37.39,151904.0,161506.0,1591.0,38.75,0,4
,2019,9,TT,TODAS CONSOLIDADAS,TT,TODAS CONSOLIDADAS,CALLAO,070000,286,4413,7912,38.74,37.6,1.04,1.04,1.15,154583,132013,22571,164093,136383,27710,1532,Indicadores_ocupabilidad_2019.csv,2019-09-01,38.74,39.96,-1.0,-1.8369701987210297e-16,38.23,37.64,41.22,153370.0,162567.0,1615.0,39.029999999999994,0,5
,2019,10,TT,TODAS CONSOLIDADAS,TT,TODAS CONSOLIDADAS,CALLAO,070000,287,4483,8073,39.96,37.17,1.04,1.03,1.15,163571,138614,24957,173368,142340,31028,1564,Indicadores_ocupabilidad_2019.csv,2019-10-01,39.96,42.62,-0.8660254037844386,0.5000000000000001,38.74,38.23,37.64,154583.0,164093.0,1532.0,38.20333333333334,0,6
,2019,11,TT,TODAS CONSOLIDADAS,TT,TODAS CONSOLIDADAS,CALLAO,070000,285,4441,7995,42.62,39.0,1.04,1.03,1.13,166135,140647,25487,173851,144395,29457,1570,Indicadores_ocupabilidad_2019.csv,2019-11-01,42.62,43.96,-0.5000000000000004,0.8660254037844384,39.96,38.74,38.23,163571.0,173368.0,1564.0,38.97666666666667,0,7
,2019,12,TT,TODAS CONSOLIDADAS,TT,TODAS CONSOLIDADAS,CALLAO,070000,284,4437,7991,43.96,40.49,1.04,1.03,1.17,178216,151603,26613,187539,154929,32610,1573,Indicadores_ocupabilidad_2019.csv,2019-12-01,43.96,42.71,-2.4492935982947064e-16,1.0,42.62,39.96,38.74,166135.0,173851.0,1570.0,40.44,0,8
,2020,1,TT,TODAS CONSOLIDADAS,TT,TODAS CONSOLIDADAS,CALLAO,070000,292,4873,9024,42.71,40.03,1.05,1.04,1.15,174921,149618,25302,187563,156108,31455,1605,Indicadores_ocupabilidad_2020.csv,2020-01-01,42.71,43.5,0.49999999999999994,0.8660254037844387,43.96,42.62,39.96,178216.0,187539.0,1573.0,42.18,1,9
,2020,2,TT,TODAS CONSOLIDADAS,TT,TODAS CONSOLIDADAS,CALLAO,070000,292,4873,9024,43.5,41.14,1.03,1.03,1.06,171365,149739,21626,178529,153582,24947,1619,Indicadores_ocupabilidad_2020.csv,2020-02-01,43.5,21.9,0.8660254037844386,0.5000000000000001,42.71,43.96,42.62,174921.0,187563.0,1605.0,43.096666666666664,1,10
,2020,3,TT,TODAS CONSOLIDADAS,TT,TODAS CONSOLIDADAS,CALLAO,070000,291,4860,8998,21.9,20.8,1.04,1.03,1.18,93497,79277,14220,100257,81229,19028,1654,Indicadores_ocupabilidad_2020.csv,2020-03-01,21.9,10.3,1.0,6.123233995736766e-17,43.5,42.71,43.96,171365.0,178529.0,1619.0,43.38999999999999,1,11
,2020,4,TT,TODAS CONSOLIDADAS,TT,TODAS CONSOLIDADAS,CALLAO,070000,247,3771,6893,10.3,9.21,1.21,1.08,0.24,32476,31926,549,44416,42603,1812,898,Indicadores_ocupabilidad_2020.csv,2020-04-01,10.3,9.44,0.8660254037844387,-0.4999999999999998,21.9,43.5,42.71,93497.0,100257.0,1654.0,36.03666666666667,1,12
,2020,5,TT,TODAS CONSOLIDADAS,TT,TODAS CONSOLIDADAS,CALLAO,070000,246,3754,6857,9.44,8.39,1.17,1.19,0.08,30903,30801,102,43363,42932,431,875,Indicadores_ocupabilidad_2020.csv,2020-05-01,9.44,10.68,0.49999999999999994,-0.8660254037844387,10.3,21.9,43.5,32476.0,44416.0,898.0,25.233333333333334,1,13
,2020,6,TT,TODAS CONSOLIDADAS,TT,TODAS CONSOLIDADAS,CALLAO,070000,246,3716,6781,10.68,10.32,1.08,1.1,0.15,34140,33832,309,43145,42504,642,375,Indicadores_ocupabilidad_2020.csv,2020-06-01,10.68,22.41,1.2246467991473532e-16,-1.0,9.44,10.3,21.9,30903.0,43363.0,875.0,13.88,1,14
,2020,7,TT,TODAS CONSOLIDADAS,TT,TODAS CONSOLIDADAS,CALLAO,070000,264,4192,7723,22.41,22.5,1.04,1.05,1.08,88550,88013,537,91830,91118,711,1145,Indicadores_ocupabilidad_2020.csv,2020-07-01,22.41,22.55,-0.4999999999999997,-0.8660254037844388,10.68,9.44,10.3,34140.0,43145.0,375.0,10.14,1,15
,2020,8,TT,TODAS CONSOLIDADAS,TT,TODAS CONSOLIDADAS,CALLAO,070000,272,4409,8121,22.55,22.08,1.02,1.02,1.01,91871,91253,618,93343,92537,806,1214,Indicadores_ocupabilidad_2020.csv,2020-08-01,22.55,27.79,-0.8660254037844384,-0.5000000000000004,22.41,10.68,9.44,88550.0,91830.0,1145.0,14.176666666666668,1,16
,2020,9,TT,TODAS CONSOLIDADAS,TT,TODAS CONSOLIDADAS,CALLAO,070000,275,4479,8282,27.79,26.79,1.02,1.02,1.06,107662,107217,445,110518,109829,689,1186,Indicadores_ocupabilidad_2020.csv,2020-09-01,27.79,30.43,-1.0,-1.8369701987210297e-16,22.55,22.41,10.68,91871.0,93343.0,1214.0,18.546666666666667,1,17
,2020,10,TT,TODAS CONSOLIDADAS,TT,TODAS CONSOLIDADAS,CALLAO,070000,276,4488,8287,30.43,29.27,1.02,1.02,1.02,119477,118699,778,122438,121381,1057,1182,Indicadores_ocupabilidad_2020.csv,2020-10-01,30.43,31.29,-0.8660254037844386,0.5000000000000001,27.79,22.55,22.41,107662.0,110518.0,1186.0,24.25,1,18
,2020,11,TT,TODAS CONSOLIDADAS,TT,TODAS CONSOLIDADAS,CALLAO,070000,279,4558,8409,31.29,29.82,1.02,1.02,1.14,118837,117265,1572,121998,119849,2149,1177,Indicadores_ocupabilidad_2020.csv,2020-11-01,31.29,35.51,-0.5000000000000004,0.8660254037844384,30.43,27.79,22.55,119477.0,122438.0,1182.0,26.923333333333332,1,19
,2020,12,TT,TODAS CONSOLIDADAS,TT,TODAS CONSOLIDADAS,CALLAO,070000,281,4668,8616,35.51,34.43,1.02,1.02,1.15,142342,139726,2616,146254,142624,3631,1180,Indicadores_ocupabilidad_2020.csv,2020-12-01,35.51,31.74,-2.4492935982947064e-16,1.0,31.29,30.43,27.79,118837.0,121998.0,1177.0,29.836666666666662,1,20
,2021,1,TT,TODAS CONSOLIDADAS,TT,TODAS CONSOLIDADAS,CALLAO,070000,285,4843,8896,31.74,28.72,1.03,1.03,1.08,118209,115578,2632,122849,119439,3411,1182,Indicadores_ocupabilidad_2021.csv,2021-01-01,31.74,26.39,0.49999999999999994,0.8660254037844387,35.51,31.29,30.43,142342.0,146254.0,1180.0,32.41,0,21
,2021,2,TT,TODAS CONSOLIDADAS,TT,TODAS CONSOLIDADAS,CALLAO,070000,284,4798,8819,26.39,24.44,1.06,1.06,1.1,88537,87172,1365,95087,93334,1753,1185,Indicadores_ocupabilidad_2021.csv,2021-02-01,26.39,27.0,0.8660254037844386,0.5000000000000001,31.74,35.51,31.29,118209.0,122849.0,1182.0,32.846666666666664,0,22
,2021,3,TT,TODAS CONSOLIDADAS,TT,TODAS CONSOLIDADAS,CALLAO,070000,285,4838,8886,27.0,25.4,1.04,1.04,1.07,103803,101845,1959,109623,107024,2599,1185,Indicadores_ocupabilidad_2021.csv,2021-03-01,27.0,24.96,1.0,6.123233995736766e-17,26.39,31.74,35.51,88537.0,95087.0,1185.0,31.213333333333328,0,23
,2021,4,TT,TODAS CONSOLIDADAS,TT,TODAS CONSOLIDADAS,CALLAO,070000,284,4823,8856,24.96,23.56,1.03,1.03,1.06,96238,93627,2610,102169,98465,3704,1186,Indicadores_ocupabilidad_2021.csv,2021-04-01,24.96,30.0,0.8660254037844387,-0.4999999999999998,27.0,26.39,31.74,103803.0,109623.0,1185.0,28.376666666666665,0,24
,2021,5,TT,TODAS CONSOLIDADAS,TT,TODAS CONSOLIDADAS,CALLAO,070000,283,4817,8844,30.0,26.85,1.03,1.03,1.11,115098,111471,3627,120660,116056,4605,1204,Indicadores_ocupabilidad_2021.csv,2021-05-01,30.0,31.55,0.49999999999999994,-0.8660254037844387,24.96,27.0,26.39,96238.0,102169.0,1186.0,26.11666666666667,0,25
,2021,6,TT,TODAS CONSOLIDADAS,TT,TODAS CONSOLIDADAS,CALLAO,070000,283,4819,8808,31.55,28.26,1.02,1.02,1.05,118535,113443,5092,123183,116735,6448,1204,Indicadores_ocupabilidad_2021.csv,2021-06-01,31.55,31.44,1.2246467991473532e-16,-1.0,30.0,24.96,27.0,115098.0,120660.0,1204.0,27.320000000000004,0,26
,2021,7,TT,TODAS CONSOLIDADAS,TT,TODAS CONSOLIDADAS,CALLAO,070000,283,4809,8790,31.44,29.11,1.02,1.02,1.04,123913,118232,5681,128610,121493,7117,1214,Indicadores_ocupabilidad_2021.csv,2021-07-01,31.44,30.45,-0.4999999999999997,-0.8660254037844388,31.55,30.0,24.96,118535.0,123183.0,1204.0,28.83666666666667,0,27
,2021,8,TT,TODAS CONSOLIDADAS,TT,TODAS CONSOLIDADAS,CALLAO,070000,283,4808,8788,30.45,28.81,1.02,1.02,1.11,122326,116364,5962,127046,119298,7748,1208,Indicadores_ocupabilidad_2021.csv,2021-08-01,30.45,32.41,-0.8660254037844384,-0.5000000000000004,31.44,31.55,30.0,123913.0,128610.0,1214.0,30.996666666666666,0,28
,2021,9,TT,TODAS CONSOLIDADAS,TT,TODAS CONSOLIDADAS,CALLAO,070000,283,4812,8796,32.41,30.35,1.02,1.02,1.07,125239,118931,6308,130803,122228,8575,1204,Indicadores_ocupabilidad_2021.csv,2021-09-01,32.41,30.2,-1.0,-1.8369701987210297e-16,30.45,31.44,31.55,122326.0,127046.0,1208.0,31.146666666666665,0,29
,2021,10,TT,TODAS CONSOLIDADAS,TT,TODAS CONSOLIDADAS,CALLAO,070000,284,4820,8810,30.2,30.08,1.03,1.02,1.04,129312,122202,7111,135427,125942,9485,1208,Indicadores_ocupabilidad_2021.csv,2021-10-01,30.2,31.74,-0.8660254037844386,0.5000000000000001,32.41,30.45,31.44,125239.0,130803.0,1204.0,31.433333333333334,0,30
,2021,11,TT,TODAS CONSOLIDADAS,TT,TODAS CONSOLIDADAS,CALLAO,070000,284,4826,8822,31.74,31.18,1.03,1.02,1.16,130221,121981,8240,136904,125977,10927,1208,Indicadores_ocupabilidad_2021.csv,2021-11-01,31.74,32.49,-0.5000000000000004,0.8660254037844384,30.2,32.41,30.45,129312.0,135427.0,1208.0,31.02,0,31
,2021,12,TT,TODAS CONSOLIDADAS,TT,TODAS CONSOLIDADAS,CALLAO,070000,284,4823,8816,32.49,32.16,1.04,1.04,1.15,140906,130024,10883,147015,134527,12488,1161,Indicadores_ocupabilidad_2021.csv,2021-12-01,32.49,32.7,-2.4492935982947064e-16,1.0,31.74,30.2,32.41,130221.0,136904.0,1208.0,31.45,0,32
,2022,1,TT,TODAS CONSOLIDADAS,TT,TODAS CONSOLIDADAS,CALLAO,070000,281,4684,8586,32.7,30.13,1.02,1.02,1.1,129683,121876,7808,136621,126062,10559,1195,Indicadores_ocupabilidad_2022.csv,2022-01-01,32.7,36.23,0.49999999999999994,0.8660254037844387,32.49,31.74,30.2,140906.0,147015.0,1161.0,31.47666666666667,0,33
,2022,2,TT,TODAS CONSOLIDADAS,TT,TODAS CONSOLIDADAS,CALLAO,070000,279,4688,8600,36.23,33.28,1.02,1.02,1.24,128336,120904,7432,133668,123801,9867,1182,Indicadores_ocupabilidad_2022.csv,2022-02-01,36.23,33.7,0.8660254037844386,0.5000000000000001,32.7,32.49,31.74,129683.0,136621.0,1195.0,32.31,0,34
,2022,3,TT,TODAS CONSOLIDADAS,TT,TODAS CONSOLIDADAS,CALLAO,070000,282,4722,8664,33.7,31.19,1.02,1.02,1.24,135555,125804,9751,142454,128968,13485,1201,Indicadores_ocupabilidad_2022.csv,2022-03-01,33.7,34.05,1.0,6.123233995736766e-17,36.23,32.7,32.49,128336.0,133668.0,1182.0,33.806666666666665,0,35
,2022,4,TT,TODAS CONSOLIDADAS,TT,TODAS CONSOLIDADAS,CALLAO,070000,282,4722,8664,34.05,31.58,1.02,1.02,1.15,134072,120969,13103,141473,124046,17427,1221,Indicadores_ocupabilidad_2022.csv,2022-04-01,34.05,33.5,0.8660254037844387,-0.4999999999999998,33.7,36.23,32.7,135555.0,142454.0,1201.0,34.21,0,36
,2022,5,TT,TODAS CONSOLIDADAS,TT,TODAS CONSOLIDADAS,CALLAO,070000,282,4736,8692,33.5,30.85,1.02,1.02,1.22,135055,122669,12386,142593,125186,17407,1195,Indicadores_ocupabilidad_2022.csv,2022-05-01,33.5,34.22,0.49999999999999994,-0.8660254037844387,34.05,33.7,36.23,134072.0,141473.0,1221.0,34.660000000000004,0,37
,2022,6,TT,TODAS CONSOLIDADAS,TT,TODAS CONSOLIDADAS,CALLAO,070000,283,4724,8666,34.22,31.73,1.02,1.02,1.14,135399,122692,12707,141392,124888,16504,1199,Indicadores_ocupabilidad_2022.csv,2022-06-01,34.22,32.12,1.2246467991473532e-16,-1.0,33.5,34.05,33.7,135055.0,142593.0,1195.0,33.75,0,38
,2022,7,TT,TODAS CONSOLIDADAS,TT,TODAS CONSOLIDADAS,CALLAO,070000,283,4732,8682,32.12,30.24,1.02,1.02,1.13,132902,119605,13297,140337,122582,17754,1225,Indicadores_ocupabilidad_2022.csv,2022-07-01,32.12,33.3,-0.4999999999999997,-0.8660254037844388,34.22,33.5,34.05,135399.0,141392.0,1199.0,33.92333333333333,0,39
,2022,8,TT,TODAS CONSOLIDADAS,TT,TODAS CONSOLIDADAS,CALLAO,070000,282,4670,8591,33.3,31.16,1.03,1.03,1.21,133337,121134,12203,140976,124812,16165,1218,Indicadores_ocupabilidad_2022.csv,2022-08-01,33.3,33.79,-0.8660254037844384,-0.5000000000000004,32.12,34.22,33.5,132902.0,140337.0,1225.0,33.28,0,40
,2022,9,TT,TODAS CONSOLIDADAS,TT,TODAS CONSOLIDADAS,CALLAO,070000,282,4674,8599,33.79,31.66,1.02,1.02,1.05,132318,119969,12349,138683,123046,15636,1211,Indicadores_ocupabilidad_2022.csv,2022-09-01,33.79,35.66,-1.0,-1.8369701987210297e-16,33.3,32.12,34.22,133337.0,140976.0,1218.0,33.21333333333333,0,41
,2022,10,TT,TODAS CONSOLIDADAS,TT,TODAS CONSOLIDADAS,CALLAO,070000,282,4673,8597,35.66,33.21,1.02,1.02,1.11,143111,131262,11849,149542,134719,14824,1195,Indicadores_ocupabilidad_2022.csv,2022-10-01,35.66,36.77,-0.8660254037844386,0.5000000000000001,33.79,33.3,32.12,132318.0,138683.0,1211.0,33.07,0,42
,2022,11,TT,TODAS CONSOLIDADAS,TT,TODAS CONSOLIDADAS,CALLAO,070000,282,4672,8595,36.77,33.9,1.03,1.03,1.13,140427,129492,10935,147447,133280,14167,1202,Indicadores_ocupabilidad_2022.csv,2022-11-01,36.77,40.0,-0.5000000000000004,0.8660254037844384,35.66,33.79,33.3,143111.0,149542.0,1195.0,34.25,0,43
,2022,12,TT,TODAS CONSOLIDADAS,TT,TODAS CONSOLIDADAS,CALLAO,070000,282,4672,8595,40.0,37.74,1.02,1.02,1.2,159060,150347,8713,165457,153909,11548,1190,Indicadores_ocupabilidad_2022.csv,2022-12-01,40.0,34.59,-2.4492935982947064e-16,1.0,36.77,35.66,33.79,140427.0,147447.0,1202.0,35.406666666666666,0,44
,2023,1,TT,TODAS CONSOLIDADAS,TT,TODAS CONSOLIDADAS,CALLAO,070000,281,4649,8579,34.59,32.43,1.02,1.02,1.09,138289,129302,8988,145201,133313,11888,1270,Indicadores_ocupabilidad_2023.csv,2023-01-01,34.59,37.18,0.49999999999999994,0.8660254037844387,40.0,36.77,35.66,159060.0,165457.0,1190.0,37.47666666666667,0,45
,2023,2,TT,TODAS CONSOLIDADAS,TT,TODAS CONSOLIDADAS,CALLAO,070000,282,4657,8595,37.18,35.21,1.02,1.02,1.07,133860,126124,7736,139889,129395,10493,1266,Indicadores_ocupabilidad_2023.csv,2023-02-01,37.18,34.36,0.8660254037844386,0.5000000000000001,34.59,40.0,36.77,138289.0,145201.0,1270.0,37.120000000000005,0,46
,2023,3,TT,TODAS CONSOLIDADAS,TT,TODAS CONSOLIDADAS,CALLAO,070000,281,4651,8598,34.36,32.6,1.02,1.02,1.05,138956,130368,8587,143975,133148,10827,1267,Indicadores_ocupabilidad_2023.csv,2023-03-01,34.36,34.85,1.0,6.123233995736766e-17,37.18,34.59,40.0,133860.0,139889.0,1266.0,37.25666666666667,0,47
,2023,4,TT,TODAS CONSOLIDADAS,TT,TODAS CONSOLIDADAS,CALLAO,070000,281,4651,8599,34.85,32.94,1.02,1.02,1.13,136457,126317,10140,141945,128847,13099,1275,Indicadores_ocupabilidad_2023.csv,2023-04-01,34.85,32.74,0.8660254037844387,-0.4999999999999998,34.36,37.18,34.59,138956.0,143975.0,1267.0,35.37666666666667,0,48
,2023,5,TT,TODAS CONSOLIDADAS,TT,TODAS CONSOLIDADAS,CALLAO,070000,280,4646,8591,32.74,31.18,1.02,1.02,1.09,134230,123652,10579,140131,126227,13904,1275,Indicadores_ocupabilidad_2023.csv,2023-05-01,32.74,34.17,0.49999999999999994,-0.8660254037844387,34.85,34.36,37.18,136457.0,141945.0,1275.0,35.46333333333333,0,49
,2023,6,TT,TODAS CONSOLIDADAS,TT,TODAS CONSOLIDADAS,CALLAO,070000,280,4646,8591,34.17,32.63,1.02,1.02,1.12,135714,123584,12130,142037,126078,15960,1275,Indicadores_ocupabilidad_2023.csv,2023-06-01,34.17,35.82,1.2246467991473532e-16,-1.0,32.74,34.85,34.36,134230.0,140131.0,1275.0,33.983333333333334,0,50
,2023,7,TT,TODAS CONSOLIDADAS,TT,TODAS CONSOLIDADAS,CALLAO,070000,276,4582,8463,35.82,34.06,1.03,1.03,1.09,143883,131138,12745,151779,135035,16744,1259,Indicadores_ocupabilidad_2023.csv,2023-07-01,35.82,33.28,-0.4999999999999997,-0.8660254037844388,34.17,32.74,34.85,135714.0,142037.0,1275.0,33.92,0,51
,2023,8,TT,TODAS CONSOLIDADAS,TT,TODAS CONSOLIDADAS,CALLAO,070000,275,4571,8441,33.28,31.63,1.02,1.02,1.16,134029,122592,11436,139768,125199,14570,1241,Indicadores_ocupabilidad_2023.csv,2023-08-01,33.28,34.11,-0.8660254037844384,-0.5000000000000004,35.82,34.17,32.74,143883.0,151779.0,1259.0,34.24333333333333,0,52
,2023,9,TT,TODAS CONSOLIDADAS,TT,TODAS CONSOLIDADAS,CALLAO,070000,275,4572,8443,34.11,32.5,1.02,1.02,1.1,133273,121002,12270,139453,123755,15697,1241,Indicadores_ocupabilidad_2023.csv,2023-09-01,34.11,31.27,-1.0,-1.8369701987210297e-16,33.28,35.82,34.17,134029.0,139768.0,1241.0,34.42333333333334,0,53
,2023,10,TT,TODAS CONSOLIDADAS,TT,TODAS CONSOLIDADAS,CALLAO,070000,275,4572,8443,31.27,29.29,1.04,1.04,1.15,123571,112212,11358,131943,117275,14667,1250,Indicadores_ocupabilidad_2023.csv,2023-10-01,31.27,33.06,-0.8660254037844386,0.5000000000000001,34.11,33.28,35.82,133273.0,139453.0,1241.0,34.403333333333336,0,54
,2023,11,TT,TODAS CONSOLIDADAS,TT,TODAS CONSOLIDADAS,CALLAO,070000,275,4572,8445,33.06,30.62,1.04,1.04,1.08,125213,113326,11887,133066,117968,15098,1250,Indicadores_ocupabilidad_2023.csv,2023-11-01,33.06,32.53,-0.5000000000000004,0.8660254037844384,31.27,34.11,33.28,123571.0,131943.0,1250.0,32.88666666666667,0,55
,2023,12,TT,TODAS CONSOLIDADAS,TT,TODAS CONSOLIDADAS,CALLAO,070000,275,4572,8445,32.53,30.01,1.04,1.04,1.13,126834,116011,10823,134112,120445,13666,1212,Indicadores_ocupabilidad_2023.csv,2023-12-01,32.53,39.93,-2.4492935982947064e-16,1.0,33.06,31.27,34.11,125213.0,133066.0,1250.0,32.81333333333333,0,56
20260330,2024,1,TT,TODAS CONSOLIDADAS,TT,TODAS CONSOLIDADAS,CALLAO,070000,292,4780,8792,39.93,38.12,1.03,1.02,1.23,164257,150891,13366,173373,155050,18322,1398,Indicadores_ocupabilidad_2024.csv,2024-01-01,39.93,42.95,0.49999999999999994,0.8660254037844387,32.53,33.06,31.27,126834.0,134112.0,1212.0,32.28666666666667,0,57
20260330,2024,2,TT,TODAS CONSOLIDADAS,TT,TODAS CONSOLIDADAS,CALLAO,070000,292,4780,8792,42.95,40.69,1.03,1.03,1.2,157760,146639,11121,165610,151363,14247,1397,Indicadores_ocupabilidad_2024.csv,2024-02-01,42.95,39.09,0.8660254037844386,0.5000000000000001,39.93,32.53,33.06,164257.0,173373.0,1398.0,35.17333333333334,0,58
20260330,2024,3,TT,TODAS CONSOLIDADAS,TT,TODAS CONSOLIDADAS,CALLAO,070000,293,4798,8828,39.09,37.21,1.02,1.02,1.2,163196,149720,13476,170049,152426,17623,1388,Indicadores_ocupabilidad_2024.csv,2024-03-01,39.09,39.86,1.0,6.123233995736766e-17,42.95,39.93,32.53,157760.0,165610.0,1397.0,38.47,0,59
20260330,2024,4,TT,TODAS CONSOLIDADAS,TT,TODAS CONSOLIDADAS,CALLAO,070000,293,4798,8828,39.86,38.25,1.02,1.01,1.06,162494,149452,13042,168587,151695,16892,1373,Indicadores_ocupabilidad_2024.csv,2024-04-01,39.86,41.53,0.8660254037844387,-0.4999999999999998,39.09,42.95,39.93,163196.0,170049.0,1388.0,40.656666666666666,0,60
20260330,2024,5,TT,TODAS CONSOLIDADAS,TT,TODAS CONSOLIDADAS,CALLAO,070000,293,4798,8828,41.53,38.8,1.04,1.02,1.38,167116,150959,16157,176660,154038,22622,1360,Indicadores_ocupabilidad_2024.csv,2024-05-01,41.53,39.99,0.49999999999999994,-0.8660254037844387,39.86,39.09,42.95,162494.0,168587.0,1373.0,40.63333333333333,0,61
20260330,2024,6,TT,TODAS CONSOLIDADAS,TT,TODAS CONSOLIDADAS,CALLAO,070000,292,4783,8798,39.99,38.04,1.02,1.02,1.11,159965,144761,15205,167161,147181,19980,1357,Indicadores_ocupabilidad_2024.csv,2024-06-01,39.99,44.51,1.2246467991473532e-16,-1.0,41.53,39.86,39.09,167116.0,176660.0,1360.0,40.160000000000004,0,62
20260330,2024,7,TT,TODAS CONSOLIDADAS,TT,TODAS CONSOLIDADAS,CALLAO,070000,292,4783,8798,44.51,42.63,1.01,1.01,1.01,185992,170837,15154,192228,172837,19390,1376,Indicadores_ocupabilidad_2024.csv,2024-07-01,44.51,40.38,-0.4999999999999997,-0.8660254037844388,39.99,41.53,39.86,159965.0,167161.0,1357.0,40.46,0,63
20260330,2024,8,TT,TODAS CONSOLIDADAS,TT,TODAS CONSOLIDADAS,CALLAO,070000,292,4783,8798,40.38,38.06,1.01,1.01,1.06,166934,152457,14477,172629,154560,18069,1382,Indicadores_ocupabilidad_2024.csv,2024-08-01,40.38,42.5,-0.8660254037844384,-0.5000000000000004,44.51,39.99,41.53,185992.0,192228.0,1376.0,42.01,0,64
20260330,2024,9,TT,TODAS CONSOLIDADAS,TT,TODAS CONSOLIDADAS,CALLAO,070000,292,4783,8798,42.5,40.53,1.01,1.01,1.01,171124,158311,12813,176710,160662,16048,1345,Indicadores_ocupabilidad_2024.csv,2024-09-01,42.5,39.67,-1.0,-1.8369701987210297e-16,40.38,44.51,39.99,166934.0,172629.0,1382.0,41.62666666666667,0,65
20260330,2024,10,TT,TODAS CONSOLIDADAS,TT,TODAS CONSOLIDADAS,CALLAO,070000,292,4783,8798,39.67,38.43,1.01,1.01,1.08,167826,155176,12649,172306,156617,15690,1319,Indicadores_ocupabilidad_2024.csv,2024-10-01,39.67,44.28,-0.8660254037844386,0.5000000000000001,42.5,40.38,44.51,171124.0,176710.0,1345.0,42.46333333333333,0,66
20260330,2024,11,TT,TODAS CONSOLIDADAS,TT,TODAS CONSOLIDADAS,CALLAO,070000,291,4749,8732,44.28,42.95,1.01,1.01,1.02,177137,165930,11207,183046,168629,14418,1302,Indicadores_ocupabilidad_2024.csv,2024-11-01,44.28,44.45,-0.5000000000000004,0.8660254037844384,39.67,42.5,40.38,167826.0,172306.0,1319.0,40.85,0,67
,2019,4,TT,TODAS CONSOLIDADAS,TT,TODAS CONSOLIDADAS,CUSCO,080000,2185,27935,54007,29.51,26.76,1.57,1.38,1.74,314582,102068,212514,508390,142142,366248,8293,Indicadores_ocupabilidad_2019.csv,2019-04-01,29.51,28.86,0.8660254037844387,-0.4999999999999998,23.64,22.07,23.45,252116.0,405831.0,7877.0,23.05333333333333,0,0
,2019,5,TT,TODAS CONSOLIDADAS,TT,TODAS CONSOLIDADAS,CUSCO,080000,2191,27965,54406,28.86,26.69,1.61,1.45,1.75,326538,101130,225408,538080,149601,388479,8277,Indicadores_ocupabilidad_2019.csv,2019-05-01,28.86,27.37,0.49999999999999994,-0.8660254037844387,29.51,23.64,22.07,314582.0,508390.0,8293.0,25.073333333333334,0,1
,2019,6,TT,TODAS CONSOLIDADAS,TT,TODAS CONSOLIDADAS,CUSCO,080000,2194,27945,52807,27.37,26.53,1.6,1.44,1.76,303321,104896,198425,500999,153260,347739,8366,Indicadores_ocupabilidad_2019.csv,2019-06-01,27.37,31.34,1.2246467991473532e-16,-1.0,28.86,29.51,23.64,326538.0,538080.0,8277.0,27.33666666666667,0,2
,2019,7,TT,TODAS CONSOLIDADAS,TT,TODAS CONSOLIDADAS,CUSCO,080000,2173,27960,53039,31.34,30.81,1.6,1.43,1.75,362378,123106,239272,596495,180463,416032,8226,Indicadores_ocupabilidad_2019.csv,2019-07-01,31.34,30.66,-0.4999999999999997,-0.8660254037844388,27.37,28.86,29.51,303321.0,500999.0,8366.0,28.580000000000002,0,3
,2019,8,TT,TODAS CONSOLIDADAS,TT,TODAS CONSOLIDADAS,CUSCO,080000,2175,28054,53160,30.66,29.31,1.55,1.44,1.65,355019,114505,240514,572062,168608,403454,8443,Indicadores_ocupabilidad_2019.csv,2019-08-01,30.66,29.99,-0.8660254037844384,-0.5000000000000004,31.34,27.37,28.86,362378.0,596495.0,8226.0,29.189999999999998,0,4
,2019,9,TT,TODAS CONSOLIDADAS,TT,TODAS CONSOLIDADAS,CUSCO,080000,2177,28867,56940,29.99,28.34,1.57,1.4,1.72,339509,108627,230882,548708,154797,393911,8607,Indicadores_ocupabilidad_2019.csv,2019-09-01,29.99,28.28,-1.0,-1.8369701987210297e-16,30.66,31.34,27.37,355019.0,572062.0,8443.0,29.790000000000003,0,5
,2019,10,TT,TODAS CONSOLIDADAS,TT,TODAS CONSOLIDADAS,CUSCO,080000,2160,28103,53224,28.28,26.08,1.56,1.41,1.69,323688,106579,217109,522706,154177,368529,8684,Indicadores_ocupabilidad_2019.csv,2019-10-01,28.28,25.93,-0.8660254037844386,0.5000000000000001,29.99,30.66,31.34,339509.0,548708.0,8607.0,30.66333333333333,0,6
,2019,11,TT,TODAS CONSOLIDADAS,TT,TODAS CONSOLIDADAS,CUSCO,080000,2159,28586,54075,25.93,23.67,1.56,1.39,1.75,280602,106226,174376,452234,150335,301899,8828,Indicadores_ocupabilidad_2019.csv,2019-11-01,25.93,21.83,-0.5000000000000004,0.8660254037844384,28.28,29.99,30.66,323688.0,522706.0,8684.0,29.643333333333334,0,7
,2019,12,TT,TODAS CONSOLIDADAS,TT,TODAS CONSOLIDADAS,CUSCO,080000,2166,28665,54255,21.83,20.13,1.54,1.36,1.76,244508,101413,143095,388022,139057,248965,8749,Indicadores_ocupabilidad_2019.csv,2019-12-01,21.83,21.29,-2.4492935982947064e-16,1.0,25.93,28.28,29.99,280602.0,452234.0,8828.0,28.066666666666666,0,8
,2020,1,TT,TODAS CONSOLIDADAS,TT,TODAS CONSOLIDADAS,CUSCO,080000,2261,28361,53274,21.29,18.64,1.54,1.37,1.76,218854,95480,123374,349310,132023,217287,8122,Indicadores_ocupabilidad_2020.csv,2020-01-01,21.29,20.83,0.49999999999999994,0.8660254037844387,21.83,25.93,28.28,244508.0,388022.0,8749.0,25.346666666666664,1,9
,2020,2,TT,TODAS CONSOLIDADAS,TT,TODAS CONSOLIDADAS,CUSCO,080000,2239,28113,52887,20.83,18.03,1.6,1.4,1.96,182167,88548,93619,298493,125957,172536,7610,Indicadores_ocupabilidad_2020.csv,2020-02-01,20.83,19.42,0.8660254037844386,0.5000000000000001,21.29,21.83,25.93,218854.0,349310.0,8122.0,23.016666666666666,1,10
,2020,3,TT,TODAS CONSOLIDADAS,TT,TODAS CONSOLIDADAS,CUSCO,080000,2223,27818,52305,19.42,15.37,2.2,2.06,2.34,120670,48874,71796,261290,99033,162257,6752,Indicadores_ocupabilidad_2020.csv,2020-03-01,19.42,9.28,1.0,6.123233995736766e-17,20.83,21.29,21.83,182167.0,298493.0,7610.0,21.316666666666666,1,11
,2020,4,TT,TODAS CONSOLIDADAS,TT,TODAS CONSOLIDADAS,CUSCO,080000,51,1637,3032,9.28,7.01,4.23,4.0,6.33,1750,1376,374,6779,4787,1992,526,Indicadores_ocupabilidad_2020.csv,2020-04-01,9.28,10.88,0.8660254037844387,-0.4999999999999998,19.42,20.83,21.29,120670.0,261290.0,6752.0,20.513333333333332,1,12
,2020,5,TT,TODAS CONSOLIDADAS,TT,TODAS CONSOLIDADAS,CUSCO,080000,130,4135,7640,10.88,7.61,4.48,4.45,14.66,4294,4275,19,20623,20394,229,788,Indicadores_ocupabilidad_2020.csv,2020-05-01,10.88,18.47,0.49999999999999994,-0.8660254037844387,9.28,19.42,20.83,1750.0,6779.0,526.0,16.51,1,13
,2020,6,TT,TODAS CONSOLIDADAS,TT,TODAS CONSOLIDADAS,CUSCO,080000,140,4358,8002,18.47,10.84,5.21,5.2,3.66,5642,5626,16,28514,28406,108,822,Indicadores_ocupabilidad_2020.csv,2020-06-01,18.47,11.1,1.2246467991473532e-16,-1.0,10.88,9.28,19.42,4294.0,20623.0,788.0,13.193333333333333,1,14
,2020,7,TT,TODAS CONSOLIDADAS,TT,TODAS CONSOLIDADAS,CUSCO,080000,1202,18463,35533,11.1,7.99,1.97,1.94,4.37,44335,43700,635,97750,95161,2589,3235,Indicadores_ocupabilidad_2020.csv,2020-07-01,11.1,11.93,-0.4999999999999997,-0.8660254037844388,18.47,10.88,9.28,5642.0,28514.0,822.0,12.876666666666665,1,15
,2020,8,TT,TODAS CONSOLIDADAS,TT,TODAS CONSOLIDADAS,CUSCO,080000,1218,18710,35958,11.93,8.5,1.94,1.92,2.66,51773,50285,1488,102036,98742,3294,3095,Indicadores_ocupabilidad_2020.csv,2020-08-01,11.93,15.01,-0.8660254037844384,-0.5000000000000004,11.1,18.47,10.88,44335.0,97750.0,3235.0,13.483333333333333,1,16
,2020,9,TT,TODAS CONSOLIDADAS,TT,TODAS CONSOLIDADAS,CUSCO,080000,1226,18991,36357,15.01,10.77,1.66,1.64,2.39,70801,69177,1624,121677,117918,3759,3182,Indicadores_ocupabilidad_2020.csv,2020-09-01,15.01,16.15,-1.0,-1.8369701987210297e-16,11.93,11.1,18.47,51773.0,102036.0,3095.0,13.833333333333334,1,17
,2020,10,TT,TODAS CONSOLIDADAS,TT,TODAS CONSOLIDADAS,CUSCO,080000,1192,18869,35925,16.15,11.86,1.47,1.47,2.19,88724,87923,801,126425,124713,1712,3341,Indicadores_ocupabilidad_2020.csv,2020-10-01,16.15,18.24,-0.8660254037844386,0.5000000000000001,15.01,11.93,11.1,70801.0,121677.0,3182.0,12.68,1,18
,2020,11,TT,TODAS CONSOLIDADAS,TT,TODAS CONSOLIDADAS,CUSCO,080000,1232,20459,38970,18.24,13.61,1.39,1.4,1.58,105765,102651,3114,149884,144593,5291,3900,Indicadores_ocupabilidad_2020.csv,2020-11-01,18.24,18.46,-0.5000000000000004,0.8660254037844384,16.15,15.01,11.93,88724.0,126425.0,3341.0,14.363333333333332,1,19
,2020,12,TT,TODAS CONSOLIDADAS,TT,TODAS CONSOLIDADAS,CUSCO,080000,1261,20876,39720,18.46,14.98,1.44,1.42,1.91,121097,110808,10289,179428,160632,18796,4000,Indicadores_ocupabilidad_2020.csv,2020-12-01,18.46,14.62,-2.4492935982947064e-16,1.0,18.24,16.15,15.01,105765.0,149884.0,3900.0,16.466666666666665,1,20
,2021,1,TT,TODAS CONSOLIDADAS,TT,TODAS CONSOLIDADAS,CUSCO,080000,1898,23527,43089,14.62,11.34,1.43,1.41,1.86,102579,95741,6838,151640,138437,13203,4806,Indicadores_ocupabilidad_2021.csv,2021-01-01,14.62,11.98,0.49999999999999994,0.8660254037844387,18.46,18.24,16.15,121097.0,179428.0,4000.0,17.616666666666664,0,21
,2021,2,TT,TODAS CONSOLIDADAS,TT,TODAS CONSOLIDADAS,CUSCO,080000,1849,22467,41070,11.98,8.46,1.6,1.58,2.49,61309,59985,1324,96600,92936,3664,4334,Indicadores_ocupabilidad_2021.csv,2021-02-01,11.98,12.02,0.8660254037844386,0.5000000000000001,14.62,18.46,18.24,102579.0,151640.0,4806.0,17.106666666666666,0,22
,2021,3,TT,TODAS CONSOLIDADAS,TT,TODAS CONSOLIDADAS,CUSCO,080000,1862,22939,42057,12.02,9.04,1.58,1.57,2.02,71835,68202,3633,115524,107980,7544,4582,Indicadores_ocupabilidad_2021.csv,2021-03-01,12.02,13.39,1.0,6.123233995736766e-17,11.98,14.62,18.46,61309.0,96600.0,4334.0,15.019999999999998,0,23
,2021,4,TT,TODAS CONSOLIDADAS,TT,TODAS CONSOLIDADAS,CUSCO,080000,1871,23253,42807,13.39,9.37,1.73,1.7,2.03,70457,62783,7674,126032,110062,15970,4666,Indicadores_ocupabilidad_2021.csv,2021-04-01,13.39,14.19,0.8660254037844387,-0.4999999999999998,12.02,11.98,14.62,71835.0,115524.0,4582.0,12.873333333333333,0,24
,2021,5,TT,TODAS CONSOLIDADAS,TT,TODAS CONSOLIDADAS,CUSCO,080000,1884,23550,43395,14.19,10.73,1.57,1.51,1.91,94414,77159,17255,156621,123444,33177,4807,Indicadores_ocupabilidad_2021.csv,2021-05-01,14.19,18.4,0.49999999999999994,-0.8660254037844387,13.39,12.02,11.98,70457.0,126032.0,4666.0,12.463333333333333,0,25
,2021,6,TT,TODAS CONSOLIDADAS,TT,TODAS CONSOLIDADAS,CUSCO,080000,1870,23499,43348,18.4,12.78,1.71,1.7,1.75,101120,73240,27880,178164,127556,50608,4875,Indicadores_ocupabilidad_2021.csv,2021-06-01,18.4,19.1,1.2246467991473532e-16,-1.0,14.19,13.39,12.02,94414.0,156621.0,4807.0,13.199999999999998,0,26
,2021,7,TT,TODAS CONSOLIDADAS,TT,TODAS CONSOLIDADAS,CUSCO,080000,1889,24061,44506,19.1,16.2,1.57,1.48,1.91,153079,115828,37251,255667,184437,71230,5050,Indicadores_ocupabilidad_2021.csv,2021-07-01,19.1,19.09,-0.4999999999999997,-0.8660254037844388,18.4,14.19,13.39,101120.0,178164.0,4875.0,15.326666666666668,0,27
,2021,8,TT,TODAS CONSOLIDADAS,TT,TODAS CONSOLIDADAS,CUSCO,080000,1893,24156,44659,19.09,16.53,1.66,1.58,1.93,149322,106058,43264,258126,176396,81730,5188,Indicadores_ocupabilidad_2021.csv,2021-08-01,19.09,20.01,-0.8660254037844384,-0.5000000000000004,19.1,18.4,14.19,153079.0,255667.0,5050.0,17.23,0,28
,2021,9,TT,TODAS CONSOLIDADAS,TT,TODAS CONSOLIDADAS,CUSCO,080000,1903,24524,45263,20.01,16.5,1.7,1.53,2.04,144124,90797,53327,250639,147030,103609,5302,Indicadores_ocupabilidad_2021.csv,2021-09-01,20.01,22.45,-1.0,-1.8369701987210297e-16,19.09,19.1,18.4,149322.0,258126.0,5188.0,18.863333333333333,0,29
,2021,10,TT,TODAS CONSOLIDADAS,TT,TODAS CONSOLIDADAS,CUSCO,080000,1905,24498,45252,22.45,19.31,1.72,1.61,1.95,174492,106436,68056,314335,182391,131944,5357,Indicadores_ocupabilidad_2021.csv,2021-10-01,22.45,22.7,-0.8660254037844386,0.5000000000000001,20.01,19.09,19.1,144124.0,250639.0,5302.0,19.400000000000002,0,30
,2021,11,TT,TODAS CONSOLIDADAS,TT,TODAS CONSOLIDADAS,CUSCO,080000,1910,24711,45625,22.7,19.1,1.63,1.44,1.92,172883,96457,76426,290180,146091,144089,5525,Indicadores_ocupabilidad_2021.csv,2021-11-01,22.7,21.08,-0.5000000000000004,0.8660254037844384,22.45,20.01,19.09,174492.0,314335.0,5357.0,20.51666666666667,0,31
,2021,12,TT,TODAS CONSOLIDADAS,TT,TODAS CONSOLIDADAS,CUSCO,080000,1914,24726,45649,21.08,18.85,1.72,1.55,2.09,164323,98401,65922,285178,156290,128888,5495,Indicadores_ocupabilidad_2021.csv,2021-12-01,21.08,17.88,-2.4492935982947064e-16,1.0,22.7,22.45,20.01,172883.0,290180.0,5525.0,21.72,0,32
,2022,1,TT,TODAS CONSOLIDADAS,TT,TODAS CONSOLIDADAS,CUSCO,080000,2077,25710,47326,17.88,14.52,1.59,1.47,1.93,134628,88187,46441,226583,135081,91502,5924,Indicadores_ocupabilidad_2022.csv,2022-01-01,17.88,17.17,0.49999999999999994,0.8660254037844387,21.08,22.7,22.45,164323.0,285178.0,5495.0,22.076666666666664,0,33
,2022,2,TT,TODAS CONSOLIDADAS,TT,TODAS CONSOLIDADAS,CUSCO,080000,2073,25672,47157,17.17,14.39,1.58,1.41,2.02,120948,80056,40892,196764,115516,81248,5929,Indicadores_ocupabilidad_2022.csv,2022-02-01,17.17,20.47,0.8660254037844386,0.5000000000000001,17.88,21.08,22.7,134628.0,226583.0,5924.0,20.55333333333333,0,34
,2022,3,TT,TODAS CONSOLIDADAS,TT,TODAS CONSOLIDADAS,CUSCO,080000,2090,26056,48011,20.47,17.57,1.7,1.47,2.09,167981,88914,79067,284645,131352,153293,6164,Indicadores_ocupabilidad_2022.csv,2022-03-01,20.47,25.94,1.0,6.123233995736766e-17,17.17,17.88,21.08,120948.0,196764.0,5929.0,18.709999999999997,0,35
,2022,4,TT,TODAS CONSOLIDADAS,TT,TODAS CONSOLIDADAS,CUSCO,080000,2103,26439,48817,25.94,22.21,1.69,1.45,1.97,221018,88410,132608,377178,129985,247193,6489,Indicadores_ocupabilidad_2022.csv,2022-04-01,25.94,26.43,0.8660254037844387,-0.4999999999999998,20.47,17.17,17.88,167981.0,284645.0,6164.0,18.506666666666664,0,36
,2022,5,TT,TODAS CONSOLIDADAS,TT,TODAS CONSOLIDADAS,CUSCO,080000,2098,26557,49080,26.43,24.21,1.67,1.43,1.91,249232,94678,154554,426661,140024,286637,6694,Indicadores_ocupabilidad_2022.csv,2022-05-01,26.43,27.59,0.49999999999999994,-0.8660254037844387,25.94,20.47,17.17,221018.0,377178.0,6489.0,21.19333333333333,0,37
,2022,6,TT,TODAS CONSOLIDADAS,TT,TODAS CONSOLIDADAS,CUSCO,080000,2096,26692,49463,27.59,25.47,1.75,1.52,1.98,245055,90099,154956,431575,139122,292453,6823,Indicadores_ocupabilidad_2022.csv,2022-06-01,27.59,29.07,1.2246467991473532e-16,-1.0,26.43,25.94,20.47,249232.0,426661.0,6694.0,24.28,0,38
,2022,7,TT,TODAS CONSOLIDADAS,TT,TODAS CONSOLIDADAS,CUSCO,080000,2107,26918,49806,29.07,27.87,1.65,1.43,1.89,293775,119919,173856,505903,180661,325242,7052,Indicadores_ocupabilidad_2022.csv,2022-07-01,29.07,29.86,-0.4999999999999997,-0.8660254037844388,27.59,26.43,25.94,245055.0,431575.0,6823.0,26.653333333333336,0,39
,2022,8,TT,TODAS CONSOLIDADAS,TT,TODAS CONSOLIDADAS,CUSCO,080000,2107,26910,49837,29.86,26.33,1.58,1.39,1.76,287713,109108,178605,477708,159962,317746,7120,Indicadores_ocupabilidad_2022.csv,2022-08-01,29.86,30.65,-0.8660254037844384,-0.5000000000000004,29.07,27.59,26.43,293775.0,505903.0,7052.0,27.69666666666667,0,40
,2022,9,TT,TODAS CONSOLIDADAS,TT,TODAS CONSOLIDADAS,CUSCO,080000,2088,26724,49477,30.65,26.81,1.55,1.36,1.75,280473,105803,174670,459079,147942,311137,7104,Indicadores_ocupabilidad_2022.csv,2022-09-01,30.65,28.89,-1.0,-1.8369701987210297e-16,29.86,29.07,27.59,287713.0,477708.0,7120.0,28.84,0,41
,2022,10,TT,TODAS CONSOLIDADAS,TT,TODAS CONSOLIDADAS,CUSCO,080000,2092,26823,49831,28.89,26.55,1.63,1.41,1.84,282387,109622,172765,477121,161033,316088,7145,Indicadores_ocupabilidad_2022.csv,2022-10-01,28.89,27.09,-0.8660254037844386,0.5000000000000001,30.65,29.86,29.07,280473.0,459079.0,7104.0,29.86,0,42
,2022,11,TT,TODAS CONSOLIDADAS,TT,TODAS CONSOLIDADAS,CUSCO,080000,2083,26716,49615,27.09,24.71,1.7,1.47,1.9,239406,92813,146593,411208,138702,272506,7048,Indicadores_ocupabilidad_2022.csv,2022-11-01,27.09,19.71,-0.5000000000000004,0.8660254037844384,28.89,30.65,29.86,282387.0,477121.0,7145.0,29.8,0,43
,2022,12,TT,TODAS CONSOLIDADAS,TT,TODAS CONSOLIDADAS,CUSCO,080000,2076,26604,49271,19.71,16.8,1.61,1.44,1.93,161410,90779,70631,272006,135026,136980,6869,Indicadores_ocupabilidad_2022.csv,2022-12-01,19.71,10.0,-2.4492935982947064e-16,1.0,27.09,28.89,30.65,239406.0,411208.0,7048.0,28.876666666666665,0,44
,2023,1,TT,TODAS CONSOLIDADAS,TT,TODAS CONSOLIDADAS,CUSCO,080000,2146,26545,48448,10.0,8.12,1.52,1.31,1.95,79710,48183,31527,128723,65299,63424,6883,Indicadores_ocupabilidad_2023.csv,2023-01-01,10.0,10.94,0.49999999999999994,0.8660254037844387,19.71,27.09,28.89,161410.0,272006.0,6869.0,25.23,0,45
,2023,2,TT,TODAS CONSOLIDADAS,TT,TODAS CONSOLIDADAS,CUSCO,080000,2093,25462,46251,10.94,7.98,1.33,1.24,1.76,74556,59854,14702,103407,75998,27409,6057,Indicadores_ocupabilidad_2023.csv,2023-02-01,10.94,16.52,0.8660254037844386,0.5000000000000001,10.0,19.71,27.09,79710.0,128723.0,6883.0,18.933333333333334,0,46
,2023,3,TT,TODAS CONSOLIDADAS,TT,TODAS CONSOLIDADAS,CUSCO,080000,2133,26308,48090,16.52,12.81,1.55,1.42,1.85,124843,72997,51846,200315,104976,95339,6571,Indicadores_ocupabilidad_2023.csv,2023-03-01,16.52,19.87,1.0,6.123233995736766e-17,10.94,10.0,19.71,74556.0,103407.0,6057.0,13.549999999999999,0,47
,2023,4,TT,TODAS CONSOLIDADAS,TT,TODAS CONSOLIDADAS,CUSCO,080000,2153,27062,49567,19.87,17.17,1.57,1.35,1.84,175820,79501,96319,287370,111792,175578,6776,Indicadores_ocupabilidad_2023.csv,2023-04-01,19.87,21.49,0.8660254037844387,-0.4999999999999998,16.52,10.94,10.0,124843.0,200315.0,6571.0,12.486666666666666,0,48
,2023,5,TT,TODAS CONSOLIDADAS,TT,TODAS CONSOLIDADAS,CUSCO,080000,2151,27256,49985,21.49,18.93,1.57,1.38,1.78,202390,86868,115522,332906,125092,207814,6849,Indicadores_ocupabilidad_2023.csv,2023-05-01,21.49,23.87,0.49999999999999994,-0.8660254037844387,19.87,16.52,10.94,175820.0,287370.0,6776.0,15.776666666666666,0,49
,2023,6,TT,TODAS CONSOLIDADAS,TT,TODAS CONSOLIDADAS,CUSCO,080000,2155,27670,50901,23.87,21.56,1.63,1.44,1.81,215655,88580,127075,365598,132185,233413,6930,Indicadores_ocupabilidad_2023.csv,2023-06-01,23.87,27.82,1.2246467991473532e-16,-1.0,21.49,19.87,16.52,202390.0,332906.0,6849.0,19.293333333333333,0,50
,2023,7,TT,TODAS CONSOLIDADAS,TT,TODAS CONSOLIDADAS,CUSCO,080000,2153,28139,52023,27.82,25.17,1.51,1.36,1.63,285230,112069,173161,458088,161848,296240,7047,Indicadores_ocupabilidad_2023.csv,2023-07-01,27.82,25.96,-0.4999999999999997,-0.8660254037844388,23.87,21.49,19.87,215655.0,365598.0,6930.0,21.743333333333336,0,51
,2023,8,TT,TODAS CONSOLIDADAS,TT,TODAS CONSOLIDADAS,CUSCO,080000,2158,27828,51368,25.96,23.94,1.54,1.4,1.66,263401,102618,160783,424847,149821,275026,7080,Indicadores_ocupabilidad_2023.csv,2023-08-01,25.96,28.1,-0.8660254037844384,-0.5000000000000004,27.82,23.87,21.49,285230.0,458088.0,7047.0,24.39333333333333,0,52
,2023,9,TT,TODAS CONSOLIDADAS,TT,TODAS CONSOLIDADAS,CUSCO,080000,2158,27904,51523,28.1,24.92,1.56,1.39,1.68,264892,88198,176694,431204,126043,305161,6993,Indicadores_ocupabilidad_2023.csv,2023-09-01,28.1,26.95,-1.0,-1.8369701987210297e-16,25.96,27.82,23.87,263401.0,424847.0,7080.0,25.883333333333336,0,53
,2023,10,TT,TODAS CONSOLIDADAS,TT,TODAS CONSOLIDADAS,CUSCO,080000,2159,27891,51488,26.95,24.35,1.63,1.47,1.77,264748,97977,166771,442708,147596,295112,7070,Indicadores_ocupabilidad_2023.csv,2023-10-01,26.95,27.17,-0.8660254037844386,0.5000000000000001,28.1,25.96,27.82,264892.0,431204.0,6993.0,27.293333333333333,0,54
,2023,11,TT,TODAS CONSOLIDADAS,TT,TODAS CONSOLIDADAS,CUSCO,080000,2160,27915,51481,27.17,24.06,1.64,1.46,1.8,253794,93329,160465,418403,137487,280916,7115,Indicadores_ocupabilidad_2023.csv,2023-11-01,27.17,25.3,-0.5000000000000004,0.8660254037844384,26.95,28.1,25.96,264748.0,442708.0,7070.0,27.003333333333334,0,55
,2023,12,TT,TODAS CONSOLIDADAS,TT,TODAS CONSOLIDADAS,CUSCO,080000,2159,27518,50618,25.3,21.06,1.56,1.35,1.79,234039,97780,136259,378301,136996,241305,7093,Indicadores_ocupabilidad_2023.csv,2023-12-01,25.3,19.34,-2.4492935982947064e-16,1.0,27.17,26.95,28.1,253794.0,418403.0,7115.0,27.406666666666666,0,56
20260330,2024,1,TT,TODAS CONSOLIDADAS,TT,TODAS CONSOLIDADAS,CUSCO,080000,2274,28218,51532,19.34,17.4,1.5,1.31,1.71,206157,88248,117909,325791,120496,205295,7413,Indicadores_ocupabilidad_2024.csv,2024-01-01,19.34,22.24,0.49999999999999994,0.8660254037844387,25.3,27.17,26.95,234039.0,378301.0,7093.0,26.473333333333333,0,57
20260330,2024,2,TT,TODAS CONSOLIDADAS,TT,TODAS CONSOLIDADAS,CUSCO,080000,2259,28081,51187,22.24,17.87,1.66,1.32,2.06,169477,77072,92405,283302,104551,178751,7320,Indicadores_ocupabilidad_2024.csv,2024-02-01,22.24,24.99,0.8660254037844386,0.5000000000000001,19.34,25.3,27.17,206157.0,325791.0,7413.0,23.936666666666667,0,58
20260330,2024,3,TT,TODAS CONSOLIDADAS,TT,TODAS CONSOLIDADAS,CUSCO,080000,2291,28550,52145,24.99,23.13,1.7,1.38,1.9,259482,79239,180243,437651,110835,326816,7569,Indicadores_ocupabilidad_2024.csv,2024-03-01,24.99,27.87,1.0,6.123233995736766e-17,22.24,19.34,25.3,169477.0,283302.0,7320.0,22.293333333333333,0,59
20260330,2024,4,TT,TODAS CONSOLIDADAS,TT,TODAS CONSOLIDADAS,CUSCO,080000,2281,28388,51820,27.87,25.35,1.7,1.36,1.9,278907,75522,203385,475149,104917,370232,7637,Indicadores_ocupabilidad_2024.csv,2024-04-01,27.87,33.86,0.8660254037844387,-0.4999999999999998,24.99,22.24,19.34,259482.0,437651.0,7569.0,22.189999999999998,0,60
20260330,2024,5,TT,TODAS CONSOLIDADAS,TT,TODAS CONSOLIDADAS,CUSCO,080000,2277,28338,51729,33.86,29.87,1.75,1.34,1.98,333528,89635,243893,572325,122879,449446,7738,Indicadores_ocupabilidad_2024.csv,2024-05-01,33.86,37.0,0.49999999999999994,-0.8660254037844387,27.87,24.99,22.24,278907.0,475149.0,7637.0,25.03333333333333,0,61
20260330,2024,6,TT,TODAS CONSOLIDADAS,TT,TODAS CONSOLIDADAS,CUSCO,080000,2279,28337,51726,37.0,33.01,1.96,2.05,1.92,310523,93445,217078,578790,181892,396898,7798,Indicadores_ocupabilidad_2024.csv,2024-06-01,37.0,33.65,1.2246467991473532e-16,-1.0,33.86,27.87,24.99,333528.0,572325.0,7738.0,28.906666666666666,0,62
20260330,2024,7,TT,TODAS CONSOLIDADAS,TT,TODAS CONSOLIDADAS,CUSCO,080000,2278,28300,51641,33.65,31.03,1.75,1.51,1.95,340917,110932,229985,594311,170333,423978,7844,Indicadores_ocupabilidad_2024.csv,2024-07-01,33.65,29.76,-0.4999999999999997,-0.8660254037844388,37.0,33.86,27.87,310523.0,578790.0,7798.0,32.91,0,63
20260330,2024,8,TT,TODAS CONSOLIDADAS,TT,TODAS CONSOLIDADAS,CUSCO,080000,2275,28302,51637,29.76,27.89,1.68,1.48,1.85,322642,102928,219714,546780,155754,391026,7826,Indicadores_ocupabilidad_2024.csv,2024-08-01,29.76,34.97,-0.8660254037844384,-0.5000000000000004,33.65,37.0,33.86,340917.0,594311.0,7844.0,34.836666666666666,0,64
20260330,2024,9,TT,TODAS CONSOLIDADAS,TT,TODAS CONSOLIDADAS,CUSCO,080000,2273,28270,51547,34.97,27.78,1.83,1.38,2.16,299495,88916,210579,530466,126127,404339,7894,Indicadores_ocupabilidad_2024.csv,2024-09-01,34.97,27.28,-1.0,-1.8369701987210297e-16,29.76,33.65,37.0,322642.0,546780.0,7826.0,33.47,0,65
20260330,2024,10,TT,TODAS CONSOLIDADAS,TT,TODAS CONSOLIDADAS,CUSCO,080000,2269,28233,51459,27.28,24.41,1.7,1.42,1.92,299261,92781,206480,504482,136499,367983,7856,Indicadores_ocupabilidad_2024.csv,2024-10-01,27.28,26.45,-0.8660254037844386,0.5000000000000001,34.97,29.76,33.65,299495.0,530466.0,7894.0,32.79333333333333,0,66
20260330,2024,11,TT,TODAS CONSOLIDADAS,TT,TODAS CONSOLIDADAS,CUSCO,080000,2270,28214,51407,26.45,23.54,1.55,1.4,1.65,273786,82002,191784,439505,118256,321249,7791,Indicadores_ocupabilidad_2024.csv,2024-11-01,26.45,21.86,-0.5000000000000004,0.8660254037844384,27.28,34.97,29.76,299261.0,504482.0,7856.0,30.669999999999998,0,67
,2019,4,TT,TODAS CONSOLIDADAS,TT,TODAS CONSOLIDADAS,HUANCAVELICA,090000,186,2452,3839,21.04,18.18,1.12,1.11,1.32,18679,18503,176,21128,20889,239,402,Indicadores_ocupabilidad_2019.csv,2019-04-01,21.04,21.92,0.8660254037844387,-0.4999999999999998,19.5,19.11,18.49,16891.0,18219.0,408.0,19.03333333333333,0,0
,2019,5,TT,TODAS CONSOLIDADAS,TT,TODAS CONSOLIDADAS,HUANCAVELICA,090000,186,2449,3835,21.92,19.39,1.12,1.12,1.21,20489,20263,226,23225,22942,283,414,Indicadores_ocupabilidad_2019.csv,2019-05-01,21.92,23.5,0.49999999999999994,-0.8660254037844387,21.04,19.5,19.11,18679.0,21128.0,402.0,19.883333333333336,0,1
,2019,6,TT,TODAS CONSOLIDADAS,TT,TODAS CONSOLIDADAS,HUANCAVELICA,090000,186,2457,3809,23.5,20.33,1.14,1.14,1.15,20302,20000,302,23319,22961,358,417,Indicadores_ocupabilidad_2019.csv,2019-06-01,23.5,24.93,1.2246467991473532e-16,-1.0,21.92,21.04,19.5,20489.0,23225.0,414.0,20.820000000000004,0,2
,2019,7,TT,TODAS CONSOLIDADAS,TT,TODAS CONSOLIDADAS,HUANCAVELICA,090000,186,2467,3827,24.93,21.55,1.1,1.1,1.22,23083,22861,222,25502,25223,279,413,Indicadores_ocupabilidad_2019.csv,2019-07-01,24.93,23.47,-0.4999999999999997,-0.8660254037844388,23.5,21.92,21.04,20302.0,23319.0,417.0,22.153333333333336,0,3
,2019,8,TT,TODAS CONSOLIDADAS,TT,TODAS CONSOLIDADAS,HUANCAVELICA,090000,186,2460,3801,23.47,19.83,1.12,1.12,1.24,20783,20659,124,23255,23097,158,405,Indicadores_ocupabilidad_2019.csv,2019-08-01,23.47,25.54,-0.8660254037844384,-0.5000000000000004,24.93,23.5,21.92,23083.0,25502.0,413.0,23.45,0,4
,2019,9,TT,TODAS CONSOLIDADAS,TT,TODAS CONSOLIDADAS,HUANCAVELICA,090000,186,2422,3730,25.54,20.5,1.14,1.14,1.36,19986,19856,130,22953,22750,203,406,Indicadores_ocupabilidad_2019.csv,2019-09-01,25.54,22.19,-1.0,-1.8369701987210297e-16,23.47,24.93,23.5,20783.0,23255.0,405.0,23.966666666666665,0,5
,2019,10,TT,TODAS CONSOLIDADAS,TT,TODAS CONSOLIDADAS,HUANCAVELICA,090000,186,2426,3734,22.19,18.4,1.09,1.09,1.24,19491,19398,93,21241,21117,124,406,Indicadores_ocupabilidad_2019.csv,2019-10-01,22.19,22.08,-0.8660254037844386,0.5000000000000001,25.54,23.47,24.93,19986.0,22953.0,406.0,24.646666666666665,0,6
,2019,11,TT,TODAS CONSOLIDADAS,TT,TODAS CONSOLIDADAS,HUANCAVELICA,090000,186,2442,3788,22.08,19.17,1.15,1.15,1.37,18848,18758,90,21757,21632,125,413,Indicadores_ocupabilidad_2019.csv,2019-11-01,22.08,23.53,-0.5000000000000004,0.8660254037844384,22.19,25.54,23.47,19491.0,21241.0,406.0,23.733333333333334,0,7
,2019,12,TT,TODAS CONSOLIDADAS,TT,TODAS CONSOLIDADAS,HUANCAVELICA,090000,186,2486,3854,23.53,20.01,1.11,1.11,1.28,21386,21340,46,23732,23671,61,416,Indicadores_ocupabilidad_2019.csv,2019-12-01,23.53,17.62,-2.4492935982947064e-16,1.0,22.08,22.19,25.54,18848.0,21757.0,413.0,23.27,0,8
,2020,1,TT,TODAS CONSOLIDADAS,TT,TODAS CONSOLIDADAS,HUANCAVELICA,090000,210,2548,3962,17.62,14.94,1.14,1.14,0.05,16110,16106,4,18438,18430,8,440,Indicadores_ocupabilidad_2020.csv,2020-01-01,17.62,17.16,0.49999999999999994,0.8660254037844387,23.53,22.08,22.19,21386.0,23732.0,416.0,22.599999999999998,1,9
,2020,2,TT,TODAS CONSOLIDADAS,TT,TODAS CONSOLIDADAS,HUANCAVELICA,090000,210,2546,3962,17.16,14.24,1.19,1.19,1.23,13796,13774,22,16689,16660,29,442,Indicadores_ocupabilidad_2020.csv,2020-02-01,17.16,8.92,0.8660254037844386,0.5000000000000001,17.62,23.53,22.08,16110.0,18438.0,440.0,21.076666666666668,1,10
,2020,3,TT,TODAS CONSOLIDADAS,TT,TODAS CONSOLIDADAS,HUANCAVELICA,090000,209,2528,3911,8.92,6.95,1.23,1.23,1.05,6826,6811,15,8429,8408,21,439,Indicadores_ocupabilidad_2020.csv,2020-03-01,8.92,10.72,1.0,6.123233995736766e-17,17.16,17.62,23.53,13796.0,16689.0,442.0,19.436666666666667,1,11
,2020,4,TT,TODAS CONSOLIDADAS,TT,TODAS CONSOLIDADAS,HUANCAVELICA,090000,10,304,460,10.72,8.82,1.89,1.89,0.0,824,824,0,1289,1289,0,46,Indicadores_ocupabilidad_2020.csv,2020-04-01,10.72,14.54,0.8660254037844387,-0.4999999999999998,8.92,17.16,17.62,6826.0,8429.0,439.0,14.566666666666668,1,12
,2020,5,TT,TODAS CONSOLIDADAS,TT,TODAS CONSOLIDADAS,HUANCAVELICA,090000,9,288,453,14.54,12.42,2.94,2.94,0.0,968,968,0,1904,1904,0,50,Indicadores_ocupabilidad_2020.csv,2020-05-01,14.54,19.41,0.49999999999999994,-0.8660254037844387,10.72,8.92,17.16,824.0,1289.0,46.0,12.266666666666666,1,13
,2020,6,TT,TODAS CONSOLIDADAS,TT,TODAS CONSOLIDADAS,HUANCAVELICA,090000,9,288,453,19.41,16.55,2.73,2.73,0.0,965,965,0,2250,2250,0,50,Indicadores_ocupabilidad_2020.csv,2020-06-01,19.41,8.68,1.2246467991473532e-16,-1.0,14.54,10.72,8.92,968.0,1904.0,50.0,11.393333333333333,1,14
,2020,7,TT,TODAS CONSOLIDADAS,TT,TODAS CONSOLIDADAS,HUANCAVELICA,090000,96,1692,2544,8.68,7.47,2.44,2.44,0.07,2613,2606,7,5900,5891,9,210,Indicadores_ocupabilidad_2020.csv,2020-07-01,8.68,10.59,-0.4999999999999997,-0.8660254037844388,19.41,14.54,10.72,965.0,2250.0,50.0,14.89,1,15
,2020,8,TT,TODAS CONSOLIDADAS,TT,TODAS CONSOLIDADAS,HUANCAVELICA,090000,98,1706,2557,10.59,8.84,1.97,1.97,0.05,3804,3803,1,7069,7068,1,198,Indicadores_ocupabilidad_2020.csv,2020-08-01,10.59,16.07,-0.8660254037844384,-0.5000000000000004,8.68,19.41,14.54,2613.0,5900.0,210.0,14.209999999999999,1,16
,2020,9,TT,TODAS CONSOLIDADAS,TT,TODAS CONSOLIDADAS,HUANCAVELICA,090000,101,1768,2659,16.07,14.34,1.48,1.48,0.0,7747,7747,0,11784,11784,0,282,Indicadores_ocupabilidad_2020.csv,2020-09-01,16.07,17.4,-1.0,-1.8369701987210297e-16,10.59,8.68,19.41,3804.0,7069.0,198.0,12.893333333333333,1,17
,2020,10,TT,TODAS CONSOLIDADAS,TT,TODAS CONSOLIDADAS,HUANCAVELICA,090000,107,1931,2944,17.4,13.93,1.25,1.25,0.91,10091,10082,9,12644,12635,9,321,Indicadores_ocupabilidad_2020.csv,2020-10-01,17.4,15.91,-0.8660254037844386,0.5000000000000001,16.07,10.59,8.68,7747.0,11784.0,282.0,11.780000000000001,1,18
,2020,11,TT,TODAS CONSOLIDADAS,TT,TODAS CONSOLIDADAS,HUANCAVELICA,090000,108,1946,2968,15.91,13.5,1.18,1.18,1.05,10063,9989,74,11831,11744,87,298,Indicadores_ocupabilidad_2020.csv,2020-11-01,15.91,12.71,-0.5000000000000004,0.8660254037844384,17.4,16.07,10.59,10091.0,12644.0,321.0,14.686666666666667,1,19
,2020,12,TT,TODAS CONSOLIDADAS,TT,TODAS CONSOLIDADAS,HUANCAVELICA,090000,110,1975,2998,12.71,11.02,1.14,1.14,1.11,8956,8884,72,10032,9946,86,284,Indicadores_ocupabilidad_2020.csv,2020-12-01,12.71,11.9,-2.4492935982947064e-16,1.0,15.91,17.4,16.07,10063.0,11831.0,298.0,16.459999999999997,1,20
,2021,1,TT,TODAS CONSOLIDADAS,TT,TODAS CONSOLIDADAS,HUANCAVELICA,090000,182,2214,3475,11.9,10.01,1.13,1.13,1.22,9471,9443,28,10703,10667,36,279,Indicadores_ocupabilidad_2021.csv,2021-01-01,11.9,10.11,0.49999999999999994,0.8660254037844387,12.71,15.91,17.4,8956.0,10032.0,284.0,15.340000000000002,0,21
,2021,2,TT,TODAS CONSOLIDADAS,TT,TODAS CONSOLIDADAS,HUANCAVELICA,090000,178,2094,3296,10.11,7.87,1.09,1.09,2.41,6648,6642,6,7271,7259,12,260,Indicadores_ocupabilidad_2021.csv,2021-02-01,10.11,12.61,0.8660254037844386,0.5000000000000001,11.9,12.71,15.91,9471.0,10703.0,279.0,13.506666666666668,0,22
,2021,3,TT,TODAS CONSOLIDADAS,TT,TODAS CONSOLIDADAS,HUANCAVELICA,090000,176,2062,3217,12.61,10.46,1.09,1.09,1.33,9578,9530,48,10463,10389,74,263,Indicadores_ocupabilidad_2021.csv,2021-03-01,12.61,14.02,1.0,6.123233995736766e-17,10.11,11.9,12.71,6648.0,7271.0,260.0,11.573333333333332,0,23
,2021,4,TT,TODAS CONSOLIDADAS,TT,TODAS CONSOLIDADAS,HUANCAVELICA,090000,176,2095,3260,14.02,11.02,1.12,1.12,1.37,9505,9471,34,10706,10657,49,270,Indicadores_ocupabilidad_2021.csv,2021-04-01,14.02,15.99,0.8660254037844387,-0.4999999999999998,12.61,10.11,11.9,9578.0,10463.0,263.0,11.54,0,24
,2021,5,TT,TODAS CONSOLIDADAS,TT,TODAS CONSOLIDADAS,HUANCAVELICA,090000,176,2102,3272,15.99,12.94,1.1,1.1,1.55,11941,11911,30,13201,13152,49,256,Indicadores_ocupabilidad_2021.csv,2021-05-01,15.99,15.15,0.49999999999999994,-0.8660254037844387,14.02,12.61,10.11,9505.0,10706.0,270.0,12.246666666666668,0,25
,2021,6,TT,TODAS CONSOLIDADAS,TT,TODAS CONSOLIDADAS,HUANCAVELICA,090000,179,2154,3361,15.15,12.7,1.08,1.08,1.68,11722,11693,29,12757,12708,49,271,Indicadores_ocupabilidad_2021.csv,2021-06-01,15.15,18.3,1.2246467991473532e-16,-1.0,15.99,14.02,12.61,11941.0,13201.0,256.0,14.206666666666669,0,26
,2021,7,TT,TODAS CONSOLIDADAS,TT,TODAS CONSOLIDADAS,HUANCAVELICA,090000,182,2204,3448,18.3,14.68,1.11,1.11,1.78,14148,14101,47,15774,15689,85,283,Indicadores_ocupabilidad_2021.csv,2021-07-01,18.3,20.6,-0.4999999999999997,-0.8660254037844388,15.15,15.99,14.02,11722.0,12757.0,271.0,15.053333333333335,0,27
,2021,8,TT,TODAS CONSOLIDADAS,TT,TODAS CONSOLIDADAS,HUANCAVELICA,090000,181,2186,3412,20.6,16.54,1.09,1.08,1.51,16022,15975,47,17362,17289,73,277,Indicadores_ocupabilidad_2021.csv,2021-08-01,20.6,18.05,-0.8660254037844384,-0.5000000000000004,18.3,15.15,15.99,14148.0,15774.0,283.0,16.48,0,28
,2021,9,TT,TODAS CONSOLIDADAS,TT,TODAS CONSOLIDADAS,HUANCAVELICA,090000,186,2306,3569,18.05,14.81,1.13,1.13,1.29,13998,13964,34,15769,15715,54,306,Indicadores_ocupabilidad_2021.csv,2021-09-01,18.05,20.31,-1.0,-1.8369701987210297e-16,20.6,18.3,15.15,16022.0,17362.0,277.0,18.01666666666667,0,29
,2021,10,TT,TODAS CONSOLIDADAS,TT,TODAS CONSOLIDADAS,HUANCAVELICA,090000,186,2325,3587,20.31,17.42,1.14,1.14,1.44,17002,16942,60,19758,19667,91,306,Indicadores_ocupabilidad_2021.csv,2021-10-01,20.31,19.09,-0.8660254037844386,0.5000000000000001,18.05,20.6,18.3,13998.0,15769.0,306.0,18.983333333333334,0,30
,2021,11,TT,TODAS CONSOLIDADAS,TT,TODAS CONSOLIDADAS,HUANCAVELICA,090000,186,2333,3591,19.09,16.95,1.1,1.1,1.19,16423,16389,34,18001,17948,53,308,Indicadores_ocupabilidad_2021.csv,2021-11-01,19.09,19.18,-0.5000000000000004,0.8660254037844384,20.31,18.05,20.6,17002.0,19758.0,306.0,19.653333333333332,0,31
,2021,12,TT,TODAS CONSOLIDADAS,TT,TODAS CONSOLIDADAS,HUANCAVELICA,090000,186,2327,3588,19.18,16.4,1.14,1.14,0.95,15803,15789,14,17981,17967,14,297,Indicadores_ocupabilidad_2021.csv,2021-12-01,19.18,15.67,-2.4492935982947064e-16,1.0,19.09,20.31,18.05,16423.0,18001.0,308.0,19.150000000000002,0,32
,2022,1,TT,TODAS CONSOLIDADAS,TT,TODAS CONSOLIDADAS,HUANCAVELICA,090000,197,2408,3750,15.67,12.77,1.08,1.08,0.04,13682,13676,6,14807,14801,6,302,Indicadores_ocupabilidad_2022.csv,2022-01-01,15.67,18.51,0.49999999999999994,0.8660254037844387,19.18,19.09,20.31,15803.0,17981.0,297.0,19.526666666666667,0,33
,2022,2,TT,TODAS CONSOLIDADAS,TT,TODAS CONSOLIDADAS,HUANCAVELICA,090000,197,2408,3750,18.51,13.94,1.07,1.07,1.09,13707,13703,4,14669,14658,11,307,Indicadores_ocupabilidad_2022.csv,2022-02-01,18.51,16.65,0.8660254037844386,0.5000000000000001,15.67,19.18,19.09,13682.0,14807.0,302.0,17.98,0,34
,2022,3,TT,TODAS CONSOLIDADAS,TT,TODAS CONSOLIDADAS,HUANCAVELICA,090000,197,2405,3743,16.65,13.17,1.05,1.05,1.24,14371,14364,7,15163,15154,9,313,Indicadores_ocupabilidad_2022.csv,2022-03-01,16.65,18.37,1.0,6.123233995736766e-17,18.51,15.67,19.18,13707.0,14669.0,307.0,17.786666666666665,0,35
,2022,4,TT,TODAS CONSOLIDADAS,TT,TODAS CONSOLIDADAS,HUANCAVELICA,090000,198,2429,3786,18.37,14.41,1.1,1.1,1.4,14750,14735,15,16420,16391,29,318,Indicadores_ocupabilidad_2022.csv,2022-04-01,18.37,18.87,0.8660254037844387,-0.4999999999999998,16.65,18.51,15.67,14371.0,15163.0,313.0,16.943333333333335,0,36
,2022,5,TT,TODAS CONSOLIDADAS,TT,TODAS CONSOLIDADAS,HUANCAVELICA,090000,198,2429,3786,18.87,15.16,1.1,1.1,1.16,15914,15872,42,17754,17686,68,319,Indicadores_ocupabilidad_2022.csv,2022-05-01,18.87,19.86,0.49999999999999994,-0.8660254037844387,18.37,16.65,18.51,14750.0,16420.0,318.0,17.843333333333334,0,37
,2022,6,TT,TODAS CONSOLIDADAS,TT,TODAS CONSOLIDADAS,HUANCAVELICA,090000,198,2431,3776,19.86,16.23,1.1,1.1,1.43,16476,16438,38,18388,18317,71,310,Indicadores_ocupabilidad_2022.csv,2022-06-01,19.86,20.78,1.2246467991473532e-16,-1.0,18.87,18.37,16.65,15914.0,17754.0,319.0,17.963333333333335,0,38
,2022,7,TT,TODAS CONSOLIDADAS,TT,TODAS CONSOLIDADAS,HUANCAVELICA,090000,199,2425,3763,20.78,16.75,1.11,1.11,1.33,17398,17352,46,19313,19250,63,313,Indicadores_ocupabilidad_2022.csv,2022-07-01,20.78,20.24,-0.4999999999999997,-0.8660254037844388,19.86,18.87,18.37,16476.0,18388.0,310.0,19.033333333333335,0,39
,2022,8,TT,TODAS CONSOLIDADAS,TT,TODAS CONSOLIDADAS,HUANCAVELICA,090000,199,2427,3765,20.24,16.28,1.09,1.09,1.31,17116,17041,75,18764,18660,104,309,Indicadores_ocupabilidad_2022.csv,2022-08-01,20.24,19.68,-0.8660254037844384,-0.5000000000000004,20.78,19.86,18.87,17398.0,19313.0,313.0,19.83666666666667,0,40
,2022,9,TT,TODAS CONSOLIDADAS,TT,TODAS CONSOLIDADAS,HUANCAVELICA,090000,198,2417,3754,19.68,15.58,1.1,1.1,1.21,15951,15905,46,17801,17742,59,311,Indicadores_ocupabilidad_2022.csv,2022-09-01,19.68,22.43,-1.0,-1.8369701987210297e-16,20.24,20.78,19.86,17116.0,18764.0,309.0,20.293333333333333,0,41
,2022,10,TT,TODAS CONSOLIDADAS,TT,TODAS CONSOLIDADAS,HUANCAVELICA,090000,198,2415,3750,22.43,18.16,1.12,1.12,1.24,18737,18697,40,20896,20846,50,311,Indicadores_ocupabilidad_2022.csv,2022-10-01,22.43,25.35,-0.8660254037844386,0.5000000000000001,19.68,20.24,20.78,15951.0,17801.0,311.0,20.233333333333334,0,42
,2022,11,TT,TODAS CONSOLIDADAS,TT,TODAS CONSOLIDADAS,HUANCAVELICA,090000,198,2397,3705,25.35,20.47,1.12,1.12,1.23,20243,20148,95,22480,22359,121,306,Indicadores_ocupabilidad_2022.csv,2022-11-01,25.35,19.67,-0.5000000000000004,0.8660254037844384,22.43,19.68,20.24,18737.0,20896.0,311.0,20.78333333333333,0,43
,2022,12,TT,TODAS CONSOLIDADAS,TT,TODAS CONSOLIDADAS,HUANCAVELICA,090000,198,2391,3692,19.67,16.26,1.19,1.19,1.02,14897,14864,33,18000,17965,35,286,Indicadores_ocupabilidad_2022.csv,2022-12-01,19.67,14.56,-2.4492935982947064e-16,1.0,25.35,22.43,19.68,20243.0,22480.0,306.0,22.486666666666668,0,44
,2023,1,TT,TODAS CONSOLIDADAS,TT,TODAS CONSOLIDADAS,HUANCAVELICA,090000,223,2608,4083,14.56,12.03,1.13,1.13,0.99,13373,13366,7,15107,15099,8,463,Indicadores_ocupabilidad_2023.csv,2023-01-01,14.56,14.21,0.49999999999999994,0.8660254037844387,19.67,25.35,22.43,14897.0,18000.0,286.0,22.483333333333334,0,45
,2023,2,TT,TODAS CONSOLIDADAS,TT,TODAS CONSOLIDADAS,HUANCAVELICA,090000,223,2604,4084,14.21,10.95,1.08,1.08,1.25,11590,11574,16,12682,12661,21,454,Indicadores_ocupabilidad_2023.csv,2023-02-01,14.21,14.4,0.8660254037844386,0.5000000000000001,14.56,19.67,25.35,13373.0,15107.0,463.0,19.860000000000003,0,46
,2023,3,TT,TODAS CONSOLIDADAS,TT,TODAS CONSOLIDADAS,HUANCAVELICA,090000,222,2575,4043,14.4,11.22,1.11,1.11,1.47,12584,12572,12,14101,14084,17,441,Indicadores_ocupabilidad_2023.csv,2023-03-01,14.4,13.73,1.0,6.123233995736766e-17,14.21,14.56,19.67,11590.0,12682.0,454.0,16.14666666666667,0,47
,2023,4,TT,TODAS CONSOLIDADAS,TT,TODAS CONSOLIDADAS,HUANCAVELICA,090000,223,2584,4057,13.73,11.2,1.06,1.06,1.15,12930,12890,40,13907,13857,50,440,Indicadores_ocupabilidad_2023.csv,2023-04-01,13.73,14.92,0.8660254037844387,-0.4999999999999998,14.4,14.21,14.56,12584.0,14101.0,441.0,14.39,0,48
,2023,5,TT,TODAS CONSOLIDADAS,TT,TODAS CONSOLIDADAS,HUANCAVELICA,090000,223,2583,4051,14.92,11.61,1.06,1.06,1.12,13875,13818,57,14964,14870,94,448,Indicadores_ocupabilidad_2023.csv,2023-05-01,14.92,15.19,0.49999999999999994,-0.8660254037844387,13.73,14.4,14.21,12930.0,13907.0,440.0,14.113333333333335,0,49
,2023,6,TT,TODAS CONSOLIDADAS,TT,TODAS CONSOLIDADAS,HUANCAVELICA,090000,223,2602,4061,15.19,12.3,1.1,1.1,1.21,13726,13642,84,15313,15152,161,447,Indicadores_ocupabilidad_2023.csv,2023-06-01,15.19,15.7,1.2246467991473532e-16,-1.0,14.92,13.73,14.4,13875.0,14964.0,448.0,14.35,0,50
,2023,7,TT,TODAS CONSOLIDADAS,TT,TODAS CONSOLIDADAS,HUANCAVELICA,090000,223,2590,4050,15.7,12.54,1.09,1.09,1.33,14484,14417,67,15955,15847,108,445,Indicadores_ocupabilidad_2023.csv,2023-07-01,15.7,17.87,-0.4999999999999997,-0.8660254037844388,15.19,14.92,13.73,13726.0,15313.0,447.0,14.613333333333335,0,51
,2023,8,TT,TODAS CONSOLIDADAS,TT,TODAS CONSOLIDADAS,HUANCAVELICA,090000,223,2590,4050,17.87,14.07,1.08,1.08,1.28,16189,16106,83,17663,17555,108,456,Indicadores_ocupabilidad_2023.csv,2023-08-01,17.87,15.96,-0.8660254037844384,-0.5000000000000004,15.7,15.19,14.92,14484.0,15955.0,445.0,15.270000000000001,0,52
,2023,9,TT,TODAS CONSOLIDADAS,TT,TODAS CONSOLIDADAS,HUANCAVELICA,090000,223,2622,4089,15.96,12.49,1.09,1.09,1.2,14056,13960,96,15537,15421,116,440,Indicadores_ocupabilidad_2023.csv,2023-09-01,15.96,15.32,-1.0,-1.8369701987210297e-16,17.87,15.7,15.19,16189.0,17663.0,456.0,16.253333333333334,0,53
,2023,10,TT,TODAS CONSOLIDADAS,TT,TODAS CONSOLIDADAS,HUANCAVELICA,090000,223,2636,4102,15.32,11.83,1.09,1.09,1.1,13891,13830,61,15325,15254,71,441,Indicadores_ocupabilidad_2023.csv,2023-10-01,15.32,15.31,-0.8660254037844386,0.5000000000000001,15.96,17.87,15.7,14056.0,15537.0,440.0,16.51,0,54
,2023,11,TT,TODAS CONSOLIDADAS,TT,TODAS CONSOLIDADAS,HUANCAVELICA,090000,223,2639,4105,15.31,11.91,1.08,1.08,1.27,13711,13678,33,15073,15024,49,441,Indicadores_ocupabilidad_2023.csv,2023-11-01,15.31,16.32,-0.5000000000000004,0.8660254037844384,15.32,15.96,17.87,13891.0,15325.0,441.0,16.383333333333333,0,55
,2023,12,TT,TODAS CONSOLIDADAS,TT,TODAS CONSOLIDADAS,HUANCAVELICA,090000,223,2640,4107,16.32,12.97,1.07,1.07,0.98,15335,15302,33,16548,16515,33,436,Indicadores_ocupabilidad_2023.csv,2023-12-01,16.32,15.79,-2.4492935982947064e-16,1.0,15.31,15.32,15.96,13711.0,15073.0,441.0,15.530000000000001,0,56
20260330,2024,1,TT,TODAS CONSOLIDADAS,TT,TODAS CONSOLIDADAS,HUANCAVELICA,090000,246,2779,4319,15.79,12.51,1.1,1.1,1.45,15103,15064,39,16830,16775,55,328,Indicadores_ocupabilidad_2024.csv,2024-01-01,15.79,16.54,0.49999999999999994,0.8660254037844387,16.32,15.31,15.32,15335.0,16548.0,436.0,15.65,0,57
20260330,2024,2,TT,TODAS CONSOLIDADAS,TT,TODAS CONSOLIDADAS,HUANCAVELICA,090000,246,2759,4261,16.54,13.14,1.1,1.1,1.54,14196,14144,52,15936,15857,79,322,Indicadores_ocupabilidad_2024.csv,2024-02-01,16.54,17.52,0.8660254037844386,0.5000000000000001,15.79,16.32,15.31,15103.0,16830.0,328.0,15.806666666666667,0,58
20260330,2024,3,TT,TODAS CONSOLIDADAS,TT,TODAS CONSOLIDADAS,HUANCAVELICA,090000,246,2761,4264,17.52,13.82,1.09,1.09,1.35,16654,16551,103,18325,18184,141,327,Indicadores_ocupabilidad_2024.csv,2024-03-01,17.52,15.41,1.0,6.123233995736766e-17,16.54,15.79,16.32,14196.0,15936.0,322.0,16.216666666666665,0,59
20260330,2024,4,TT,TODAS CONSOLIDADAS,TT,TODAS CONSOLIDADAS,HUANCAVELICA,090000,247,2766,4275,15.41,12.29,1.1,1.1,1.12,14349,14311,38,16002,15947,55,321,Indicadores_ocupabilidad_2024.csv,2024-04-01,15.41,16.78,0.8660254037844387,-0.4999999999999998,17.52,16.54,15.79,16654.0,18325.0,327.0,16.616666666666664,0,60
20260330,2024,5,TT,TODAS CONSOLIDADAS,TT,TODAS CONSOLIDADAS,HUANCAVELICA,090000,247,2768,4265,16.78,13.63,1.12,1.11,1.51,16236,16161,75,18566,18444,122,324,Indicadores_ocupabilidad_2024.csv,2024-05-01,16.78,15.41,0.49999999999999994,-0.8660254037844387,15.41,17.52,16.54,14349.0,16002.0,321.0,16.49,0,61
20260330,2024,6,TT,TODAS CONSOLIDADAS,TT,TODAS CONSOLIDADAS,HUANCAVELICA,090000,247,2768,4265,15.41,12.58,1.09,1.09,1.23,14766,14688,78,16481,16381,100,318,Indicadores_ocupabilidad_2024.csv,2024-06-01,15.41,17.52,1.2246467991473532e-16,-1.0,16.78,15.41,17.52,16236.0,18566.0,324.0,16.57,0,62
20260330,2024,7,TT,TODAS CONSOLIDADAS,TT,TODAS CONSOLIDADAS,HUANCAVELICA,090000,247,2768,4265,17.52,14.07,1.12,1.12,1.41,16603,16532,71,18927,18824,103,325,Indicadores_ocupabilidad_2024.csv,2024-07-01,17.52,16.56,-0.4999999999999997,-0.8660254037844388,15.41,16.78,15.41,14766.0,16481.0,318.0,15.866666666666665,0,63
20260330,2024,8,TT,TODAS CONSOLIDADAS,TT,TODAS CONSOLIDADAS,HUANCAVELICA,090000,247,2768,4265,16.56,13.38,1.11,1.11,1.15,16003,15966,37,17971,17918,53,322,Indicadores_ocupabilidad_2024.csv,2024-08-01,16.56,17.73,-0.8660254037844384,-0.5000000000000004,17.52,15.41,16.78,16603.0,18927.0,325.0,16.57,0,64
20260330,2024,9,TT,TODAS CONSOLIDADAS,TT,TODAS CONSOLIDADAS,HUANCAVELICA,090000,247,2768,4265,17.73,14.19,1.1,1.1,1.24,16488,16399,89,18370,18255,115,322,Indicadores_ocupabilidad_2024.csv,2024-09-01,17.73,16.27,-1.0,-1.8369701987210297e-16,16.56,17.52,15.41,16003.0,17971.0,322.0,16.496666666666666,0,65
20260330,2024,10,TT,TODAS CONSOLIDADAS,TT,TODAS CONSOLIDADAS,HUANCAVELICA,090000,247,2771,4268,16.27,13.27,1.1,1.1,1.14,16220,16168,52,18147,18084,63,327,Indicadores_ocupabilidad_2024.csv,2024-10-01,16.27,15.98,-0.8660254037844386,0.5000000000000001,17.73,16.56,17.52,16488.0,18370.0,322.0,17.27,0,66
20260330,2024,11,TT,TODAS CONSOLIDADAS,TT,TODAS CONSOLIDADAS,HUANCAVELICA,090000,247,2769,4261,15.98,13.14,1.12,1.12,1.57,14874,14829,45,16997,16924,73,322,Indicadores_ocupabilidad_2024.csv,2024-11-01,15.98,15.53,-0.5000000000000004,0.8660254037844384,16.27,17.73,16.56,16220.0,18147.0,327.0,16.853333333333335,0,67
,2019,4,TT,TODAS CONSOLIDADAS,TT,TODAS CONSOLIDADAS,HUÁNUCO,100000,574,8306,12896,30.87,24.08,1.43,1.43,1.36,65128,64541,587,90023,89201,822,1530,Indicadores_ocupabilidad_2019.csv,2019-04-01,30.87,30.24,0.8660254037844387,-0.4999999999999998,27.84,28.17,33.09,60798.0,85040.0,1555.0,29.700000000000003,0,0
,2019,5,TT,TODAS CONSOLIDADAS,TT,TODAS CONSOLIDADAS,HUÁNUCO,100000,574,8310,12892,30.24,23.77,1.44,1.44,1.47,66656,65860,796,92658,91563,1095,1552,Indicadores_ocupabilidad_2019.csv,2019-05-01,30.24,32.71,0.49999999999999994,-0.8660254037844387,30.87,27.84,28.17,65128.0,90023.0,1530.0,28.959999999999997,0,1
,2019,6,TT,TODAS CONSOLIDADAS,TT,TODAS CONSOLIDADAS,HUÁNUCO,100000,575,8349,12948,32.71,25.37,1.43,1.42,1.67,70257,69533,724,96179,94977,1202,1557,Indicadores_ocupabilidad_2019.csv,2019-06-01,32.71,31.99,1.2246467991473532e-16,-1.0,30.24,30.87,27.84,66656.0,92658.0,1552.0,29.650000000000002,0,2
,2019,7,TT,TODAS CONSOLIDADAS,TT,TODAS CONSOLIDADAS,HUÁNUCO,100000,575,8297,12881,31.99,25.53,1.41,1.4,1.54,74139,73183,956,100662,99115,1547,1537,Indicadores_ocupabilidad_2019.csv,2019-07-01,31.99,34.34,-0.4999999999999997,-0.8660254037844388,32.71,30.24,30.87,70257.0,96179.0,1557.0,31.27333333333333,0,3
,2019,8,TT,TODAS CONSOLIDADAS,TT,TODAS CONSOLIDADAS,HUÁNUCO,100000,575,8297,12894,34.34,27.1,1.42,1.42,1.5,78959,78287,672,107157,106164,993,1540,Indicadores_ocupabilidad_2019.csv,2019-08-01,34.34,32.04,-0.8660254037844384,-0.5000000000000004,31.99,32.71,30.24,74139.0,100662.0,1537.0,31.646666666666665,0,4
,2019,9,TT,TODAS CONSOLIDADAS,TT,TODAS CONSOLIDADAS,HUÁNUCO,100000,577,8357,13003,32.04,25.24,1.43,1.43,1.77,69119,68504,615,95451,94429,1022,1554,Indicadores_ocupabilidad_2019.csv,2019-09-01,32.04,31.51,-1.0,-1.8369701987210297e-16,34.34,31.99,32.71,78959.0,107157.0,1540.0,33.013333333333335,0,5
,2019,10,TT,TODAS CONSOLIDADAS,TT,TODAS CONSOLIDADAS,HUÁNUCO,100000,577,8355,12965,31.51,24.8,1.44,1.44,1.98,71543,70968,575,98977,97912,1065,1574,Indicadores_ocupabilidad_2019.csv,2019-10-01,31.51,31.15,-0.8660254037844386,0.5000000000000001,32.04,34.34,31.99,69119.0,95451.0,1554.0,32.79,0,6
,2019,11,TT,TODAS CONSOLIDADAS,TT,TODAS CONSOLIDADAS,HUÁNUCO,100000,576,8342,12950,31.15,24.54,1.41,1.41,1.43,69261,68746,515,93934,93118,816,1556,Indicadores_ocupabilidad_2019.csv,2019-11-01,31.15,25.73,-0.5000000000000004,0.8660254037844384,31.51,32.04,34.34,71543.0,98977.0,1574.0,32.63,0,7
,2019,12,TT,TODAS CONSOLIDADAS,TT,TODAS CONSOLIDADAS,HUÁNUCO,100000,577,8340,12943,25.73,20.84,1.15,1.15,1.63,71997,71574,423,83011,82236,775,1549,Indicadores_ocupabilidad_2019.csv,2019-12-01,25.73,28.51,-2.4492935982947064e-16,1.0,31.15,31.51,32.04,69261.0,93934.0,1556.0,31.566666666666666,0,8
,2020,1,TT,TODAS CONSOLIDADAS,TT,TODAS CONSOLIDADAS,HUÁNUCO,100000,592,8314,12686,28.51,24.73,1.31,1.31,1.17,75356,75024,332,95929,95468,461,1512,Indicadores_ocupabilidad_2020.csv,2020-01-01,28.51,27.23,0.49999999999999994,0.8660254037844387,25.73,31.15,31.51,71997.0,83011.0,1549.0,29.463333333333335,1,9
,2020,2,TT,TODAS CONSOLIDADAS,TT,TODAS CONSOLIDADAS,HUÁNUCO,100000,591,8305,12669,27.23,24.35,1.32,1.32,1.28,69656,69304,352,88874,88402,472,1486,Indicadores_ocupabilidad_2020.csv,2020-02-01,27.23,17.0,0.8660254037844386,0.5000000000000001,28.51,25.73,31.15,75356.0,95929.0,1512.0,28.463333333333335,1,10
,2020,3,TT,TODAS CONSOLIDADAS,TT,TODAS CONSOLIDADAS,HUÁNUCO,100000,583,8177,12478,17.0,14.11,1.05,1.05,0.03,48206,48189,17,51025,50999,26,1151,Indicadores_ocupabilidad_2020.csv,2020-03-01,17.0,2.9,1.0,6.123233995736766e-17,27.23,28.51,25.73,69656.0,88874.0,1486.0,27.156666666666666,1,11
,2020,4,TT,TODAS CONSOLIDADAS,TT,TODAS CONSOLIDADAS,HUÁNUCO,100000,13,306,433,2.9,4.98,3.6,3.26,19.23,153,151,2,477,427,50,42,Indicadores_ocupabilidad_2020.csv,2020-04-01,2.9,1.98,0.8660254037844387,-0.4999999999999998,17.0,27.23,28.51,48206.0,51025.0,1151.0,24.24666666666667,1,12
,2020,5,TT,TODAS CONSOLIDADAS,TT,TODAS CONSOLIDADAS,HUÁNUCO,100000,54,1584,2459,1.98,2.23,1.07,1.03,6.02,1060,1058,2,1316,1266,50,233,Indicadores_ocupabilidad_2020.csv,2020-05-01,1.98,6.16,0.49999999999999994,-0.8660254037844387,2.9,17.0,27.23,153.0,477.0,42.0,15.709999999999999,1,13
,2020,6,TT,TODAS CONSOLIDADAS,TT,TODAS CONSOLIDADAS,HUÁNUCO,100000,60,1793,2768,6.16,5.12,3.98,3.98,0.57,2381,2369,12,3555,3535,20,315,Indicadores_ocupabilidad_2020.csv,2020-06-01,6.16,7.75,1.2246467991473532e-16,-1.0,1.98,2.9,17.0,1060.0,1316.0,233.0,7.293333333333333,1,14
,2020,7,TT,TODAS CONSOLIDADAS,TT,TODAS CONSOLIDADAS,HUÁNUCO,100000,331,6116,9140,7.75,6.27,1.3,1.29,1.09,13620,13386,234,17166,16850,316,739,Indicadores_ocupabilidad_2020.csv,2020-07-01,7.75,10.53,-0.4999999999999997,-0.8660254037844388,6.16,1.98,2.9,2381.0,3555.0,315.0,3.6799999999999997,1,15
,2020,8,TT,TODAS CONSOLIDADAS,TT,TODAS CONSOLIDADAS,HUÁNUCO,100000,332,6128,9144,10.53,8.63,1.38,1.35,2.05,18503,18116,387,24253,23269,984,772,Indicadores_ocupabilidad_2020.csv,2020-08-01,10.53,20.62,-0.8660254037844384,-0.5000000000000004,7.75,6.16,1.98,13620.0,17166.0,739.0,5.296666666666667,1,16
,2020,9,TT,TODAS CONSOLIDADAS,TT,TODAS CONSOLIDADAS,HUÁNUCO,100000,341,6346,9489,20.62,17.85,1.16,1.13,1.7,42890,41918,972,48957,47022,1935,1011,Indicadores_ocupabilidad_2020.csv,2020-09-01,20.62,22.52,-1.0,-1.8369701987210297e-16,10.53,7.75,6.16,18503.0,24253.0,772.0,8.146666666666667,1,17
,2020,10,TT,TODAS CONSOLIDADAS,TT,TODAS CONSOLIDADAS,HUÁNUCO,100000,343,6592,9837,22.52,20.03,1.08,1.08,1.0,54707,54545,162,59112,58936,176,1051,Indicadores_ocupabilidad_2020.csv,2020-10-01,22.52,23.43,-0.8660254037844386,0.5000000000000001,20.62,10.53,7.75,42890.0,48957.0,1011.0,12.966666666666667,1,18
,2020,11,TT,TODAS CONSOLIDADAS,TT,TODAS CONSOLIDADAS,HUÁNUCO,100000,351,6756,10089,23.43,20.12,1.11,1.11,1.02,54948,54629,319,60668,60320,348,1079,Indicadores_ocupabilidad_2020.csv,2020-11-01,23.43,21.47,-0.5000000000000004,0.8660254037844384,22.52,20.62,10.53,54707.0,59112.0,1051.0,17.89,1,19
,2020,12,TT,TODAS CONSOLIDADAS,TT,TODAS CONSOLIDADAS,HUÁNUCO,100000,354,6797,10149,21.47,19.26,1.1,1.1,1.06,54435,54128,307,60477,60114,363,1062,Indicadores_ocupabilidad_2020.csv,2020-12-01,21.47,19.1,-2.4492935982947064e-16,1.0,23.43,22.52,20.62,54948.0,60668.0,1079.0,22.189999999999998,1,20
,2021,1,TT,TODAS CONSOLIDADAS,TT,TODAS CONSOLIDADAS,HUÁNUCO,100000,553,7821,11880,19.1,17.36,1.15,1.15,1.11,57545,57289,256,67234,66925,309,1172,Indicadores_ocupabilidad_2021.csv,2021-01-01,19.1,16.72,0.49999999999999994,0.8660254037844387,21.47,23.43,22.52,54435.0,60477.0,1062.0,22.473333333333333,0,21
,2021,2,TT,TODAS CONSOLIDADAS,TT,TODAS CONSOLIDADAS,HUÁNUCO,100000,540,7597,11535,16.72,14.3,1.14,1.14,1.26,39822,39743,79,45868,45743,125,1109,Indicadores_ocupabilidad_2021.csv,2021-02-01,16.72,19.52,0.8660254037844386,0.5000000000000001,19.1,21.47,23.43,57545.0,67234.0,1172.0,21.333333333333332,0,22
,2021,3,TT,TODAS CONSOLIDADAS,TT,TODAS CONSOLIDADAS,HUÁNUCO,100000,548,7780,11869,19.52,17.04,1.16,1.16,1.27,55767,55563,204,64986,64732,254,1149,Indicadores_ocupabilidad_2021.csv,2021-03-01,19.52,17.93,1.0,6.123233995736766e-17,16.72,19.1,21.47,39822.0,45868.0,1109.0,19.096666666666664,0,23
,2021,4,TT,TODAS CONSOLIDADAS,TT,TODAS CONSOLIDADAS,HUÁNUCO,100000,549,7829,11950,17.93,15.4,1.13,1.13,1.11,51592,51366,226,58854,58574,280,1154,Indicadores_ocupabilidad_2021.csv,2021-04-01,17.93,21.56,0.8660254037844387,-0.4999999999999998,19.52,16.72,19.1,55767.0,64986.0,1149.0,18.446666666666665,0,24
,2021,5,TT,TODAS CONSOLIDADAS,TT,TODAS CONSOLIDADAS,HUÁNUCO,100000,547,7800,11905,21.56,18.63,1.12,1.12,1.12,64131,63774,357,74308,73846,462,1181,Indicadores_ocupabilidad_2021.csv,2021-05-01,21.56,21.72,0.49999999999999994,-0.8660254037844387,17.93,19.52,16.72,51592.0,58854.0,1154.0,18.056666666666665,0,25
,2021,6,TT,TODAS CONSOLIDADAS,TT,TODAS CONSOLIDADAS,HUÁNUCO,100000,549,7840,11966,21.72,18.65,1.09,1.09,1.04,65439,65220,219,74829,74532,297,1151,Indicadores_ocupabilidad_2021.csv,2021-06-01,21.72,21.25,1.2246467991473532e-16,-1.0,21.56,17.93,19.52,64131.0,74308.0,1181.0,19.67,0,26
,2021,7,TT,TODAS CONSOLIDADAS,TT,TODAS CONSOLIDADAS,HUÁNUCO,100000,549,7870,11993,21.25,18.18,1.12,1.12,1.07,65740,65447,293,77527,77171,356,1185,Indicadores_ocupabilidad_2021.csv,2021-07-01,21.25,21.95,-0.4999999999999997,-0.8660254037844388,21.72,21.56,17.93,65439.0,74829.0,1151.0,20.403333333333332,0,27
,2021,8,TT,TODAS CONSOLIDADAS,TT,TODAS CONSOLIDADAS,HUÁNUCO,100000,550,7896,12057,21.95,18.79,1.14,1.14,1.06,67336,66909,427,78969,78358,611,1191,Indicadores_ocupabilidad_2021.csv,2021-08-01,21.95,18.87,-0.8660254037844384,-0.5000000000000004,21.25,21.72,21.56,65740.0,77527.0,1185.0,21.51,0,28
,2021,9,TT,TODAS CONSOLIDADAS,TT,TODAS CONSOLIDADAS,HUÁNUCO,100000,551,7904,12057,18.87,15.61,1.11,1.11,1.25,54247,53964,283,64187,63726,461,1185,Indicadores_ocupabilidad_2021.csv,2021-09-01,18.87,21.6,-1.0,-1.8369701987210297e-16,21.95,21.25,21.72,67336.0,78969.0,1191.0,21.639999999999997,0,29
,2021,10,TT,TODAS CONSOLIDADAS,TT,TODAS CONSOLIDADAS,HUÁNUCO,100000,551,7881,12032,21.6,18.08,1.14,1.14,1.26,65879,65474,405,77992,77379,613,1183,Indicadores_ocupabilidad_2021.csv,2021-10-01,21.6,20.85,-0.8660254037844386,0.5000000000000001,18.87,21.95,21.25,54247.0,64187.0,1185.0,20.689999999999998,0,30
,2021,11,TT,TODAS CONSOLIDADAS,TT,TODAS CONSOLIDADAS,HUÁNUCO,100000,549,7889,12032,20.85,17.28,1.18,1.18,0.98,57567,57482,85,68091,67975,116,1143,Indicadores_ocupabilidad_2021.csv,2021-11-01,20.85,21.86,-0.5000000000000004,0.8660254037844384,21.6,18.87,21.95,65879.0,77992.0,1183.0,20.80666666666667,0,31
,2021,12,TT,TODAS CONSOLIDADAS,TT,TODAS CONSOLIDADAS,HUÁNUCO,100000,548,7843,11940,21.86,17.9,1.11,1.11,1.04,64920,64531,389,77923,77251,672,1090,Indicadores_ocupabilidad_2021.csv,2021-12-01,21.86,22.4,-2.4492935982947064e-16,1.0,20.85,21.6,18.87,57567.0,68091.0,1143.0,20.44,0,32
,2022,1,TT,TODAS CONSOLIDADAS,TT,TODAS CONSOLIDADAS,HUÁNUCO,100000,580,7908,12084,22.4,19.59,1.15,1.15,1.11,69732,69389,343,80479,80034,445,1193,Indicadores_ocupabilidad_2022.csv,2022-01-01,22.4,22.98,0.49999999999999994,0.8660254037844387,21.86,20.85,21.6,64920.0,77923.0,1090.0,21.436666666666667,0,33
,2022,2,TT,TODAS CONSOLIDADAS,TT,TODAS CONSOLIDADAS,HUÁNUCO,100000,579,7919,12121,22.98,20.14,1.12,1.12,1.05,66188,65732,456,75918,75355,563,1171,Indicadores_ocupabilidad_2022.csv,2022-02-01,22.98,20.04,0.8660254037844386,0.5000000000000001,22.4,21.86,20.85,69732.0,80479.0,1193.0,21.703333333333333,0,34
,2022,3,TT,TODAS CONSOLIDADAS,TT,TODAS CONSOLIDADAS,HUÁNUCO,100000,576,7907,12080,20.04,17.11,1.13,1.13,1.05,59897,59633,264,69497,69168,329,1167,Indicadores_ocupabilidad_2022.csv,2022-03-01,20.04,20.63,1.0,6.123233995736766e-17,22.98,22.4,21.86,66188.0,75918.0,1171.0,22.41333333333333,0,35
,2022,4,TT,TODAS CONSOLIDADAS,TT,TODAS CONSOLIDADAS,HUÁNUCO,100000,575,7908,12074,20.63,17.44,1.15,1.15,1.05,59371,59039,332,69143,68698,445,1165,Indicadores_ocupabilidad_2022.csv,2022-04-01,20.63,20.48,0.8660254037844387,-0.4999999999999998,20.04,22.98,22.4,59897.0,69497.0,1167.0,21.80666666666666,0,36
,2022,5,TT,TODAS CONSOLIDADAS,TT,TODAS CONSOLIDADAS,HUÁNUCO,100000,574,7882,12036,20.48,17.45,1.16,1.16,1.07,61011,60415,596,71361,70557,804,1159,Indicadores_ocupabilidad_2022.csv,2022-05-01,20.48,21.94,0.49999999999999994,-0.8660254037844387,20.63,20.04,22.98,59371.0,69143.0,1165.0,21.21666666666667,0,37
,2022,6,TT,TODAS CONSOLIDADAS,TT,TODAS CONSOLIDADAS,HUÁNUCO,100000,573,7879,12032,21.94,18.63,1.15,1.15,1.21,64877,64018,859,75611,74482,1129,1165,Indicadores_ocupabilidad_2022.csv,2022-06-01,21.94,23.88,1.2246467991473532e-16,-1.0,20.48,20.63,20.04,61011.0,71361.0,1159.0,20.383333333333333,0,38
,2022,7,TT,TODAS CONSOLIDADAS,TT,TODAS CONSOLIDADAS,HUÁNUCO,100000,572,7863,12016,23.88,20.68,1.17,1.17,1.18,73801,73163,638,87631,86760,871,1164,Indicadores_ocupabilidad_2022.csv,2022-07-01,23.88,24.51,-0.4999999999999997,-0.8660254037844388,21.94,20.48,20.63,64877.0,75611.0,1165.0,21.016666666666666,0,39
,2022,8,TT,TODAS CONSOLIDADAS,TT,TODAS CONSOLIDADAS,HUÁNUCO,100000,573,7860,12014,24.51,21.37,1.16,1.16,1.05,77374,76794,580,90267,89457,810,1170,Indicadores_ocupabilidad_2022.csv,2022-08-01,24.51,20.41,-0.8660254037844384,-0.5000000000000004,23.88,21.94,20.48,73801.0,87631.0,1164.0,22.100000000000005,0,40
,2022,9,TT,TODAS CONSOLIDADAS,TT,TODAS CONSOLIDADAS,HUÁNUCO,100000,574,7867,12009,20.41,17.83,1.16,1.16,1.18,62567,62314,253,74186,73839,347,1165,Indicadores_ocupabilidad_2022.csv,2022-09-01,20.41,23.95,-1.0,-1.8369701987210297e-16,24.51,23.88,21.94,77374.0,90267.0,1170.0,23.44333333333333,0,41
,2022,10,TT,TODAS CONSOLIDADAS,TT,TODAS CONSOLIDADAS,HUÁNUCO,100000,574,7877,12032,23.95,20.69,1.16,1.16,1.0,75164,74518,646,89463,88664,799,1142,Indicadores_ocupabilidad_2022.csv,2022-10-01,23.95,22.67,-0.8660254037844386,0.5000000000000001,20.41,24.51,23.88,62567.0,74186.0,1165.0,22.933333333333337,0,42
,2022,11,TT,TODAS CONSOLIDADAS,TT,TODAS CONSOLIDADAS,HUÁNUCO,100000,574,7880,12040,22.67,19.9,1.22,1.23,1.12,62541,62178,363,77627,77197,430,1134,Indicadores_ocupabilidad_2022.csv,2022-11-01,22.67,19.01,-0.5000000000000004,0.8660254037844384,23.95,20.41,24.51,75164.0,89463.0,1142.0,22.956666666666667,0,43
,2022,12,TT,TODAS CONSOLIDADAS,TT,TODAS CONSOLIDADAS,HUÁNUCO,100000,575,7902,12076,19.01,15.08,1.19,1.19,1.01,49168,48847,321,57287,56918,369,1080,Indicadores_ocupabilidad_2022.csv,2022-12-01,19.01,18.48,-2.4492935982947064e-16,1.0,22.67,23.95,20.41,62541.0,77627.0,1134.0,22.343333333333334,0,44
,2023,1,TT,TODAS CONSOLIDADAS,TT,TODAS CONSOLIDADAS,HUÁNUCO,100000,595,8273,12595,18.48,16.01,1.15,1.15,1.09,56448,56030,418,68878,68249,629,1196,Indicadores_ocupabilidad_2023.csv,2023-01-01,18.48,20.25,0.49999999999999994,0.8660254037844387,19.01,22.67,23.95,49168.0,57287.0,1080.0,21.876666666666665,0,45
,2023,2,TT,TODAS CONSOLIDADAS,TT,TODAS CONSOLIDADAS,HUÁNUCO,100000,593,8233,12558,20.25,17.11,1.15,1.15,1.19,55754,55556,198,67508,67252,256,1193,Indicadores_ocupabilidad_2023.csv,2023-02-01,20.25,17.88,0.8660254037844386,0.5000000000000001,18.48,19.01,22.67,56448.0,68878.0,1196.0,20.05333333333333,0,46
,2023,3,TT,TODAS CONSOLIDADAS,TT,TODAS CONSOLIDADAS,HUÁNUCO,100000,593,8227,12548,17.88,15.02,1.16,1.16,1.29,54466,54061,405,66343,65692,651,1187,Indicadores_ocupabilidad_2023.csv,2023-03-01,17.88,20.59,1.0,6.123233995736766e-17,20.25,18.48,19.01,55754.0,67508.0,1193.0,19.246666666666666,0,47
,2023,4,TT,TODAS CONSOLIDADAS,TT,TODAS CONSOLIDADAS,HUÁNUCO,100000,595,8240,12542,20.59,17.46,1.15,1.15,1.21,60722,60428,294,73975,73556,419,1187,Indicadores_ocupabilidad_2023.csv,2023-04-01,20.59,19.41,0.8660254037844387,-0.4999999999999998,17.88,20.25,18.48,54466.0,66343.0,1187.0,18.87,0,48
,2023,5,TT,TODAS CONSOLIDADAS,TT,TODAS CONSOLIDADAS,HUÁNUCO,100000,595,8252,12564,19.41,16.18,1.17,1.17,1.2,56638,56240,398,69912,69307,605,1185,Indicadores_ocupabilidad_2023.csv,2023-05-01,19.41,21.9,0.49999999999999994,-0.8660254037844387,20.59,17.88,20.25,60722.0,73975.0,1187.0,19.573333333333334,0,49
,2023,6,TT,TODAS CONSOLIDADAS,TT,TODAS CONSOLIDADAS,HUÁNUCO,100000,594,8234,12540,21.9,18.62,1.16,1.16,1.24,63790,63460,330,77891,77406,485,1185,Indicadores_ocupabilidad_2023.csv,2023-06-01,21.9,22.89,1.2246467991473532e-16,-1.0,19.41,20.59,17.88,56638.0,69912.0,1185.0,19.293333333333333,0,50
,2023,7,TT,TODAS CONSOLIDADAS,TT,TODAS CONSOLIDADAS,HUÁNUCO,100000,594,8257,12577,22.89,19.42,1.16,1.16,1.19,70463,69847,616,87220,86137,1083,1200,Indicadores_ocupabilidad_2023.csv,2023-07-01,22.89,22.86,-0.4999999999999997,-0.8660254037844388,21.9,19.41,20.59,63790.0,77891.0,1185.0,20.633333333333333,0,51
,2023,8,TT,TODAS CONSOLIDADAS,TT,TODAS CONSOLIDADAS,HUÁNUCO,100000,592,8235,12554,22.86,19.01,1.2,1.2,1.15,68383,67948,435,85662,85058,604,1184,Indicadores_ocupabilidad_2023.csv,2023-08-01,22.86,22.38,-0.8660254037844384,-0.5000000000000004,22.89,21.9,19.41,70463.0,87220.0,1200.0,21.400000000000002,0,52
,2023,9,TT,TODAS CONSOLIDADAS,TT,TODAS CONSOLIDADAS,HUÁNUCO,100000,592,8255,12567,22.38,18.45,1.18,1.18,1.13,64693,64410,283,79546,79124,422,1192,Indicadores_ocupabilidad_2023.csv,2023-09-01,22.38,22.1,-1.0,-1.8369701987210297e-16,22.86,22.89,21.9,68383.0,85662.0,1184.0,22.55,0,53
,2023,10,TT,TODAS CONSOLIDADAS,TT,TODAS CONSOLIDADAS,HUÁNUCO,100000,592,8270,12590,22.1,18.93,1.19,1.19,1.18,67765,67420,345,84815,84281,534,1187,Indicadores_ocupabilidad_2023.csv,2023-10-01,22.1,19.73,-0.8660254037844386,0.5000000000000001,22.38,22.86,22.89,64693.0,79546.0,1192.0,22.709999999999997,0,54
,2023,11,TT,TODAS CONSOLIDADAS,TT,TODAS CONSOLIDADAS,HUÁNUCO,100000,591,8226,12530,19.73,16.29,1.18,1.18,1.19,55400,55136,264,69610,69213,397,1189,Indicadores_ocupabilidad_2023.csv,2023-11-01,19.73,20.83,-0.5000000000000004,0.8660254037844384,22.1,22.38,22.86,67765.0,84815.0,1187.0,22.44666666666667,0,55
,2023,12,TT,TODAS CONSOLIDADAS,TT,TODAS CONSOLIDADAS,HUÁNUCO,100000,591,8201,12495,20.83,17.39,1.16,1.16,1.08,61751,61337,414,75032,74457,575,1163,Indicadores_ocupabilidad_2023.csv,2023-12-01,20.83,20.84,-2.4492935982947064e-16,1.0,19.73,22.1,22.38,55400.0,69610.0,1189.0,21.403333333333336,0,56
20260330,2024,1,TT,TODAS CONSOLIDADAS,TT,TODAS CONSOLIDADAS,HUÁNUCO,100000,643,9010,14077,20.84,16.89,1.23,1.23,1.15,63175,62695,480,81216,80447,769,1313,Indicadores_ocupabilidad_2024.csv,2024-01-01,20.84,21.75,0.49999999999999994,0.8660254037844387,20.83,19.73,22.1,61751.0,75032.0,1163.0,20.886666666666667,0,57
20260330,2024,2,TT,TODAS CONSOLIDADAS,TT,TODAS CONSOLIDADAS,HUÁNUCO,100000,642,8698,13511,21.75,17.8,1.21,1.21,1.22,58995,58574,421,74258,73639,619,1307,Indicadores_ocupabilidad_2024.csv,2024-02-01,21.75,18.3,0.8660254037844386,0.5000000000000001,20.84,20.83,19.73,63175.0,81216.0,1313.0,20.46666666666667,0,58
20260330,2024,3,TT,TODAS CONSOLIDADAS,TT,TODAS CONSOLIDADAS,HUÁNUCO,100000,642,8758,13615,18.3,15.17,1.16,1.15,1.28,58268,57828,440,72577,71828,749,1287,Indicadores_ocupabilidad_2024.csv,2024-03-01,18.3,19.44,1.0,6.123233995736766e-17,21.75,20.84,20.83,58995.0,74258.0,1307.0,21.14,0,59
20260330,2024,4,TT,TODAS CONSOLIDADAS,TT,TODAS CONSOLIDADAS,HUÁNUCO,100000,641,8727,13497,19.44,15.81,1.17,1.17,1.27,55782,55436,346,69880,69334,546,1287,Indicadores_ocupabilidad_2024.csv,2024-04-01,19.44,18.24,0.8660254037844387,-0.4999999999999998,18.3,21.75,20.84,58268.0,72577.0,1287.0,20.296666666666667,0,60
20260330,2024,5,TT,TODAS CONSOLIDADAS,TT,TODAS CONSOLIDADAS,HUÁNUCO,100000,639,8696,13441,18.24,14.8,1.2,1.2,1.26,55372,55012,360,71728,71067,661,1293,Indicadores_ocupabilidad_2024.csv,2024-05-01,18.24,20.21,0.49999999999999994,-0.8660254037844387,19.44,18.3,21.75,55782.0,69880.0,1287.0,19.83,0,61
20260330,2024,6,TT,TODAS CONSOLIDADAS,TT,TODAS CONSOLIDADAS,HUÁNUCO,100000,640,8732,13492,20.21,16.3,1.2,1.2,1.74,60013,59675,338,76790,76178,612,1297,Indicadores_ocupabilidad_2024.csv,2024-06-01,20.21,21.45,1.2246467991473532e-16,-1.0,18.24,19.44,18.3,55372.0,71728.0,1293.0,18.66,0,62
20260330,2024,7,TT,TODAS CONSOLIDADAS,TT,TODAS CONSOLIDADAS,HUÁNUCO,100000,639,8730,13489,21.45,17.74,1.18,1.18,1.29,69954,69539,415,88891,88212,679,1295,Indicadores_ocupabilidad_2024.csv,2024-07-01,21.45,23.91,-0.4999999999999997,-0.8660254037844388,20.21,18.24,19.44,60013.0,76790.0,1297.0,19.296666666666667,0,63
20260330,2024,8,TT,TODAS CONSOLIDADAS,TT,TODAS CONSOLIDADAS,HUÁNUCO,100000,637,8700,13447,23.91,19.51,1.17,1.17,1.47,75405,74784,621,93429,92416,1013,1287,Indicadores_ocupabilidad_2024.csv,2024-08-01,23.91,20.08,-0.8660254037844384,-0.5000000000000004,21.45,20.21,18.24,69954.0,88891.0,1295.0,19.96666666666667,0,64
20260330,2024,9,TT,TODAS CONSOLIDADAS,TT,TODAS CONSOLIDADAS,HUÁNUCO,100000,636,8711,13466,20.08,16.71,1.19,1.19,1.25,62168,61617,551,78082,77239,843,1304,Indicadores_ocupabilidad_2024.csv,2024-09-01,20.08,23.06,-1.0,-1.8369701987210297e-16,23.91,21.45,20.21,75405.0,93429.0,1287.0,21.856666666666666,0,65
20260330,2024,10,TT,TODAS CONSOLIDADAS,TT,TODAS CONSOLIDADAS,HUÁNUCO,100000,637,8687,13426,23.06,18.33,1.19,1.19,1.24,69416,68959,457,88471,87520,951,1287,Indicadores_ocupabilidad_2024.csv,2024-10-01,23.06,20.66,-0.8660254037844386,0.5000000000000001,20.08,23.91,21.45,62168.0,78082.0,1304.0,21.813333333333333,0,66
20260330,2024,11,TT,TODAS CONSOLIDADAS,TT,TODAS CONSOLIDADAS,HUÁNUCO,100000,637,8702,13449,20.66,16.53,1.25,1.25,1.27,58825,58406,419,77602,76846,756,1286,Indicadores_ocupabilidad_2024.csv,2024-11-01,20.66,19.77,-0.5000000000000004,0.8660254037844384,23.06,20.08,23.91,69416.0,88471.0,1287.0,22.349999999999998,0,67
,2019,4,TT,TODAS CONSOLIDADAS,TT,TODAS CONSOLIDADAS,ICA,110000,939,14552,26568,24.83,22.43,1.23,1.24,1.15,148065,123056,25009,194062,161650,32412,3395,Indicadores_ocupabilidad_2019.csv,2019-04-01,24.83,24.41,0.8660254037844387,-0.4999999999999998,26.0,29.74,27.53,148793.0,202166.0,3419.0,27.756666666666664,0,0
,2019,5,TT,TODAS CONSOLIDADAS,TT,TODAS CONSOLIDADAS,ICA,110000,941,14648,26721,24.41,19.25,1.18,1.19,1.15,138823,113418,25405,174717,143132,31585,3445,Indicadores_ocupabilidad_2019.csv,2019-05-01,24.41,22.2,0.49999999999999994,-0.8660254037844387,24.83,26.0,29.74,148065.0,194062.0,3395.0,26.856666666666666,0,1
,2019,6,TT,TODAS CONSOLIDADAS,TT,TODAS CONSOLIDADAS,ICA,110000,938,14606,26707,22.2,19.28,1.2,1.21,1.18,130304,106564,23740,164045,133395,30650,3411,Indicadores_ocupabilidad_2019.csv,2019-06-01,22.2,27.38,1.2246467991473532e-16,-1.0,24.41,24.83,26.0,138823.0,174717.0,3445.0,25.080000000000002,0,2
,2019,7,TT,TODAS CONSOLIDADAS,TT,TODAS CONSOLIDADAS,ICA,110000,939,14658,26738,27.38,22.6,1.18,1.18,1.17,166799,136188,30611,210575,170816,39759,3479,Indicadores_ocupabilidad_2019.csv,2019-07-01,27.38,30.68,-0.4999999999999997,-0.8660254037844388,22.2,24.41,24.83,130304.0,164045.0,3411.0,23.813333333333333,0,3
,2019,8,TT,TODAS CONSOLIDADAS,TT,TODAS CONSOLIDADAS,ICA,110000,931,15116,27435,30.68,25.1,1.29,1.3,1.24,172537,139296,33241,232240,187328,44912,3541,Indicadores_ocupabilidad_2019.csv,2019-08-01,30.68,25.8,-0.8660254037844384,-0.5000000000000004,27.38,22.2,24.41,166799.0,210575.0,3479.0,24.663333333333338,0,4
,2019,9,TT,TODAS CONSOLIDADAS,TT,TODAS CONSOLIDADAS,ICA,110000,932,15195,27534,25.8,20.25,1.22,1.23,1.18,141189,113843,27346,177327,143069,34258,3514,Indicadores_ocupabilidad_2019.csv,2019-09-01,25.8,28.43,-1.0,-1.8369701987210297e-16,30.68,27.38,22.2,172537.0,232240.0,3541.0,26.75333333333333,0,5
,2019,10,TT,TODAS CONSOLIDADAS,TT,TODAS CONSOLIDADAS,ICA,110000,930,15162,27440,28.43,24.62,1.3,1.31,1.25,169748,137667,32081,226270,185490,40780,3557,Indicadores_ocupabilidad_2019.csv,2019-10-01,28.43,27.67,-0.8660254037844386,0.5000000000000001,25.8,30.68,27.38,141189.0,177327.0,3514.0,27.953333333333333,0,6
,2019,11,TT,TODAS CONSOLIDADAS,TT,TODAS CONSOLIDADAS,ICA,110000,931,15274,27648,27.67,22.9,1.25,1.26,1.22,156148,130684,25464,206943,173498,33445,3566,Indicadores_ocupabilidad_2019.csv,2019-11-01,27.67,26.13,-0.5000000000000004,0.8660254037844384,28.43,25.8,30.68,169748.0,226270.0,3557.0,28.30333333333333,0,7
,2019,12,TT,TODAS CONSOLIDADAS,TT,TODAS CONSOLIDADAS,ICA,110000,932,15259,27514,26.13,20.76,1.21,1.22,1.22,151104,128876,22228,196135,165352,30783,3528,Indicadores_ocupabilidad_2019.csv,2019-12-01,26.13,25.02,-2.4492935982947064e-16,1.0,27.67,28.43,25.8,156148.0,206943.0,3566.0,27.3,0,8
,2020,1,TT,TODAS CONSOLIDADAS,TT,TODAS CONSOLIDADAS,ICA,110000,958,15015,27040,25.02,21.03,1.18,1.19,1.16,160889,138698,22191,212990,181856,31134,3549,Indicadores_ocupabilidad_2020.csv,2020-01-01,25.02,29.2,0.49999999999999994,0.8660254037844387,26.13,27.67,28.43,151104.0,196135.0,3528.0,27.41,1,9
,2020,2,TT,TODAS CONSOLIDADAS,TT,TODAS CONSOLIDADAS,ICA,110000,955,14952,26941,29.2,25.91,1.22,1.23,1.22,171313,153168,18145,228068,203754,24314,3284,Indicadores_ocupabilidad_2020.csv,2020-02-01,29.2,11.71,0.8660254037844386,0.5000000000000001,25.02,26.13,27.67,160889.0,212990.0,3549.0,26.27333333333333,1,10
,2020,3,TT,TODAS CONSOLIDADAS,TT,TODAS CONSOLIDADAS,ICA,110000,946,14753,26582,11.71,8.91,1.22,1.23,1.36,59931,54218,5713,79533,70681,8852,2961,Indicadores_ocupabilidad_2020.csv,2020-03-01,11.71,11.14,1.0,6.123233995736766e-17,29.2,25.02,26.13,171313.0,228068.0,3284.0,26.78333333333333,1,11
,2020,4,TT,TODAS CONSOLIDADAS,TT,TODAS CONSOLIDADAS,ICA,110000,20,814,1646,11.14,6.3,3.42,3.34,5.51,1000,992,8,4204,4077,127,351,Indicadores_ocupabilidad_2020.csv,2020-04-01,11.14,20.9,0.8660254037844387,-0.4999999999999998,11.71,29.2,25.02,59931.0,79533.0,2961.0,21.97666666666667,1,12
,2020,5,TT,TODAS CONSOLIDADAS,TT,TODAS CONSOLIDADAS,ICA,110000,107,3358,6165,20.9,15.25,2.14,2.13,1.56,8491,8446,45,34653,34428,225,595,Indicadores_ocupabilidad_2020.csv,2020-05-01,20.9,30.33,0.49999999999999994,-0.8660254037844387,11.14,11.71,29.2,1000.0,4204.0,351.0,17.35,1,13
,2020,6,TT,TODAS CONSOLIDADAS,TT,TODAS CONSOLIDADAS,ICA,110000,114,3716,6974,30.33,23.73,11.18,11.18,3.83,5683,5674,9,50818,50699,119,969,Indicadores_ocupabilidad_2020.csv,2020-06-01,30.33,25.42,1.2246467991473532e-16,-1.0,20.9,11.14,11.71,8491.0,34653.0,595.0,14.583333333333334,1,14
,2020,7,TT,TODAS CONSOLIDADAS,TT,TODAS CONSOLIDADAS,ICA,110000,619,11528,20846,25.42,16.72,4.47,4.49,1.15,30009,29488,521,114555,113695,860,2152,Indicadores_ocupabilidad_2020.csv,2020-07-01,25.42,17.54,-0.4999999999999997,-0.8660254037844388,30.33,20.9,11.14,5683.0,50818.0,969.0,20.79,1,15
,2020,8,TT,TODAS CONSOLIDADAS,TT,TODAS CONSOLIDADAS,ICA,110000,625,11679,21073,17.54,11.88,2.37,2.37,1.99,32148,32043,105,92074,91726,348,2161,Indicadores_ocupabilidad_2020.csv,2020-08-01,17.54,24.71,-0.8660254037844384,-0.5000000000000004,25.42,30.33,20.9,30009.0,114555.0,2152.0,25.55,1,16
,2020,9,TT,TODAS CONSOLIDADAS,TT,TODAS CONSOLIDADAS,ICA,110000,646,12058,21662,24.71,18.1,1.81,1.81,1.61,63243,62911,332,126531,125806,725,2355,Indicadores_ocupabilidad_2020.csv,2020-09-01,24.71,24.61,-1.0,-1.8369701987210297e-16,17.54,25.42,30.33,32148.0,92074.0,2161.0,24.429999999999996,1,17
,2020,10,TT,TODAS CONSOLIDADAS,TT,TODAS CONSOLIDADAS,ICA,110000,650,12524,22593,24.61,17.84,1.85,1.85,1.48,67653,67035,618,137716,136514,1202,2720,Indicadores_ocupabilidad_2020.csv,2020-10-01,24.61,28.05,-0.8660254037844386,0.5000000000000001,24.71,17.54,25.42,63243.0,126531.0,2355.0,22.55666666666667,1,18
,2020,11,TT,TODAS CONSOLIDADAS,TT,TODAS CONSOLIDADAS,ICA,110000,664,12857,23158,28.05,21.15,1.68,1.69,1.45,88210,86783,1427,163641,160984,2657,2791,Indicadores_ocupabilidad_2020.csv,2020-11-01,28.05,22.1,-0.5000000000000004,0.8660254037844384,24.61,24.71,17.54,67653.0,137716.0,2720.0,22.286666666666665,1,19
,2020,12,TT,TODAS CONSOLIDADAS,TT,TODAS CONSOLIDADAS,ICA,110000,666,12821,23087,22.1,19.04,1.53,1.53,1.5,90187,88562,1625,150082,146812,3270,2796,Indicadores_ocupabilidad_2020.csv,2020-12-01,22.1,20.33,-2.4492935982947064e-16,1.0,28.05,24.61,24.71,88210.0,163641.0,2791.0,25.790000000000003,1,20
,2021,1,TT,TODAS CONSOLIDADAS,TT,TODAS CONSOLIDADAS,ICA,110000,903,14015,25255,20.33,16.11,1.43,1.44,1.36,90976,88424,2552,156957,152836,4121,2837,Indicadores_ocupabilidad_2021.csv,2021-01-01,20.33,14.7,0.49999999999999994,0.8660254037844387,22.1,28.05,24.61,90187.0,150082.0,2796.0,24.92,0,21
,2021,2,TT,TODAS CONSOLIDADAS,TT,TODAS CONSOLIDADAS,ICA,110000,892,13677,24554,14.7,11.45,1.5,1.5,1.42,51672,50967,705,96147,94608,1539,2619,Indicadores_ocupabilidad_2021.csv,2021-02-01,14.7,17.46,0.8660254037844386,0.5000000000000001,20.33,22.1,28.05,90976.0,156957.0,2837.0,23.493333333333336,0,22
,2021,3,TT,TODAS CONSOLIDADAS,TT,TODAS CONSOLIDADAS,ICA,110000,901,14080,25385,17.46,13.95,1.32,1.32,1.58,86620,84223,2397,135571,131076,4495,2840,Indicadores_ocupabilidad_2021.csv,2021-03-01,17.46,17.51,1.0,6.123233995736766e-17,14.7,20.33,22.1,51672.0,96147.0,2619.0,19.043333333333333,0,23
,2021,4,TT,TODAS CONSOLIDADAS,TT,TODAS CONSOLIDADAS,ICA,110000,898,13972,25134,17.51,13.82,1.43,1.42,1.84,75360,72741,2619,125463,120187,5276,2856,Indicadores_ocupabilidad_2021.csv,2021-04-01,17.51,20.4,0.8660254037844387,-0.4999999999999998,17.46,14.7,20.33,86620.0,135571.0,2840.0,17.496666666666666,0,24
,2021,5,TT,TODAS CONSOLIDADAS,TT,TODAS CONSOLIDADAS,ICA,110000,898,13981,25162,20.4,15.58,1.45,1.44,1.65,87660,83939,3721,143698,137232,6466,2859,Indicadores_ocupabilidad_2021.csv,2021-05-01,20.4,19.39,0.49999999999999994,-0.8660254037844387,17.51,17.46,14.7,75360.0,125463.0,2856.0,16.55666666666667,0,25
,2021,6,TT,TODAS CONSOLIDADAS,TT,TODAS CONSOLIDADAS,ICA,110000,894,13869,24897,19.39,14.47,1.34,1.33,1.35,80888,76180,4708,119696,112765,6931,2822,Indicadores_ocupabilidad_2021.csv,2021-06-01,19.39,21.83,1.2246467991473532e-16,-1.0,20.4,17.51,17.46,87660.0,143698.0,2859.0,18.456666666666667,0,26
,2021,7,TT,TODAS CONSOLIDADAS,TT,TODAS CONSOLIDADAS,ICA,110000,899,13885,24915,21.83,17.72,1.3,1.29,1.4,110622,103480,7142,163705,153164,10541,2805,Indicadores_ocupabilidad_2021.csv,2021-07-01,21.83,22.67,-0.4999999999999997,-0.8660254037844388,19.39,20.4,17.51,80888.0,119696.0,2822.0,19.099999999999998,0,27
,2021,8,TT,TODAS CONSOLIDADAS,TT,TODAS CONSOLIDADAS,ICA,110000,899,13941,25039,22.67,18.1,1.29,1.29,1.4,115356,108386,6970,170169,159949,10220,2801,Indicadores_ocupabilidad_2021.csv,2021-08-01,22.67,21.38,-0.8660254037844384,-0.5000000000000004,21.83,19.39,20.4,110622.0,163705.0,2805.0,20.539999999999996,0,28
,2021,9,TT,TODAS CONSOLIDADAS,TT,TODAS CONSOLIDADAS,ICA,110000,899,13948,24985,21.38,16.29,1.24,1.24,1.23,103751,93566,10185,142947,129338,13609,2797,Indicadores_ocupabilidad_2021.csv,2021-09-01,21.38,25.39,-1.0,-1.8369701987210297e-16,22.67,21.83,19.39,115356.0,170169.0,2801.0,21.296666666666667,0,29
,2021,10,TT,TODAS CONSOLIDADAS,TT,TODAS CONSOLIDADAS,ICA,110000,902,13980,25036,25.39,20.5,1.32,1.31,1.36,128889,111469,17420,191368,166247,25121,2584,Indicadores_ocupabilidad_2021.csv,2021-10-01,25.39,21.2,-0.8660254037844386,0.5000000000000001,21.38,22.67,21.83,103751.0,142947.0,2797.0,21.959999999999997,0,30
,2021,11,TT,TODAS CONSOLIDADAS,TT,TODAS CONSOLIDADAS,ICA,110000,904,14050,25135,21.2,16.91,1.34,1.31,1.34,100238,79384,20854,147832,117613,30219,2553,Indicadores_ocupabilidad_2021.csv,2021-11-01,21.2,19.37,-0.5000000000000004,0.8660254037844384,25.39,21.38,22.67,128889.0,191368.0,2584.0,23.146666666666665,0,31
,2021,12,TT,TODAS CONSOLIDADAS,TT,TODAS CONSOLIDADAS,ICA,110000,902,14020,25053,19.37,16.1,1.4,1.38,1.37,98605,79921,18684,154777,126030,28747,2693,Indicadores_ocupabilidad_2021.csv,2021-12-01,19.37,22.31,-2.4492935982947064e-16,1.0,21.2,25.39,21.38,100238.0,147832.0,2553.0,22.656666666666666,0,32
,2022,1,TT,TODAS CONSOLIDADAS,TT,TODAS CONSOLIDADAS,ICA,110000,970,14176,25378,22.31,19.09,1.29,1.29,1.24,129885,117326,12559,187146,168375,18771,3179,Indicadores_ocupabilidad_2022.csv,2022-01-01,22.31,27.31,0.49999999999999994,0.8660254037844387,19.37,21.2,25.39,98605.0,154777.0,2693.0,21.986666666666668,0,33
,2022,2,TT,TODAS CONSOLIDADAS,TT,TODAS CONSOLIDADAS,ICA,110000,968,14299,25591,27.31,23.49,1.24,1.23,1.24,152176,138460,13716,216533,196660,19873,3217,Indicadores_ocupabilidad_2022.csv,2022-02-01,27.31,23.7,0.8660254037844386,0.5000000000000001,22.31,19.37,21.2,129885.0,187146.0,3179.0,20.959999999999997,0,34
,2022,3,TT,TODAS CONSOLIDADAS,TT,TODAS CONSOLIDADAS,ICA,110000,961,14265,25489,23.7,18.49,1.26,1.25,1.29,125525,106187,19338,175080,147692,27388,3287,Indicadores_ocupabilidad_2022.csv,2022-03-01,23.7,22.94,1.0,6.123233995736766e-17,27.31,22.31,19.37,152176.0,216533.0,3217.0,22.996666666666666,0,35
,2022,4,TT,TODAS CONSOLIDADAS,TT,TODAS CONSOLIDADAS,ICA,110000,953,14218,25480,22.94,18.5,1.27,1.26,1.3,117633,95787,21846,163591,133022,30569,2889,Indicadores_ocupabilidad_2022.csv,2022-04-01,22.94,24.11,0.8660254037844387,-0.4999999999999998,23.7,27.31,22.31,125525.0,175080.0,3287.0,24.439999999999998,0,36
,2022,5,TT,TODAS CONSOLIDADAS,TT,TODAS CONSOLIDADAS,ICA,110000,959,14276,25556,24.11,18.37,1.36,1.37,1.25,117357,93646,23711,169825,137883,31942,3216,Indicadores_ocupabilidad_2022.csv,2022-05-01,24.11,21.25,0.49999999999999994,-0.8660254037844387,22.94,23.7,27.31,117633.0,163591.0,2889.0,24.649999999999995,0,37
,2022,6,TT,TODAS CONSOLIDADAS,TT,TODAS CONSOLIDADAS,ICA,110000,956,14233,25561,21.25,16.33,1.25,1.24,1.27,103326,82587,20739,137265,108586,28679,3258,Indicadores_ocupabilidad_2022.csv,2022-06-01,21.25,24.94,1.2246467991473532e-16,-1.0,24.11,22.94,23.7,117357.0,169825.0,3216.0,23.583333333333332,0,38
,2022,7,TT,TODAS CONSOLIDADAS,TT,TODAS CONSOLIDADAS,ICA,110000,956,14269,25622,24.94,20.59,1.31,1.33,1.22,136431,108360,28071,193373,154422,38951,3257,Indicadores_ocupabilidad_2022.csv,2022-07-01,24.94,28.52,-0.4999999999999997,-0.8660254037844388,21.25,24.11,22.94,103326.0,137265.0,3258.0,22.766666666666666,0,39
,2022,8,TT,TODAS CONSOLIDADAS,TT,TODAS CONSOLIDADAS,ICA,110000,961,14380,25820,28.52,23.03,1.32,1.34,1.21,145496,114454,31042,205161,164369,40792,3286,Indicadores_ocupabilidad_2022.csv,2022-08-01,28.52,28.31,-0.8660254037844384,-0.5000000000000004,24.94,21.25,24.11,136431.0,193373.0,3257.0,23.433333333333334,0,40
,2022,9,TT,TODAS CONSOLIDADAS,TT,TODAS CONSOLIDADAS,ICA,110000,961,14370,25836,28.31,23.11,1.38,1.42,1.2,128822,98664,30158,183055,143611,39444,3187,Indicadores_ocupabilidad_2022.csv,2022-09-01,28.31,26.42,-1.0,-1.8369701987210297e-16,28.52,24.94,21.25,145496.0,205161.0,3286.0,24.903333333333336,0,41
,2022,10,TT,TODAS CONSOLIDADAS,TT,TODAS CONSOLIDADAS,ICA,110000,960,14320,26288,26.42,21.65,1.33,1.33,1.3,141768,114438,27330,203519,164015,39504,3183,Indicadores_ocupabilidad_2022.csv,2022-10-01,26.42,25.76,-0.8660254037844386,0.5000000000000001,28.31,28.52,24.94,128822.0,183055.0,3187.0,27.256666666666664,0,42
,2022,11,TT,TODAS CONSOLIDADAS,TT,TODAS CONSOLIDADAS,ICA,110000,962,14386,26392,25.76,21.13,1.28,1.28,1.27,128282,104726,23556,172912,141145,31767,3174,Indicadores_ocupabilidad_2022.csv,2022-11-01,25.76,23.86,-0.5000000000000004,0.8660254037844384,26.42,28.31,28.52,141768.0,203519.0,3183.0,27.75,0,43
,2022,12,TT,TODAS CONSOLIDADAS,TT,TODAS CONSOLIDADAS,ICA,110000,963,14396,26416,23.86,19.17,1.4,1.4,1.4,111413,99751,11662,161463,142900,18563,3200,Indicadores_ocupabilidad_2022.csv,2022-12-01,23.86,19.9,-2.4492935982947064e-16,1.0,25.76,26.42,28.31,128282.0,172912.0,3174.0,26.830000000000002,0,44
,2023,1,TT,TODAS CONSOLIDADAS,TT,TODAS CONSOLIDADAS,ICA,110000,1007,14973,27533,19.9,16.97,1.44,1.44,1.4,101275,91270,10005,149454,133273,16181,3556,Indicadores_ocupabilidad_2023.csv,2023-01-01,19.9,21.58,0.49999999999999994,0.8660254037844387,23.86,25.76,26.42,111413.0,161463.0,3200.0,25.346666666666664,0,45
,2023,2,TT,TODAS CONSOLIDADAS,TT,TODAS CONSOLIDADAS,ICA,110000,1006,14887,27483,21.58,18.44,1.27,1.26,1.39,120291,110968,9323,166346,151696,14650,3527,Indicadores_ocupabilidad_2023.csv,2023-02-01,21.58,22.29,0.8660254037844386,0.5000000000000001,19.9,23.86,25.76,101275.0,149454.0,3556.0,23.173333333333332,0,46
,2023,3,TT,TODAS CONSOLIDADAS,TT,TODAS CONSOLIDADAS,ICA,110000,1011,14988,27700,22.29,18.34,1.37,1.36,1.37,120437,108348,12089,168716,150076,18640,3535,Indicadores_ocupabilidad_2023.csv,2023-03-01,22.29,25.47,1.0,6.123233995736766e-17,21.58,19.9,23.86,120291.0,166346.0,3527.0,21.78,0,47
,2023,4,TT,TODAS CONSOLIDADAS,TT,TODAS CONSOLIDADAS,ICA,110000,1009,14959,27649,25.47,21.32,1.41,1.42,1.32,131054,113886,17168,192551,165790,26761,3507,Indicadores_ocupabilidad_2023.csv,2023-04-01,25.47,21.29,0.8660254037844387,-0.4999999999999998,22.29,21.58,19.9,120437.0,168716.0,3535.0,21.256666666666664,0,48
,2023,5,TT,TODAS CONSOLIDADAS,TT,TODAS CONSOLIDADAS,ICA,110000,1011,15035,27757,21.29,17.28,1.37,1.38,1.31,112560,94752,17808,160951,135604,25347,3512,Indicadores_ocupabilidad_2023.csv,2023-05-01,21.29,20.97,0.49999999999999994,-0.8660254037844387,25.47,22.29,21.58,131054.0,192551.0,3507.0,23.113333333333333,0,49
,2023,6,TT,TODAS CONSOLIDADAS,TT,TODAS CONSOLIDADAS,ICA,110000,1009,15009,27650,20.97,17.36,1.34,1.35,1.23,107885,89456,18429,150198,124890,25308,3470,Indicadores_ocupabilidad_2023.csv,2023-06-01,20.97,27.82,1.2246467991473532e-16,-1.0,21.29,25.47,22.29,112560.0,160951.0,3512.0,23.016666666666666,0,50
,2023,7,TT,TODAS CONSOLIDADAS,TT,TODAS CONSOLIDADAS,ICA,110000,1011,15013,27673,27.82,22.26,1.37,1.39,1.21,140162,117281,22881,199791,168293,31498,3481,Indicadores_ocupabilidad_2023.csv,2023-07-01,27.82,27.94,-0.4999999999999997,-0.8660254037844388,20.97,21.29,25.47,107885.0,150198.0,3470.0,22.576666666666664,0,51
,2023,8,TT,TODAS CONSOLIDADAS,TT,TODAS CONSOLIDADAS,ICA,110000,1008,14990,27582,27.94,22.51,1.47,1.51,1.24,134283,110810,23473,197957,166226,31731,3429,Indicadores_ocupabilidad_2023.csv,2023-08-01,27.94,27.56,-0.8660254037844384,-0.5000000000000004,27.82,20.97,21.29,140162.0,199791.0,3481.0,23.36,0,52
,2023,9,TT,TODAS CONSOLIDADAS,TT,TODAS CONSOLIDADAS,ICA,110000,1008,14998,27647,27.56,21.25,1.5,1.55,1.27,120642,97591,23051,179006,147508,31498,3423,Indicadores_ocupabilidad_2023.csv,2023-09-01,27.56,31.43,-1.0,-1.8369701987210297e-16,27.94,27.82,20.97,134283.0,197957.0,3429.0,25.576666666666668,0,53
,2023,10,TT,TODAS CONSOLIDADAS,TT,TODAS CONSOLIDADAS,ICA,110000,1007,15012,27819,31.43,24.84,1.6,1.66,1.27,142562,118340,24222,225260,192261,32999,3431,Indicadores_ocupabilidad_2023.csv,2023-10-01,31.43,23.0,-0.8660254037844386,0.5000000000000001,27.56,27.94,27.82,120642.0,179006.0,3423.0,27.77333333333333,0,54
,2023,11,TT,TODAS CONSOLIDADAS,TT,TODAS CONSOLIDADAS,ICA,110000,1004,14974,27758,23.0,17.27,1.38,1.39,1.29,114464,94509,19955,162583,135275,27308,3354,Indicadores_ocupabilidad_2023.csv,2023-11-01,23.0,25.68,-0.5000000000000004,0.8660254037844384,31.43,27.56,27.94,142562.0,225260.0,3431.0,28.97666666666667,0,55
,2023,12,TT,TODAS CONSOLIDADAS,TT,TODAS CONSOLIDADAS,ICA,110000,1002,14940,27696,25.68,20.09,1.39,1.39,1.32,132297,114546,17751,192280,166041,26239,3344,Indicadores_ocupabilidad_2023.csv,2023-12-01,25.68,24.14,-2.4492935982947064e-16,1.0,23.0,31.43,27.56,114464.0,162583.0,3354.0,27.330000000000002,0,56
20260330,2024,1,TT,TODAS CONSOLIDADAS,TT,TODAS CONSOLIDADAS,ICA,110000,1084,15598,27855,24.14,19.08,1.25,1.24,1.27,149468,126590,22878,204711,172682,32029,3640,Indicadores_ocupabilidad_2024.csv,2024-01-01,24.14,25.57,0.49999999999999994,0.8660254037844387,25.68,23.0,31.43,132297.0,192280.0,3344.0,26.703333333333333,0,57
20260330,2024,2,TT,TODAS CONSOLIDADAS,TT,TODAS CONSOLIDADAS,ICA,110000,1083,15621,27874,25.57,19.64,1.24,1.23,1.3,145211,124603,20608,201718,172038,29680,3655,Indicadores_ocupabilidad_2024.csv,2024-02-01,25.57,25.21,0.8660254037844386,0.5000000000000001,24.14,25.68,23.0,149468.0,204711.0,3640.0,24.27333333333333,0,58
20260330,2024,3,TT,TODAS CONSOLIDADAS,TT,TODAS CONSOLIDADAS,ICA,110000,1083,15639,27968,25.21,18.93,1.24,1.25,1.24,147737,122870,24867,197594,164106,33488,3634,Indicadores_ocupabilidad_2024.csv,2024-03-01,25.21,21.14,1.0,6.123233995736766e-17,25.57,24.14,25.68,145211.0,201718.0,3655.0,25.13,0,59
20260330,2024,4,TT,TODAS CONSOLIDADAS,TT,TODAS CONSOLIDADAS,ICA,110000,1084,15541,27720,21.14,15.6,1.16,1.16,1.2,124630,95267,29363,154263,116298,37965,3594,Indicadores_ocupabilidad_2024.csv,2024-04-01,21.14,20.91,0.8660254037844387,-0.4999999999999998,25.21,25.57,24.14,147737.0,197594.0,3634.0,24.973333333333333,0,60
20260330,2024,5,TT,TODAS CONSOLIDADAS,TT,TODAS CONSOLIDADAS,ICA,110000,1082,15507,27634,20.91,14.25,1.14,1.15,1.16,119944,93874,26070,150763,116999,33764,3552,Indicadores_ocupabilidad_2024.csv,2024-05-01,20.91,21.71,0.49999999999999994,-0.8660254037844387,21.14,25.21,25.57,124630.0,154263.0,3594.0,23.973333333333333,0,61
20260330,2024,6,TT,TODAS CONSOLIDADAS,TT,TODAS CONSOLIDADAS,ICA,110000,1085,15616,27846,21.71,14.51,1.19,1.19,1.18,114628,91118,23510,143635,113003,30632,3547,Indicadores_ocupabilidad_2024.csv,2024-06-01,21.71,25.49,1.2246467991473532e-16,-1.0,20.91,21.14,25.21,119944.0,150763.0,3552.0,22.42,0,62
20260330,2024,7,TT,TODAS CONSOLIDADAS,TT,TODAS CONSOLIDADAS,ICA,110000,1084,15617,27824,25.49,19.15,1.27,1.3,1.17,147758,116749,31009,196457,156520,39937,3553,Indicadores_ocupabilidad_2024.csv,2024-07-01,25.49,24.08,-0.4999999999999997,-0.8660254037844388,21.71,20.91,21.14,114628.0,143635.0,3547.0,21.253333333333334,0,63
20260330,2024,8,TT,TODAS CONSOLIDADAS,TT,TODAS CONSOLIDADAS,ICA,110000,1084,15619,27801,24.08,18.56,1.22,1.25,1.15,151348,118332,33016,199581,157885,41696,3571,Indicadores_ocupabilidad_2024.csv,2024-08-01,24.08,23.55,-0.8660254037844384,-0.5000000000000004,25.49,21.71,20.91,147758.0,196457.0,3553.0,22.703333333333333,0,64
20260330,2024,9,TT,TODAS CONSOLIDADAS,TT,TODAS CONSOLIDADAS,ICA,110000,1085,15643,27828,23.55,16.82,1.21,1.23,1.18,129500,95794,33706,163991,121519,42472,3592,Indicadores_ocupabilidad_2024.csv,2024-09-01,23.55,27.94,-1.0,-1.8369701987210297e-16,24.08,25.49,21.71,151348.0,199581.0,3571.0,23.76,0,65
20260330,2024,10,TT,TODAS CONSOLIDADAS,TT,TODAS CONSOLIDADAS,ICA,110000,1083,15641,27840,27.94,20.68,1.35,1.41,1.16,153773,120072,33701,216611,173664,42947,3584,Indicadores_ocupabilidad_2024.csv,2024-10-01,27.94,25.26,-0.8660254037844386,0.5000000000000001,23.55,24.08,25.49,129500.0,163991.0,3592.0,24.37333333333333,0,66
20260330,2024,11,TT,TODAS CONSOLIDADAS,TT,TODAS CONSOLIDADAS,ICA,110000,1087,15704,27900,25.26,18.66,1.33,1.36,1.17,136207,111621,24586,186832,155053,31779,3679,Indicadores_ocupabilidad_2024.csv,2024-11-01,25.26,23.0,-0.5000000000000004,0.8660254037844384,27.94,23.55,24.08,153773.0,216611.0,3584.0,25.189999999999998,0,67
,2019,4,TT,TODAS CONSOLIDADAS,TT,TODAS CONSOLIDADAS,JUNÍN,120000,1309,16148,26840,21.78,17.3,1.2,1.19,1.51,114559,114009,550,138875,137962,913,2839,Indicadores_ocupabilidad_2019.csv,2019-04-01,21.78,21.58,0.8660254037844387,-0.4999999999999998,19.11,20.98,20.08,102569.0,122195.0,2781.0,20.05666666666667,0,0
,2019,5,TT,TODAS CONSOLIDADAS,TT,TODAS CONSOLIDADAS,JUNÍN,120000,1307,16109,26883,21.58,17.15,1.18,1.18,1.62,118749,117864,885,141744,140284,1460,2845,Indicadores_ocupabilidad_2019.csv,2019-05-01,21.58,23.13,0.49999999999999994,-0.8660254037844387,21.78,19.11,20.98,114559.0,138875.0,2839.0,20.623333333333335,0,1
,2019,6,TT,TODAS CONSOLIDADAS,TT,TODAS CONSOLIDADAS,JUNÍN,120000,1311,16177,27028,23.13,17.71,1.16,1.16,1.35,121967,121152,815,142939,141773,1166,2863,Indicadores_ocupabilidad_2019.csv,2019-06-01,23.13,27.05,1.2246467991473532e-16,-1.0,21.58,21.78,19.11,118749.0,141744.0,2845.0,20.823333333333334,0,2
,2019,7,TT,TODAS CONSOLIDADAS,TT,TODAS CONSOLIDADAS,JUNÍN,120000,1317,16539,27633,27.05,21.71,1.17,1.17,1.67,155856,154612,1244,185965,183442,2523,2886,Indicadores_ocupabilidad_2019.csv,2019-07-01,27.05,25.36,-0.4999999999999997,-0.8660254037844388,23.13,21.58,21.78,121967.0,142939.0,2863.0,22.16333333333333,0,3
,2019,8,TT,TODAS CONSOLIDADAS,TT,TODAS CONSOLIDADAS,JUNÍN,120000,1321,16485,27461,25.36,20.27,1.16,1.16,1.39,146255,145034,1221,172435,170527,1908,2889,Indicadores_ocupabilidad_2019.csv,2019-08-01,25.36,24.19,-0.8660254037844384,-0.5000000000000004,27.05,23.13,21.58,155856.0,185965.0,2886.0,23.919999999999998,0,4
,2019,9,TT,TODAS CONSOLIDADAS,TT,TODAS CONSOLIDADAS,JUNÍN,120000,1320,16469,27391,24.19,18.53,1.16,1.16,1.47,128668,127702,966,151995,150501,1494,2895,Indicadores_ocupabilidad_2019.csv,2019-09-01,24.19,22.91,-1.0,-1.8369701987210297e-16,25.36,27.05,23.13,146255.0,172435.0,2889.0,25.179999999999996,0,5
,2019,10,TT,TODAS CONSOLIDADAS,TT,TODAS CONSOLIDADAS,JUNÍN,120000,1323,16568,27691,22.91,18.64,1.16,1.16,1.32,133864,132707,1157,157747,156092,1655,2890,Indicadores_ocupabilidad_2019.csv,2019-10-01,22.91,22.64,-0.8660254037844386,0.5000000000000001,24.19,25.36,27.05,128668.0,151995.0,2895.0,25.53333333333333,0,6
,2019,11,TT,TODAS CONSOLIDADAS,TT,TODAS CONSOLIDADAS,JUNÍN,120000,1323,16647,27801,22.64,18.12,1.16,1.16,1.44,126697,125595,1102,150001,148337,1664,2895,Indicadores_ocupabilidad_2019.csv,2019-11-01,22.64,22.29,-0.5000000000000004,0.8660254037844384,22.91,24.19,25.36,133864.0,157747.0,2890.0,24.153333333333336,0,7
,2019,12,TT,TODAS CONSOLIDADAS,TT,TODAS CONSOLIDADAS,JUNÍN,120000,1324,16531,27547,22.29,16.91,1.15,1.15,1.29,121118,120615,503,140504,139752,752,2910,Indicadores_ocupabilidad_2019.csv,2019-12-01,22.29,20.45,-2.4492935982947064e-16,1.0,22.64,22.91,24.19,126697.0,150001.0,2895.0,23.24666666666667,0,8
,2020,1,TT,TODAS CONSOLIDADAS,TT,TODAS CONSOLIDADAS,JUNÍN,120000,1418,16798,28008,20.45,16.47,1.15,1.15,1.22,119781,119013,768,139590,138360,1230,2972,Indicadores_ocupabilidad_2020.csv,2020-01-01,20.45,23.55,0.49999999999999994,0.8660254037844387,22.29,22.64,22.91,121118.0,140504.0,2910.0,22.613333333333333,1,9
,2020,2,TT,TODAS CONSOLIDADAS,TT,TODAS CONSOLIDADAS,JUNÍN,120000,1411,16732,27891,23.55,18.6,1.15,1.15,1.33,121277,120705,572,141736,140895,841,2935,Indicadores_ocupabilidad_2020.csv,2020-02-01,23.55,9.65,0.8660254037844386,0.5000000000000001,20.45,22.29,22.64,119781.0,139590.0,2972.0,21.793333333333333,1,10
,2020,3,TT,TODAS CONSOLIDADAS,TT,TODAS CONSOLIDADAS,JUNÍN,120000,1374,16254,26999,9.65,7.79,1.17,1.17,1.29,53872,53727,145,63810,63600,210,2826,Indicadores_ocupabilidad_2020.csv,2020-03-01,9.65,7.0,1.0,6.123233995736766e-17,23.55,20.45,22.29,121277.0,141736.0,2935.0,22.096666666666668,1,11
,2020,4,TT,TODAS CONSOLIDADAS,TT,TODAS CONSOLIDADAS,JUNÍN,120000,44,1092,1955,7.0,4.08,3.98,3.98,0.0,640,640,0,2347,2347,0,194,Indicadores_ocupabilidad_2020.csv,2020-04-01,7.0,10.07,0.8660254037844387,-0.4999999999999998,9.65,23.55,20.45,53872.0,63810.0,2826.0,17.883333333333333,1,12
,2020,5,TT,TODAS CONSOLIDADAS,TT,TODAS CONSOLIDADAS,JUNÍN,120000,56,1480,2688,10.07,6.2,4.53,4.53,0.0,978,978,0,6216,6216,0,282,Indicadores_ocupabilidad_2020.csv,2020-05-01,10.07,14.7,0.49999999999999994,-0.8660254037844387,7.0,9.65,23.55,640.0,2347.0,194.0,13.4,1,13
,2020,6,TT,TODAS CONSOLIDADAS,TT,TODAS CONSOLIDADAS,JUNÍN,120000,58,1522,2776,14.7,8.28,3.02,3.02,1.45,2169,2165,4,8163,8155,8,335,Indicadores_ocupabilidad_2020.csv,2020-06-01,14.7,8.28,1.2246467991473532e-16,-1.0,10.07,7.0,9.65,978.0,6216.0,282.0,8.906666666666666,1,14
,2020,7,TT,TODAS CONSOLIDADAS,TT,TODAS CONSOLIDADAS,JUNÍN,120000,597,9754,16153,8.28,5.32,1.45,1.45,0.09,18556,18542,14,30466,30448,18,1633,Indicadores_ocupabilidad_2020.csv,2020-07-01,8.28,13.09,-0.4999999999999997,-0.8660254037844388,14.7,10.07,7.0,2169.0,8163.0,335.0,10.590000000000002,1,15
,2020,8,TT,TODAS CONSOLIDADAS,TT,TODAS CONSOLIDADAS,JUNÍN,120000,625,10524,17490,13.09,8.6,1.6,1.6,2.12,29038,29009,29,49117,49050,67,1808,Indicadores_ocupabilidad_2020.csv,2020-08-01,13.09,16.22,-0.8660254037844384,-0.5000000000000004,8.28,14.7,10.07,18556.0,30466.0,1633.0,11.016666666666666,1,16
,2020,9,TT,TODAS CONSOLIDADAS,TT,TODAS CONSOLIDADAS,JUNÍN,120000,647,10923,18073,16.22,11.32,1.41,1.41,0.98,43170,43134,36,62618,62573,45,1851,Indicadores_ocupabilidad_2020.csv,2020-09-01,16.22,16.72,-1.0,-1.8369701987210297e-16,13.09,8.28,14.7,29038.0,49117.0,1808.0,12.023333333333333,1,17
,2020,10,TT,TODAS CONSOLIDADAS,TT,TODAS CONSOLIDADAS,JUNÍN,120000,708,12027,20030,16.72,12.38,1.28,1.28,1.71,60062,59735,327,79768,79215,553,2086,Indicadores_ocupabilidad_2020.csv,2020-10-01,16.72,16.81,-0.8660254037844386,0.5000000000000001,16.22,13.09,8.28,43170.0,62618.0,1851.0,12.53,1,18
,2020,11,TT,TODAS CONSOLIDADAS,TT,TODAS CONSOLIDADAS,JUNÍN,120000,739,12496,20778,16.81,12.65,1.25,1.25,1.44,63604,63213,391,81727,81124,603,2159,Indicadores_ocupabilidad_2020.csv,2020-11-01,16.81,17.91,-0.5000000000000004,0.8660254037844384,16.72,16.22,13.09,60062.0,79768.0,2086.0,15.343333333333334,1,19
,2020,12,TT,TODAS CONSOLIDADAS,TT,TODAS CONSOLIDADAS,JUNÍN,120000,767,12820,21354,17.91,13.52,1.22,1.22,1.27,72750,72149,601,91606,90805,801,2183,Indicadores_ocupabilidad_2020.csv,2020-12-01,17.91,13.88,-2.4492935982947064e-16,1.0,16.81,16.72,16.22,63604.0,81727.0,2159.0,16.583333333333332,1,20
,2021,1,TT,TODAS CONSOLIDADAS,TT,TODAS CONSOLIDADAS,JUNÍN,120000,1284,15476,25563,13.88,10.46,1.24,1.24,1.28,68113,67827,286,87025,86624,401,2173,Indicadores_ocupabilidad_2021.csv,2021-01-01,13.88,14.08,0.49999999999999994,0.8660254037844387,17.91,16.81,16.72,72750.0,91606.0,2183.0,17.146666666666665,0,21
,2021,2,TT,TODAS CONSOLIDADAS,TT,TODAS CONSOLIDADAS,JUNÍN,120000,1257,15074,24913,14.08,9.64,1.26,1.26,1.75,52337,52225,112,68428,68235,193,2642,Indicadores_ocupabilidad_2021.csv,2021-02-01,14.08,16.51,0.8660254037844386,0.5000000000000001,13.88,17.91,16.81,68113.0,87025.0,2173.0,16.2,0,22
,2021,3,TT,TODAS CONSOLIDADAS,TT,TODAS CONSOLIDADAS,JUNÍN,120000,1273,15367,25404,16.51,11.45,1.17,1.17,1.28,76350,76147,203,92114,91834,280,2680,Indicadores_ocupabilidad_2021.csv,2021-03-01,16.51,18.5,1.0,6.123233995736766e-17,14.08,13.88,17.91,52337.0,68428.0,2642.0,15.290000000000001,0,23
,2021,4,TT,TODAS CONSOLIDADAS,TT,TODAS CONSOLIDADAS,JUNÍN,120000,1275,15434,25509,18.5,12.73,1.18,1.18,1.29,81577,81099,478,99209,98565,644,2688,Indicadores_ocupabilidad_2021.csv,2021-04-01,18.5,17.99,0.8660254037844387,-0.4999999999999998,16.51,14.08,13.88,76350.0,92114.0,2680.0,14.823333333333332,0,24
,2021,5,TT,TODAS CONSOLIDADAS,TT,TODAS CONSOLIDADAS,JUNÍN,120000,1275,15410,25482,17.99,12.48,1.16,1.16,2.42,84919,84665,254,101865,101326,539,2693,Indicadores_ocupabilidad_2021.csv,2021-05-01,17.99,15.37,0.49999999999999994,-0.8660254037844387,18.5,16.51,14.08,81577.0,99209.0,2688.0,16.363333333333333,0,25
,2021,6,TT,TODAS CONSOLIDADAS,TT,TODAS CONSOLIDADAS,JUNÍN,120000,1277,15372,25431,15.37,11.47,1.18,1.18,1.23,75171,74850,321,92331,91873,458,2133,Indicadores_ocupabilidad_2021.csv,2021-06-01,15.37,19.05,1.2246467991473532e-16,-1.0,17.99,18.5,16.51,84919.0,101865.0,2693.0,17.666666666666668,0,26
,2021,7,TT,TODAS CONSOLIDADAS,TT,TODAS CONSOLIDADAS,JUNÍN,120000,1280,15481,25628,19.05,14.95,1.21,1.21,1.34,100989,100481,508,125871,125125,746,2170,Indicadores_ocupabilidad_2021.csv,2021-07-01,19.05,19.89,-0.4999999999999997,-0.8660254037844388,15.37,17.99,18.5,75171.0,92331.0,2133.0,17.286666666666665,0,27
,2021,8,TT,TODAS CONSOLIDADAS,TT,TODAS CONSOLIDADAS,JUNÍN,120000,1283,15542,25688,19.89,15.67,1.24,1.24,1.6,103030,102558,472,131426,130636,790,2186,Indicadores_ocupabilidad_2021.csv,2021-08-01,19.89,18.03,-0.8660254037844384,-0.5000000000000004,19.05,15.37,17.99,100989.0,125871.0,2170.0,17.470000000000002,0,28
,2021,9,TT,TODAS CONSOLIDADAS,TT,TODAS CONSOLIDADAS,JUNÍN,120000,1283,15566,25705,18.03,13.44,1.22,1.22,1.21,84534,84198,336,106084,105624,460,2175,Indicadores_ocupabilidad_2021.csv,2021-09-01,18.03,19.61,-1.0,-1.8369701987210297e-16,19.89,19.05,15.37,103030.0,131426.0,2186.0,18.103333333333335,0,29
,2021,10,TT,TODAS CONSOLIDADAS,TT,TODAS CONSOLIDADAS,JUNÍN,120000,1279,15613,25749,19.61,14.52,1.25,1.25,1.6,93094,92761,333,118038,117488,550,2190,Indicadores_ocupabilidad_2021.csv,2021-10-01,19.61,17.11,-0.8660254037844386,0.5000000000000001,18.03,19.89,19.05,84534.0,106084.0,2175.0,18.990000000000002,0,30
,2021,11,TT,TODAS CONSOLIDADAS,TT,TODAS CONSOLIDADAS,JUNÍN,120000,1280,15637,25806,17.11,12.67,1.22,1.21,1.6,80732,80214,518,100175,99348,827,2188,Indicadores_ocupabilidad_2021.csv,2021-11-01,17.11,15.46,-0.5000000000000004,0.8660254037844384,19.61,18.03,19.89,93094.0,118038.0,2190.0,19.176666666666666,0,31
,2021,12,TT,TODAS CONSOLIDADAS,TT,TODAS CONSOLIDADAS,JUNÍN,120000,1288,15701,25908,15.46,11.06,1.2,1.2,1.88,73821,73485,336,91056,90457,599,2209,Indicadores_ocupabilidad_2021.csv,2021-12-01,15.46,17.61,-2.4492935982947064e-16,1.0,17.11,19.61,18.03,80732.0,100175.0,2188.0,18.25,0,32
,2022,1,TT,TODAS CONSOLIDADAS,TT,TODAS CONSOLIDADAS,JUNÍN,120000,1388,16368,26995,17.61,14.02,1.17,1.17,1.72,99970,99404,566,119758,118810,948,2903,Indicadores_ocupabilidad_2022.csv,2022-01-01,17.61,18.72,0.49999999999999994,0.8660254037844387,15.46,17.11,19.61,73821.0,91056.0,2209.0,17.393333333333334,0,33
,2022,2,TT,TODAS CONSOLIDADAS,TT,TODAS CONSOLIDADAS,JUNÍN,120000,1383,16260,26843,18.72,14.39,1.19,1.19,1.72,91526,91064,462,111387,110570,817,2865,Indicadores_ocupabilidad_2022.csv,2022-02-01,18.72,16.79,0.8660254037844386,0.5000000000000001,17.61,15.46,17.11,99970.0,119758.0,2903.0,16.726666666666667,0,34
,2022,3,TT,TODAS CONSOLIDADAS,TT,TODAS CONSOLIDADAS,JUNÍN,120000,1384,16310,26932,16.79,13.1,1.19,1.18,1.38,91847,91278,569,110776,109965,811,2886,Indicadores_ocupabilidad_2022.csv,2022-03-01,16.79,19.18,1.0,6.123233995736766e-17,18.72,17.61,15.46,91526.0,111387.0,2865.0,17.263333333333332,0,35
,2022,4,TT,TODAS CONSOLIDADAS,TT,TODAS CONSOLIDADAS,JUNÍN,120000,1381,16307,26932,19.18,15.13,1.17,1.16,1.62,103401,102888,513,122662,121791,871,2875,Indicadores_ocupabilidad_2022.csv,2022-04-01,19.18,19.71,0.8660254037844387,-0.4999999999999998,16.79,18.72,17.61,91847.0,110776.0,2886.0,17.706666666666667,0,36
,2022,5,TT,TODAS CONSOLIDADAS,TT,TODAS CONSOLIDADAS,JUNÍN,120000,1383,16329,26973,19.71,15.67,1.28,1.27,1.53,103719,102882,837,134004,132640,1364,2887,Indicadores_ocupabilidad_2022.csv,2022-05-01,19.71,20.43,0.49999999999999994,-0.8660254037844387,19.18,16.79,18.72,103401.0,122662.0,2875.0,18.23,0,37
,2022,6,TT,TODAS CONSOLIDADAS,TT,TODAS CONSOLIDADAS,JUNÍN,120000,1388,16304,26904,20.43,15.78,1.25,1.25,1.77,102191,101542,649,129949,128802,1147,2908,Indicadores_ocupabilidad_2022.csv,2022-06-01,20.43,28.97,1.2246467991473532e-16,-1.0,19.71,19.18,16.79,103719.0,134004.0,2887.0,18.56,0,38
,2022,7,TT,TODAS CONSOLIDADAS,TT,TODAS CONSOLIDADAS,JUNÍN,120000,1392,17012,28071,28.97,24.46,1.2,1.2,1.99,167658,166778,880,205825,204137,1688,2962,Indicadores_ocupabilidad_2022.csv,2022-07-01,28.97,25.38,-0.4999999999999997,-0.8660254037844388,20.43,19.71,19.18,102191.0,129949.0,2908.0,19.773333333333333,0,39
,2022,8,TT,TODAS CONSOLIDADAS,TT,TODAS CONSOLIDADAS,JUNÍN,120000,1390,16379,27074,25.38,22.35,1.19,1.19,1.56,154506,153755,751,187115,185903,1212,2936,Indicadores_ocupabilidad_2022.csv,2022-08-01,25.38,23.09,-0.8660254037844384,-0.5000000000000004,28.97,20.43,19.71,167658.0,205825.0,2962.0,23.036666666666665,0,40
,2022,9,TT,TODAS CONSOLIDADAS,TT,TODAS CONSOLIDADAS,JUNÍN,120000,1373,16239,26806,23.09,18.5,1.21,1.21,1.6,121347,120574,773,149654,148430,1224,2889,Indicadores_ocupabilidad_2022.csv,2022-09-01,23.09,26.57,-1.0,-1.8369701987210297e-16,25.38,28.97,20.43,154506.0,187115.0,2936.0,24.926666666666666,0,41
,2022,10,TT,TODAS CONSOLIDADAS,TT,TODAS CONSOLIDADAS,JUNÍN,120000,1378,16381,27080,26.57,23.78,1.16,1.16,1.58,168349,167655,694,198798,197686,1112,2921,Indicadores_ocupabilidad_2022.csv,2022-10-01,26.57,19.72,-0.8660254037844386,0.5000000000000001,23.09,25.38,28.97,121347.0,149654.0,2889.0,25.813333333333333,0,42
,2022,11,TT,TODAS CONSOLIDADAS,TT,TODAS CONSOLIDADAS,JUNÍN,120000,1375,16322,27017,19.72,16.16,1.15,1.15,1.37,113267,112581,686,132770,131777,993,2895,Indicadores_ocupabilidad_2022.csv,2022-11-01,19.72,19.93,-0.5000000000000004,0.8660254037844384,26.57,23.09,25.38,168349.0,198798.0,2921.0,25.013333333333332,0,43
,2022,12,TT,TODAS CONSOLIDADAS,TT,TODAS CONSOLIDADAS,JUNÍN,120000,1378,16351,27059,19.93,15.81,1.19,1.19,1.61,107410,106737,673,128692,127604,1088,2900,Indicadores_ocupabilidad_2022.csv,2022-12-01,19.93,16.15,-2.4492935982947064e-16,1.0,19.72,26.57,23.09,113267.0,132770.0,2895.0,23.126666666666665,0,44
,2023,1,TT,TODAS CONSOLIDADAS,TT,TODAS CONSOLIDADAS,JUNÍN,120000,1512,17345,28698,16.15,13.43,1.23,1.23,1.45,95153,94677,476,118144,117414,730,3133,Indicadores_ocupabilidad_2023.csv,2023-01-01,16.15,17.79,0.49999999999999994,0.8660254037844387,19.93,19.72,26.57,107410.0,128692.0,2900.0,22.073333333333334,0,45
,2023,2,TT,TODAS CONSOLIDADAS,TT,TODAS CONSOLIDADAS,JUNÍN,120000,1499,17147,28367,17.79,14.54,1.23,1.23,1.26,93090,92287,803,115036,113975,1061,3115,Indicadores_ocupabilidad_2023.csv,2023-02-01,17.79,17.36,0.8660254037844386,0.5000000000000001,16.15,19.93,19.72,95153.0,118144.0,3133.0,18.599999999999998,0,46
,2023,3,TT,TODAS CONSOLIDADAS,TT,TODAS CONSOLIDADAS,JUNÍN,120000,1496,17119,28294,17.36,14.05,1.22,1.22,1.4,100203,99465,738,123109,122006,1103,3100,Indicadores_ocupabilidad_2023.csv,2023-03-01,17.36,19.04,1.0,6.123233995736766e-17,17.79,16.15,19.93,93090.0,115036.0,3115.0,17.956666666666667,0,47
,2023,4,TT,TODAS CONSOLIDADAS,TT,TODAS CONSOLIDADAS,JUNÍN,120000,1506,17340,28717,19.04,15.89,1.23,1.23,1.43,110369,109441,928,138101,136714,1387,3179,Indicadores_ocupabilidad_2023.csv,2023-04-01,19.04,18.3,0.8660254037844387,-0.4999999999999998,17.36,17.79,16.15,100203.0,123109.0,3100.0,17.099999999999998,0,48
,2023,5,TT,TODAS CONSOLIDADAS,TT,TODAS CONSOLIDADAS,JUNÍN,120000,1503,17320,28738,18.3,14.9,1.27,1.26,1.53,104962,104141,821,134339,133061,1278,3172,Indicadores_ocupabilidad_2023.csv,2023-05-01,18.3,18.7,0.49999999999999994,-0.8660254037844387,19.04,17.36,17.79,110369.0,138101.0,3179.0,18.063333333333333,0,49
,2023,6,TT,TODAS CONSOLIDADAS,TT,TODAS CONSOLIDADAS,JUNÍN,120000,1497,17153,28467,18.7,14.82,1.27,1.27,1.61,99838,98953,885,128632,127147,1485,3132,Indicadores_ocupabilidad_2023.csv,2023-06-01,18.7,22.96,1.2246467991473532e-16,-1.0,18.3,19.04,17.36,104962.0,134339.0,3172.0,18.233333333333334,0,50
,2023,7,TT,TODAS CONSOLIDADAS,TT,TODAS CONSOLIDADAS,JUNÍN,120000,1502,17291,28708,22.96,19.78,1.24,1.24,1.57,142560,141612,948,179548,178021,1527,3194,Indicadores_ocupabilidad_2023.csv,2023-07-01,22.96,23.57,-0.4999999999999997,-0.8660254037844388,18.7,18.3,19.04,99838.0,128632.0,3132.0,18.68,0,51
,2023,8,TT,TODAS CONSOLIDADAS,TT,TODAS CONSOLIDADAS,JUNÍN,120000,1500,17256,28628,23.57,20.28,1.21,1.21,1.61,146987,145942,1045,180983,179286,1697,3168,Indicadores_ocupabilidad_2023.csv,2023-08-01,23.57,22.66,-0.8660254037844384,-0.5000000000000004,22.96,18.7,18.3,142560.0,179548.0,3194.0,19.986666666666668,0,52
,2023,9,TT,TODAS CONSOLIDADAS,TT,TODAS CONSOLIDADAS,JUNÍN,120000,1501,17197,28507,22.66,18.59,1.21,1.21,1.42,130128,129324,804,159378,158206,1172,3148,Indicadores_ocupabilidad_2023.csv,2023-09-01,22.66,22.09,-1.0,-1.8369701987210297e-16,23.57,22.96,18.7,146987.0,180983.0,3168.0,21.74333333333333,0,53
,2023,10,TT,TODAS CONSOLIDADAS,TT,TODAS CONSOLIDADAS,JUNÍN,120000,1500,17221,28553,22.09,17.39,1.21,1.21,1.56,126270,125571,699,156904,155762,1142,3154,Indicadores_ocupabilidad_2023.csv,2023-10-01,22.09,22.66,-0.8660254037844386,0.5000000000000001,22.66,23.57,22.96,130128.0,159378.0,3148.0,23.063333333333333,0,54
,2023,11,TT,TODAS CONSOLIDADAS,TT,TODAS CONSOLIDADAS,JUNÍN,120000,1501,17137,28431,22.66,18.42,1.21,1.2,1.62,127370,126533,837,155764,154389,1375,3136,Indicadores_ocupabilidad_2023.csv,2023-11-01,22.66,15.37,-0.5000000000000004,0.8660254037844384,22.09,22.66,23.57,126270.0,156904.0,3154.0,22.77333333333333,0,55
,2023,12,TT,TODAS CONSOLIDADAS,TT,TODAS CONSOLIDADAS,JUNÍN,120000,1501,17159,28447,15.37,12.15,1.29,1.29,1.31,84444,83751,693,109878,108880,998,2457,Indicadores_ocupabilidad_2023.csv,2023-12-01,15.37,17.87,-2.4492935982947064e-16,1.0,22.66,22.09,22.66,127370.0,155764.0,3136.0,22.47,0,56
20260330,2024,1,TT,TODAS CONSOLIDADAS,TT,TODAS CONSOLIDADAS,JUNÍN,120000,1604,17877,29704,17.87,14.1,1.17,1.17,1.49,110577,110101,476,131672,130889,783,3301,Indicadores_ocupabilidad_2024.csv,2024-01-01,17.87,19.21,0.49999999999999994,0.8660254037844387,15.37,22.66,22.09,84444.0,109878.0,2457.0,20.040000000000003,0,57
20260330,2024,2,TT,TODAS CONSOLIDADAS,TT,TODAS CONSOLIDADAS,JUNÍN,120000,1607,17891,29708,19.21,15.12,1.18,1.18,2.0,106295,105790,505,127274,126323,951,3293,Indicadores_ocupabilidad_2024.csv,2024-02-01,19.21,19.1,0.8660254037844386,0.5000000000000001,17.87,15.37,22.66,110577.0,131672.0,3301.0,18.633333333333333,0,58
20260330,2024,3,TT,TODAS CONSOLIDADAS,TT,TODAS CONSOLIDADAS,JUNÍN,120000,1612,17861,29733,19.1,15.2,1.17,1.17,2.02,117549,117102,447,140865,139949,916,3308,Indicadores_ocupabilidad_2024.csv,2024-03-01,19.1,19.31,1.0,6.123233995736766e-17,19.21,17.87,15.37,106295.0,127274.0,3293.0,17.48333333333333,0,59
20260330,2024,4,TT,TODAS CONSOLIDADAS,TT,TODAS CONSOLIDADAS,JUNÍN,120000,1607,17838,29651,19.31,14.93,1.15,1.15,1.59,114237,113638,599,133296,132351,945,3296,Indicadores_ocupabilidad_2024.csv,2024-04-01,19.31,18.88,0.8660254037844387,-0.4999999999999998,19.1,19.21,17.87,117549.0,140865.0,3308.0,18.726666666666667,0,60
20260330,2024,5,TT,TODAS CONSOLIDADAS,TT,TODAS CONSOLIDADAS,JUNÍN,120000,1610,17830,29604,18.88,15.13,1.24,1.24,1.67,111247,110659,588,139792,138781,1011,3290,Indicadores_ocupabilidad_2024.csv,2024-05-01,18.88,22.2,0.49999999999999994,-0.8660254037844387,19.31,19.1,19.21,114237.0,133296.0,3296.0,19.206666666666667,0,61
20260330,2024,6,TT,TODAS CONSOLIDADAS,TT,TODAS CONSOLIDADAS,JUNÍN,120000,1610,17756,29490,22.2,16.58,1.18,1.18,1.69,122200,120990,1210,146210,144134,2076,3270,Indicadores_ocupabilidad_2024.csv,2024-06-01,22.2,26.73,1.2246467991473532e-16,-1.0,18.88,19.31,19.1,111247.0,139792.0,3290.0,19.096666666666668,0,62
20260330,2024,7,TT,TODAS CONSOLIDADAS,TT,TODAS CONSOLIDADAS,JUNÍN,120000,1617,17862,29756,26.73,21.69,1.2,1.2,1.7,163277,161996,1281,199897,197622,2275,3306,Indicadores_ocupabilidad_2024.csv,2024-07-01,26.73,25.88,-0.4999999999999997,-0.8660254037844388,22.2,18.88,19.31,122200.0,146210.0,3270.0,20.13,0,63
20260330,2024,8,TT,TODAS CONSOLIDADAS,TT,TODAS CONSOLIDADAS,JUNÍN,120000,1623,17919,29875,25.88,20.08,1.2,1.19,1.65,153033,152191,842,185825,184329,1496,3311,Indicadores_ocupabilidad_2024.csv,2024-08-01,25.88,22.25,-0.8660254037844384,-0.5000000000000004,26.73,22.2,18.88,163277.0,199897.0,3306.0,22.603333333333335,0,64
20260330,2024,9,TT,TODAS CONSOLIDADAS,TT,TODAS CONSOLIDADAS,JUNÍN,120000,1622,17941,29895,22.25,17.37,1.16,1.16,1.87,131355,130724,631,155190,154016,1174,3294,Indicadores_ocupabilidad_2024.csv,2024-09-01,22.25,21.77,-1.0,-1.8369701987210297e-16,25.88,26.73,22.2,153033.0,185825.0,3311.0,24.936666666666667,0,65
20260330,2024,10,TT,TODAS CONSOLIDADAS,TT,TODAS CONSOLIDADAS,JUNÍN,120000,1615,17870,29802,21.77,17.25,1.19,1.19,2.42,132280,131491,789,161816,159847,1969,3284,Indicadores_ocupabilidad_2024.csv,2024-10-01,21.77,25.4,-0.8660254037844386,0.5000000000000001,22.25,25.88,26.73,131355.0,155190.0,3294.0,24.953333333333333,0,66
20260330,2024,11,TT,TODAS CONSOLIDADAS,TT,TODAS CONSOLIDADAS,JUNÍN,120000,1611,17913,29936,25.4,20.29,1.15,1.14,2.6,153632,152819,813,178417,176411,2006,3299,Indicadores_ocupabilidad_2024.csv,2024-11-01,25.4,27.19,-0.5000000000000004,0.8660254037844384,21.77,22.25,25.88,132280.0,161816.0,3284.0,23.3,0,67
,2019,4,TT,TODAS CONSOLIDADAS,TT,TODAS CONSOLIDADAS,LA LIBERTAD,130000,1138,14613,25828,27.27,24.01,1.25,1.21,1.72,144944,133217,11727,187853,167644,20209,3161,Indicadores_ocupabilidad_2019.csv,2019-04-01,27.27,27.31,0.8660254037844387,-0.4999999999999998,25.52,29.12,29.16,150330.0,184044.0,3143.0,27.933333333333334,0,0
,2019,5,TT,TODAS CONSOLIDADAS,TT,TODAS CONSOLIDADAS,LA LIBERTAD,130000,1134,14586,25799,27.31,23.54,1.2,1.17,1.79,149290,141629,7661,184152,169138,15014,3105,Indicadores_ocupabilidad_2019.csv,2019-05-01,27.31,29.82,0.49999999999999994,-0.8660254037844387,27.27,25.52,29.12,144944.0,187853.0,3161.0,27.30333333333333,0,1
,2019,6,TT,TODAS CONSOLIDADAS,TT,TODAS CONSOLIDADAS,LA LIBERTAD,130000,1135,14629,25843,29.82,25.58,1.16,1.14,1.45,160025,153795,6230,191219,179300,11919,3089,Indicadores_ocupabilidad_2019.csv,2019-06-01,29.82,34.08,1.2246467991473532e-16,-1.0,27.31,27.27,25.52,149290.0,184152.0,3105.0,26.7,0,2
,2019,7,TT,TODAS CONSOLIDADAS,TT,TODAS CONSOLIDADAS,LA LIBERTAD,130000,1136,14620,25781,34.08,29.44,1.19,1.16,2.01,182748,173903,8845,224962,206166,18796,3107,Indicadores_ocupabilidad_2019.csv,2019-07-01,34.08,33.22,-0.4999999999999997,-0.8660254037844388,29.82,27.31,27.27,160025.0,191219.0,3089.0,28.133333333333336,0,3
,2019,8,TT,TODAS CONSOLIDADAS,TT,TODAS CONSOLIDADAS,LA LIBERTAD,130000,1135,14594,25731,33.22,28.09,1.16,1.14,1.62,179552,171768,7784,214428,199854,14574,3092,Indicadores_ocupabilidad_2019.csv,2019-08-01,33.22,33.34,-0.8660254037844384,-0.5000000000000004,34.08,29.82,27.31,182748.0,224962.0,3107.0,30.403333333333336,0,4
,2019,9,TT,TODAS CONSOLIDADAS,TT,TODAS CONSOLIDADAS,LA LIBERTAD,130000,1136,14598,25796,33.34,27.72,1.17,1.14,1.96,167333,159890,7443,201858,186583,15275,3130,Indicadores_ocupabilidad_2019.csv,2019-09-01,33.34,32.33,-1.0,-1.8369701987210297e-16,33.22,34.08,29.82,179552.0,214428.0,3092.0,32.373333333333335,0,5
,2019,10,TT,TODAS CONSOLIDADAS,TT,TODAS CONSOLIDADAS,LA LIBERTAD,130000,1133,14713,25962,32.33,26.63,1.18,1.17,1.42,168619,162343,6276,206087,195334,10753,3091,Indicadores_ocupabilidad_2019.csv,2019-10-01,32.33,33.75,-0.8660254037844386,0.5000000000000001,33.34,33.22,34.08,167333.0,201858.0,3130.0,33.546666666666674,0,6
,2019,11,TT,TODAS CONSOLIDADAS,TT,TODAS CONSOLIDADAS,LA LIBERTAD,130000,1134,14998,26738,33.75,27.22,1.21,1.18,1.96,166218,158770,7448,206475,191945,14530,3104,Indicadores_ocupabilidad_2019.csv,2019-11-01,33.75,33.9,-0.5000000000000004,0.8660254037844384,32.33,33.34,33.22,168619.0,206087.0,3091.0,32.96333333333334,0,7
,2019,12,TT,TODAS CONSOLIDADAS,TT,TODAS CONSOLIDADAS,LA LIBERTAD,130000,1139,15072,26923,33.9,27.02,1.19,1.17,1.82,170457,164293,6164,206723,195036,11687,3101,Indicadores_ocupabilidad_2019.csv,2019-12-01,33.9,38.9,-2.4492935982947064e-16,1.0,33.75,32.33,33.34,166218.0,206475.0,3104.0,33.14000000000001,0,8
,2020,1,TT,TODAS CONSOLIDADAS,TT,TODAS CONSOLIDADAS,LA LIBERTAD,130000,1204,15054,26562,38.9,33.37,1.19,1.17,1.65,208623,200677,7946,252696,238952,13744,3101,Indicadores_ocupabilidad_2020.csv,2020-01-01,38.9,43.19,0.49999999999999994,0.8660254037844387,33.9,33.75,32.33,170457.0,206723.0,3101.0,33.32666666666667,1,9
,2020,2,TT,TODAS CONSOLIDADAS,TT,TODAS CONSOLIDADAS,LA LIBERTAD,130000,1203,15053,26521,43.19,36.85,1.19,1.18,1.69,213071,205273,7798,264299,250329,13970,3082,Indicadores_ocupabilidad_2020.csv,2020-02-01,43.19,10.02,0.8660254037844386,0.5000000000000001,38.9,33.9,33.75,208623.0,252696.0,3101.0,35.51666666666667,1,10
,2020,3,TT,TODAS CONSOLIDADAS,TT,TODAS CONSOLIDADAS,LA LIBERTAD,130000,1196,14949,26325,10.02,8.8,1.14,1.14,0.41,67106,65463,1643,84122,81210,2912,2146,Indicadores_ocupabilidad_2020.csv,2020-03-01,10.02,6.33,1.0,6.123233995736766e-17,43.19,38.9,33.9,213071.0,264299.0,3082.0,38.663333333333334,1,11
,2020,4,TT,TODAS CONSOLIDADAS,TT,TODAS CONSOLIDADAS,LA LIBERTAD,130000,13,508,958,6.33,5.44,6.91,7.02,1.0,303,299,4,1985,1973,12,157,Indicadores_ocupabilidad_2020.csv,2020-04-01,6.33,18.34,0.8660254037844387,-0.4999999999999998,10.02,43.19,38.9,67106.0,84122.0,2146.0,30.703333333333333,1,12
,2020,5,TT,TODAS CONSOLIDADAS,TT,TODAS CONSOLIDADAS,LA LIBERTAD,130000,103,3040,5749,18.34,18.0,7.37,7.38,2.63,3476,3469,7,35011,34925,86,463,Indicadores_ocupabilidad_2020.csv,2020-05-01,18.34,12.16,0.49999999999999994,-0.8660254037844387,6.33,10.02,43.19,303.0,1985.0,157.0,19.846666666666668,1,13
,2020,6,TT,TODAS CONSOLIDADAS,TT,TODAS CONSOLIDADAS,LA LIBERTAD,130000,107,3187,6005,12.16,10.71,2.22,2.22,2.15,7725,7551,174,20287,19857,430,502,Indicadores_ocupabilidad_2020.csv,2020-06-01,12.16,5.62,1.2246467991473532e-16,-1.0,18.34,6.33,10.02,3476.0,35011.0,463.0,11.563333333333334,1,14
,2020,7,TT,TODAS CONSOLIDADAS,TT,TODAS CONSOLIDADAS,LA LIBERTAD,130000,755,12190,21752,5.62,4.21,1.15,1.15,0.26,27797,27617,180,42182,41873,309,1470,Indicadores_ocupabilidad_2020.csv,2020-07-01,5.62,8.54,-0.4999999999999997,-0.8660254037844388,12.16,18.34,6.33,7725.0,20287.0,502.0,12.276666666666669,1,15
,2020,8,TT,TODAS CONSOLIDADAS,TT,TODAS CONSOLIDADAS,LA LIBERTAD,130000,761,12290,21974,8.54,6.15,2.19,1.56,2.36,32670,31299,1371,53648,48690,4958,1742,Indicadores_ocupabilidad_2020.csv,2020-08-01,8.54,10.89,-0.8660254037844384,-0.5000000000000004,5.62,12.16,18.34,27797.0,42182.0,1470.0,12.040000000000001,1,16
,2020,9,TT,TODAS CONSOLIDADAS,TT,TODAS CONSOLIDADAS,LA LIBERTAD,130000,766,12418,22217,10.89,8.51,1.16,1.16,0.58,48185,47983,202,63088,62713,375,1774,Indicadores_ocupabilidad_2020.csv,2020-09-01,10.89,17.52,-1.0,-1.8369701987210297e-16,8.54,5.62,12.16,32670.0,53648.0,1742.0,8.773333333333335,1,17
,2020,10,TT,TODAS CONSOLIDADAS,TT,TODAS CONSOLIDADAS,LA LIBERTAD,130000,736,11889,21280,17.52,14.07,1.21,1.2,1.96,80329,79235,1094,101196,99225,1971,1895,Indicadores_ocupabilidad_2020.csv,2020-10-01,17.52,20.71,-0.8660254037844386,0.5000000000000001,10.89,8.54,5.62,48185.0,63088.0,1774.0,8.350000000000001,1,18
,2020,11,TT,TODAS CONSOLIDADAS,TT,TODAS CONSOLIDADAS,LA LIBERTAD,130000,746,12147,21785,20.71,17.12,1.28,1.28,0.52,92636,91634,1002,119579,118115,1464,2156,Indicadores_ocupabilidad_2020.csv,2020-11-01,20.71,25.79,-0.5000000000000004,0.8660254037844384,17.52,10.89,8.54,80329.0,101196.0,1895.0,12.316666666666668,1,19
,2020,12,TT,TODAS CONSOLIDADAS,TT,TODAS CONSOLIDADAS,LA LIBERTAD,130000,747,12138,21766,25.79,21.86,1.24,1.24,1.22,118888,117792,1096,146320,144724,1596,2152,Indicadores_ocupabilidad_2020.csv,2020-12-01,25.79,21.07,-2.4492935982947064e-16,1.0,20.71,17.52,10.89,92636.0,119579.0,2156.0,16.373333333333335,1,20
,2021,1,TT,TODAS CONSOLIDADAS,TT,TODAS CONSOLIDADAS,LA LIBERTAD,130000,1111,13665,23955,21.07,16.61,1.25,1.25,1.19,101149,99738,1411,134789,132647,2142,2074,Indicadores_ocupabilidad_2021.csv,2021-01-01,21.07,22.2,0.49999999999999994,0.8660254037844387,25.79,20.71,17.52,118888.0,146320.0,2152.0,21.340000000000003,0,21
,2021,2,TT,TODAS CONSOLIDADAS,TT,TODAS CONSOLIDADAS,LA LIBERTAD,130000,1109,13650,23931,22.2,17.75,1.23,1.23,1.3,95130,94044,1086,123734,121766,1968,2087,Indicadores_ocupabilidad_2021.csv,2021-02-01,22.2,27.55,0.8660254037844386,0.5000000000000001,21.07,25.79,20.71,101149.0,134789.0,2074.0,22.523333333333337,0,22
,2021,3,TT,TODAS CONSOLIDADAS,TT,TODAS CONSOLIDADAS,LA LIBERTAD,130000,1107,13617,23856,27.55,21.26,1.29,1.29,1.45,116204,114290,1914,156853,153733,3120,2084,Indicadores_ocupabilidad_2021.csv,2021-03-01,27.55,29.65,1.0,6.123233995736766e-17,22.2,21.07,25.79,95130.0,123734.0,2087.0,23.02,0,23
,2021,4,TT,TODAS CONSOLIDADAS,TT,TODAS CONSOLIDADAS,LA LIBERTAD,130000,1106,13593,23796,29.65,20.84,1.33,1.33,1.61,107556,105587,1969,153475,149826,3649,2086,Indicadores_ocupabilidad_2021.csv,2021-04-01,29.65,26.37,0.8660254037844387,-0.4999999999999998,27.55,22.2,21.07,116204.0,156853.0,2084.0,23.60666666666667,0,24
,2021,5,TT,TODAS CONSOLIDADAS,TT,TODAS CONSOLIDADAS,LA LIBERTAD,130000,1104,13454,23628,26.37,17.34,1.2,1.19,1.24,105701,104313,1388,136371,133616,2755,2049,Indicadores_ocupabilidad_2021.csv,2021-05-01,26.37,28.97,0.49999999999999994,-0.8660254037844387,29.65,27.55,22.2,107556.0,153475.0,2086.0,26.46666666666667,0,25
,2021,6,TT,TODAS CONSOLIDADAS,TT,TODAS CONSOLIDADAS,LA LIBERTAD,130000,1102,13451,23623,28.97,19.84,1.21,1.21,1.39,113931,112664,1267,147972,145395,2577,2476,Indicadores_ocupabilidad_2021.csv,2021-06-01,28.97,34.91,1.2246467991473532e-16,-1.0,26.37,29.65,27.55,105701.0,136371.0,2049.0,27.85666666666667,0,26
,2021,7,TT,TODAS CONSOLIDADAS,TT,TODAS CONSOLIDADAS,LA LIBERTAD,130000,1100,13558,23738,34.91,27.44,1.32,1.32,2.78,148185,146553,1632,205386,202230,3156,2528,Indicadores_ocupabilidad_2021.csv,2021-07-01,34.91,47.98,-0.4999999999999997,-0.8660254037844388,28.97,26.37,29.65,113931.0,147972.0,2476.0,28.330000000000002,0,27
,2021,8,TT,TODAS CONSOLIDADAS,TT,TODAS CONSOLIDADAS,LA LIBERTAD,130000,1101,13577,23769,47.98,38.34,2.28,2.28,1.89,131823,129769,2054,263270,259241,4029,2548,Indicadores_ocupabilidad_2021.csv,2021-08-01,47.98,30.79,-0.8660254037844384,-0.5000000000000004,34.91,28.97,26.37,148185.0,205386.0,2528.0,30.083333333333332,0,28
,2021,9,TT,TODAS CONSOLIDADAS,TT,TODAS CONSOLIDADAS,LA LIBERTAD,130000,1101,13572,23759,30.79,21.23,1.27,1.27,1.31,122633,120426,2207,165204,161327,3877,2118,Indicadores_ocupabilidad_2021.csv,2021-09-01,30.79,33.4,-1.0,-1.8369701987210297e-16,47.98,34.91,28.97,131823.0,263270.0,2548.0,37.28666666666667,0,29
,2021,10,TT,TODAS CONSOLIDADAS,TT,TODAS CONSOLIDADAS,LA LIBERTAD,130000,1102,13593,23787,33.4,28.22,1.44,1.44,1.17,148701,145686,3015,214212,209560,4652,2531,Indicadores_ocupabilidad_2021.csv,2021-10-01,33.4,32.53,-0.8660254037844386,0.5000000000000001,30.79,47.98,34.91,122633.0,165204.0,2118.0,37.89333333333334,0,30
,2021,11,TT,TODAS CONSOLIDADAS,TT,TODAS CONSOLIDADAS,LA LIBERTAD,130000,1102,13599,23835,32.53,26.07,1.24,1.23,1.79,147961,144674,3287,191045,185121,5924,2086,Indicadores_ocupabilidad_2021.csv,2021-11-01,32.53,26.19,-0.5000000000000004,0.8660254037844384,33.4,30.79,47.98,148701.0,214212.0,2531.0,37.39,0,31
,2021,12,TT,TODAS CONSOLIDADAS,TT,TODAS CONSOLIDADAS,LA LIBERTAD,130000,1104,13637,23892,26.19,22.12,1.19,1.18,1.24,143952,140453,3499,177846,172178,5668,2107,Indicadores_ocupabilidad_2021.csv,2021-12-01,26.19,22.81,-2.4492935982947064e-16,1.0,32.53,33.4,30.79,147961.0,191045.0,2086.0,32.24,0,32
,2022,1,TT,TODAS CONSOLIDADAS,TT,TODAS CONSOLIDADAS,LA LIBERTAD,130000,1185,13939,24472,22.81,20.42,1.2,1.2,1.47,139640,136395,3245,177427,171442,5985,2255,Indicadores_ocupabilidad_2022.csv,2022-01-01,22.81,24.66,0.49999999999999994,0.8660254037844387,26.19,32.53,33.4,143952.0,177846.0,2107.0,30.706666666666667,0,33
,2022,2,TT,TODAS CONSOLIDADAS,TT,TODAS CONSOLIDADAS,LA LIBERTAD,130000,1179,13918,24399,24.66,23.99,1.22,1.21,1.76,141795,139080,2715,183503,178181,5322,2263,Indicadores_ocupabilidad_2022.csv,2022-02-01,24.66,22.09,0.8660254037844386,0.5000000000000001,22.81,26.19,32.53,139640.0,177427.0,2255.0,27.176666666666666,0,34
,2022,3,TT,TODAS CONSOLIDADAS,TT,TODAS CONSOLIDADAS,LA LIBERTAD,130000,1178,14064,24610,22.09,19.86,1.16,1.16,1.27,136603,132631,3972,170249,163218,7031,2369,Indicadores_ocupabilidad_2022.csv,2022-03-01,22.09,22.4,1.0,6.123233995736766e-17,24.66,22.81,26.19,141795.0,183503.0,2263.0,24.553333333333338,0,35
,2022,4,TT,TODAS CONSOLIDADAS,TT,TODAS CONSOLIDADAS,LA LIBERTAD,130000,1178,14082,24645,22.4,18.33,1.21,1.16,2.06,120837,115533,5304,153799,142711,11088,2360,Indicadores_ocupabilidad_2022.csv,2022-04-01,22.4,26.34,0.8660254037844387,-0.4999999999999998,22.09,24.66,22.81,136603.0,170249.0,2369.0,23.186666666666667,0,36
,2022,5,TT,TODAS CONSOLIDADAS,TT,TODAS CONSOLIDADAS,LA LIBERTAD,130000,1175,14048,24612,26.34,20.43,1.31,1.2,2.37,127114,119245,7869,168765,150241,18524,2310,Indicadores_ocupabilidad_2022.csv,2022-05-01,26.34,21.94,0.49999999999999994,-0.8660254037844387,22.4,22.09,24.66,120837.0,153799.0,2360.0,23.05,0,37
,2022,6,TT,TODAS CONSOLIDADAS,TT,TODAS CONSOLIDADAS,LA LIBERTAD,130000,1179,14128,24801,21.94,17.37,1.22,1.21,1.47,114215,110354,3861,145782,138501,7281,2365,Indicadores_ocupabilidad_2022.csv,2022-06-01,21.94,22.81,1.2246467991473532e-16,-1.0,26.34,22.4,22.09,127114.0,168765.0,2310.0,23.610000000000003,0,38
,2022,7,TT,TODAS CONSOLIDADAS,TT,TODAS CONSOLIDADAS,LA LIBERTAD,130000,1172,14037,24653,22.81,20.27,1.22,1.21,1.73,136043,131333,4710,175958,166533,9425,2345,Indicadores_ocupabilidad_2022.csv,2022-07-01,22.81,17.57,-0.4999999999999997,-0.8660254037844388,21.94,26.34,22.4,114215.0,145782.0,2365.0,23.560000000000002,0,39
,2022,8,TT,TODAS CONSOLIDADAS,TT,TODAS CONSOLIDADAS,LA LIBERTAD,130000,1175,14107,24785,17.57,15.14,1.18,1.18,1.33,115149,109477,5672,148583,138803,9780,2362,Indicadores_ocupabilidad_2022.csv,2022-08-01,17.57,21.32,-0.8660254037844384,-0.5000000000000004,22.81,21.94,26.34,136043.0,175958.0,2345.0,23.69666666666667,0,40
,2022,9,TT,TODAS CONSOLIDADAS,TT,TODAS CONSOLIDADAS,LA LIBERTAD,130000,1178,14152,24850,21.32,17.42,1.31,1.25,1.83,112738,104698,8040,154118,138818,15300,2361,Indicadores_ocupabilidad_2022.csv,2022-09-01,21.32,17.36,-1.0,-1.8369701987210297e-16,17.57,22.81,21.94,115149.0,148583.0,2362.0,20.773333333333337,0,41
,2022,10,TT,TODAS CONSOLIDADAS,TT,TODAS CONSOLIDADAS,LA LIBERTAD,130000,1178,14130,24770,17.36,14.88,1.15,1.14,1.38,115497,110242,5255,150035,140513,9522,2135,Indicadores_ocupabilidad_2022.csv,2022-10-01,17.36,18.33,-0.8660254037844386,0.5000000000000001,21.32,17.57,22.81,112738.0,154118.0,2361.0,20.566666666666666,0,42
,2022,11,TT,TODAS CONSOLIDADAS,TT,TODAS CONSOLIDADAS,LA LIBERTAD,130000,1177,14109,24729,18.33,15.65,1.13,1.12,1.34,114628,109558,5070,144634,135909,8725,2161,Indicadores_ocupabilidad_2022.csv,2022-11-01,18.33,24.34,-0.5000000000000004,0.8660254037844384,17.36,21.32,17.57,115497.0,150035.0,2135.0,18.75,0,43
,2022,12,TT,TODAS CONSOLIDADAS,TT,TODAS CONSOLIDADAS,LA LIBERTAD,130000,1178,14121,24761,24.34,17.77,1.18,1.17,1.53,121910,118290,3620,156525,149474,7051,2129,Indicadores_ocupabilidad_2022.csv,2022-12-01,24.34,17.38,-2.4492935982947064e-16,1.0,18.33,17.36,21.32,114628.0,144634.0,2161.0,19.003333333333334,0,44
,2023,1,TT,TODAS CONSOLIDADAS,TT,TODAS CONSOLIDADAS,LA LIBERTAD,130000,1228,14039,24481,17.38,14.38,1.16,1.16,1.4,104454,100631,3823,142576,135551,7025,2129,Indicadores_ocupabilidad_2023.csv,2023-01-01,17.38,17.42,0.49999999999999994,0.8660254037844387,24.34,18.33,17.36,121910.0,156525.0,2129.0,20.01,0,45
,2023,2,TT,TODAS CONSOLIDADAS,TT,TODAS CONSOLIDADAS,LA LIBERTAD,130000,1233,14090,24612,17.42,14.97,1.17,1.16,1.4,103045,98967,4078,145165,136561,8604,2153,Indicadores_ocupabilidad_2023.csv,2023-02-01,17.42,14.84,0.8660254037844386,0.5000000000000001,17.38,24.34,18.33,104454.0,142576.0,2129.0,20.016666666666666,0,46
,2023,3,TT,TODAS CONSOLIDADAS,TT,TODAS CONSOLIDADAS,LA LIBERTAD,130000,1231,14071,24578,14.84,12.7,1.17,1.16,1.43,94478,90931,3547,134346,127136,7210,2133,Indicadores_ocupabilidad_2023.csv,2023-03-01,14.84,15.8,1.0,6.123233995736766e-17,17.42,17.38,24.34,103045.0,145165.0,2153.0,19.713333333333335,0,47
,2023,4,TT,TODAS CONSOLIDADAS,TT,TODAS CONSOLIDADAS,LA LIBERTAD,130000,1228,14031,24492,15.8,12.94,1.16,1.15,1.33,96753,92254,4499,135404,126710,8694,2116,Indicadores_ocupabilidad_2023.csv,2023-04-01,15.8,15.91,0.8660254037844387,-0.4999999999999998,14.84,17.42,17.38,94478.0,134346.0,2133.0,16.54666666666667,0,48
,2023,5,TT,TODAS CONSOLIDADAS,TT,TODAS CONSOLIDADAS,LA LIBERTAD,130000,1226,13955,24371,15.91,13.03,1.17,1.17,1.28,95718,91717,4001,137881,128875,9006,2130,Indicadores_ocupabilidad_2023.csv,2023-05-01,15.91,15.01,0.49999999999999994,-0.8660254037844387,15.8,14.84,17.42,96753.0,135404.0,2116.0,16.02,0,49
,2023,6,TT,TODAS CONSOLIDADAS,TT,TODAS CONSOLIDADAS,LA LIBERTAD,130000,1229,14044,24848,15.01,12.37,1.16,1.16,1.38,89542,86255,3287,126204,119470,6734,2148,Indicadores_ocupabilidad_2023.csv,2023-06-01,15.01,16.32,1.2246467991473532e-16,-1.0,15.91,15.8,14.84,95718.0,137881.0,2130.0,15.516666666666671,0,50
,2023,7,TT,TODAS CONSOLIDADAS,TT,TODAS CONSOLIDADAS,LA LIBERTAD,130000,1227,14015,24766,16.32,14.37,1.14,1.13,1.31,113538,109193,4345,152238,143570,8668,2162,Indicadores_ocupabilidad_2023.csv,2023-07-01,16.32,14.75,-0.4999999999999997,-0.8660254037844388,15.01,15.91,15.8,89542.0,126204.0,2148.0,15.573333333333336,0,51
,2023,8,TT,TODAS CONSOLIDADAS,TT,TODAS CONSOLIDADAS,LA LIBERTAD,130000,1226,14023,24507,14.75,12.36,1.15,1.15,1.34,98966,94403,4563,136677,127289,9388,2165,Indicadores_ocupabilidad_2023.csv,2023-08-01,14.75,17.85,-0.8660254037844384,-0.5000000000000004,16.32,15.01,15.91,113538.0,152238.0,2162.0,15.74666666666667,0,52
,2023,9,TT,TODAS CONSOLIDADAS,TT,TODAS CONSOLIDADAS,LA LIBERTAD,130000,1226,14087,24658,17.85,14.58,1.13,1.13,1.3,106136,102065,4071,140610,132690,7920,2149,Indicadores_ocupabilidad_2023.csv,2023-09-01,17.85,24.47,-1.0,-1.8369701987210297e-16,14.75,16.32,15.01,98966.0,136677.0,2165.0,15.360000000000001,0,53
,2023,10,TT,TODAS CONSOLIDADAS,TT,TODAS CONSOLIDADAS,LA LIBERTAD,130000,1226,14064,24640,24.47,21.69,1.13,1.12,1.44,144150,140295,3855,178072,170812,7260,2742,Indicadores_ocupabilidad_2023.csv,2023-10-01,24.47,22.95,-0.8660254037844386,0.5000000000000001,17.85,14.75,16.32,106136.0,140610.0,2149.0,16.30666666666667,0,54
,2023,11,TT,TODAS CONSOLIDADAS,TT,TODAS CONSOLIDADAS,LA LIBERTAD,130000,1226,14037,24594,22.95,20.28,1.12,1.11,1.33,132855,129233,3622,165123,158262,6861,2732,Indicadores_ocupabilidad_2023.csv,2023-11-01,22.95,12.43,-0.5000000000000004,0.8660254037844384,24.47,17.85,14.75,144150.0,178072.0,2742.0,19.023333333333337,0,55
,2023,12,TT,TODAS CONSOLIDADAS,TT,TODAS CONSOLIDADAS,LA LIBERTAD,130000,1222,13998,24505,12.43,10.3,1.16,1.15,1.31,90514,87344,3170,117973,112657,5316,1808,Indicadores_ocupabilidad_2023.csv,2023-12-01,12.43,18.12,-2.4492935982947064e-16,1.0,22.95,24.47,17.85,132855.0,165123.0,2732.0,21.75666666666667,0,56
20260330,2024,1,TT,TODAS CONSOLIDADAS,TT,TODAS CONSOLIDADAS,LA LIBERTAD,130000,1297,14201,24908,18.12,16.33,1.13,1.11,1.62,121966,116456,5510,152903,143064,9839,2268,Indicadores_ocupabilidad_2024.csv,2024-01-01,18.12,20.01,0.49999999999999994,0.8660254037844387,12.43,22.95,24.47,90514.0,117973.0,1808.0,19.950000000000003,0,57
20260330,2024,2,TT,TODAS CONSOLIDADAS,TT,TODAS CONSOLIDADAS,LA LIBERTAD,130000,1301,14242,24991,20.01,18.62,1.27,1.12,2.6,113195,105419,7776,155015,134622,20393,2258,Indicadores_ocupabilidad_2024.csv,2024-02-01,20.01,11.65,0.8660254037844386,0.5000000000000001,18.12,12.43,22.95,121966.0,152903.0,2268.0,17.833333333333336,0,58
20260330,2024,3,TT,TODAS CONSOLIDADAS,TT,TODAS CONSOLIDADAS,LA LIBERTAD,130000,1304,14188,24843,11.65,10.07,1.4,1.26,2.04,82277,76116,6161,117422,104772,12650,2111,Indicadores_ocupabilidad_2024.csv,2024-03-01,11.65,9.76,1.0,6.123233995736766e-17,20.01,18.12,12.43,113195.0,155015.0,2258.0,16.853333333333335,0,59
20260330,2024,4,TT,TODAS CONSOLIDADAS,TT,TODAS CONSOLIDADAS,LA LIBERTAD,130000,1303,14167,24810,9.76,8.07,1.23,1.16,1.83,71006,66441,4565,99821,90850,8971,2117,Indicadores_ocupabilidad_2024.csv,2024-04-01,9.76,14.05,0.8660254037844387,-0.4999999999999998,11.65,20.01,18.12,82277.0,117422.0,2111.0,16.593333333333337,0,60
20260330,2024,5,TT,TODAS CONSOLIDADAS,TT,TODAS CONSOLIDADAS,LA LIBERTAD,130000,1306,14192,24860,14.05,12.07,1.11,1.1,1.23,96729,92505,4224,124251,115861,8390,2121,Indicadores_ocupabilidad_2024.csv,2024-05-01,14.05,14.7,0.49999999999999994,-0.8660254037844387,9.76,11.65,20.01,71006.0,99821.0,2117.0,13.80666666666667,0,61
20260330,2024,6,TT,TODAS CONSOLIDADAS,TT,TODAS CONSOLIDADAS,LA LIBERTAD,130000,1308,14221,24904,14.7,13.1,1.13,1.12,1.46,97632,92871,4761,125876,116996,8880,2109,Indicadores_ocupabilidad_2024.csv,2024-06-01,14.7,14.66,1.2246467991473532e-16,-1.0,14.05,9.76,11.65,96729.0,124251.0,2121.0,11.820000000000002,0,62
20260330,2024,7,TT,TODAS CONSOLIDADAS,TT,TODAS CONSOLIDADAS,LA LIBERTAD,130000,1304,14134,24715,14.66,12.91,1.1,1.09,1.21,103775,99417,4358,131133,122767,8366,2110,Indicadores_ocupabilidad_2024.csv,2024-07-01,14.66,14.61,-0.4999999999999997,-0.8660254037844388,14.7,14.05,9.76,97632.0,125876.0,2109.0,12.836666666666668,0,63
20260330,2024,8,TT,TODAS CONSOLIDADAS,TT,TODAS CONSOLIDADAS,LA LIBERTAD,130000,1304,14141,24730,14.61,11.02,1.17,1.16,1.28,93497,87343,6154,126386,114840,11546,2129,Indicadores_ocupabilidad_2024.csv,2024-08-01,14.61,15.59,-0.8660254037844384,-0.5000000000000004,14.66,14.7,14.05,103775.0,131133.0,2110.0,14.470000000000004,0,64
20260330,2024,9,TT,TODAS CONSOLIDADAS,TT,TODAS CONSOLIDADAS,LA LIBERTAD,130000,1309,14199,24832,15.59,12.15,1.15,1.14,1.28,90609,85442,5167,121674,112288,9386,2291,Indicadores_ocupabilidad_2024.csv,2024-09-01,15.59,14.87,-1.0,-1.8369701987210297e-16,14.61,14.66,14.7,93497.0,126386.0,2129.0,14.656666666666668,0,65
20260330,2024,10,TT,TODAS CONSOLIDADAS,TT,TODAS CONSOLIDADAS,LA LIBERTAD,130000,1295,14023,24565,14.87,12.11,1.17,1.16,1.32,92925,88247,4678,125987,116677,9310,2264,Indicadores_ocupabilidad_2024.csv,2024-10-01,14.87,14.25,-0.8660254037844386,0.5000000000000001,15.59,14.61,14.66,90609.0,121674.0,2291.0,14.953333333333335,0,66
20260330,2024,11,TT,TODAS CONSOLIDADAS,TT,TODAS CONSOLIDADAS,LA LIBERTAD,130000,1293,13961,24399,14.25,10.92,1.14,1.13,1.27,84435,80614,3821,112693,105914,6779,2217,Indicadores_ocupabilidad_2024.csv,2024-11-01,14.25,14.26,-0.5000000000000004,0.8660254037844384,14.87,15.59,14.61,92925.0,125987.0,2264.0,15.023333333333335,0,67
,2019,4,TT,TODAS CONSOLIDADAS,TT,TODAS CONSOLIDADAS,LAMBAYEQUE,140000,676,10438,16040,23.16,19.9,1.13,1.12,1.43,81972,79788,2184,96047,92364,3683,2314,Indicadores_ocupabilidad_2019.csv,2019-04-01,23.16,22.74,0.8660254037844387,-0.4999999999999998,25.83,28.28,26.17,84112.0,99561.0,2325.0,26.76,0,0
,2019,5,TT,TODAS CONSOLIDADAS,TT,TODAS CONSOLIDADAS,LAMBAYEQUE,140000,663,10447,16092,22.74,19.24,1.14,1.13,1.65,82029,79375,2654,96542,91843,4699,2302,Indicadores_ocupabilidad_2019.csv,2019-05-01,22.74,22.74,0.49999999999999994,-0.8660254037844387,23.16,25.83,28.28,81972.0,96047.0,2314.0,25.756666666666664,0,1
,2019,6,TT,TODAS CONSOLIDADAS,TT,TODAS CONSOLIDADAS,LAMBAYEQUE,140000,665,10444,16073,22.74,19.16,1.14,1.13,1.37,79261,76495,2766,93530,89148,4382,2290,Indicadores_ocupabilidad_2019.csv,2019-06-01,22.74,26.63,1.2246467991473532e-16,-1.0,22.74,23.16,25.83,82029.0,96542.0,2302.0,23.909999999999997,0,2
,2019,7,TT,TODAS CONSOLIDADAS,TT,TODAS CONSOLIDADAS,LAMBAYEQUE,140000,665,10468,16104,26.63,20.81,1.14,1.13,1.42,90008,86787,3221,107561,101457,6104,2319,Indicadores_ocupabilidad_2019.csv,2019-07-01,26.63,24.4,-0.4999999999999997,-0.8660254037844388,22.74,22.74,23.16,79261.0,93530.0,2290.0,22.88,0,3
,2019,8,TT,TODAS CONSOLIDADAS,TT,TODAS CONSOLIDADAS,LAMBAYEQUE,140000,666,10488,16125,24.4,21.05,1.13,1.13,1.3,91656,88006,3650,108080,102536,5544,2323,Indicadores_ocupabilidad_2019.csv,2019-08-01,24.4,24.08,-0.8660254037844384,-0.5000000000000004,26.63,22.74,22.74,90008.0,107561.0,2319.0,24.036666666666665,0,4
,2019,9,TT,TODAS CONSOLIDADAS,TT,TODAS CONSOLIDADAS,LAMBAYEQUE,140000,663,10461,16022,24.08,20.37,1.15,1.15,1.23,83512,80279,3233,99418,94647,4771,2319,Indicadores_ocupabilidad_2019.csv,2019-09-01,24.08,23.82,-1.0,-1.8369701987210297e-16,24.4,26.63,22.74,91656.0,108080.0,2323.0,24.59,0,5
,2019,10,TT,TODAS CONSOLIDADAS,TT,TODAS CONSOLIDADAS,LAMBAYEQUE,140000,670,10610,16163,23.82,20.23,1.13,1.12,1.39,88767,85351,3416,104606,99141,5465,2346,Indicadores_ocupabilidad_2019.csv,2019-10-01,23.82,25.57,-0.8660254037844386,0.5000000000000001,24.08,24.4,26.63,83512.0,99418.0,2319.0,25.036666666666665,0,6
,2019,11,TT,TODAS CONSOLIDADAS,TT,TODAS CONSOLIDADAS,LAMBAYEQUE,140000,670,10612,16187,25.57,21.95,1.14,1.13,1.4,91901,88682,3219,108664,103286,5378,2363,Indicadores_ocupabilidad_2019.csv,2019-11-01,25.57,22.79,-0.5000000000000004,0.8660254037844384,23.82,24.08,24.4,88767.0,104606.0,2346.0,24.099999999999998,0,7
,2019,12,TT,TODAS CONSOLIDADAS,TT,TODAS CONSOLIDADAS,LAMBAYEQUE,140000,678,10737,16363,22.79,19.43,1.12,1.12,1.46,87734,85204,2530,101823,97520,4303,2356,Indicadores_ocupabilidad_2019.csv,2019-12-01,22.79,27.32,-2.4492935982947064e-16,1.0,25.57,23.82,24.08,91901.0,108664.0,2363.0,24.49,0,8
,2020,1,TT,TODAS CONSOLIDADAS,TT,TODAS CONSOLIDADAS,LAMBAYEQUE,140000,727,11050,16665,27.32,20.65,1.14,1.14,1.35,94252,91829,2423,111863,107892,3971,2390,Indicadores_ocupabilidad_2020.csv,2020-01-01,27.32,27.05,0.49999999999999994,0.8660254037844387,22.79,25.57,23.82,87734.0,101823.0,2356.0,24.060000000000002,1,9
,2020,2,TT,TODAS CONSOLIDADAS,TT,TODAS CONSOLIDADAS,LAMBAYEQUE,140000,728,11100,16745,27.05,23.19,1.14,1.14,1.34,98299,95704,2595,116348,112196,4152,2365,Indicadores_ocupabilidad_2020.csv,2020-02-01,27.05,14.39,0.8660254037844386,0.5000000000000001,27.32,22.79,25.57,94252.0,111863.0,2390.0,25.22666666666667,1,10
,2020,3,TT,TODAS CONSOLIDADAS,TT,TODAS CONSOLIDADAS,LAMBAYEQUE,140000,725,11045,16610,14.39,12.09,1.22,1.21,1.41,50175,48111,2064,64880,61129,3751,2204,Indicadores_ocupabilidad_2020.csv,2020-03-01,14.39,6.28,1.0,6.123233995736766e-17,27.05,27.32,22.79,98299.0,116348.0,2365.0,25.72,1,11
,2020,4,TT,TODAS CONSOLIDADAS,TT,TODAS CONSOLIDADAS,LAMBAYEQUE,140000,17,597,929,6.28,4.87,4.23,3.89,19.58,339,322,17,1737,1417,320,289,Indicadores_ocupabilidad_2020.csv,2020-04-01,6.28,12.92,0.8660254037844387,-0.4999999999999998,14.39,27.05,27.32,50175.0,64880.0,2204.0,22.92,1,12
,2020,5,TT,TODAS CONSOLIDADAS,TT,TODAS CONSOLIDADAS,LAMBAYEQUE,140000,85,2754,4295,12.92,9.29,3.34,3.36,2.89,6070,5895,175,14458,13685,773,637,Indicadores_ocupabilidad_2020.csv,2020-05-01,12.92,11.7,0.49999999999999994,-0.8660254037844387,6.28,14.39,27.05,339.0,1737.0,289.0,15.906666666666666,1,13
,2020,6,TT,TODAS CONSOLIDADAS,TT,TODAS CONSOLIDADAS,LAMBAYEQUE,140000,83,2684,4217,11.7,8.57,1.25,1.26,1.06,9461,9382,79,10939,10782,157,641,Indicadores_ocupabilidad_2020.csv,2020-06-01,11.7,14.92,1.2246467991473532e-16,-1.0,12.92,6.28,14.39,6070.0,14458.0,637.0,11.196666666666667,1,14
,2020,7,TT,TODAS CONSOLIDADAS,TT,TODAS CONSOLIDADAS,LAMBAYEQUE,140000,511,8404,12234,14.92,12.03,1.24,1.24,1.12,35091,34231,860,43369,42305,1064,1669,Indicadores_ocupabilidad_2020.csv,2020-07-01,14.92,17.41,-0.4999999999999997,-0.8660254037844388,11.7,12.92,6.28,9461.0,10939.0,641.0,10.299999999999999,1,15
,2020,8,TT,TODAS CONSOLIDADAS,TT,TODAS CONSOLIDADAS,LAMBAYEQUE,140000,552,9400,13800,17.41,14.01,1.22,1.22,1.21,46518,45142,1376,56919,55096,1823,1863,Indicadores_ocupabilidad_2020.csv,2020-08-01,17.41,18.61,-0.8660254037844384,-0.5000000000000004,14.92,11.7,12.92,35091.0,43369.0,1669.0,13.18,1,16
,2020,9,TT,TODAS CONSOLIDADAS,TT,TODAS CONSOLIDADAS,LAMBAYEQUE,140000,573,9814,14459,18.61,15.18,1.19,1.19,1.27,52722,51489,1233,63574,62065,1509,1935,Indicadores_ocupabilidad_2020.csv,2020-09-01,18.61,19.58,-1.0,-1.8369701987210297e-16,17.41,14.92,11.7,46518.0,56919.0,1863.0,14.676666666666668,1,17
,2020,10,TT,TODAS CONSOLIDADAS,TT,TODAS CONSOLIDADAS,LAMBAYEQUE,140000,564,9821,14518,19.58,15.82,1.16,1.16,1.31,59844,58693,1151,71478,69807,1671,1921,Indicadores_ocupabilidad_2020.csv,2020-10-01,19.58,21.15,-0.8660254037844386,0.5000000000000001,18.61,17.41,14.92,52722.0,63574.0,1935.0,16.98,1,18
,2020,11,TT,TODAS CONSOLIDADAS,TT,TODAS CONSOLIDADAS,LAMBAYEQUE,140000,570,9938,14720,21.15,17.25,1.19,1.19,1.26,62906,61872,1034,76924,75335,1589,1931,Indicadores_ocupabilidad_2020.csv,2020-11-01,21.15,21.76,-0.5000000000000004,0.8660254037844384,19.58,18.61,17.41,59844.0,71478.0,1921.0,18.53333333333333,1,19
,2020,12,TT,TODAS CONSOLIDADAS,TT,TODAS CONSOLIDADAS,LAMBAYEQUE,140000,578,10080,14886,21.76,17.72,1.12,1.12,1.14,70725,69392,1333,79674,78040,1634,1875,Indicadores_ocupabilidad_2020.csv,2020-12-01,21.76,22.6,-2.4492935982947064e-16,1.0,21.15,19.58,18.61,62906.0,76924.0,1931.0,19.779999999999998,1,20
,2021,1,TT,TODAS CONSOLIDADAS,TT,TODAS CONSOLIDADAS,LAMBAYEQUE,140000,653,10261,15212,22.6,16.71,1.09,1.09,1.22,69645,68683,962,77919,76607,1312,1913,Indicadores_ocupabilidad_2021.csv,2021-01-01,22.6,25.52,0.49999999999999994,0.8660254037844387,21.76,21.15,19.58,70725.0,79674.0,1875.0,20.83,0,21
,2021,2,TT,TODAS CONSOLIDADAS,TT,TODAS CONSOLIDADAS,LAMBAYEQUE,140000,650,10153,15073,25.52,18.1,1.11,1.1,1.29,64599,63387,1212,72111,70532,1579,1896,Indicadores_ocupabilidad_2021.csv,2021-02-01,25.52,21.52,0.8660254037844386,0.5000000000000001,22.6,21.76,21.15,69645.0,77919.0,1913.0,21.836666666666662,0,22
,2021,3,TT,TODAS CONSOLIDADAS,TT,TODAS CONSOLIDADAS,LAMBAYEQUE,140000,649,10192,15042,21.52,17.6,1.11,1.1,1.3,71317,70239,1078,80968,79334,1634,1894,Indicadores_ocupabilidad_2021.csv,2021-03-01,21.52,22.94,1.0,6.123233995736766e-17,25.52,22.6,21.76,64599.0,72111.0,1896.0,23.293333333333333,0,23
,2021,4,TT,TODAS CONSOLIDADAS,TT,TODAS CONSOLIDADAS,LAMBAYEQUE,140000,650,10245,15118,22.94,17.35,1.11,1.11,1.2,67240,66237,1003,76656,75219,1437,1912,Indicadores_ocupabilidad_2021.csv,2021-04-01,22.94,25.01,0.8660254037844387,-0.4999999999999998,21.52,25.52,22.6,71317.0,80968.0,1894.0,23.213333333333328,0,24
,2021,5,TT,TODAS CONSOLIDADAS,TT,TODAS CONSOLIDADAS,LAMBAYEQUE,140000,646,10164,14968,25.01,18.15,1.11,1.11,1.17,71912,70702,1210,82205,80586,1619,1878,Indicadores_ocupabilidad_2021.csv,2021-05-01,25.01,25.83,0.49999999999999994,-0.8660254037844387,22.94,21.52,25.52,67240.0,76656.0,1912.0,23.326666666666668,0,25
,2021,6,TT,TODAS CONSOLIDADAS,TT,TODAS CONSOLIDADAS,LAMBAYEQUE,140000,645,10143,14908,25.83,18.91,1.12,1.12,1.11,71399,70125,1274,81997,80418,1579,1867,Indicadores_ocupabilidad_2021.csv,2021-06-01,25.83,26.92,1.2246467991473532e-16,-1.0,25.01,22.94,21.52,71912.0,82205.0,1878.0,23.156666666666666,0,26
,2021,7,TT,TODAS CONSOLIDADAS,TT,TODAS CONSOLIDADAS,LAMBAYEQUE,140000,642,10170,14964,26.92,20.99,1.11,1.11,1.11,85123,83812,1311,98424,96668,1756,1875,Indicadores_ocupabilidad_2021.csv,2021-07-01,26.92,28.54,-0.4999999999999997,-0.8660254037844388,25.83,25.01,22.94,71399.0,81997.0,1867.0,24.593333333333334,0,27
,2021,8,TT,TODAS CONSOLIDADAS,TT,TODAS CONSOLIDADAS,LAMBAYEQUE,140000,641,10113,14845,28.54,21.09,1.13,1.13,1.16,84254,82907,1347,100306,98220,2086,1865,Indicadores_ocupabilidad_2021.csv,2021-08-01,28.54,28.66,-0.8660254037844384,-0.5000000000000004,26.92,25.83,25.01,85123.0,98424.0,1875.0,25.919999999999998,0,28
,2021,9,TT,TODAS CONSOLIDADAS,TT,TODAS CONSOLIDADAS,LAMBAYEQUE,140000,647,10205,14996,28.66,21.05,1.11,1.11,1.12,82525,81066,1459,94590,92630,1960,1880,Indicadores_ocupabilidad_2021.csv,2021-09-01,28.66,27.69,-1.0,-1.8369701987210297e-16,28.54,26.92,25.83,84254.0,100306.0,1865.0,27.096666666666664,0,29
,2021,10,TT,TODAS CONSOLIDADAS,TT,TODAS CONSOLIDADAS,LAMBAYEQUE,140000,651,10252,15006,27.69,22.3,1.1,1.1,1.14,92844,91391,1453,106336,104399,1937,1885,Indicadores_ocupabilidad_2021.csv,2021-10-01,27.69,28.03,-0.8660254037844386,0.5000000000000001,28.66,28.54,26.92,82525.0,94590.0,1880.0,28.039999999999996,0,30
,2021,11,TT,TODAS CONSOLIDADAS,TT,TODAS CONSOLIDADAS,LAMBAYEQUE,140000,650,10243,15010,28.03,21.95,1.11,1.11,1.19,85868,83931,1937,98704,96025,2679,1885,Indicadores_ocupabilidad_2021.csv,2021-11-01,28.03,26.85,-0.5000000000000004,0.8660254037844384,27.69,28.66,28.54,92844.0,106336.0,1885.0,28.296666666666663,0,31
,2021,12,TT,TODAS CONSOLIDADAS,TT,TODAS CONSOLIDADAS,LAMBAYEQUE,140000,650,10229,14947,26.85,20.72,1.1,1.1,1.11,84129,81797,2332,96829,93710,3119,1888,Indicadores_ocupabilidad_2021.csv,2021-12-01,26.85,27.19,-2.4492935982947064e-16,1.0,28.03,27.69,28.66,85868.0,98704.0,1885.0,28.126666666666665,0,32
,2022,1,TT,TODAS CONSOLIDADAS,TT,TODAS CONSOLIDADAS,LAMBAYEQUE,140000,690,10432,15466,27.19,20.75,1.1,1.1,1.21,86952,83533,3419,100660,96200,4460,2010,Indicadores_ocupabilidad_2022.csv,2022-01-01,27.19,22.64,0.49999999999999994,0.8660254037844387,26.85,28.03,27.69,84129.0,96829.0,1888.0,27.52333333333333,0,33
,2022,2,TT,TODAS CONSOLIDADAS,TT,TODAS CONSOLIDADAS,LAMBAYEQUE,140000,697,10536,15576,22.64,18.12,1.11,1.11,1.29,75125,73069,2056,90035,86771,3264,1879,Indicadores_ocupabilidad_2022.csv,2022-02-01,22.64,20.71,0.8660254037844386,0.5000000000000001,27.19,26.85,28.03,86952.0,100660.0,2010.0,27.35666666666667,0,34
,2022,3,TT,TODAS CONSOLIDADAS,TT,TODAS CONSOLIDADAS,LAMBAYEQUE,140000,694,10509,15572,20.71,16.2,1.14,1.13,1.21,71393,69460,1933,85881,82964,2917,1898,Indicadores_ocupabilidad_2022.csv,2022-03-01,20.71,20.56,1.0,6.123233995736766e-17,22.64,27.19,26.85,75125.0,90035.0,1879.0,25.560000000000002,0,35
,2022,4,TT,TODAS CONSOLIDADAS,TT,TODAS CONSOLIDADAS,LAMBAYEQUE,140000,692,10488,15542,20.56,16.55,1.12,1.12,1.15,70881,68775,2106,84405,81205,3200,1899,Indicadores_ocupabilidad_2022.csv,2022-04-01,20.56,20.2,0.8660254037844387,-0.4999999999999998,20.71,22.64,27.19,71393.0,85881.0,1898.0,23.513333333333332,0,36
,2022,5,TT,TODAS CONSOLIDADAS,TT,TODAS CONSOLIDADAS,LAMBAYEQUE,140000,694,10491,15599,20.2,16.12,1.11,1.11,1.13,72946,70821,2125,85805,82745,3060,1911,Indicadores_ocupabilidad_2022.csv,2022-05-01,20.2,20.73,0.49999999999999994,-0.8660254037844387,20.56,20.71,22.64,70881.0,84405.0,1899.0,21.30333333333333,0,37
,2022,6,TT,TODAS CONSOLIDADAS,TT,TODAS CONSOLIDADAS,LAMBAYEQUE,140000,692,10490,15511,20.73,16.57,1.12,1.12,1.13,71138,69015,2123,84215,81042,3173,1908,Indicadores_ocupabilidad_2022.csv,2022-06-01,20.73,21.92,1.2246467991473532e-16,-1.0,20.2,20.56,20.71,72946.0,85805.0,1911.0,20.49,0,38
,2022,7,TT,TODAS CONSOLIDADAS,TT,TODAS CONSOLIDADAS,LAMBAYEQUE,140000,698,10553,15630,21.92,17.69,1.12,1.12,1.19,81460,79179,2281,98064,94638,3426,1927,Indicadores_ocupabilidad_2022.csv,2022-07-01,21.92,20.23,-0.4999999999999997,-0.8660254037844388,20.73,20.2,20.56,71138.0,84215.0,1908.0,20.496666666666666,0,39
,2022,8,TT,TODAS CONSOLIDADAS,TT,TODAS CONSOLIDADAS,LAMBAYEQUE,140000,698,10565,15715,20.23,17.26,1.12,1.12,1.2,78633,76483,2150,93697,90340,3357,1891,Indicadores_ocupabilidad_2022.csv,2022-08-01,20.23,21.53,-0.8660254037844384,-0.5000000000000004,21.92,20.73,20.2,81460.0,98064.0,1927.0,20.95,0,40
,2022,9,TT,TODAS CONSOLIDADAS,TT,TODAS CONSOLIDADAS,LAMBAYEQUE,140000,698,10557,15717,21.53,17.35,1.13,1.13,1.25,73834,71833,2001,88605,85522,3083,1937,Indicadores_ocupabilidad_2022.csv,2022-09-01,21.53,20.94,-1.0,-1.8369701987210297e-16,20.23,21.92,20.73,78633.0,93697.0,1891.0,20.959999999999997,0,41
,2022,10,TT,TODAS CONSOLIDADAS,TT,TODAS CONSOLIDADAS,LAMBAYEQUE,140000,698,10529,15649,20.94,17.33,1.1,1.1,1.15,78551,76550,2001,93866,90857,3009,1930,Indicadores_ocupabilidad_2022.csv,2022-10-01,20.94,21.38,-0.8660254037844386,0.5000000000000001,21.53,20.23,21.92,73834.0,88605.0,1937.0,21.226666666666663,0,42
,2022,11,TT,TODAS CONSOLIDADAS,TT,TODAS CONSOLIDADAS,LAMBAYEQUE,140000,698,10586,15696,21.38,17.38,1.1,1.1,1.18,76261,74112,2149,88978,85792,3186,1922,Indicadores_ocupabilidad_2022.csv,2022-11-01,21.38,18.21,-0.5000000000000004,0.8660254037844384,20.94,21.53,20.23,78551.0,93866.0,1930.0,20.9,0,43
,2022,12,TT,TODAS CONSOLIDADAS,TT,TODAS CONSOLIDADAS,LAMBAYEQUE,140000,697,10558,15642,18.21,14.96,1.09,1.09,1.11,69036,67735,1301,80359,78127,2232,1893,Indicadores_ocupabilidad_2022.csv,2022-12-01,18.21,19.14,-2.4492935982947064e-16,1.0,21.38,20.94,21.53,76261.0,88978.0,1922.0,21.28333333333333,0,44
,2023,1,TT,TODAS CONSOLIDADAS,TT,TODAS CONSOLIDADAS,LAMBAYEQUE,140000,705,10315,15377,19.14,15.74,1.11,1.11,1.23,70775,69186,1589,84840,82327,2513,1818,Indicadores_ocupabilidad_2023.csv,2023-01-01,19.14,20.29,0.49999999999999994,0.8660254037844387,18.21,21.38,20.94,69036.0,80359.0,1893.0,20.176666666666666,0,45
,2023,2,TT,TODAS CONSOLIDADAS,TT,TODAS CONSOLIDADAS,LAMBAYEQUE,140000,705,10314,15379,20.29,16.63,1.12,1.12,1.17,68908,67544,1364,83386,81029,2357,1826,Indicadores_ocupabilidad_2023.csv,2023-02-01,20.29,18.35,0.8660254037844386,0.5000000000000001,19.14,18.21,21.38,70775.0,84840.0,1818.0,19.576666666666668,0,46
,2023,3,TT,TODAS CONSOLIDADAS,TT,TODAS CONSOLIDADAS,LAMBAYEQUE,140000,704,10281,15338,18.35,14.94,1.12,1.12,1.22,64825,63483,1342,78104,75871,2233,1815,Indicadores_ocupabilidad_2023.csv,2023-03-01,18.35,18.26,1.0,6.123233995736766e-17,20.29,19.14,18.21,68908.0,83386.0,1826.0,19.213333333333335,0,47
,2023,4,TT,TODAS CONSOLIDADAS,TT,TODAS CONSOLIDADAS,LAMBAYEQUE,140000,704,10273,15333,18.26,14.31,1.13,1.13,1.2,60931,59358,1573,73401,71042,2359,1815,Indicadores_ocupabilidad_2023.csv,2023-04-01,18.26,17.87,0.8660254037844387,-0.4999999999999998,18.35,20.29,19.14,64825.0,78104.0,1815.0,19.26,0,48
,2023,5,TT,TODAS CONSOLIDADAS,TT,TODAS CONSOLIDADAS,LAMBAYEQUE,140000,701,10232,15292,17.87,14.12,1.11,1.11,1.12,62348,60810,1538,74241,71827,2414,1810,Indicadores_ocupabilidad_2023.csv,2023-05-01,17.87,18.18,0.49999999999999994,-0.8660254037844387,18.26,18.35,20.29,60931.0,73401.0,1815.0,18.966666666666665,0,49
,2023,6,TT,TODAS CONSOLIDADAS,TT,TODAS CONSOLIDADAS,LAMBAYEQUE,140000,699,10138,15113,18.18,14.84,1.13,1.13,1.15,61142,59569,1573,74110,70671,3439,1789,Indicadores_ocupabilidad_2023.csv,2023-06-01,18.18,19.5,1.2246467991473532e-16,-1.0,17.87,18.26,18.35,62348.0,74241.0,1810.0,18.16,0,50
,2023,7,TT,TODAS CONSOLIDADAS,TT,TODAS CONSOLIDADAS,LAMBAYEQUE,140000,700,10161,15141,19.5,15.75,1.15,1.14,1.25,67237,65663,1574,87055,80191,6864,1789,Indicadores_ocupabilidad_2023.csv,2023-07-01,19.5,18.85,-0.4999999999999997,-0.8660254037844388,18.18,17.87,18.26,61142.0,74110.0,1789.0,18.103333333333335,0,51
,2023,8,TT,TODAS CONSOLIDADAS,TT,TODAS CONSOLIDADAS,LAMBAYEQUE,140000,702,10285,15355,18.85,15.23,1.09,1.08,1.17,71192,69550,1642,83663,80959,2704,1790,Indicadores_ocupabilidad_2023.csv,2023-08-01,18.85,18.64,-0.8660254037844384,-0.5000000000000004,19.5,18.18,17.87,67237.0,87055.0,1789.0,18.516666666666666,0,52
,2023,9,TT,TODAS CONSOLIDADAS,TT,TODAS CONSOLIDADAS,LAMBAYEQUE,140000,702,10284,15344,18.64,15.16,1.11,1.1,1.16,66102,64518,1584,79351,76916,2435,1795,Indicadores_ocupabilidad_2023.csv,2023-09-01,18.64,18.95,-1.0,-1.8369701987210297e-16,18.85,19.5,18.18,71192.0,83663.0,1790.0,18.843333333333334,0,53
,2023,10,TT,TODAS CONSOLIDADAS,TT,TODAS CONSOLIDADAS,LAMBAYEQUE,140000,702,10278,15329,18.95,15.27,1.11,1.1,1.12,68949,67135,1814,82453,79795,2658,1796,Indicadores_ocupabilidad_2023.csv,2023-10-01,18.95,19.78,-0.8660254037844386,0.5000000000000001,18.64,18.85,19.5,66102.0,79351.0,1795.0,18.996666666666666,0,54
,2023,11,TT,TODAS CONSOLIDADAS,TT,TODAS CONSOLIDADAS,LAMBAYEQUE,140000,700,10230,15248,19.78,16.61,1.13,1.13,1.14,70420,68425,1995,86540,83292,3248,1799,Indicadores_ocupabilidad_2023.csv,2023-11-01,19.78,18.06,-0.5000000000000004,0.8660254037844384,18.95,18.64,18.85,68949.0,82453.0,1796.0,18.813333333333333,0,55
,2023,12,TT,TODAS CONSOLIDADAS,TT,TODAS CONSOLIDADAS,LAMBAYEQUE,140000,701,10241,15254,18.06,14.8,1.11,1.11,1.12,65843,64145,1698,78751,76153,2598,1768,Indicadores_ocupabilidad_2023.csv,2023-12-01,18.06,19.03,-2.4492935982947064e-16,1.0,19.78,18.95,18.64,70420.0,86540.0,1799.0,19.12333333333333,0,56
20260330,2024,1,TT,TODAS CONSOLIDADAS,TT,TODAS CONSOLIDADAS,LAMBAYEQUE,140000,747,10720,16166,19.03,14.88,1.11,1.11,1.13,74204,72161,2043,88571,85454,3117,1897,Indicadores_ocupabilidad_2024.csv,2024-01-01,19.03,20.23,0.49999999999999994,0.8660254037844387,18.06,19.78,18.95,65843.0,78751.0,1768.0,18.929999999999996,0,57
20260330,2024,2,TT,TODAS CONSOLIDADAS,TT,TODAS CONSOLIDADAS,LAMBAYEQUE,140000,748,10746,16193,20.23,16.05,1.12,1.11,1.2,72317,70602,1715,87295,84289,3006,1898,Indicadores_ocupabilidad_2024.csv,2024-02-01,20.23,19.04,0.8660254037844386,0.5000000000000001,19.03,18.06,19.78,74204.0,88571.0,1897.0,18.956666666666663,0,58
20260330,2024,3,TT,TODAS CONSOLIDADAS,TT,TODAS CONSOLIDADAS,LAMBAYEQUE,140000,750,10708,16129,19.04,14.91,1.13,1.12,1.23,71154,69547,1607,86385,83696,2689,1902,Indicadores_ocupabilidad_2024.csv,2024-03-01,19.04,18.51,1.0,6.123233995736766e-17,20.23,19.03,18.06,72317.0,87295.0,1898.0,19.106666666666666,0,59
20260330,2024,4,TT,TODAS CONSOLIDADAS,TT,TODAS CONSOLIDADAS,LAMBAYEQUE,140000,751,10714,16113,18.51,14.44,1.11,1.11,1.21,66964,65356,1608,79714,77093,2621,1902,Indicadores_ocupabilidad_2024.csv,2024-04-01,18.51,17.87,0.8660254037844387,-0.4999999999999998,19.04,20.23,19.03,71154.0,86385.0,1902.0,19.433333333333334,0,60
20260330,2024,5,TT,TODAS CONSOLIDADAS,TT,TODAS CONSOLIDADAS,LAMBAYEQUE,140000,750,10828,16237,17.87,14.08,1.12,1.11,1.3,68037,66106,1931,80288,77226,3062,1909,Indicadores_ocupabilidad_2024.csv,2024-05-01,17.87,18.33,0.49999999999999994,-0.8660254037844387,18.51,19.04,20.23,66964.0,79714.0,1902.0,19.26,0,61
20260330,2024,6,TT,TODAS CONSOLIDADAS,TT,TODAS CONSOLIDADAS,LAMBAYEQUE,140000,752,10880,16292,18.33,14.65,1.12,1.12,1.29,68549,66600,1949,82429,78984,3445,1928,Indicadores_ocupabilidad_2024.csv,2024-06-01,18.33,19.41,1.2246467991473532e-16,-1.0,17.87,18.51,19.04,68037.0,80288.0,1909.0,18.473333333333333,0,62
20260330,2024,7,TT,TODAS CONSOLIDADAS,TT,TODAS CONSOLIDADAS,LAMBAYEQUE,140000,753,10864,16190,19.41,15.95,1.13,1.13,1.2,78578,76347,2231,94811,91364,3447,1934,Indicadores_ocupabilidad_2024.csv,2024-07-01,19.41,20.25,-0.4999999999999997,-0.8660254037844388,18.33,17.87,18.51,68549.0,82429.0,1928.0,18.236666666666665,0,63
20260330,2024,8,TT,TODAS CONSOLIDADAS,TT,TODAS CONSOLIDADAS,LAMBAYEQUE,140000,752,10939,16350,20.25,16.7,1.14,1.14,1.18,80735,78051,2684,98449,94158,4291,1935,Indicadores_ocupabilidad_2024.csv,2024-08-01,20.25,19.67,-0.8660254037844384,-0.5000000000000004,19.41,18.33,17.87,78578.0,94811.0,1934.0,18.536666666666665,0,64
20260330,2024,9,TT,TODAS CONSOLIDADAS,TT,TODAS CONSOLIDADAS,LAMBAYEQUE,140000,752,10951,16355,19.67,16.03,1.13,1.13,1.21,75123,72787,2336,89343,85585,3758,1934,Indicadores_ocupabilidad_2024.csv,2024-09-01,19.67,20.06,-1.0,-1.8369701987210297e-16,20.25,19.41,18.33,80735.0,98449.0,1935.0,19.33,0,65
20260330,2024,10,TT,TODAS CONSOLIDADAS,TT,TODAS CONSOLIDADAS,LAMBAYEQUE,140000,751,10856,16126,20.06,16.58,1.1,1.1,1.14,80472,78244,2228,93861,90604,3257,1898,Indicadores_ocupabilidad_2024.csv,2024-10-01,20.06,20.56,-0.8660254037844386,0.5000000000000001,19.67,20.25,19.41,75123.0,89343.0,1934.0,19.776666666666667,0,66
20260330,2024,11,TT,TODAS CONSOLIDADAS,TT,TODAS CONSOLIDADAS,LAMBAYEQUE,140000,754,10916,16196,20.56,17.12,1.11,1.11,1.19,81083,78952,2131,96691,93219,3472,1909,Indicadores_ocupabilidad_2024.csv,2024-11-01,20.56,19.75,-0.5000000000000004,0.8660254037844384,20.06,19.67,20.25,80472.0,93861.0,1898.0,19.993333333333332,0,67
,2019,4,TT,TODAS CONSOLIDADAS,TT,TODAS CONSOLIDADAS,LIMA,150000,6120,75572,134496,28.45,26.28,1.21,1.19,1.32,2854060,2567387,286673,3523885,3033233,490652,54698,Indicadores_ocupabilidad_2019.csv,2019-04-01,28.45,28.34,0.8660254037844387,-0.4999999999999998,31.39,39.05,35.02,3147630.0,3871567.0,55774.0,35.153333333333336,0,0
,2019,5,TT,TODAS CONSOLIDADAS,TT,TODAS CONSOLIDADAS,LIMA,150000,6121,75673,134704,28.34,25.29,1.26,1.21,1.68,2737408,2453705,283702,3520026,2970836,549189,54210,Indicadores_ocupabilidad_2019.csv,2019-05-01,28.34,29.14,0.49999999999999994,-0.8660254037844387,28.45,31.39,39.05,2854060.0,3523885.0,54698.0,32.96333333333333,0,1
,2019,6,TT,TODAS CONSOLIDADAS,TT,TODAS CONSOLIDADAS,LIMA,150000,6122,75662,134493,29.14,26.15,1.25,1.19,1.88,2707800,2433810,273990,3452200,2887691,564509,54342,Indicadores_ocupabilidad_2019.csv,2019-06-01,29.14,32.69,1.2246467991473532e-16,-1.0,28.34,28.45,31.39,2737408.0,3520026.0,54210.0,29.393333333333334,0,2
,2019,7,TT,TODAS CONSOLIDADAS,TT,TODAS CONSOLIDADAS,LIMA,150000,6121,75960,135201,32.69,28.94,1.31,1.22,2.02,3022421,2645506,376915,4027398,3219381,808016,57178,Indicadores_ocupabilidad_2019.csv,2019-07-01,32.69,35.93,-0.4999999999999997,-0.8660254037844388,29.14,28.34,28.45,2707800.0,3452200.0,54342.0,28.643333333333334,0,3
,2019,8,TT,TODAS CONSOLIDADAS,TT,TODAS CONSOLIDADAS,LIMA,150000,6115,75963,135249,35.93,32.47,1.34,1.27,1.94,3274837,2890576,384261,4464774,3650890,813883,57821,Indicadores_ocupabilidad_2019.csv,2019-08-01,35.93,33.56,-0.8660254037844384,-0.5000000000000004,32.69,29.14,28.34,3022421.0,4027398.0,57178.0,30.05666666666666,0,4
,2019,9,TT,TODAS CONSOLIDADAS,TT,TODAS CONSOLIDADAS,LIMA,150000,6115,75830,134798,33.56,29.69,1.28,1.23,1.73,2970408,2617427,352981,3866885,3195601,671284,58141,Indicadores_ocupabilidad_2019.csv,2019-09-01,33.56,34.21,-1.0,-1.8369701987210297e-16,35.93,32.69,29.14,3274837.0,4464774.0,57821.0,32.586666666666666,0,5
,2019,10,TT,TODAS CONSOLIDADAS,TT,TODAS CONSOLIDADAS,LIMA,150000,6111,75847,134946,34.21,30.53,1.32,1.26,2.04,3078864,2787794,291071,4127253,3494815,632439,55913,Indicadores_ocupabilidad_2019.csv,2019-10-01,34.21,36.72,-0.8660254037844386,0.5000000000000001,33.56,35.93,32.69,2970408.0,3866885.0,58141.0,34.06,0,6
,2019,11,TT,TODAS CONSOLIDADAS,TT,TODAS CONSOLIDADAS,LIMA,150000,6122,76466,136243,36.72,33.26,1.32,1.27,1.87,3211295,2893655,317640,4326847,3667916,658931,56793,Indicadores_ocupabilidad_2019.csv,2019-11-01,36.72,29.83,-0.5000000000000004,0.8660254037844384,34.21,33.56,35.93,3078864.0,4127253.0,55913.0,34.56666666666667,0,7
,2019,12,TT,TODAS CONSOLIDADAS,TT,TODAS CONSOLIDADAS,LIMA,150000,6124,76974,137304,29.83,26.63,1.23,1.19,1.77,2898582,2669807,228775,3613823,3163717,450106,56601,Indicadores_ocupabilidad_2019.csv,2019-12-01,29.83,34.68,-2.4492935982947064e-16,1.0,36.72,34.21,33.56,3211295.0,4326847.0,56793.0,34.830000000000005,0,8
,2020,1,TT,TODAS CONSOLIDADAS,TT,TODAS CONSOLIDADAS,LIMA,150000,6695,79832,142335,34.68,32.56,1.34,1.3,2.03,3553922,3309002,244920,4805431,4281583,523847,62898,Indicadores_ocupabilidad_2020.csv,2020-01-01,34.68,39.32,0.49999999999999994,0.8660254037844387,29.83,36.72,34.21,2898582.0,3613823.0,56601.0,33.586666666666666,1,9
,2020,2,TT,TODAS CONSOLIDADAS,TT,TODAS CONSOLIDADAS,LIMA,150000,6692,79784,142260,39.32,40.13,1.41,1.37,1.97,3783237,3539347,243890,5348792,4828986,519806,62947,Indicadores_ocupabilidad_2020.csv,2020-02-01,39.32,19.42,0.8660254037844386,0.5000000000000001,34.68,29.83,36.72,3553922.0,4805431.0,62898.0,33.74333333333333,1,10
,2020,3,TT,TODAS CONSOLIDADAS,TT,TODAS CONSOLIDADAS,LIMA,150000,6686,79656,141898,19.42,18.85,1.48,1.45,2.1,1877666,1761963,115702,2805412,2536110,269302,61234,Indicadores_ocupabilidad_2020.csv,2020-03-01,19.42,18.48,1.0,6.123233995736766e-17,39.32,34.68,29.83,3783237.0,5348792.0,62947.0,34.61,1,11
,2020,4,TT,TODAS CONSOLIDADAS,TT,TODAS CONSOLIDADAS,LIMA,150000,6466,70517,123885,18.48,16.48,5.56,5.53,7.43,406345,394907,11439,2268646,2187903,80743,41153,Indicadores_ocupabilidad_2020.csv,2020-04-01,18.48,17.35,0.8660254037844387,-0.4999999999999998,19.42,39.32,34.68,1877666.0,2805412.0,61234.0,31.14,1,12
,2020,5,TT,TODAS CONSOLIDADAS,TT,TODAS CONSOLIDADAS,LIMA,150000,6478,71181,125156,17.35,19.55,5.18,5.24,2.55,538150,525701,12449,2811709,2768529,43180,35051,Indicadores_ocupabilidad_2020.csv,2020-05-01,17.35,16.11,0.49999999999999994,-0.8660254037844387,18.48,19.42,39.32,406345.0,2268646.0,41153.0,25.74,1,13
,2020,6,TT,TODAS CONSOLIDADAS,TT,TODAS CONSOLIDADAS,LIMA,150000,6505,72583,128087,16.11,16.62,2.03,2.05,1.41,1199183,1157983,41200,2413301,2354117,59185,47463,Indicadores_ocupabilidad_2020.csv,2020-06-01,16.11,19.59,1.2246467991473532e-16,-1.0,17.35,18.48,19.42,538150.0,2811709.0,35051.0,18.416666666666668,1,14
,2020,7,TT,TODAS CONSOLIDADAS,TT,TODAS CONSOLIDADAS,LIMA,150000,6583,75758,134169,19.59,17.83,1.37,1.37,1.3,1939771,1898099,41672,2665245,2606660,58586,48393,Indicadores_ocupabilidad_2020.csv,2020-07-01,19.59,18.48,-0.4999999999999997,-0.8660254037844388,16.11,17.35,18.48,1199183.0,2413301.0,47463.0,17.313333333333333,1,15
,2020,8,TT,TODAS CONSOLIDADAS,TT,TODAS CONSOLIDADAS,LIMA,150000,6612,76750,136130,18.48,16.5,1.18,1.18,1.25,1970555,1943292,27263,2327562,2290331,37231,41244,Indicadores_ocupabilidad_2020.csv,2020-08-01,18.48,21.84,-0.8660254037844384,-0.5000000000000004,19.59,16.11,17.35,1939771.0,2665245.0,48393.0,17.683333333333334,1,16
,2020,9,TT,TODAS CONSOLIDADAS,TT,TODAS CONSOLIDADAS,LIMA,150000,6623,77216,136930,21.84,20.32,1.17,1.17,1.19,2347508,2311289,36218,2736618,2687530,49088,40338,Indicadores_ocupabilidad_2020.csv,2020-09-01,21.84,23.9,-1.0,-1.8369701987210297e-16,18.48,19.59,16.11,1970555.0,2327562.0,41244.0,18.060000000000002,1,17
,2020,10,TT,TODAS CONSOLIDADAS,TT,TODAS CONSOLIDADAS,LIMA,150000,6625,77460,137632,23.9,21.6,1.19,1.19,1.24,2593583,2539858,53725,3074414,3000426,73987,40588,Indicadores_ocupabilidad_2020.csv,2020-10-01,23.9,23.57,-0.8660254037844386,0.5000000000000001,21.84,18.48,19.59,2347508.0,2736618.0,40338.0,19.970000000000002,1,18
,2020,11,TT,TODAS CONSOLIDADAS,TT,TODAS CONSOLIDADAS,LIMA,150000,6636,78061,138853,23.57,20.75,1.17,1.17,1.25,2438325,2396035,42289,2865280,2797824,67456,38134,Indicadores_ocupabilidad_2020.csv,2020-11-01,23.57,23.31,-0.5000000000000004,0.8660254037844384,23.9,21.84,18.48,2593583.0,3074414.0,40588.0,21.406666666666666,1,19
,2020,12,TT,TODAS CONSOLIDADAS,TT,TODAS CONSOLIDADAS,LIMA,150000,6637,77913,138645,23.31,20.64,1.17,1.16,1.56,2492981,2423417,69564,2941981,2821718,120263,40787,Indicadores_ocupabilidad_2020.csv,2020-12-01,23.31,23.76,-2.4492935982947064e-16,1.0,23.57,23.9,21.84,2438325.0,2865280.0,38134.0,23.103333333333335,1,20
,2021,1,TT,TODAS CONSOLIDADAS,TT,TODAS CONSOLIDADAS,LIMA,150000,6334,76611,135499,23.76,21.78,1.22,1.22,1.3,2485534,2436938,48596,3058193,2982557,75635,41358,Indicadores_ocupabilidad_2021.csv,2021-01-01,23.76,17.49,0.49999999999999994,0.8660254037844387,23.31,23.57,23.9,2492981.0,2941981.0,40787.0,23.593333333333334,0,21
,2021,2,TT,TODAS CONSOLIDADAS,TT,TODAS CONSOLIDADAS,LIMA,150000,6316,75811,133868,17.49,16.0,1.21,1.2,1.48,1690377,1661015,29362,2057010,2003483,53527,40990,Indicadores_ocupabilidad_2021.csv,2021-02-01,17.49,21.98,0.8660254037844386,0.5000000000000001,23.76,23.31,23.57,2485534.0,3058193.0,41358.0,23.546666666666667,0,22
,2021,3,TT,TODAS CONSOLIDADAS,TT,TODAS CONSOLIDADAS,LIMA,150000,6327,76574,135499,21.98,20.48,1.18,1.18,1.31,2437798,2382115,55682,2911087,2822925,88162,41208,Indicadores_ocupabilidad_2021.csv,2021-03-01,21.98,21.76,1.0,6.123233995736766e-17,17.49,23.76,23.31,1690377.0,2057010.0,40990.0,21.52,0,23
,2021,4,TT,TODAS CONSOLIDADAS,TT,TODAS CONSOLIDADAS,LIMA,150000,6328,76705,135717,21.76,20.31,1.26,1.25,1.5,2207783,2146597,61186,2804931,2696299,108632,41380,Indicadores_ocupabilidad_2021.csv,2021-04-01,21.76,21.9,0.8660254037844387,-0.4999999999999998,21.98,17.49,23.76,2437798.0,2911087.0,41208.0,21.076666666666664,0,24
,2021,5,TT,TODAS CONSOLIDADAS,TT,TODAS CONSOLIDADAS,LIMA,150000,6332,77032,136308,21.9,20.69,1.21,1.21,1.29,2428247,2357057,71191,2972412,2860830,111582,41269,Indicadores_ocupabilidad_2021.csv,2021-05-01,21.9,19.6,0.49999999999999994,-0.8660254037844387,21.76,21.98,17.49,2207783.0,2804931.0,41380.0,20.41,0,25
,2021,6,TT,TODAS CONSOLIDADAS,TT,TODAS CONSOLIDADAS,LIMA,150000,6335,77176,136528,19.6,18.27,1.17,1.16,1.39,2136753,2056405,80347,2527600,2394082,133518,40285,Indicadores_ocupabilidad_2021.csv,2021-06-01,19.6,24.77,1.2246467991473532e-16,-1.0,21.9,21.76,21.98,2428247.0,2972412.0,41269.0,21.88,0,26
,2021,7,TT,TODAS CONSOLIDADAS,TT,TODAS CONSOLIDADAS,LIMA,150000,6337,77177,136481,24.77,24.1,1.21,1.2,1.21,2779619,2684006,95614,3387948,3241042,146906,40417,Indicadores_ocupabilidad_2021.csv,2021-07-01,24.77,23.81,-0.4999999999999997,-0.8660254037844388,19.6,21.9,21.76,2136753.0,2527600.0,40285.0,21.08666666666667,0,27
,2021,8,TT,TODAS CONSOLIDADAS,TT,TODAS CONSOLIDADAS,LIMA,150000,6335,77352,136743,23.81,23.56,1.19,1.19,1.18,2761605,2675472,86132,3330938,3193687,137252,40158,Indicadores_ocupabilidad_2021.csv,2021-08-01,23.81,23.92,-0.8660254037844384,-0.5000000000000004,24.77,19.6,21.9,2779619.0,3387948.0,40417.0,22.09,0,28
,2021,9,TT,TODAS CONSOLIDADAS,TT,TODAS CONSOLIDADAS,LIMA,150000,6337,77828,137506,23.92,22.7,1.15,1.14,1.26,2698112,2592759,105352,3148014,2974623,173390,40577,Indicadores_ocupabilidad_2021.csv,2021-09-01,23.92,26.34,-1.0,-1.8369701987210297e-16,23.81,24.77,19.6,2761605.0,3330938.0,40158.0,22.72666666666667,0,29
,2021,10,TT,TODAS CONSOLIDADAS,TT,TODAS CONSOLIDADAS,LIMA,150000,6341,78201,138147,26.34,25.5,1.17,1.16,1.26,3044202,2908934,135268,3601604,3378109,223495,39317,Indicadores_ocupabilidad_2021.csv,2021-10-01,26.34,24.62,-0.8660254037844386,0.5000000000000001,23.92,23.81,24.77,2698112.0,3148014.0,40577.0,24.166666666666668,0,30
,2021,11,TT,TODAS CONSOLIDADAS,TT,TODAS CONSOLIDADAS,LIMA,150000,6341,78394,138631,24.62,22.06,1.17,1.15,1.31,2592124,2440615,151509,3093040,2830224,262816,39673,Indicadores_ocupabilidad_2021.csv,2021-11-01,24.62,25.1,-0.5000000000000004,0.8660254037844384,26.34,23.92,23.81,3044202.0,3601604.0,39317.0,24.689999999999998,0,31
,2021,12,TT,TODAS CONSOLIDADAS,TT,TODAS CONSOLIDADAS,LIMA,150000,6345,78607,139089,25.1,22.12,1.11,1.1,1.16,2789972,2664579,125393,3150200,2949887,200313,38891,Indicadores_ocupabilidad_2021.csv,2021-12-01,25.1,24.24,-2.4492935982947064e-16,1.0,24.62,26.34,23.92,2592124.0,3093040.0,39673.0,24.959999999999997,0,32
,2022,1,TT,TODAS CONSOLIDADAS,TT,TODAS CONSOLIDADAS,LIMA,150000,6821,80785,143767,24.24,21.72,1.21,1.19,1.38,2619100,2467894,151207,3212020,2957276,254744,45892,Indicadores_ocupabilidad_2022.csv,2022-01-01,24.24,27.71,0.49999999999999994,0.8660254037844387,25.1,24.62,26.34,2789972.0,3150200.0,38891.0,25.353333333333335,0,33
,2022,2,TT,TODAS CONSOLIDADAS,TT,TODAS CONSOLIDADAS,LIMA,150000,6819,80665,143633,27.71,24.93,1.17,1.15,1.43,2811620,2666165,145455,3343473,3089318,254155,46103,Indicadores_ocupabilidad_2022.csv,2022-02-01,27.71,24.62,0.8660254037844386,0.5000000000000001,24.24,25.1,24.62,2619100.0,3212020.0,45892.0,24.653333333333336,0,34
,2022,3,TT,TODAS CONSOLIDADAS,TT,TODAS CONSOLIDADAS,LIMA,150000,6826,81176,144527,24.62,21.04,1.15,1.12,1.47,2685853,2517822,168031,3163207,2850766,312441,46110,Indicadores_ocupabilidad_2022.csv,2022-03-01,24.62,23.27,1.0,6.123233995736766e-17,27.71,24.24,25.1,2811620.0,3343473.0,46103.0,25.683333333333334,0,35
,2022,4,TT,TODAS CONSOLIDADAS,TT,TODAS CONSOLIDADAS,LIMA,150000,6829,81301,144037,23.27,20.38,1.18,1.16,1.39,2441288,2244570,196719,2960386,2611948,348438,46632,Indicadores_ocupabilidad_2022.csv,2022-04-01,23.27,22.38,0.8660254037844387,-0.4999999999999998,24.62,27.71,24.24,2685853.0,3163207.0,46110.0,25.523333333333337,0,36
,2022,5,TT,TODAS CONSOLIDADAS,TT,TODAS CONSOLIDADAS,LIMA,150000,6827,81256,143912,22.38,19.57,1.14,1.12,1.42,2468276,2293171,175105,2907625,2585913,321712,46944,Indicadores_ocupabilidad_2022.csv,2022-05-01,22.38,23.14,0.49999999999999994,-0.8660254037844387,23.27,24.62,27.71,2441288.0,2960386.0,46632.0,25.2,0,37
,2022,6,TT,TODAS CONSOLIDADAS,TT,TODAS CONSOLIDADAS,LIMA,150000,6833,81690,144766,23.14,19.72,1.18,1.15,1.38,2346120,2143678,202441,2843366,2485100,358267,46580,Indicadores_ocupabilidad_2022.csv,2022-06-01,23.14,22.53,1.2246467991473532e-16,-1.0,22.38,23.27,24.62,2468276.0,2907625.0,46944.0,23.423333333333332,0,38
,2022,7,TT,TODAS CONSOLIDADAS,TT,TODAS CONSOLIDADAS,LIMA,150000,6834,81746,144789,22.53,20.78,1.18,1.17,1.28,2549902,2406118,143784,3108176,2827734,280442,42539,Indicadores_ocupabilidad_2022.csv,2022-07-01,22.53,22.6,-0.4999999999999997,-0.8660254037844388,23.14,22.38,23.27,2346120.0,2843366.0,46580.0,22.929999999999996,0,39
,2022,8,TT,TODAS CONSOLIDADAS,TT,TODAS CONSOLIDADAS,LIMA,150000,6835,81842,144771,22.6,20.82,1.18,1.17,1.23,2563822,2406508,157314,3111823,2815931,295892,42612,Indicadores_ocupabilidad_2022.csv,2022-08-01,22.6,23.09,-0.8660254037844384,-0.5000000000000004,22.53,23.14,22.38,2549902.0,3108176.0,42539.0,22.683333333333334,0,40
,2022,9,TT,TODAS CONSOLIDADAS,TT,TODAS CONSOLIDADAS,LIMA,150000,6832,81823,144712,23.09,20.37,1.15,1.14,1.19,2496634,2342612,154021,2966399,2672527,293872,43069,Indicadores_ocupabilidad_2022.csv,2022-09-01,23.09,26.48,-1.0,-1.8369701987210297e-16,22.6,22.53,23.14,2563822.0,3111823.0,42612.0,22.75666666666667,0,41
,2022,10,TT,TODAS CONSOLIDADAS,TT,TODAS CONSOLIDADAS,LIMA,150000,6833,81886,144867,26.48,23.36,1.18,1.17,1.32,2882008,2724416,157592,3513352,3192707,320645,43289,Indicadores_ocupabilidad_2022.csv,2022-10-01,26.48,25.67,-0.8660254037844386,0.5000000000000001,23.09,22.6,22.53,2496634.0,2966399.0,43069.0,22.74,0,42
,2022,11,TT,TODAS CONSOLIDADAS,TT,TODAS CONSOLIDADAS,LIMA,150000,6830,81848,144804,25.67,22.26,1.16,1.14,1.81,2693414,2531665,161749,3252511,2887341,365169,42791,Indicadores_ocupabilidad_2022.csv,2022-11-01,25.67,26.8,-0.5000000000000004,0.8660254037844384,26.48,23.09,22.6,2882008.0,3513352.0,43289.0,24.05666666666667,0,43
,2022,12,TT,TODAS CONSOLIDADAS,TT,TODAS CONSOLIDADAS,LIMA,150000,6830,81847,144827,26.8,23.85,1.16,1.15,1.39,2979488,2865597,113891,3511469,3293594,217875,41495,Indicadores_ocupabilidad_2022.csv,2022-12-01,26.8,24.44,-2.4492935982947064e-16,1.0,25.67,26.48,23.09,2693414.0,3252511.0,42791.0,25.08,0,44
,2023,1,TT,TODAS CONSOLIDADAS,TT,TODAS CONSOLIDADAS,LIMA,150000,7327,82859,146358,24.44,21.55,1.16,1.15,1.3,2918287,2789679,128608,3432352,3206721,225631,46378,Indicadores_ocupabilidad_2023.csv,2023-01-01,24.44,27.36,0.49999999999999994,0.8660254037844387,26.8,25.67,26.48,2979488.0,3511469.0,41495.0,26.316666666666666,0,45
,2023,2,TT,TODAS CONSOLIDADAS,TT,TODAS CONSOLIDADAS,LIMA,150000,7325,82731,146131,27.36,24.37,1.13,1.12,1.22,3046990,2933582,113409,3497613,3304941,192672,46403,Indicadores_ocupabilidad_2023.csv,2023-02-01,27.36,22.67,0.8660254037844386,0.5000000000000001,24.44,26.8,25.67,2918287.0,3432352.0,46378.0,25.636666666666667,0,46
,2023,3,TT,TODAS CONSOLIDADAS,TT,TODAS CONSOLIDADAS,LIMA,150000,7327,82791,146247,22.67,19.25,1.12,1.1,1.3,2711058,2585816,125242,3100857,2861225,239632,46564,Indicadores_ocupabilidad_2023.csv,2023-03-01,22.67,22.79,1.0,6.123233995736766e-17,27.36,24.44,26.8,3046990.0,3497613.0,46403.0,26.2,0,47
,2023,4,TT,TODAS CONSOLIDADAS,TT,TODAS CONSOLIDADAS,LIMA,150000,7327,82810,146327,22.79,20.46,1.16,1.14,1.22,2713660,2567753,145907,3218687,2948287,270400,47132,Indicadores_ocupabilidad_2023.csv,2023-04-01,22.79,21.97,0.8660254037844387,-0.4999999999999998,22.67,27.36,24.44,2711058.0,3100857.0,46564.0,24.823333333333334,0,48
,2023,5,TT,TODAS CONSOLIDADAS,TT,TODAS CONSOLIDADAS,LIMA,150000,7327,82895,146431,21.97,19.1,1.17,1.16,1.24,2597531,2473412,124119,3119885,2871179,248707,47334,Indicadores_ocupabilidad_2023.csv,2023-05-01,21.97,20.83,0.49999999999999994,-0.8660254037844387,22.79,22.67,27.36,2713660.0,3218687.0,47132.0,24.273333333333337,0,49
,2023,6,TT,TODAS CONSOLIDADAS,TT,TODAS CONSOLIDADAS,LIMA,150000,7327,82795,146254,20.83,17.87,1.11,1.09,1.26,2472369,2343959,128409,2842348,2570916,271431,47152,Indicadores_ocupabilidad_2023.csv,2023-06-01,20.83,20.84,1.2246467991473532e-16,-1.0,21.97,22.79,22.67,2597531.0,3119885.0,47334.0,22.47666666666667,0,50
,2023,7,TT,TODAS CONSOLIDADAS,TT,TODAS CONSOLIDADAS,LIMA,150000,7326,82820,146331,20.84,19.35,1.15,1.14,1.21,2662622,2516172,146450,3174941,2873614,301326,47378,Indicadores_ocupabilidad_2023.csv,2023-07-01,20.84,22.28,-0.4999999999999997,-0.8660254037844388,20.83,21.97,22.79,2472369.0,2842348.0,47152.0,21.863333333333333,0,51
,2023,8,TT,TODAS CONSOLIDADAS,TT,TODAS CONSOLIDADAS,LIMA,150000,7325,82728,146276,22.28,19.9,1.17,1.15,1.27,2706461,2556769,149691,3249230,2956260,292970,47256,Indicadores_ocupabilidad_2023.csv,2023-08-01,22.28,21.19,-0.8660254037844384,-0.5000000000000004,20.84,20.83,21.97,2662622.0,3174941.0,47378.0,21.21333333333333,0,52
,2023,9,TT,TODAS CONSOLIDADAS,TT,TODAS CONSOLIDADAS,LIMA,150000,7325,82850,146411,21.19,18.87,1.15,1.13,1.29,2539048,2381285,157763,3016248,2700987,315261,47377,Indicadores_ocupabilidad_2023.csv,2023-09-01,21.19,22.54,-1.0,-1.8369701987210297e-16,22.28,20.84,20.83,2706461.0,3249230.0,47256.0,21.316666666666666,0,53
,2023,10,TT,TODAS CONSOLIDADAS,TT,TODAS CONSOLIDADAS,LIMA,150000,7324,82797,146308,22.54,20.19,1.13,1.12,1.24,2848569,2672442,176126,3332718,2995576,337143,46954,Indicadores_ocupabilidad_2023.csv,2023-10-01,22.54,22.1,-0.8660254037844386,0.5000000000000001,21.19,22.28,20.84,2539048.0,3016248.0,47377.0,21.436666666666667,0,54
,2023,11,TT,TODAS CONSOLIDADAS,TT,TODAS CONSOLIDADAS,LIMA,150000,7329,82976,146649,22.1,20.89,1.17,1.15,1.23,2746492,2587757,158735,3320146,2988464,331682,46929,Indicadores_ocupabilidad_2023.csv,2023-11-01,22.1,22.86,-0.5000000000000004,0.8660254037844384,22.54,21.19,22.28,2848569.0,3332718.0,46954.0,22.003333333333334,0,55
,2023,12,TT,TODAS CONSOLIDADAS,TT,TODAS CONSOLIDADAS,LIMA,150000,7327,83271,147168,22.86,20.73,1.11,1.1,1.12,2971855,2814853,157002,3378537,3098698,279838,45332,Indicadores_ocupabilidad_2023.csv,2023-12-01,22.86,23.38,-2.4492935982947064e-16,1.0,22.1,22.54,21.19,2746492.0,3320146.0,46929.0,21.94333333333333,0,56
20260330,2024,1,TT,TODAS CONSOLIDADAS,TT,TODAS CONSOLIDADAS,LIMA,150000,7749,84748,149519,23.38,22.03,1.26,1.25,1.33,2889641,2721068,168573,3717866,3412977,304889,48085,Indicadores_ocupabilidad_2024.csv,2024-01-01,23.38,27.3,0.49999999999999994,0.8660254037844387,22.86,22.1,22.54,2971855.0,3378537.0,45332.0,22.5,0,57
20260330,2024,2,TT,TODAS CONSOLIDADAS,TT,TODAS CONSOLIDADAS,LIMA,150000,7749,84753,149415,27.3,26.33,1.3,1.29,1.32,3053773,2879383,174390,4055996,3730575,325420,48595,Indicadores_ocupabilidad_2024.csv,2024-02-01,27.3,24.25,0.8660254037844386,0.5000000000000001,23.38,22.86,22.1,2889641.0,3717866.0,48085.0,22.78,0,58
20260330,2024,3,TT,TODAS CONSOLIDADAS,TT,TODAS CONSOLIDADAS,LIMA,150000,7753,84960,149813,24.25,22.21,1.18,1.17,1.37,3130902,2936093,194809,3810517,3436656,373860,48995,Indicadores_ocupabilidad_2024.csv,2024-03-01,24.25,23.03,1.0,6.123233995736766e-17,27.3,23.38,22.86,3053773.0,4055996.0,48595.0,24.513333333333335,0,59
20260330,2024,4,TT,TODAS CONSOLIDADAS,TT,TODAS CONSOLIDADAS,LIMA,150000,7747,84838,149616,23.03,20.22,1.13,1.11,1.27,2910107,2722601,187506,3393507,3031957,361550,49480,Indicadores_ocupabilidad_2024.csv,2024-04-01,23.03,20.71,0.8660254037844387,-0.4999999999999998,24.25,27.3,23.38,3130902.0,3810517.0,48995.0,24.97666666666667,0,60
20260330,2024,5,TT,TODAS CONSOLIDADAS,TT,TODAS CONSOLIDADAS,LIMA,150000,7749,84890,149718,20.71,18.44,1.11,1.1,1.16,2784889,2598653,186236,3239601,2856301,383300,49461,Indicadores_ocupabilidad_2024.csv,2024-05-01,20.71,22.81,0.49999999999999994,-0.8660254037844387,23.03,24.25,27.3,2910107.0,3393507.0,49480.0,24.86,0,61
20260330,2024,6,TT,TODAS CONSOLIDADAS,TT,TODAS CONSOLIDADAS,LIMA,150000,7750,84913,149801,22.81,21.14,1.11,1.1,1.16,2685208,2499338,185870,3119233,2750035,369198,43677,Indicadores_ocupabilidad_2024.csv,2024-06-01,22.81,23.96,1.2246467991473532e-16,-1.0,20.71,23.03,24.25,2784889.0,3239601.0,49461.0,22.663333333333338,0,62
20260330,2024,7,TT,TODAS CONSOLIDADAS,TT,TODAS CONSOLIDADAS,LIMA,150000,7751,84967,149905,23.96,22.24,1.09,1.08,1.17,2976405,2796720,179686,3395586,3035428,360158,44085,Indicadores_ocupabilidad_2024.csv,2024-07-01,23.96,24.21,-0.4999999999999997,-0.8660254037844388,22.81,20.71,23.03,2685208.0,3119233.0,43677.0,22.183333333333337,0,63
20260330,2024,8,TT,TODAS CONSOLIDADAS,TT,TODAS CONSOLIDADAS,LIMA,150000,7754,84826,149788,24.21,22.73,1.1,1.08,1.13,3029610,2824840,204770,3506885,3086266,420619,44108,Indicadores_ocupabilidad_2024.csv,2024-08-01,24.21,23.09,-0.8660254037844384,-0.5000000000000004,23.96,22.81,20.71,2976405.0,3395586.0,44085.0,22.493333333333336,0,64
20260330,2024,9,TT,TODAS CONSOLIDADAS,TT,TODAS CONSOLIDADAS,LIMA,150000,7756,85050,149929,23.09,21.1,1.09,1.07,1.23,2734679,2525454,209224,3140325,2727549,412776,43674,Indicadores_ocupabilidad_2024.csv,2024-09-01,23.09,23.13,-1.0,-1.8369701987210297e-16,24.21,23.96,22.81,3029610.0,3506885.0,44108.0,23.659999999999997,0,65
20260330,2024,10,TT,TODAS CONSOLIDADAS,TT,TODAS CONSOLIDADAS,LIMA,150000,7757,85198,150326,23.13,20.76,1.09,1.08,1.18,2814939,2612324,202615,3243827,2831234,412593,44528,Indicadores_ocupabilidad_2024.csv,2024-10-01,23.13,23.3,-0.8660254037844386,0.5000000000000001,23.09,24.21,23.96,2734679.0,3140325.0,43674.0,23.753333333333334,0,66
20260330,2024,11,TT,TODAS CONSOLIDADAS,TT,TODAS CONSOLIDADAS,LIMA,150000,7759,85235,150391,23.3,21.45,1.08,1.07,1.17,2841132,2651711,189421,3253956,2849838,404118,44620,Indicadores_ocupabilidad_2024.csv,2024-11-01,23.3,23.73,-0.5000000000000004,0.8660254037844384,23.13,23.09,24.21,2814939.0,3243827.0,44528.0,23.47666666666667,0,67
,2019,4,TT,TODAS CONSOLIDADAS,TT,TODAS CONSOLIDADAS,LORETO,160000,791,9144,14987,21.77,19.48,1.75,1.65,1.89,50974,34890,16084,90756,58755,32001,2036,Indicadores_ocupabilidad_2019.csv,2019-04-01,21.77,22.58,0.8660254037844387,-0.4999999999999998,19.53,21.21,20.89,46618.0,85108.0,2021.0,20.543333333333333,0,0
,2019,5,TT,TODAS CONSOLIDADAS,TT,TODAS CONSOLIDADAS,LORETO,160000,793,9310,15097,22.58,20.29,1.46,1.57,1.29,64978,37652,27326,98437,60563,37874,2040,Indicadores_ocupabilidad_2019.csv,2019-05-01,22.58,25.93,0.49999999999999994,-0.8660254037844387,21.77,19.53,21.21,50974.0,90756.0,2036.0,20.83666666666667,0,1
,2019,6,TT,TODAS CONSOLIDADAS,TT,TODAS CONSOLIDADAS,LORETO,160000,762,9400,15282,25.93,22.67,1.54,1.62,1.33,67794,44339,23455,108531,73478,35053,2102,Indicadores_ocupabilidad_2019.csv,2019-06-01,25.93,31.99,1.2246467991473532e-16,-1.0,22.58,21.77,19.53,64978.0,98437.0,2040.0,21.293333333333333,0,2
,2019,7,TT,TODAS CONSOLIDADAS,TT,TODAS CONSOLIDADAS,LORETO,160000,764,9411,15390,31.99,27.89,1.58,1.55,1.57,84307,60768,23539,136176,95180,40996,2045,Indicadores_ocupabilidad_2019.csv,2019-07-01,31.99,26.51,-0.4999999999999997,-0.8660254037844388,25.93,22.58,21.77,67794.0,108531.0,2102.0,23.426666666666666,0,3
,2019,8,TT,TODAS CONSOLIDADAS,TT,TODAS CONSOLIDADAS,LORETO,160000,765,9456,15416,26.51,24.61,1.64,1.61,1.66,73033,48762,24271,124533,80563,43970,2063,Indicadores_ocupabilidad_2019.csv,2019-08-01,26.51,23.47,-0.8660254037844384,-0.5000000000000004,31.99,25.93,22.58,84307.0,136176.0,2045.0,26.833333333333332,0,4
,2019,9,TT,TODAS CONSOLIDADAS,TT,TODAS CONSOLIDADAS,LORETO,160000,764,9430,15408,23.47,21.24,1.64,1.63,1.6,60912,45228,15684,101702,73926,27776,2119,Indicadores_ocupabilidad_2019.csv,2019-09-01,23.47,24.55,-1.0,-1.8369701987210297e-16,26.51,31.99,25.93,73033.0,124533.0,2063.0,28.143333333333334,0,5
,2019,10,TT,TODAS CONSOLIDADAS,TT,TODAS CONSOLIDADAS,LORETO,160000,764,9444,15402,24.55,22.3,1.6,1.63,1.45,66672,46225,20447,112529,77007,35522,2054,Indicadores_ocupabilidad_2019.csv,2019-10-01,24.55,25.75,-0.8660254037844386,0.5000000000000001,23.47,26.51,31.99,60912.0,101702.0,2119.0,27.323333333333334,0,6
,2019,11,TT,TODAS CONSOLIDADAS,TT,TODAS CONSOLIDADAS,LORETO,160000,764,9453,15409,25.75,20.77,1.53,1.53,1.46,63689,46984,16705,101528,73520,28008,2086,Indicadores_ocupabilidad_2019.csv,2019-11-01,25.75,24.47,-0.5000000000000004,0.8660254037844384,24.55,23.47,26.51,66672.0,112529.0,2054.0,24.843333333333334,0,7
,2019,12,TT,TODAS CONSOLIDADAS,TT,TODAS CONSOLIDADAS,LORETO,160000,763,9381,15338,24.47,22.86,1.76,1.62,2.35,60943,49036,11907,109252,81561,27691,2065,Indicadores_ocupabilidad_2019.csv,2019-12-01,24.47,21.07,-2.4492935982947064e-16,1.0,25.75,24.55,23.47,63689.0,101528.0,2086.0,24.59,0,8
,2020,1,TT,TODAS CONSOLIDADAS,TT,TODAS CONSOLIDADAS,LORETO,160000,849,9773,15932,21.07,17.42,1.55,1.72,1.35,56540,32872,23668,90416,57663,32753,2135,Indicadores_ocupabilidad_2020.csv,2020-01-01,21.07,23.62,0.49999999999999994,0.8660254037844387,24.47,25.75,24.55,60943.0,109252.0,2065.0,24.923333333333332,1,9
,2020,2,TT,TODAS CONSOLIDADAS,TT,TODAS CONSOLIDADAS,LORETO,160000,843,9708,15796,23.62,20.42,1.62,1.63,1.58,56871,40073,16798,95682,67945,27737,2062,Indicadores_ocupabilidad_2020.csv,2020-02-01,23.62,12.8,0.8660254037844386,0.5000000000000001,21.07,24.47,25.75,56540.0,90416.0,2135.0,23.763333333333332,1,10
,2020,3,TT,TODAS CONSOLIDADAS,TT,TODAS CONSOLIDADAS,LORETO,160000,835,9674,15708,12.8,10.03,1.87,1.95,1.81,26052,11581,14471,51242,23904,27338,1868,Indicadores_ocupabilidad_2020.csv,2020-03-01,12.8,11.72,1.0,6.123233995736766e-17,23.62,21.07,24.47,56871.0,95682.0,2062.0,23.05333333333333,1,11
,2020,4,TT,TODAS CONSOLIDADAS,TT,TODAS CONSOLIDADAS,LORETO,160000,12,376,660,11.72,8.85,4.5,4.46,4.24,394,285,109,1760,1293,467,115,Indicadores_ocupabilidad_2020.csv,2020-04-01,11.72,27.23,0.8660254037844387,-0.4999999999999998,12.8,23.62,21.07,26052.0,51242.0,1868.0,19.163333333333334,1,12
,2020,5,TT,TODAS CONSOLIDADAS,TT,TODAS CONSOLIDADAS,LORETO,160000,40,1177,1967,27.23,17.52,4.91,4.86,3.94,1877,1787,90,12199,11609,590,255,Indicadores_ocupabilidad_2020.csv,2020-05-01,27.23,12.36,0.49999999999999994,-0.8660254037844387,11.72,12.8,23.62,394.0,1760.0,115.0,16.046666666666667,1,13
,2020,6,TT,TODAS CONSOLIDADAS,TT,TODAS CONSOLIDADAS,LORETO,160000,39,1211,2029,12.36,7.9,5.51,5.2,7.91,947,923,24,5802,5256,546,268,Indicadores_ocupabilidad_2020.csv,2020-06-01,12.36,10.83,1.2246467991473532e-16,-1.0,27.23,11.72,12.8,1877.0,12199.0,255.0,17.25,1,14
,2020,7,TT,TODAS CONSOLIDADAS,TT,TODAS CONSOLIDADAS,LORETO,160000,445,7492,12057,10.83,6.37,4.48,4.04,9.94,5533,5184,349,23109,19614,3495,903,Indicadores_ocupabilidad_2020.csv,2020-07-01,10.83,8.32,-0.4999999999999997,-0.8660254037844388,12.36,27.23,11.72,947.0,5802.0,268.0,17.103333333333335,1,15
,2020,8,TT,TODAS CONSOLIDADAS,TT,TODAS CONSOLIDADAS,LORETO,160000,453,7644,12363,8.32,6.22,2.09,2.08,2.47,11872,11677,195,24883,24422,461,1052,Indicadores_ocupabilidad_2020.csv,2020-08-01,8.32,11.88,-0.8660254037844384,-0.5000000000000004,10.83,12.36,27.23,5533.0,23109.0,903.0,16.80666666666667,1,16
,2020,9,TT,TODAS CONSOLIDADAS,TT,TODAS CONSOLIDADAS,LORETO,160000,454,7660,12440,11.88,9.45,1.89,1.89,5.89,18289,18060,229,35662,35148,514,1055,Indicadores_ocupabilidad_2020.csv,2020-09-01,11.88,14.31,-1.0,-1.8369701987210297e-16,8.32,10.83,12.36,11872.0,24883.0,1052.0,10.503333333333336,1,17
,2020,10,TT,TODAS CONSOLIDADAS,TT,TODAS CONSOLIDADAS,LORETO,160000,455,7464,12104,14.31,11.39,2.06,2.06,1.8,21011,20510,501,42911,42022,889,1283,Indicadores_ocupabilidad_2020.csv,2020-10-01,14.31,18.7,-0.8660254037844386,0.5000000000000001,11.88,8.32,10.83,18289.0,35662.0,1055.0,10.343333333333335,1,18
,2020,11,TT,TODAS CONSOLIDADAS,TT,TODAS CONSOLIDADAS,LORETO,160000,454,7492,12158,18.7,16.1,2.09,2.09,2.01,29677,27849,1828,57996,54215,3781,1292,Indicadores_ocupabilidad_2020.csv,2020-11-01,18.7,17.12,-0.5000000000000004,0.8660254037844384,14.31,11.88,8.32,21011.0,42911.0,1283.0,11.503333333333336,1,19
,2020,12,TT,TODAS CONSOLIDADAS,TT,TODAS CONSOLIDADAS,LORETO,160000,457,7528,12232,17.12,13.76,2.06,2.07,1.87,24437,21957,2480,51603,46890,4713,1165,Indicadores_ocupabilidad_2020.csv,2020-12-01,17.12,17.17,-2.4492935982947064e-16,1.0,18.7,14.31,11.88,29677.0,57996.0,1292.0,14.963333333333333,1,20
,2021,1,TT,TODAS CONSOLIDADAS,TT,TODAS CONSOLIDADAS,LORETO,160000,768,8538,13881,17.17,15.69,1.71,1.57,2.84,39198,35485,3713,69278,57397,11881,1250,Indicadores_ocupabilidad_2021.csv,2021-01-01,17.17,10.41,0.49999999999999994,0.8660254037844387,17.12,18.7,14.31,24437.0,51603.0,1165.0,16.710000000000004,0,21
,2021,2,TT,TODAS CONSOLIDADAS,TT,TODAS CONSOLIDADAS,LORETO,160000,761,8405,13582,10.41,9.1,1.39,1.35,1.66,25595,24501,1094,38533,33489,5044,1191,Indicadores_ocupabilidad_2021.csv,2021-02-01,10.41,13.21,0.8660254037844386,0.5000000000000001,17.17,17.12,18.7,39198.0,69278.0,1250.0,17.663333333333338,0,22
,2021,3,TT,TODAS CONSOLIDADAS,TT,TODAS CONSOLIDADAS,LORETO,160000,762,8384,13634,13.21,11.58,1.45,1.39,1.75,33687,32438,1249,52515,47103,5412,1197,Indicadores_ocupabilidad_2021.csv,2021-03-01,13.21,16.42,1.0,6.123233995736766e-17,10.41,17.17,17.12,25595.0,38533.0,1191.0,14.9,0,23
,2021,4,TT,TODAS CONSOLIDADAS,TT,TODAS CONSOLIDADAS,LORETO,160000,766,8447,13701,16.42,14.69,1.71,1.57,2.52,35172,29772,5400,62452,47801,14651,1225,Indicadores_ocupabilidad_2021.csv,2021-04-01,16.42,15.77,0.8660254037844387,-0.4999999999999998,13.21,10.41,17.17,33687.0,52515.0,1197.0,13.59666666666667,0,24
,2021,5,TT,TODAS CONSOLIDADAS,TT,TODAS CONSOLIDADAS,LORETO,160000,763,8446,13700,15.77,13.2,2.14,2.15,2.04,27765,22054,5711,60468,47851,12617,1139,Indicadores_ocupabilidad_2021.csv,2021-05-01,15.77,20.49,0.49999999999999994,-0.8660254037844387,16.42,13.21,10.41,35172.0,62452.0,1225.0,13.34666666666667,0,25
,2021,6,TT,TODAS CONSOLIDADAS,TT,TODAS CONSOLIDADAS,LORETO,160000,763,8418,13661,20.49,18.94,1.64,1.56,1.93,46926,38639,8287,79353,63066,16287,1262,Indicadores_ocupabilidad_2021.csv,2021-06-01,20.49,23.7,1.2246467991473532e-16,-1.0,15.77,16.42,13.21,27765.0,60468.0,1139.0,15.133333333333335,0,26
,2021,7,TT,TODAS CONSOLIDADAS,TT,TODAS CONSOLIDADAS,LORETO,160000,763,8460,13774,23.7,21.57,1.82,1.72,2.27,51294,43631,7663,95837,77867,17970,1297,Indicadores_ocupabilidad_2021.csv,2021-07-01,23.7,27.23,-0.4999999999999997,-0.8660254037844388,20.49,15.77,16.42,46926.0,79353.0,1262.0,17.56,0,27
,2021,8,TT,TODAS CONSOLIDADAS,TT,TODAS CONSOLIDADAS,LORETO,160000,762,8459,13751,27.23,25.41,1.95,1.72,2.49,55068,40401,14667,108143,71702,36441,1316,Indicadores_ocupabilidad_2021.csv,2021-08-01,27.23,20.66,-0.8660254037844384,-0.5000000000000004,23.7,20.49,15.77,51294.0,95837.0,1297.0,19.986666666666665,0,28
,2021,9,TT,TODAS CONSOLIDADAS,TT,TODAS CONSOLIDADAS,LORETO,160000,760,8454,13703,20.66,19.74,1.58,1.52,1.71,51462,38930,12532,84851,62767,22084,1298,Indicadores_ocupabilidad_2021.csv,2021-09-01,20.66,21.44,-1.0,-1.8369701987210297e-16,27.23,23.7,20.49,55068.0,108143.0,1316.0,23.80666666666667,0,29
,2021,10,TT,TODAS CONSOLIDADAS,TT,TODAS CONSOLIDADAS,LORETO,160000,761,8444,13678,21.44,22.17,1.63,1.59,1.79,57812,46707,11105,97817,77633,20184,1296,Indicadores_ocupabilidad_2021.csv,2021-10-01,21.44,21.24,-0.8660254037844386,0.5000000000000001,20.66,27.23,23.7,51462.0,84851.0,1298.0,23.863333333333333,0,30
,2021,11,TT,TODAS CONSOLIDADAS,TT,TODAS CONSOLIDADAS,LORETO,160000,762,8467,13744,21.24,18.17,1.45,1.4,1.74,52343,43703,8640,81542,65861,15681,1327,Indicadores_ocupabilidad_2021.csv,2021-11-01,21.24,18.64,-0.5000000000000004,0.8660254037844384,21.44,20.66,27.23,57812.0,97817.0,1296.0,23.11,0,31
,2021,12,TT,TODAS CONSOLIDADAS,TT,TODAS CONSOLIDADAS,LORETO,160000,765,8504,13861,18.64,16.96,1.57,1.48,2.07,47143,39744,7399,76461,61229,15232,1307,Indicadores_ocupabilidad_2021.csv,2021-12-01,18.64,18.2,-2.4492935982947064e-16,1.0,21.24,21.44,20.66,52343.0,81542.0,1327.0,21.113333333333333,0,32
,2022,1,TT,TODAS CONSOLIDADAS,TT,TODAS CONSOLIDADAS,LORETO,160000,839,8796,14382,18.2,15.41,1.7,1.6,1.98,40521,31038,9483,72150,53164,18986,1351,Indicadores_ocupabilidad_2022.csv,2022-01-01,18.2,18.26,0.49999999999999994,0.8660254037844387,18.64,21.24,21.44,47143.0,76461.0,1307.0,20.44,0,33
,2022,2,TT,TODAS CONSOLIDADAS,TT,TODAS CONSOLIDADAS,LORETO,160000,838,8803,14376,18.26,15.35,1.61,1.56,1.77,38899,29836,9063,66248,49707,16541,1353,Indicadores_ocupabilidad_2022.csv,2022-02-01,18.26,18.08,0.8660254037844386,0.5000000000000001,18.2,18.64,21.24,40521.0,72150.0,1351.0,19.36,0,34
,2022,3,TT,TODAS CONSOLIDADAS,TT,TODAS CONSOLIDADAS,LORETO,160000,838,8815,14395,18.08,16.96,1.77,1.63,2.03,43085,30359,12726,79641,53558,26083,1352,Indicadores_ocupabilidad_2022.csv,2022-03-01,18.08,17.75,1.0,6.123233995736766e-17,18.26,18.2,18.64,38899.0,66248.0,1353.0,18.36666666666667,0,35
,2022,4,TT,TODAS CONSOLIDADAS,TT,TODAS CONSOLIDADAS,LORETO,160000,836,8796,14383,17.75,16.93,1.75,1.66,1.9,43258,30924,12334,77428,52290,25138,1336,Indicadores_ocupabilidad_2022.csv,2022-04-01,17.75,18.7,0.8660254037844387,-0.4999999999999998,18.08,18.26,18.2,43085.0,79641.0,1352.0,18.180000000000003,0,36
,2022,5,TT,TODAS CONSOLIDADAS,TT,TODAS CONSOLIDADAS,LORETO,160000,832,8698,14190,18.7,17.79,1.8,1.72,1.93,45397,31288,14109,84053,56003,28050,1315,Indicadores_ocupabilidad_2022.csv,2022-05-01,18.7,19.15,0.49999999999999994,-0.8660254037844387,17.75,18.08,18.26,43258.0,77428.0,1336.0,18.03,0,37
,2022,6,TT,TODAS CONSOLIDADAS,TT,TODAS CONSOLIDADAS,LORETO,160000,832,8716,14233,19.15,18.88,1.88,1.74,2.13,44658,29642,15016,85898,53407,32491,1346,Indicadores_ocupabilidad_2022.csv,2022-06-01,19.15,21.8,1.2246467991473532e-16,-1.0,18.7,17.75,18.08,45397.0,84053.0,1315.0,18.176666666666666,0,38
,2022,7,TT,TODAS CONSOLIDADAS,TT,TODAS CONSOLIDADAS,LORETO,160000,833,8743,14295,21.8,20.73,1.92,1.84,2.06,50140,34695,15445,98040,65379,32661,1341,Indicadores_ocupabilidad_2022.csv,2022-07-01,21.8,20.87,-0.4999999999999997,-0.8660254037844388,19.15,18.7,17.75,44658.0,85898.0,1346.0,18.533333333333335,0,39
,2022,8,TT,TODAS CONSOLIDADAS,TT,TODAS CONSOLIDADAS,LORETO,160000,833,8757,14340,20.87,19.16,1.84,1.76,1.97,48925,32476,16449,92403,58627,33776,1358,Indicadores_ocupabilidad_2022.csv,2022-08-01,20.87,21.96,-0.8660254037844384,-0.5000000000000004,21.8,19.15,18.7,50140.0,98040.0,1341.0,19.88333333333333,0,40
,2022,9,TT,TODAS CONSOLIDADAS,TT,TODAS CONSOLIDADAS,LORETO,160000,833,8756,14330,21.96,17.69,1.76,1.64,1.97,45217,30879,14338,81420,52258,29162,1352,Indicadores_ocupabilidad_2022.csv,2022-09-01,21.96,22.81,-1.0,-1.8369701987210297e-16,20.87,21.8,19.15,48925.0,92403.0,1358.0,20.606666666666666,0,41
,2022,10,TT,TODAS CONSOLIDADAS,TT,TODAS CONSOLIDADAS,LORETO,160000,835,8795,14401,22.81,19.31,1.91,1.76,2.19,47569,32213,15356,92139,58418,33721,1590,Indicadores_ocupabilidad_2022.csv,2022-10-01,22.81,19.36,-0.8660254037844386,0.5000000000000001,21.96,20.87,21.8,45217.0,81420.0,1352.0,21.543333333333333,0,42
,2022,11,TT,TODAS CONSOLIDADAS,TT,TODAS CONSOLIDADAS,LORETO,160000,832,8730,14305,19.36,16.27,1.74,1.6,2.01,41671,27661,14010,74889,46370,28519,1592,Indicadores_ocupabilidad_2022.csv,2022-11-01,19.36,17.34,-0.5000000000000004,0.8660254037844384,22.81,21.96,20.87,47569.0,92139.0,1590.0,21.88,0,43
,2022,12,TT,TODAS CONSOLIDADAS,TT,TODAS CONSOLIDADAS,LORETO,160000,835,8807,14451,17.34,14.53,1.72,1.58,2.16,38520,29049,9471,67818,47418,20400,1360,Indicadores_ocupabilidad_2022.csv,2022-12-01,17.34,15.92,-2.4492935982947064e-16,1.0,19.36,22.81,21.96,41671.0,74889.0,1592.0,21.376666666666665,0,44
,2023,1,TT,TODAS CONSOLIDADAS,TT,TODAS CONSOLIDADAS,LORETO,160000,870,8848,14377,15.92,12.93,1.87,1.84,1.92,32876,24683,8193,62206,46125,16081,1412,Indicadores_ocupabilidad_2023.csv,2023-01-01,15.92,17.58,0.49999999999999994,0.8660254037844387,17.34,19.36,22.81,38520.0,67818.0,1360.0,19.836666666666666,0,45
,2023,2,TT,TODAS CONSOLIDADAS,TT,TODAS CONSOLIDADAS,LORETO,160000,869,8782,14262,17.58,14.26,1.94,1.9,2.01,31925,24836,7089,62933,48430,14503,1376,Indicadores_ocupabilidad_2023.csv,2023-02-01,17.58,16.36,0.8660254037844386,0.5000000000000001,15.92,17.34,19.36,32876.0,62206.0,1412.0,17.540000000000003,0,46
,2023,3,TT,TODAS CONSOLIDADAS,TT,TODAS CONSOLIDADAS,LORETO,160000,871,8885,14436,16.36,13.87,2.12,2.11,2.11,31651,22578,9073,65247,46287,18960,1379,Indicadores_ocupabilidad_2023.csv,2023-03-01,16.36,14.27,1.0,6.123233995736766e-17,17.58,15.92,17.34,31925.0,62933.0,1376.0,16.94666666666667,0,47
,2023,4,TT,TODAS CONSOLIDADAS,TT,TODAS CONSOLIDADAS,LORETO,160000,870,8829,14385,14.27,13.23,1.8,1.74,1.92,34424,25456,8968,63777,46465,17312,1365,Indicadores_ocupabilidad_2023.csv,2023-04-01,14.27,13.45,0.8660254037844387,-0.4999999999999998,16.36,17.58,15.92,31651.0,65247.0,1379.0,16.62,0,48
,2023,5,TT,TODAS CONSOLIDADAS,TT,TODAS CONSOLIDADAS,LORETO,160000,874,8836,14421,13.45,10.74,1.8,1.77,1.84,30180,20588,9592,56269,38189,18080,1382,Indicadores_ocupabilidad_2023.csv,2023-05-01,13.45,11.65,0.49999999999999994,-0.8660254037844387,14.27,16.36,17.58,34424.0,63777.0,1365.0,16.069999999999997,0,49
,2023,6,TT,TODAS CONSOLIDADAS,TT,TODAS CONSOLIDADAS,LORETO,160000,874,8878,14471,11.65,10.94,1.8,1.85,1.65,30386,20540,9846,57449,39421,18028,1362,Indicadores_ocupabilidad_2023.csv,2023-06-01,11.65,12.71,1.2246467991473532e-16,-1.0,13.45,14.27,16.36,30180.0,56269.0,1382.0,14.693333333333333,0,50
,2023,7,TT,TODAS CONSOLIDADAS,TT,TODAS CONSOLIDADAS,LORETO,160000,874,8862,14363,12.71,12.51,2.02,1.89,2.21,32311,21559,10752,66296,41798,24498,1373,Indicadores_ocupabilidad_2023.csv,2023-07-01,12.71,15.33,-0.4999999999999997,-0.8660254037844388,11.65,13.45,14.27,30386.0,57449.0,1362.0,13.123333333333333,0,51
,2023,8,TT,TODAS CONSOLIDADAS,TT,TODAS CONSOLIDADAS,LORETO,160000,873,8860,14380,15.33,13.24,1.9,1.83,2.01,35080,24434,10646,69446,46717,22729,1366,Indicadores_ocupabilidad_2023.csv,2023-08-01,15.33,11.83,-0.8660254037844384,-0.5000000000000004,12.71,11.65,13.45,32311.0,66296.0,1373.0,12.603333333333333,0,52
,2023,9,TT,TODAS CONSOLIDADAS,TT,TODAS CONSOLIDADAS,LORETO,160000,870,8820,14311,11.83,11.33,1.86,1.76,2.07,29665,20505,9160,57105,37781,19324,1399,Indicadores_ocupabilidad_2023.csv,2023-09-01,11.83,10.98,-1.0,-1.8369701987210297e-16,15.33,12.71,11.65,35080.0,69446.0,1366.0,13.229999999999999,0,53
,2023,10,TT,TODAS CONSOLIDADAS,TT,TODAS CONSOLIDADAS,LORETO,160000,870,8936,14551,10.98,10.41,1.84,1.93,1.71,29654,18502,11152,57020,36199,20821,1391,Indicadores_ocupabilidad_2023.csv,2023-10-01,10.98,13.09,-0.8660254037844386,0.5000000000000001,11.83,15.33,12.71,29665.0,57105.0,1399.0,13.290000000000001,0,54
,2023,11,TT,TODAS CONSOLIDADAS,TT,TODAS CONSOLIDADAS,LORETO,160000,872,8940,14560,13.09,10.62,1.89,1.89,1.82,28604,19883,8721,56119,37887,18232,1397,Indicadores_ocupabilidad_2023.csv,2023-11-01,13.09,15.9,-0.5000000000000004,0.8660254037844384,10.98,11.83,15.33,29654.0,57020.0,1391.0,12.713333333333333,0,55
,2023,12,TT,TODAS CONSOLIDADAS,TT,TODAS CONSOLIDADAS,LORETO,160000,872,8986,14701,15.9,11.0,1.58,1.58,1.62,33938,25444,8494,57526,41724,15802,1342,Indicadores_ocupabilidad_2023.csv,2023-12-01,15.9,15.22,-2.4492935982947064e-16,1.0,13.09,10.98,11.83,28604.0,56119.0,1397.0,11.966666666666667,0,56
20260330,2024,1,TT,TODAS CONSOLIDADAS,TT,TODAS CONSOLIDADAS,LORETO,160000,927,9306,15191,15.22,13.64,1.7,1.66,1.78,39890,28772,11118,70796,50249,20547,1479,Indicadores_ocupabilidad_2024.csv,2024-01-01,15.22,12.36,0.49999999999999994,0.8660254037844387,15.9,13.09,10.98,33938.0,57526.0,1342.0,13.323333333333332,0,57
20260330,2024,2,TT,TODAS CONSOLIDADAS,TT,TODAS CONSOLIDADAS,LORETO,160000,929,9350,15228,12.36,11.34,1.54,1.52,1.58,34542,22322,12220,59688,38146,21542,1494,Indicadores_ocupabilidad_2024.csv,2024-02-01,12.36,13.44,0.8660254037844386,0.5000000000000001,15.22,15.9,13.09,39890.0,70796.0,1479.0,14.736666666666666,0,58
20260330,2024,3,TT,TODAS CONSOLIDADAS,TT,TODAS CONSOLIDADAS,LORETO,160000,925,9349,15244,13.44,11.79,1.66,1.65,1.62,37096,24078,13018,65730,42341,23389,1480,Indicadores_ocupabilidad_2024.csv,2024-03-01,13.44,14.19,1.0,6.123233995736766e-17,12.36,15.22,15.9,34542.0,59688.0,1494.0,14.493333333333334,0,59
20260330,2024,4,TT,TODAS CONSOLIDADAS,TT,TODAS CONSOLIDADAS,LORETO,160000,923,9267,15147,14.19,12.39,1.76,1.78,1.72,35054,20538,14516,63266,36808,26458,1494,Indicadores_ocupabilidad_2024.csv,2024-04-01,14.19,14.0,0.8660254037844387,-0.4999999999999998,13.44,12.36,15.22,37096.0,65730.0,1480.0,13.673333333333332,0,60
20260330,2024,5,TT,TODAS CONSOLIDADAS,TT,TODAS CONSOLIDADAS,LORETO,160000,921,9294,15086,14.0,12.87,1.6,1.57,1.61,40882,25023,15859,69100,41729,27371,1473,Indicadores_ocupabilidad_2024.csv,2024-05-01,14.0,14.11,0.49999999999999994,-0.8660254037844387,14.19,13.44,12.36,35054.0,63266.0,1494.0,13.33,0,61
20260330,2024,6,TT,TODAS CONSOLIDADAS,TT,TODAS CONSOLIDADAS,LORETO,160000,922,9309,15088,14.11,12.67,1.58,1.49,1.7,39522,24262,15260,68441,39882,28559,1511,Indicadores_ocupabilidad_2024.csv,2024-06-01,14.11,13.62,1.2246467991473532e-16,-1.0,14.0,14.19,13.44,40882.0,69100.0,1473.0,13.876666666666667,0,62
20260330,2024,7,TT,TODAS CONSOLIDADAS,TT,TODAS CONSOLIDADAS,LORETO,160000,919,9250,14972,13.62,12.01,1.8,1.65,2.01,36830,21323,15507,69677,37757,31920,1508,Indicadores_ocupabilidad_2024.csv,2024-07-01,13.62,14.26,-0.4999999999999997,-0.8660254037844388,14.11,14.0,14.19,39522.0,68441.0,1511.0,14.1,0,63
20260330,2024,8,TT,TODAS CONSOLIDADAS,TT,TODAS CONSOLIDADAS,LORETO,160000,919,9251,14992,14.26,12.06,1.85,1.84,1.82,36755,22261,14494,71781,43343,28438,1458,Indicadores_ocupabilidad_2024.csv,2024-08-01,14.26,11.7,-0.8660254037844384,-0.5000000000000004,13.62,14.11,14.0,36830.0,69677.0,1508.0,13.910000000000002,0,64
20260330,2024,9,TT,TODAS CONSOLIDADAS,TT,TODAS CONSOLIDADAS,LORETO,160000,916,9191,14894,11.7,10.34,1.83,1.81,1.86,29286,17286,12000,57532,33108,24424,1425,Indicadores_ocupabilidad_2024.csv,2024-09-01,11.7,11.6,-1.0,-1.8369701987210297e-16,14.26,13.62,14.11,36755.0,71781.0,1458.0,13.996666666666668,0,65
20260330,2024,10,TT,TODAS CONSOLIDADAS,TT,TODAS CONSOLIDADAS,LORETO,160000,923,9275,15064,11.6,10.75,1.72,1.67,1.75,33969,21257,12712,62895,39139,23756,1483,Indicadores_ocupabilidad_2024.csv,2024-10-01,11.6,9.73,-0.8660254037844386,0.5000000000000001,11.7,14.26,13.62,29286.0,57532.0,1425.0,13.193333333333333,0,66
20260330,2024,11,TT,TODAS CONSOLIDADAS,TT,TODAS CONSOLIDADAS,LORETO,160000,922,9231,14959,9.73,10.49,1.61,1.58,1.61,33256,22255,11001,58613,38787,19826,1479,Indicadores_ocupabilidad_2024.csv,2024-11-01,9.73,11.67,-0.5000000000000004,0.8660254037844384,11.6,11.7,14.26,33969.0,62895.0,1483.0,12.520000000000001,0,67
,2019,4,TT,TODAS CONSOLIDADAS,TT,TODAS CONSOLIDADAS,MADRE DE DIOS,170000,326,5287,8904,23.64,19.86,1.33,1.21,1.63,39413,27037,12376,54752,32872,21880,1241,Indicadores_ocupabilidad_2019.csv,2019-04-01,23.64,24.96,0.8660254037844387,-0.4999999999999998,21.8,22.16,21.59,37163.0,48785.0,1238.0,21.849999999999998,0,0
,2019,5,TT,TODAS CONSOLIDADAS,TT,TODAS CONSOLIDADAS,MADRE DE DIOS,170000,325,5231,8836,24.96,19.94,1.38,1.27,1.96,39470,30315,9155,57603,38293,19310,1235,Indicadores_ocupabilidad_2019.csv,2019-05-01,24.96,23.83,0.49999999999999994,-0.8660254037844387,23.64,21.8,22.16,39413.0,54752.0,1241.0,22.53333333333333,0,1
,2019,6,TT,TODAS CONSOLIDADAS,TT,TODAS CONSOLIDADAS,MADRE DE DIOS,170000,325,5221,8801,23.83,18.88,1.34,1.29,1.84,37058,29616,7442,53404,37763,15641,1188,Indicadores_ocupabilidad_2019.csv,2019-06-01,23.83,26.22,1.2246467991473532e-16,-1.0,24.96,23.64,21.8,39470.0,57603.0,1235.0,23.46666666666667,0,2
,2019,7,TT,TODAS CONSOLIDADAS,TT,TODAS CONSOLIDADAS,MADRE DE DIOS,170000,321,5181,8687,26.22,23.04,1.34,1.23,1.73,46874,33966,12908,66579,41326,25253,1193,Indicadores_ocupabilidad_2019.csv,2019-07-01,26.22,26.92,-0.4999999999999997,-0.8660254037844388,23.83,24.96,23.64,37058.0,53404.0,1188.0,24.143333333333334,0,3
,2019,8,TT,TODAS CONSOLIDADAS,TT,TODAS CONSOLIDADAS,MADRE DE DIOS,170000,316,5056,8532,26.92,25.27,1.46,1.26,2.05,46426,32812,13614,70716,40968,29748,1161,Indicadores_ocupabilidad_2019.csv,2019-08-01,26.92,29.75,-0.8660254037844384,-0.5000000000000004,26.22,23.83,24.96,46874.0,66579.0,1193.0,25.003333333333334,0,4
,2019,9,TT,TODAS CONSOLIDADAS,TT,TODAS CONSOLIDADAS,MADRE DE DIOS,170000,315,5150,8642,29.75,23.69,1.37,1.28,1.83,45316,33937,11379,64540,42055,22485,1260,Indicadores_ocupabilidad_2019.csv,2019-09-01,29.75,28.47,-1.0,-1.8369701987210297e-16,26.92,26.22,23.83,46426.0,70716.0,1161.0,25.656666666666666,0,5
,2019,10,TT,TODAS CONSOLIDADAS,TT,TODAS CONSOLIDADAS,MADRE DE DIOS,170000,316,5177,8710,28.47,21.33,1.43,1.26,2.22,41455,31714,9741,61596,39373,22223,1274,Indicadores_ocupabilidad_2019.csv,2019-10-01,28.47,25.66,-0.8660254037844386,0.5000000000000001,29.75,26.92,26.22,45316.0,64540.0,1260.0,27.63,0,6
,2019,11,TT,TODAS CONSOLIDADAS,TT,TODAS CONSOLIDADAS,MADRE DE DIOS,170000,315,5155,8627,25.66,19.75,1.35,1.25,1.88,38905,30508,8397,54715,37782,16933,1267,Indicadores_ocupabilidad_2019.csv,2019-11-01,25.66,22.99,-0.5000000000000004,0.8660254037844384,28.47,29.75,26.92,41455.0,61596.0,1274.0,28.38,0,7
,2019,12,TT,TODAS CONSOLIDADAS,TT,TODAS CONSOLIDADAS,MADRE DE DIOS,170000,315,5153,8554,22.99,18.25,1.26,1.18,1.74,39304,32796,6508,50285,38315,11970,1268,Indicadores_ocupabilidad_2019.csv,2019-12-01,22.99,22.14,-2.4492935982947064e-16,1.0,25.66,28.47,29.75,38905.0,54715.0,1267.0,27.959999999999997,0,8
,2020,1,TT,TODAS CONSOLIDADAS,TT,TODAS CONSOLIDADAS,MADRE DE DIOS,170000,341,5217,8763,22.14,17.47,1.25,1.19,1.67,37951,32009,5942,48607,37919,10688,1223,Indicadores_ocupabilidad_2020.csv,2020-01-01,22.14,22.56,0.49999999999999994,0.8660254037844387,22.99,25.66,28.47,39304.0,50285.0,1268.0,25.706666666666663,1,9
,2020,2,TT,TODAS CONSOLIDADAS,TT,TODAS CONSOLIDADAS,MADRE DE DIOS,170000,341,5207,8736,22.56,18.51,1.2,1.17,1.46,37173,32675,4498,45586,38147,7439,1156,Indicadores_ocupabilidad_2020.csv,2020-02-01,22.56,14.17,0.8660254037844386,0.5000000000000001,22.14,22.99,25.66,37951.0,48607.0,1223.0,23.596666666666664,1,10
,2020,3,TT,TODAS CONSOLIDADAS,TT,TODAS CONSOLIDADAS,MADRE DE DIOS,170000,333,4969,8381,14.17,11.03,1.18,1.15,1.45,24011,21587,2424,28561,24338,4223,1093,Indicadores_ocupabilidad_2020.csv,2020-03-01,14.17,17.71,1.0,6.123233995736766e-17,22.56,22.14,22.99,37173.0,45586.0,1156.0,22.563333333333333,1,11
,2020,4,TT,TODAS CONSOLIDADAS,TT,TODAS CONSOLIDADAS,MADRE DE DIOS,170000,15,364,619,17.71,13.03,3.09,3.08,1.36,1918,1894,24,2408,2373,35,49,Indicadores_ocupabilidad_2020.csv,2020-04-01,17.71,18.81,0.8660254037844387,-0.4999999999999998,14.17,22.56,22.14,24011.0,28561.0,1093.0,19.623333333333335,1,12
,2020,5,TT,TODAS CONSOLIDADAS,TT,TODAS CONSOLIDADAS,MADRE DE DIOS,170000,22,550,933,18.81,15.09,3.3,3.3,3.02,2220,2216,4,4835,4821,14,94,Indicadores_ocupabilidad_2020.csv,2020-05-01,18.81,19.88,0.49999999999999994,-0.8660254037844387,17.71,14.17,22.56,1918.0,2408.0,49.0,18.14666666666667,1,13
,2020,6,TT,TODAS CONSOLIDADAS,TT,TODAS CONSOLIDADAS,MADRE DE DIOS,170000,20,505,845,19.88,16.06,3.96,3.8,9.98,1685,1653,32,4147,3766,381,75,Indicadores_ocupabilidad_2020.csv,2020-06-01,19.88,26.04,1.2246467991473532e-16,-1.0,18.81,17.71,14.17,2220.0,4835.0,94.0,16.896666666666665,1,14
,2020,7,TT,TODAS CONSOLIDADAS,TT,TODAS CONSOLIDADAS,MADRE DE DIOS,170000,134,2800,4733,26.04,20.38,1.9,1.82,2.28,14469,12409,2060,28491,23449,5042,433,Indicadores_ocupabilidad_2020.csv,2020-07-01,26.04,26.11,-0.4999999999999997,-0.8660254037844388,19.88,18.81,17.71,1685.0,4147.0,75.0,18.8,1,15
,2020,8,TT,TODAS CONSOLIDADAS,TT,TODAS CONSOLIDADAS,MADRE DE DIOS,170000,133,2751,4637,26.11,20.92,1.7,1.64,2.19,16408,14562,1846,28918,24682,4236,428,Indicadores_ocupabilidad_2020.csv,2020-08-01,26.11,27.15,-0.8660254037844384,-0.5000000000000004,26.04,19.88,18.81,14469.0,28491.0,433.0,21.576666666666664,1,16
,2020,9,TT,TODAS CONSOLIDADAS,TT,TODAS CONSOLIDADAS,MADRE DE DIOS,170000,141,2937,4943,27.15,20.9,1.31,1.27,1.89,22436,21170,1266,29897,27386,2511,455,Indicadores_ocupabilidad_2020.csv,2020-09-01,27.15,26.48,-1.0,-1.8369701987210297e-16,26.11,26.04,19.88,16408.0,28918.0,428.0,24.01,1,17
,2020,10,TT,TODAS CONSOLIDADAS,TT,TODAS CONSOLIDADAS,MADRE DE DIOS,170000,152,3236,5359,26.48,20.69,1.27,1.25,1.84,25762,24861,901,33417,31711,1706,507,Indicadores_ocupabilidad_2020.csv,2020-10-01,26.48,25.7,-0.8660254037844386,0.5000000000000001,27.15,26.11,26.04,22436.0,29897.0,455.0,26.433333333333334,1,18
,2020,11,TT,TODAS CONSOLIDADAS,TT,TODAS CONSOLIDADAS,MADRE DE DIOS,170000,163,3610,6020,25.7,20.61,1.21,1.2,1.57,29543,28956,587,36560,35602,958,575,Indicadores_ocupabilidad_2020.csv,2020-11-01,25.7,26.66,-0.5000000000000004,0.8660254037844384,26.48,27.15,26.11,25762.0,33417.0,507.0,26.58,1,19
,2020,12,TT,TODAS CONSOLIDADAS,TT,TODAS CONSOLIDADAS,MADRE DE DIOS,170000,172,3813,6372,26.66,21.78,1.22,1.22,1.49,35364,34739,625,41947,40974,973,686,Indicadores_ocupabilidad_2020.csv,2020-12-01,26.66,22.12,-2.4492935982947064e-16,1.0,25.7,26.48,27.15,29543.0,36560.0,575.0,26.44333333333333,1,20
,2021,1,TT,TODAS CONSOLIDADAS,TT,TODAS CONSOLIDADAS,MADRE DE DIOS,170000,297,4511,7415,22.12,18.82,1.23,1.23,1.68,35159,34609,550,42222,41202,1020,838,Indicadores_ocupabilidad_2021.csv,2021-01-01,22.12,24.98,0.49999999999999994,0.8660254037844387,26.66,25.7,26.48,35364.0,41947.0,686.0,26.28,0,21
,2021,2,TT,TODAS CONSOLIDADAS,TT,TODAS CONSOLIDADAS,MADRE DE DIOS,170000,295,4464,7322,24.98,20.82,1.2,1.2,1.38,34736,34354,382,41253,40691,562,679,Indicadores_ocupabilidad_2021.csv,2021-02-01,24.98,22.37,0.8660254037844386,0.5000000000000001,22.12,26.66,25.7,35159.0,42222.0,838.0,24.826666666666664,0,22
,2021,3,TT,TODAS CONSOLIDADAS,TT,TODAS CONSOLIDADAS,MADRE DE DIOS,170000,305,4690,7706,22.37,19.12,1.21,1.21,1.39,36702,36161,541,44388,43634,754,864,Indicadores_ocupabilidad_2021.csv,2021-03-01,22.37,22.5,1.0,6.123233995736766e-17,24.98,22.12,26.66,34736.0,41253.0,679.0,24.58666666666667,0,23
,2021,4,TT,TODAS CONSOLIDADAS,TT,TODAS CONSOLIDADAS,MADRE DE DIOS,170000,305,4700,7737,22.5,19.42,1.25,1.25,1.28,36334,35794,540,44305,43567,738,904,Indicadores_ocupabilidad_2021.csv,2021-04-01,22.5,22.46,0.8660254037844387,-0.4999999999999998,22.37,24.98,22.12,36702.0,44388.0,864.0,23.156666666666666,0,24
,2021,5,TT,TODAS CONSOLIDADAS,TT,TODAS CONSOLIDADAS,MADRE DE DIOS,170000,307,4797,7925,22.46,18.25,1.19,1.18,1.37,36476,35748,728,44310,43307,1003,634,Indicadores_ocupabilidad_2021.csv,2021-05-01,22.46,23.22,0.49999999999999994,-0.8660254037844387,22.5,22.37,24.98,36334.0,44305.0,904.0,23.28333333333333,0,25
,2021,6,TT,TODAS CONSOLIDADAS,TT,TODAS CONSOLIDADAS,MADRE DE DIOS,170000,315,4940,8179,23.22,19.15,1.22,1.21,1.38,38745,36232,2513,47384,43491,3893,976,Indicadores_ocupabilidad_2021.csv,2021-06-01,23.22,27.17,1.2246467991473532e-16,-1.0,22.46,22.5,22.37,36476.0,44310.0,634.0,22.44333333333333,0,26
,2021,7,TT,TODAS CONSOLIDADAS,TT,TODAS CONSOLIDADAS,MADRE DE DIOS,170000,312,4902,8137,27.17,22.98,1.22,1.21,1.4,47588,45043,2545,59342,54890,4452,948,Indicadores_ocupabilidad_2021.csv,2021-07-01,27.17,26.84,-0.4999999999999997,-0.8660254037844388,23.22,22.46,22.5,38745.0,47384.0,976.0,22.72666666666667,0,27
,2021,8,TT,TODAS CONSOLIDADAS,TT,TODAS CONSOLIDADAS,MADRE DE DIOS,170000,315,5243,9028,26.84,22.65,1.26,1.25,1.47,47626,44708,2918,60599,55458,5141,989,Indicadores_ocupabilidad_2021.csv,2021-08-01,26.84,25.01,-0.8660254037844384,-0.5000000000000004,27.17,23.22,22.46,47588.0,59342.0,948.0,24.28333333333333,0,28
,2021,9,TT,TODAS CONSOLIDADAS,TT,TODAS CONSOLIDADAS,MADRE DE DIOS,170000,314,5178,9002,25.01,20.49,1.22,1.2,1.45,43735,41272,2463,53767,49726,4041,985,Indicadores_ocupabilidad_2021.csv,2021-09-01,25.01,26.64,-1.0,-1.8369701987210297e-16,26.84,27.17,23.22,47626.0,60599.0,989.0,25.743333333333336,0,29
,2021,10,TT,TODAS CONSOLIDADAS,TT,TODAS CONSOLIDADAS,MADRE DE DIOS,170000,313,4958,8370,26.64,22.26,1.21,1.2,1.61,48036,45230,2806,60375,55457,4918,994,Indicadores_ocupabilidad_2021.csv,2021-10-01,26.64,25.67,-0.8660254037844386,0.5000000000000001,25.01,26.84,27.17,43735.0,53767.0,985.0,26.340000000000003,0,30
,2021,11,TT,TODAS CONSOLIDADAS,TT,TODAS CONSOLIDADAS,MADRE DE DIOS,170000,313,5015,8459,25.67,21.63,1.27,1.25,1.51,43677,39645,4032,56437,49599,6838,1002,Indicadores_ocupabilidad_2021.csv,2021-11-01,25.67,23.71,-0.5000000000000004,0.8660254037844384,26.64,25.01,26.84,48036.0,60375.0,994.0,26.163333333333338,0,31
,2021,12,TT,TODAS CONSOLIDADAS,TT,TODAS CONSOLIDADAS,MADRE DE DIOS,170000,315,5068,8554,23.71,20.18,1.18,1.16,1.44,44448,41773,2675,54357,50415,3942,873,Indicadores_ocupabilidad_2021.csv,2021-12-01,23.71,21.48,-2.4492935982947064e-16,1.0,25.67,26.64,25.01,43677.0,56437.0,1002.0,25.77333333333333,0,32
,2022,1,TT,TODAS CONSOLIDADAS,TT,TODAS CONSOLIDADAS,MADRE DE DIOS,170000,339,5130,8523,21.48,16.95,1.24,1.24,1.46,37186,35521,1665,46343,43328,3015,1061,Indicadores_ocupabilidad_2022.csv,2022-01-01,21.48,22.31,0.49999999999999994,0.8660254037844387,23.71,25.67,26.64,44448.0,54357.0,873.0,25.340000000000003,0,33
,2022,2,TT,TODAS CONSOLIDADAS,TT,TODAS CONSOLIDADAS,MADRE DE DIOS,170000,341,5242,8732,22.31,17.53,1.23,1.22,1.42,36386,34770,1616,44239,41641,2598,918,Indicadores_ocupabilidad_2022.csv,2022-02-01,22.31,21.7,0.8660254037844386,0.5000000000000001,21.48,23.71,25.67,37186.0,46343.0,1061.0,23.62,0,34
,2022,3,TT,TODAS CONSOLIDADAS,TT,TODAS CONSOLIDADAS,MADRE DE DIOS,170000,345,5393,9022,21.7,17.04,1.27,1.24,1.5,38593,35515,3078,49569,44115,5454,940,Indicadores_ocupabilidad_2022.csv,2022-03-01,21.7,21.85,1.0,6.123233995736766e-17,22.31,21.48,23.71,36386.0,44239.0,918.0,22.5,0,35
,2022,4,TT,TODAS CONSOLIDADAS,TT,TODAS CONSOLIDADAS,MADRE DE DIOS,170000,347,5319,8979,21.85,17.94,1.27,1.23,1.66,39056,34364,4692,50624,41797,8827,959,Indicadores_ocupabilidad_2022.csv,2022-04-01,21.85,24.39,0.8660254037844387,-0.4999999999999998,21.7,22.31,21.48,38593.0,49569.0,940.0,21.83,0,36
,2022,5,TT,TODAS CONSOLIDADAS,TT,TODAS CONSOLIDADAS,MADRE DE DIOS,170000,346,5313,9001,24.39,20.62,1.31,1.25,1.76,44522,37205,7317,59524,45512,14012,1057,Indicadores_ocupabilidad_2022.csv,2022-05-01,24.39,24.11,0.49999999999999994,-0.8660254037844387,21.85,21.7,22.31,39056.0,50624.0,959.0,21.953333333333333,0,37
,2022,6,TT,TODAS CONSOLIDADAS,TT,TODAS CONSOLIDADAS,MADRE DE DIOS,170000,347,5338,9075,24.11,19.5,1.24,1.2,1.51,43584,36198,7386,55578,42811,12767,1038,Indicadores_ocupabilidad_2022.csv,2022-06-01,24.11,25.91,1.2246467991473532e-16,-1.0,24.39,21.85,21.7,44522.0,59524.0,1057.0,22.646666666666665,0,38
,2022,7,TT,TODAS CONSOLIDADAS,TT,TODAS CONSOLIDADAS,MADRE DE DIOS,170000,348,5333,9082,25.91,21.3,1.28,1.21,1.63,48486,39118,9368,65105,47738,17367,1154,Indicadores_ocupabilidad_2022.csv,2022-07-01,25.91,26.6,-0.4999999999999997,-0.8660254037844388,24.11,24.39,21.85,43584.0,55578.0,1038.0,23.45,0,39
,2022,8,TT,TODAS CONSOLIDADAS,TT,TODAS CONSOLIDADAS,MADRE DE DIOS,170000,346,5326,9010,26.6,22.34,1.31,1.23,1.7,48080,38002,10078,65454,46021,19433,1104,Indicadores_ocupabilidad_2022.csv,2022-08-01,26.6,24.73,-0.8660254037844384,-0.5000000000000004,25.91,24.11,24.39,48486.0,65105.0,1154.0,24.80333333333333,0,40
,2022,9,TT,TODAS CONSOLIDADAS,TT,TODAS CONSOLIDADAS,MADRE DE DIOS,170000,349,5343,9068,24.73,20.18,1.28,1.26,1.5,44479,36810,7669,59076,45321,13755,1124,Indicadores_ocupabilidad_2022.csv,2022-09-01,24.73,24.81,-1.0,-1.8369701987210297e-16,26.6,25.91,24.11,48080.0,65454.0,1104.0,25.540000000000003,0,41
,2022,10,TT,TODAS CONSOLIDADAS,TT,TODAS CONSOLIDADAS,MADRE DE DIOS,170000,348,5293,8999,24.81,20.23,1.29,1.24,1.58,45308,37296,8012,60427,45698,14729,1141,Indicadores_ocupabilidad_2022.csv,2022-10-01,24.81,24.01,-0.8660254037844386,0.5000000000000001,24.73,26.6,25.91,44479.0,59076.0,1124.0,25.74666666666667,0,42
,2022,11,TT,TODAS CONSOLIDADAS,TT,TODAS CONSOLIDADAS,MADRE DE DIOS,170000,339,5194,8804,24.01,18.78,1.28,1.27,1.46,39625,34269,5356,52956,43373,9583,1098,Indicadores_ocupabilidad_2022.csv,2022-11-01,24.01,19.14,-0.5000000000000004,0.8660254037844384,24.81,24.73,26.6,45308.0,60427.0,1141.0,25.38,0,43
,2022,12,TT,TODAS CONSOLIDADAS,TT,TODAS CONSOLIDADAS,MADRE DE DIOS,170000,342,5175,8779,19.14,15.82,1.27,1.25,1.43,34497,30756,3741,44610,38100,6510,1079,Indicadores_ocupabilidad_2022.csv,2022-12-01,19.14,12.32,-2.4492935982947064e-16,1.0,24.01,24.81,24.73,39625.0,52956.0,1098.0,24.516666666666666,0,44
,2023,1,TT,TODAS CONSOLIDADAS,TT,TODAS CONSOLIDADAS,MADRE DE DIOS,170000,344,5212,8747,12.32,10.18,1.26,1.25,1.56,22155,20335,1820,28276,25157,3119,870,Indicadores_ocupabilidad_2023.csv,2023-01-01,12.32,13.86,0.49999999999999994,0.8660254037844387,19.14,24.01,24.81,34497.0,44610.0,1079.0,22.653333333333332,0,45
,2023,2,TT,TODAS CONSOLIDADAS,TT,TODAS CONSOLIDADAS,MADRE DE DIOS,170000,336,5074,8445,13.86,11.29,1.22,1.21,1.53,22488,21653,835,27168,25824,1344,788,Indicadores_ocupabilidad_2023.csv,2023-02-01,13.86,17.73,0.8660254037844386,0.5000000000000001,12.32,19.14,24.01,22155.0,28276.0,870.0,18.49,0,46
,2023,3,TT,TODAS CONSOLIDADAS,TT,TODAS CONSOLIDADAS,MADRE DE DIOS,170000,347,5355,8936,17.73,14.89,1.29,1.25,1.59,32538,30383,2155,41675,37620,4055,888,Indicadores_ocupabilidad_2023.csv,2023-03-01,17.73,18.1,1.0,6.123233995736766e-17,13.86,12.32,19.14,22488.0,27168.0,788.0,15.106666666666667,0,47
,2023,4,TT,TODAS CONSOLIDADAS,TT,TODAS CONSOLIDADAS,MADRE DE DIOS,170000,349,5380,8968,18.1,15.84,1.25,1.22,1.78,34792,31956,2836,44576,38778,5798,910,Indicadores_ocupabilidad_2023.csv,2023-04-01,18.1,19.1,0.8660254037844387,-0.4999999999999998,17.73,13.86,12.32,32538.0,41675.0,888.0,14.636666666666665,0,48
,2023,5,TT,TODAS CONSOLIDADAS,TT,TODAS CONSOLIDADAS,MADRE DE DIOS,170000,353,5405,9045,19.1,16.31,1.24,1.21,1.55,38127,34142,3985,48609,41211,7398,896,Indicadores_ocupabilidad_2023.csv,2023-05-01,19.1,20.95,0.49999999999999994,-0.8660254037844387,18.1,17.73,13.86,34792.0,44576.0,910.0,16.563333333333333,0,49
,2023,6,TT,TODAS CONSOLIDADAS,TT,TODAS CONSOLIDADAS,MADRE DE DIOS,170000,352,5432,9128,20.95,17.74,1.27,1.22,1.71,39755,35611,4144,51126,42950,8176,901,Indicadores_ocupabilidad_2023.csv,2023-06-01,20.95,22.48,1.2246467991473532e-16,-1.0,19.1,18.1,17.73,38127.0,48609.0,896.0,18.310000000000002,0,50
,2023,7,TT,TODAS CONSOLIDADAS,TT,TODAS CONSOLIDADAS,MADRE DE DIOS,170000,353,5438,9142,22.48,20.15,1.31,1.26,1.62,45320,37758,7562,61516,47086,14430,1092,Indicadores_ocupabilidad_2023.csv,2023-07-01,22.48,23.03,-0.4999999999999997,-0.8660254037844388,20.95,19.1,18.1,39755.0,51126.0,901.0,19.383333333333333,0,51
,2023,8,TT,TODAS CONSOLIDADAS,TT,TODAS CONSOLIDADAS,MADRE DE DIOS,170000,353,5374,9028,23.03,20.47,1.38,1.27,1.9,42065,34187,7878,59794,43376,16418,1135,Indicadores_ocupabilidad_2023.csv,2023-08-01,23.03,24.45,-0.8660254037844384,-0.5000000000000004,22.48,20.95,19.1,45320.0,61516.0,1092.0,20.843333333333334,0,52
,2023,9,TT,TODAS CONSOLIDADAS,TT,TODAS CONSOLIDADAS,MADRE DE DIOS,170000,353,5438,9126,24.45,19.03,1.31,1.26,1.6,40260,32766,7494,53946,40836,13110,1110,Indicadores_ocupabilidad_2023.csv,2023-09-01,24.45,22.4,-1.0,-1.8369701987210297e-16,23.03,22.48,20.95,42065.0,59794.0,1135.0,22.153333333333336,0,53
,2023,10,TT,TODAS CONSOLIDADAS,TT,TODAS CONSOLIDADAS,MADRE DE DIOS,170000,352,5435,9099,22.4,18.94,1.35,1.28,1.63,40125,32467,7658,55471,41264,14207,1109,Indicadores_ocupabilidad_2023.csv,2023-10-01,22.4,21.37,-0.8660254037844386,0.5000000000000001,24.45,23.03,22.48,40260.0,53946.0,1110.0,23.320000000000004,0,54
,2023,11,TT,TODAS CONSOLIDADAS,TT,TODAS CONSOLIDADAS,MADRE DE DIOS,170000,352,5420,9076,21.37,18.2,1.29,1.24,1.61,39013,31860,7153,52336,38944,13392,1072,Indicadores_ocupabilidad_2023.csv,2023-11-01,21.37,20.64,-0.5000000000000004,0.8660254037844384,22.4,24.45,23.03,40125.0,55471.0,1109.0,23.293333333333333,0,55
,2023,12,TT,TODAS CONSOLIDADAS,TT,TODAS CONSOLIDADAS,MADRE DE DIOS,170000,352,5346,9058,20.64,17.48,1.26,1.23,1.5,40050,33906,6144,52643,41180,11463,1051,Indicadores_ocupabilidad_2023.csv,2023-12-01,20.64,21.71,-2.4492935982947064e-16,1.0,21.37,22.4,24.45,39013.0,52336.0,1072.0,22.74,0,56
20260330,2024,1,TT,TODAS CONSOLIDADAS,TT,TODAS CONSOLIDADAS,MADRE DE DIOS,170000,382,5533,9280,21.71,18.38,1.22,1.17,1.83,44673,39574,5099,54572,45329,9243,1111,Indicadores_ocupabilidad_2024.csv,2024-01-01,21.71,20.14,0.49999999999999994,0.8660254037844387,20.64,21.37,22.4,40050.0,52643.0,1051.0,21.47,0,57
20260330,2024,2,TT,TODAS CONSOLIDADAS,TT,TODAS CONSOLIDADAS,MADRE DE DIOS,170000,379,5736,9537,20.14,16.97,1.19,1.15,1.45,39184,35734,3450,46781,41179,5602,928,Indicadores_ocupabilidad_2024.csv,2024-02-01,20.14,21.98,0.8660254037844386,0.5000000000000001,21.71,20.64,21.37,44673.0,54572.0,1111.0,21.24,0,58
20260330,2024,3,TT,TODAS CONSOLIDADAS,TT,TODAS CONSOLIDADAS,MADRE DE DIOS,170000,381,5736,9547,21.98,18.35,1.22,1.18,1.58,45041,39416,5625,56235,45941,10294,1127,Indicadores_ocupabilidad_2024.csv,2024-03-01,21.98,20.93,1.0,6.123233995736766e-17,20.14,21.71,20.64,39184.0,46781.0,928.0,20.83,0,59
20260330,2024,4,TT,TODAS CONSOLIDADAS,TT,TODAS CONSOLIDADAS,MADRE DE DIOS,170000,385,5887,9851,20.93,17.88,1.3,1.21,1.81,41602,34202,7400,55788,41272,14516,1189,Indicadores_ocupabilidad_2024.csv,2024-04-01,20.93,23.8,0.8660254037844387,-0.4999999999999998,21.98,20.14,21.71,45041.0,56235.0,1127.0,21.276666666666667,0,60
20260330,2024,5,TT,TODAS CONSOLIDADAS,TT,TODAS CONSOLIDADAS,MADRE DE DIOS,170000,387,5931,9943,23.8,19.21,1.32,1.27,1.61,45659,36508,9151,61759,44726,17033,1219,Indicadores_ocupabilidad_2024.csv,2024-05-01,23.8,23.88,0.49999999999999994,-0.8660254037844387,20.93,21.98,20.14,41602.0,55788.0,1189.0,21.01666666666667,0,61
20260330,2024,6,TT,TODAS CONSOLIDADAS,TT,TODAS CONSOLIDADAS,MADRE DE DIOS,170000,387,5671,9533,23.88,20.48,1.33,1.23,1.74,44521,35862,8659,60531,43769,16762,1187,Indicadores_ocupabilidad_2024.csv,2024-06-01,23.88,27.9,1.2246467991473532e-16,-1.0,23.8,20.93,21.98,45659.0,61759.0,1219.0,22.236666666666665,0,62
20260330,2024,7,TT,TODAS CONSOLIDADAS,TT,TODAS CONSOLIDADAS,MADRE DE DIOS,170000,389,5754,9740,27.9,22.94,1.34,1.21,1.98,52855,42039,10816,72703,50954,21749,1252,Indicadores_ocupabilidad_2024.csv,2024-07-01,27.9,27.96,-0.4999999999999997,-0.8660254037844388,23.88,23.8,20.93,44521.0,60531.0,1187.0,22.87,0,63
20260330,2024,8,TT,TODAS CONSOLIDADAS,TT,TODAS CONSOLIDADAS,MADRE DE DIOS,170000,387,5698,9638,27.96,25.89,1.39,1.25,1.84,56023,42115,13908,79574,52114,27460,1228,Indicadores_ocupabilidad_2024.csv,2024-08-01,27.96,25.47,-0.8660254037844384,-0.5000000000000004,27.9,23.88,23.8,52855.0,72703.0,1252.0,25.19333333333333,0,64
20260330,2024,9,TT,TODAS CONSOLIDADAS,TT,TODAS CONSOLIDADAS,MADRE DE DIOS,170000,389,5754,9763,25.47,21.26,1.44,1.3,1.95,44042,34127,9915,65676,44513,21163,1247,Indicadores_ocupabilidad_2024.csv,2024-09-01,25.47,27.82,-1.0,-1.8369701987210297e-16,27.96,27.9,23.88,56023.0,79574.0,1228.0,26.580000000000002,0,65
20260330,2024,10,TT,TODAS CONSOLIDADAS,TT,TODAS CONSOLIDADAS,MADRE DE DIOS,170000,388,5640,9648,27.82,22.11,1.43,1.29,2.05,47589,36342,11247,71363,46772,24591,1187,Indicadores_ocupabilidad_2024.csv,2024-10-01,27.82,32.77,-0.8660254037844386,0.5000000000000001,25.47,27.96,27.9,44042.0,65676.0,1247.0,27.11,0,66
20260330,2024,11,TT,TODAS CONSOLIDADAS,TT,TODAS CONSOLIDADAS,MADRE DE DIOS,170000,387,5609,9565,32.77,23.84,1.54,1.28,2.36,45947,34719,11228,70224,43491,26733,1195,Indicadores_ocupabilidad_2024.csv,2024-11-01,32.77,24.76,-0.5000000000000004,0.8660254037844384,27.82,25.47,27.96,47589.0,71363.0,1187.0,27.083333333333332,0,67
,2019,4,TT,TODAS CONSOLIDADAS,TT,TODAS CONSOLIDADAS,MOQUEGUA,180000,258,3498,6093,19.97,14.69,1.44,1.43,1.64,18970,17982,988,27688,26058,1630,691,Indicadores_ocupabilidad_2019.csv,2019-04-01,19.97,21.46,0.8660254037844387,-0.4999999999999998,20.9,23.65,27.54,21004.0,29952.0,679.0,24.03,0,0
,2019,5,TT,TODAS CONSOLIDADAS,TT,TODAS CONSOLIDADAS,MOQUEGUA,180000,258,3525,6137,21.46,16.07,1.55,1.54,1.68,20311,19341,970,30910,29215,1695,678,Indicadores_ocupabilidad_2019.csv,2019-05-01,21.46,23.29,0.49999999999999994,-0.8660254037844387,19.97,20.9,23.65,18970.0,27688.0,691.0,21.506666666666664,0,1
,2019,6,TT,TODAS CONSOLIDADAS,TT,TODAS CONSOLIDADAS,MOQUEGUA,180000,262,3545,6161,23.29,17.05,1.49,1.49,1.48,21817,20546,1271,32171,30285,1886,693,Indicadores_ocupabilidad_2019.csv,2019-06-01,23.29,22.51,1.2246467991473532e-16,-1.0,21.46,19.97,20.9,20311.0,30910.0,678.0,20.776666666666667,0,2
,2019,7,TT,TODAS CONSOLIDADAS,TT,TODAS CONSOLIDADAS,MOQUEGUA,180000,262,3521,6147,22.51,17.18,1.57,1.58,1.48,21235,19667,1568,33185,30880,2305,698,Indicadores_ocupabilidad_2019.csv,2019-07-01,22.51,23.96,-0.4999999999999997,-0.8660254037844388,23.29,21.46,19.97,21817.0,32171.0,693.0,21.573333333333334,0,3
,2019,8,TT,TODAS CONSOLIDADAS,TT,TODAS CONSOLIDADAS,MOQUEGUA,180000,265,3580,6251,23.96,18.35,1.7,1.7,1.61,21625,20737,888,36615,35140,1475,699,Indicadores_ocupabilidad_2019.csv,2019-08-01,23.96,21.7,-0.8660254037844384,-0.5000000000000004,22.51,23.29,21.46,21235.0,33185.0,698.0,22.42,0,4
,2019,9,TT,TODAS CONSOLIDADAS,TT,TODAS CONSOLIDADAS,MOQUEGUA,180000,266,3572,6251,21.7,17.11,1.6,1.6,1.64,20686,19553,1133,32795,30986,1809,694,Indicadores_ocupabilidad_2019.csv,2019-09-01,21.7,23.27,-1.0,-1.8369701987210297e-16,23.96,22.51,23.29,21625.0,36615.0,699.0,23.253333333333334,0,5
,2019,10,TT,TODAS CONSOLIDADAS,TT,TODAS CONSOLIDADAS,MOQUEGUA,180000,266,3562,6236,23.27,17.05,1.59,1.59,1.71,21500,20551,949,33501,31872,1629,693,Indicadores_ocupabilidad_2019.csv,2019-10-01,23.27,25.8,-0.8660254037844386,0.5000000000000001,21.7,23.96,22.51,20686.0,32795.0,694.0,22.723333333333333,0,6
,2019,11,TT,TODAS CONSOLIDADAS,TT,TODAS CONSOLIDADAS,MOQUEGUA,180000,266,3559,6234,25.8,19.52,1.57,1.57,1.71,23749,22676,1073,37038,35187,1851,686,Indicadores_ocupabilidad_2019.csv,2019-11-01,25.8,23.86,-0.5000000000000004,0.8660254037844384,23.27,21.7,23.96,21500.0,33501.0,693.0,22.976666666666663,0,7
,2019,12,TT,TODAS CONSOLIDADAS,TT,TODAS CONSOLIDADAS,MOQUEGUA,180000,266,3597,6302,23.86,17.89,1.57,1.58,1.47,22735,21487,1248,35873,34016,1857,690,Indicadores_ocupabilidad_2019.csv,2019-12-01,23.86,25.78,-2.4492935982947064e-16,1.0,25.8,23.27,21.7,23749.0,37038.0,686.0,23.590000000000003,0,8
,2020,1,TT,TODAS CONSOLIDADAS,TT,TODAS CONSOLIDADAS,MOQUEGUA,180000,272,3484,5985,25.78,20.79,1.47,1.46,1.54,27119,24935,2184,40214,36578,3636,665,Indicadores_ocupabilidad_2020.csv,2020-01-01,25.78,27.49,0.49999999999999994,0.8660254037844387,23.86,25.8,23.27,22735.0,35873.0,690.0,24.310000000000002,1,9
,2020,2,TT,TODAS CONSOLIDADAS,TT,TODAS CONSOLIDADAS,MOQUEGUA,180000,273,3547,6094,27.49,23.29,1.47,1.48,1.36,28815,26472,2343,43649,40043,3606,674,Indicadores_ocupabilidad_2020.csv,2020-02-01,27.49,12.99,0.8660254037844386,0.5000000000000001,25.78,23.86,25.8,27119.0,40214.0,665.0,25.146666666666665,1,10
,2020,3,TT,TODAS CONSOLIDADAS,TT,TODAS CONSOLIDADAS,MOQUEGUA,180000,270,3525,6090,12.99,9.81,1.65,1.64,1.96,11460,10886,574,19849,18523,1326,640,Indicadores_ocupabilidad_2020.csv,2020-03-01,12.99,11.66,1.0,6.123233995736766e-17,27.49,25.78,23.86,28815.0,43649.0,674.0,25.709999999999997,1,11
,2020,4,TT,TODAS CONSOLIDADAS,TT,TODAS CONSOLIDADAS,MOQUEGUA,180000,17,465,834,11.66,9.05,6.67,6.7,2.37,348,339,9,2626,2573,53,97,Indicadores_ocupabilidad_2020.csv,2020-04-01,11.66,13.29,0.8660254037844387,-0.4999999999999998,12.99,27.49,25.78,11460.0,19849.0,640.0,22.08666666666667,1,12
,2020,5,TT,TODAS CONSOLIDADAS,TT,TODAS CONSOLIDADAS,MOQUEGUA,180000,30,795,1391,13.29,8.71,7.64,7.83,3.97,532,504,28,4187,4004,183,135,Indicadores_ocupabilidad_2020.csv,2020-05-01,13.29,7.5,0.49999999999999994,-0.8660254037844387,11.66,12.99,27.49,348.0,2626.0,97.0,17.38,1,13
,2020,6,TT,TODAS CONSOLIDADAS,TT,TODAS CONSOLIDADAS,MOQUEGUA,180000,31,828,1448,7.5,6.0,3.06,3.12,1.91,1312,1281,31,3307,3229,78,139,Indicadores_ocupabilidad_2020.csv,2020-06-01,7.5,13.97,1.2246467991473532e-16,-1.0,13.29,11.66,12.99,532.0,4187.0,135.0,12.646666666666667,1,14
,2020,7,TT,TODAS CONSOLIDADAS,TT,TODAS CONSOLIDADAS,MOQUEGUA,180000,175,2715,4713,13.97,10.53,2.18,2.08,5.92,6884,6723,161,16842,15772,1070,471,Indicadores_ocupabilidad_2020.csv,2020-07-01,13.97,12.72,-0.4999999999999997,-0.8660254037844388,7.5,13.29,11.66,1312.0,3307.0,139.0,10.816666666666665,1,15
,2020,8,TT,TODAS CONSOLIDADAS,TT,TODAS CONSOLIDADAS,MOQUEGUA,180000,177,2780,4822,12.72,10.72,3.12,3.13,1.66,5091,4992,99,19241,18871,370,479,Indicadores_ocupabilidad_2020.csv,2020-08-01,12.72,15.72,-0.8660254037844384,-0.5000000000000004,13.97,7.5,13.29,6884.0,16842.0,471.0,11.586666666666668,1,16
,2020,9,TT,TODAS CONSOLIDADAS,TT,TODAS CONSOLIDADAS,MOQUEGUA,180000,180,2819,4894,15.72,10.89,1.79,1.84,1.17,9185,8944,241,19354,18877,477,486,Indicadores_ocupabilidad_2020.csv,2020-09-01,15.72,15.36,-1.0,-1.8369701987210297e-16,12.72,13.97,7.5,5091.0,19241.0,479.0,11.396666666666668,1,17
,2020,10,TT,TODAS CONSOLIDADAS,TT,TODAS CONSOLIDADAS,MOQUEGUA,180000,177,2765,4811,15.36,10.81,2.1,1.99,3.63,8040,7827,213,18868,17421,1447,469,Indicadores_ocupabilidad_2020.csv,2020-10-01,15.36,17.8,-0.8660254037844386,0.5000000000000001,15.72,12.72,13.97,9185.0,19354.0,486.0,14.136666666666668,1,18
,2020,11,TT,TODAS CONSOLIDADAS,TT,TODAS CONSOLIDADAS,MOQUEGUA,180000,180,2787,4847,17.8,12.44,1.73,1.63,3.19,10716,10393,323,20241,18472,1769,486,Indicadores_ocupabilidad_2020.csv,2020-11-01,17.8,16.4,-0.5000000000000004,0.8660254037844384,15.36,15.72,12.72,8040.0,18868.0,469.0,14.6,1,19
,2020,12,TT,TODAS CONSOLIDADAS,TT,TODAS CONSOLIDADAS,MOQUEGUA,180000,185,2855,4963,16.4,11.87,1.65,1.62,1.89,12205,11861,344,21010,19959,1051,496,Indicadores_ocupabilidad_2020.csv,2020-12-01,16.4,16.22,-2.4492935982947064e-16,1.0,17.8,15.36,15.72,10716.0,20241.0,486.0,16.293333333333333,1,20
,2021,1,TT,TODAS CONSOLIDADAS,TT,TODAS CONSOLIDADAS,MOQUEGUA,180000,255,3370,5739,16.22,11.5,1.59,1.55,1.77,14161,13565,596,25504,23550,1954,522,Indicadores_ocupabilidad_2021.csv,2021-01-01,16.22,15.79,0.49999999999999994,0.8660254037844387,16.4,17.8,15.36,12205.0,21010.0,496.0,16.52,0,21
,2021,2,TT,TODAS CONSOLIDADAS,TT,TODAS CONSOLIDADAS,MOQUEGUA,180000,255,3336,5720,15.79,10.94,1.72,1.69,2.01,10951,10522,429,22607,21059,1548,526,Indicadores_ocupabilidad_2021.csv,2021-02-01,15.79,18.77,0.8660254037844386,0.5000000000000001,16.22,16.4,17.8,14161.0,25504.0,522.0,16.80666666666667,0,22
,2021,3,TT,TODAS CONSOLIDADAS,TT,TODAS CONSOLIDADAS,MOQUEGUA,180000,256,3316,5674,18.77,12.81,1.78,1.76,1.81,14170,13741,429,29187,27792,1395,529,Indicadores_ocupabilidad_2021.csv,2021-03-01,18.77,21.44,1.0,6.123233995736766e-17,15.79,16.22,16.4,10951.0,22607.0,526.0,16.136666666666667,0,23
,2021,4,TT,TODAS CONSOLIDADAS,TT,TODAS CONSOLIDADAS,MOQUEGUA,180000,255,3325,5684,21.44,14.67,2.0,2.0,2.26,13581,13400,181,29636,29116,520,520,Indicadores_ocupabilidad_2021.csv,2021-04-01,21.44,21.09,0.8660254037844387,-0.4999999999999998,18.77,15.79,16.22,14170.0,29187.0,529.0,16.926666666666666,0,24
,2021,5,TT,TODAS CONSOLIDADAS,TT,TODAS CONSOLIDADAS,MOQUEGUA,180000,255,3376,5760,21.09,14.59,1.89,1.89,1.98,14511,14372,139,31293,30941,352,522,Indicadores_ocupabilidad_2021.csv,2021-05-01,21.09,22.62,0.49999999999999994,-0.8660254037844387,21.44,18.77,15.79,13581.0,29636.0,520.0,18.666666666666668,0,25
,2021,6,TT,TODAS CONSOLIDADAS,TT,TODAS CONSOLIDADAS,MOQUEGUA,180000,258,3403,5855,22.62,15.21,2.16,2.16,3.0,12606,12536,70,32553,32266,287,529,Indicadores_ocupabilidad_2021.csv,2021-06-01,22.62,23.31,1.2246467991473532e-16,-1.0,21.09,21.44,18.77,14511.0,31293.0,522.0,20.433333333333334,0,26
,2021,7,TT,TODAS CONSOLIDADAS,TT,TODAS CONSOLIDADAS,MOQUEGUA,180000,255,3380,5808,23.31,15.73,1.91,1.91,2.19,15389,15261,128,35509,35118,391,527,Indicadores_ocupabilidad_2021.csv,2021-07-01,23.31,22.87,-0.4999999999999997,-0.8660254037844388,22.62,21.09,21.44,12606.0,32553.0,529.0,21.71666666666667,0,27
,2021,8,TT,TODAS CONSOLIDADAS,TT,TODAS CONSOLIDADAS,MOQUEGUA,180000,255,3397,5842,22.87,15.8,1.87,1.87,2.33,15840,15726,114,35077,34680,397,534,Indicadores_ocupabilidad_2021.csv,2021-08-01,22.87,23.66,-0.8660254037844384,-0.5000000000000004,23.31,22.62,21.09,15389.0,35509.0,527.0,22.34,0,28
,2021,9,TT,TODAS CONSOLIDADAS,TT,TODAS CONSOLIDADAS,MOQUEGUA,180000,258,3474,5987,23.66,16.9,1.94,1.94,1.57,15704,15567,137,38992,38574,418,555,Indicadores_ocupabilidad_2021.csv,2021-09-01,23.66,20.99,-1.0,-1.8369701987210297e-16,22.87,23.31,22.62,15840.0,35077.0,534.0,22.933333333333334,0,29
,2021,10,TT,TODAS CONSOLIDADAS,TT,TODAS CONSOLIDADAS,MOQUEGUA,180000,260,3389,5803,20.99,15.66,1.68,1.72,1.18,17281,16986,295,36331,35770,561,536,Indicadores_ocupabilidad_2021.csv,2021-10-01,20.99,21.45,-0.8660254037844386,0.5000000000000001,23.66,22.87,23.31,15704.0,38992.0,555.0,23.28,0,30
,2021,11,TT,TODAS CONSOLIDADAS,TT,TODAS CONSOLIDADAS,MOQUEGUA,180000,262,3422,5869,21.45,16.39,1.84,1.88,1.59,16059,15798,261,37064,36400,664,549,Indicadores_ocupabilidad_2021.csv,2021-11-01,21.45,18.57,-0.5000000000000004,0.8660254037844384,20.99,23.66,22.87,17281.0,36331.0,536.0,22.506666666666664,0,31
,2021,12,TT,TODAS CONSOLIDADAS,TT,TODAS CONSOLIDADAS,MOQUEGUA,180000,262,3431,5882,18.57,14.92,1.76,1.79,1.37,15631,15416,215,34180,33736,444,542,Indicadores_ocupabilidad_2021.csv,2021-12-01,18.57,23.43,-2.4492935982947064e-16,1.0,21.45,20.99,23.66,16059.0,37064.0,549.0,22.03333333333333,0,32
,2022,1,TT,TODAS CONSOLIDADAS,TT,TODAS CONSOLIDADAS,MOQUEGUA,180000,292,3652,6230,23.43,18.15,1.95,1.95,1.57,19010,18830,180,42214,41781,433,586,Indicadores_ocupabilidad_2022.csv,2022-01-01,23.43,22.7,0.49999999999999994,0.8660254037844387,18.57,21.45,20.99,15631.0,34180.0,542.0,20.33666666666667,0,33
,2022,2,TT,TODAS CONSOLIDADAS,TT,TODAS CONSOLIDADAS,MOQUEGUA,180000,291,3693,6314,22.7,17.17,1.64,1.65,1.49,19595,19303,292,38295,37727,568,592,Indicadores_ocupabilidad_2022.csv,2022-02-01,22.7,19.88,0.8660254037844386,0.5000000000000001,23.43,18.57,21.45,19010.0,42214.0,586.0,21.150000000000002,0,34
,2022,3,TT,TODAS CONSOLIDADAS,TT,TODAS CONSOLIDADAS,MOQUEGUA,180000,295,3730,6374,19.88,14.48,1.57,1.58,1.24,18226,18012,214,35642,35264,378,597,Indicadores_ocupabilidad_2022.csv,2022-03-01,19.88,17.47,1.0,6.123233995736766e-17,22.7,23.43,18.57,19595.0,38295.0,592.0,21.566666666666663,0,35
,2022,4,TT,TODAS CONSOLIDADAS,TT,TODAS CONSOLIDADAS,MOQUEGUA,180000,295,3737,6356,17.47,12.61,1.54,1.55,1.26,15571,15307,264,29512,29093,419,595,Indicadores_ocupabilidad_2022.csv,2022-04-01,17.47,16.23,0.8660254037844387,-0.4999999999999998,19.88,22.7,23.43,18226.0,35642.0,597.0,22.003333333333334,0,36
,2022,5,TT,TODAS CONSOLIDADAS,TT,TODAS CONSOLIDADAS,MOQUEGUA,180000,297,3784,6450,16.23,11.24,1.44,1.45,1.16,15732,15475,257,27300,26753,547,606,Indicadores_ocupabilidad_2022.csv,2022-05-01,16.23,15.74,0.49999999999999994,-0.8660254037844387,17.47,19.88,22.7,15571.0,29512.0,595.0,20.016666666666666,0,37
,2022,6,TT,TODAS CONSOLIDADAS,TT,TODAS CONSOLIDADAS,MOQUEGUA,180000,298,3804,6470,15.74,11.37,1.51,1.52,1.22,14543,14175,368,27487,26307,1180,613,Indicadores_ocupabilidad_2022.csv,2022-06-01,15.74,17.04,1.2246467991473532e-16,-1.0,16.23,17.47,19.88,15732.0,27300.0,606.0,17.86,0,38
,2022,7,TT,TODAS CONSOLIDADAS,TT,TODAS CONSOLIDADAS,MOQUEGUA,180000,299,3811,6466,17.04,12.32,1.5,1.49,1.46,16591,16251,340,30276,28599,1677,619,Indicadores_ocupabilidad_2022.csv,2022-07-01,17.04,17.42,-0.4999999999999997,-0.8660254037844388,15.74,16.23,17.47,14543.0,27487.0,613.0,16.48,0,39
,2022,8,TT,TODAS CONSOLIDADAS,TT,TODAS CONSOLIDADAS,MOQUEGUA,180000,300,3828,6501,17.42,12.29,1.42,1.43,1.37,17480,17073,407,29109,27961,1148,620,Indicadores_ocupabilidad_2022.csv,2022-08-01,17.42,15.86,-0.8660254037844384,-0.5000000000000004,17.04,15.74,16.23,16591.0,30276.0,619.0,16.33666666666667,0,40
,2022,9,TT,TODAS CONSOLIDADAS,TT,TODAS CONSOLIDADAS,MOQUEGUA,180000,301,3856,6551,15.86,12.09,1.43,1.43,1.56,16913,16586,327,25743,25162,581,630,Indicadores_ocupabilidad_2022.csv,2022-09-01,15.86,17.71,-1.0,-1.8369701987210297e-16,17.42,17.04,15.74,17480.0,29109.0,620.0,16.733333333333334,0,41
,2022,10,TT,TODAS CONSOLIDADAS,TT,TODAS CONSOLIDADAS,MOQUEGUA,180000,301,3865,6568,17.71,12.63,1.44,1.44,1.2,18156,17530,626,27311,26403,908,636,Indicadores_ocupabilidad_2022.csv,2022-10-01,17.71,16.79,-0.8660254037844386,0.5000000000000001,15.86,17.42,17.04,16913.0,25743.0,630.0,16.773333333333337,0,42
,2022,11,TT,TODAS CONSOLIDADAS,TT,TODAS CONSOLIDADAS,MOQUEGUA,180000,299,3833,6520,16.79,11.73,1.4,1.39,1.37,16945,16418,527,24535,23454,1081,636,Indicadores_ocupabilidad_2022.csv,2022-11-01,16.79,13.27,-0.5000000000000004,0.8660254037844384,17.71,15.86,17.42,18156.0,27311.0,636.0,16.99666666666667,0,43
,2022,12,TT,TODAS CONSOLIDADAS,TT,TODAS CONSOLIDADAS,MOQUEGUA,180000,300,4072,6800,13.27,9.74,1.21,1.2,1.44,16913,16495,418,21355,20593,762,642,Indicadores_ocupabilidad_2022.csv,2022-12-01,13.27,12.73,-2.4492935982947064e-16,1.0,16.79,17.71,15.86,16945.0,24535.0,636.0,16.786666666666665,0,44
,2023,1,TT,TODAS CONSOLIDADAS,TT,TODAS CONSOLIDADAS,MOQUEGUA,180000,293,4059,6969,12.73,9.68,1.3,1.29,1.27,16314,16004,310,21671,21211,460,693,Indicadores_ocupabilidad_2023.csv,2023-01-01,12.73,15.79,0.49999999999999994,0.8660254037844387,13.27,16.79,17.71,16913.0,21355.0,642.0,15.923333333333334,0,45
,2023,2,TT,TODAS CONSOLIDADAS,TT,TODAS CONSOLIDADAS,MOQUEGUA,180000,291,4014,6878,15.79,12.03,1.34,1.34,1.11,18400,17998,402,25642,24958,684,685,Indicadores_ocupabilidad_2023.csv,2023-02-01,15.79,14.77,0.8660254037844386,0.5000000000000001,12.73,13.27,16.79,16314.0,21671.0,693.0,14.263333333333335,0,46
,2023,3,TT,TODAS CONSOLIDADAS,TT,TODAS CONSOLIDADAS,MOQUEGUA,180000,289,4002,6889,14.77,11.02,1.28,1.28,1.26,18973,18559,414,25429,24761,668,683,Indicadores_ocupabilidad_2023.csv,2023-03-01,14.77,16.84,1.0,6.123233995736766e-17,15.79,12.73,13.27,18400.0,25642.0,685.0,13.930000000000001,0,47
,2023,4,TT,TODAS CONSOLIDADAS,TT,TODAS CONSOLIDADAS,MOQUEGUA,180000,288,4015,6941,16.84,12.48,1.45,1.45,1.33,18118,17588,530,28489,27490,999,683,Indicadores_ocupabilidad_2023.csv,2023-04-01,16.84,21.53,0.8660254037844387,-0.4999999999999998,14.77,15.79,12.73,18973.0,25429.0,683.0,14.430000000000001,0,48
,2023,5,TT,TODAS CONSOLIDADAS,TT,TODAS CONSOLIDADAS,MOQUEGUA,180000,290,4068,7025,21.53,16.75,1.74,1.75,1.4,20908,20263,645,37312,36124,1188,690,Indicadores_ocupabilidad_2023.csv,2023-05-01,21.53,18.18,0.49999999999999994,-0.8660254037844387,16.84,14.77,15.79,18118.0,28489.0,683.0,15.800000000000002,0,49
,2023,6,TT,TODAS CONSOLIDADAS,TT,TODAS CONSOLIDADAS,MOQUEGUA,180000,292,4082,6991,18.18,12.85,1.51,1.51,1.4,17873,17296,577,28139,27213,926,693,Indicadores_ocupabilidad_2023.csv,2023-06-01,18.18,19.05,1.2246467991473532e-16,-1.0,21.53,16.84,14.77,20908.0,37312.0,690.0,17.713333333333335,0,50
,2023,7,TT,TODAS CONSOLIDADAS,TT,TODAS CONSOLIDADAS,MOQUEGUA,180000,294,4095,7027,19.05,14.5,1.61,1.61,1.45,20079,19406,673,34294,33152,1142,774,Indicadores_ocupabilidad_2023.csv,2023-07-01,19.05,18.05,-0.4999999999999997,-0.8660254037844388,18.18,21.53,16.84,17873.0,28139.0,693.0,18.850000000000005,0,51
,2023,8,TT,TODAS CONSOLIDADAS,TT,TODAS CONSOLIDADAS,MOQUEGUA,180000,291,4072,6945,18.05,13.33,1.6,1.6,1.42,18080,17423,657,31196,29827,1369,774,Indicadores_ocupabilidad_2023.csv,2023-08-01,18.05,17.6,-0.8660254037844384,-0.5000000000000004,19.05,18.18,21.53,20079.0,34294.0,774.0,19.58666666666667,0,52
,2023,9,TT,TODAS CONSOLIDADAS,TT,TODAS CONSOLIDADAS,MOQUEGUA,180000,293,4082,6948,17.6,12.53,1.39,1.39,1.33,18978,18375,603,28528,27330,1198,775,Indicadores_ocupabilidad_2023.csv,2023-09-01,17.6,17.64,-1.0,-1.8369701987210297e-16,18.05,19.05,18.18,18080.0,31196.0,774.0,18.426666666666666,0,53
,2023,10,TT,TODAS CONSOLIDADAS,TT,TODAS CONSOLIDADAS,MOQUEGUA,180000,291,4063,6929,17.64,12.35,1.33,1.34,1.27,20124,19388,736,29758,28550,1208,776,Indicadores_ocupabilidad_2023.csv,2023-10-01,17.64,17.88,-0.8660254037844386,0.5000000000000001,17.6,18.05,19.05,18978.0,28528.0,775.0,18.233333333333334,0,54
,2023,11,TT,TODAS CONSOLIDADAS,TT,TODAS CONSOLIDADAS,MOQUEGUA,180000,294,4123,7025,17.88,14.2,1.39,1.39,1.53,21685,21113,572,34847,33724,1123,795,Indicadores_ocupabilidad_2023.csv,2023-11-01,17.88,16.62,-0.5000000000000004,0.8660254037844384,17.64,17.6,18.05,20124.0,29758.0,776.0,17.763333333333335,0,55
,2023,12,TT,TODAS CONSOLIDADAS,TT,TODAS CONSOLIDADAS,MOQUEGUA,180000,295,4126,6996,16.62,12.53,1.3,1.3,1.24,21209,20503,706,32474,31329,1145,780,Indicadores_ocupabilidad_2023.csv,2023-12-01,16.62,20.14,-2.4492935982947064e-16,1.0,17.88,17.64,17.6,21685.0,34847.0,795.0,17.706666666666667,0,56
20260330,2024,1,TT,TODAS CONSOLIDADAS,TT,TODAS CONSOLIDADAS,MOQUEGUA,180000,296,4172,7098,20.14,14.85,1.33,1.33,1.46,25254,24146,1108,39988,37819,2169,737,Indicadores_ocupabilidad_2024.csv,2024-01-01,20.14,23.21,0.49999999999999994,0.8660254037844387,16.62,17.88,17.64,21209.0,32474.0,780.0,17.38,0,57
20260330,2024,2,TT,TODAS CONSOLIDADAS,TT,TODAS CONSOLIDADAS,MOQUEGUA,180000,298,4209,7159,23.21,18.04,1.4,1.4,1.37,26346,25178,1168,43686,41550,2136,730,Indicadores_ocupabilidad_2024.csv,2024-02-01,23.21,20.35,0.8660254037844386,0.5000000000000001,20.14,16.62,17.88,25254.0,39988.0,737.0,18.213333333333335,0,58
20260330,2024,3,TT,TODAS CONSOLIDADAS,TT,TODAS CONSOLIDADAS,MOQUEGUA,180000,298,4198,7104,20.35,15.31,1.4,1.4,1.38,24522,23815,707,39584,38261,1323,729,Indicadores_ocupabilidad_2024.csv,2024-03-01,20.35,18.45,1.0,6.123233995736766e-17,23.21,20.14,16.62,26346.0,43686.0,730.0,19.990000000000006,0,59
20260330,2024,4,TT,TODAS CONSOLIDADAS,TT,TODAS CONSOLIDADAS,MOQUEGUA,180000,297,4198,7093,18.45,13.85,1.52,1.52,1.41,20501,19782,719,34981,33839,1142,739,Indicadores_ocupabilidad_2024.csv,2024-04-01,18.45,17.29,0.8660254037844387,-0.4999999999999998,20.35,23.21,20.14,24522.0,39584.0,729.0,21.233333333333334,0,60
20260330,2024,5,TT,TODAS CONSOLIDADAS,TT,TODAS CONSOLIDADAS,MOQUEGUA,180000,299,4292,7269,17.29,13.3,1.52,1.53,1.32,20445,19628,817,34146,32822,1324,741,Indicadores_ocupabilidad_2024.csv,2024-05-01,17.29,18.05,0.49999999999999994,-0.8660254037844387,18.45,20.35,23.21,20501.0,34981.0,739.0,20.67,0,61
20260330,2024,6,TT,TODAS CONSOLIDADAS,TT,TODAS CONSOLIDADAS,MOQUEGUA,180000,299,4289,7222,18.05,13.6,1.38,1.38,1.32,21777,21072,705,33964,32862,1102,759,Indicadores_ocupabilidad_2024.csv,2024-06-01,18.05,19.96,1.2246467991473532e-16,-1.0,17.29,18.45,20.35,20445.0,34146.0,741.0,18.69666666666667,0,62
20260330,2024,7,TT,TODAS CONSOLIDADAS,TT,TODAS CONSOLIDADAS,MOQUEGUA,180000,297,4244,7167,19.96,16.75,1.49,1.49,1.35,25313,24526,787,41651,40333,1318,743,Indicadores_ocupabilidad_2024.csv,2024-07-01,19.96,20.5,-0.4999999999999997,-0.8660254037844388,18.05,17.29,18.45,21777.0,33964.0,759.0,17.930000000000003,0,63
20260330,2024,8,TT,TODAS CONSOLIDADAS,TT,TODAS CONSOLIDADAS,MOQUEGUA,180000,299,4316,7265,20.5,15.43,1.31,1.31,1.25,26130,25508,622,36466,35512,954,834,Indicadores_ocupabilidad_2024.csv,2024-08-01,20.5,20.27,-0.8660254037844384,-0.5000000000000004,19.96,18.05,17.29,25313.0,41651.0,743.0,18.433333333333334,0,64
20260330,2024,9,TT,TODAS CONSOLIDADAS,TT,TODAS CONSOLIDADAS,MOQUEGUA,180000,298,4288,7288,20.27,14.8,1.36,1.36,1.57,23716,22953,763,34768,33415,1353,832,Indicadores_ocupabilidad_2024.csv,2024-09-01,20.27,22.48,-1.0,-1.8369701987210297e-16,20.5,19.96,18.05,26130.0,36466.0,834.0,19.503333333333334,0,65
20260330,2024,10,TT,TODAS CONSOLIDADAS,TT,TODAS CONSOLIDADAS,MOQUEGUA,180000,298,4276,7244,22.48,17.87,1.48,1.48,1.35,26467,25802,665,41846,40512,1334,758,Indicadores_ocupabilidad_2024.csv,2024-10-01,22.48,22.46,-0.8660254037844386,0.5000000000000001,20.27,20.5,19.96,23716.0,34768.0,832.0,20.243333333333336,0,66
20260330,2024,11,TT,TODAS CONSOLIDADAS,TT,TODAS CONSOLIDADAS,MOQUEGUA,180000,297,4262,7206,22.46,16.69,1.42,1.42,1.38,25318,24485,833,38318,36878,1440,751,Indicadores_ocupabilidad_2024.csv,2024-11-01,22.46,19.08,-0.5000000000000004,0.8660254037844384,22.48,20.27,20.5,26467.0,41846.0,758.0,21.083333333333332,0,67
,2019,4,TT,TODAS CONSOLIDADAS,TT,TODAS CONSOLIDADAS,PASCO,190000,345,4587,7498,17.62,13.75,1.21,1.21,1.33,24934,24780,154,30427,30242,185,772,Indicadores_ocupabilidad_2019.csv,2019-04-01,17.62,21.75,0.8660254037844387,-0.4999999999999998,19.58,20.54,19.3,27941.0,33616.0,752.0,19.80666666666667,0,0
,2019,5,TT,TODAS CONSOLIDADAS,TT,TODAS CONSOLIDADAS,PASCO,190000,340,4586,7456,21.75,16.19,1.31,1.3,1.5,28053,27824,229,36655,36287,368,756,Indicadores_ocupabilidad_2019.csv,2019-05-01,21.75,24.04,0.49999999999999994,-0.8660254037844387,17.62,19.58,20.54,24934.0,30427.0,772.0,19.246666666666666,0,1
,2019,6,TT,TODAS CONSOLIDADAS,TT,TODAS CONSOLIDADAS,PASCO,190000,342,4632,7584,24.04,18.57,1.25,1.25,1.2,33906,33617,289,42088,41736,352,780,Indicadores_ocupabilidad_2019.csv,2019-06-01,24.04,24.96,1.2246467991473532e-16,-1.0,21.75,17.62,19.58,28053.0,36655.0,756.0,19.650000000000002,0,2
,2019,7,TT,TODAS CONSOLIDADAS,TT,TODAS CONSOLIDADAS,PASCO,190000,345,4667,7667,24.96,19.04,1.22,1.22,1.26,36031,35734,297,44076,43641,435,780,Indicadores_ocupabilidad_2019.csv,2019-07-01,24.96,26.01,-0.4999999999999997,-0.8660254037844388,24.04,21.75,17.62,33906.0,42088.0,780.0,21.136666666666667,0,3
,2019,8,TT,TODAS CONSOLIDADAS,TT,TODAS CONSOLIDADAS,PASCO,190000,343,4648,7667,26.01,19.6,1.17,1.17,1.15,39715,39469,246,46210,45914,296,785,Indicadores_ocupabilidad_2019.csv,2019-08-01,26.01,25.05,-0.8660254037844384,-0.5000000000000004,24.96,24.04,21.75,36031.0,44076.0,780.0,23.583333333333332,0,4
,2019,9,TT,TODAS CONSOLIDADAS,TT,TODAS CONSOLIDADAS,PASCO,190000,343,4637,7633,25.05,18.98,1.17,1.17,1.33,36728,36544,184,42955,42695,260,828,Indicadores_ocupabilidad_2019.csv,2019-09-01,25.05,25.36,-1.0,-1.8369701987210297e-16,26.01,24.96,24.04,39715.0,46210.0,785.0,25.003333333333334,0,5
,2019,10,TT,TODAS CONSOLIDADAS,TT,TODAS CONSOLIDADAS,PASCO,190000,340,4646,7634,25.36,19.92,1.23,1.23,1.29,38276,38041,235,47419,47074,345,845,Indicadores_ocupabilidad_2019.csv,2019-10-01,25.36,24.82,-0.8660254037844386,0.5000000000000001,25.05,26.01,24.96,36728.0,42955.0,828.0,25.340000000000003,0,6
,2019,11,TT,TODAS CONSOLIDADAS,TT,TODAS CONSOLIDADAS,PASCO,190000,335,4656,7546,24.82,18.9,1.21,1.21,1.4,35056,34896,160,42881,42637,244,834,Indicadores_ocupabilidad_2019.csv,2019-11-01,24.82,21.32,-0.5000000000000004,0.8660254037844384,25.36,25.05,26.01,38276.0,47419.0,845.0,25.473333333333333,0,7
,2019,12,TT,TODAS CONSOLIDADAS,TT,TODAS CONSOLIDADAS,PASCO,190000,331,4637,7480,21.32,16.3,1.21,1.21,1.47,30877,30732,145,37684,37478,206,815,Indicadores_ocupabilidad_2019.csv,2019-12-01,21.32,18.48,-2.4492935982947064e-16,1.0,24.82,25.36,25.05,35056.0,42881.0,834.0,25.076666666666664,0,8
,2020,1,TT,TODAS CONSOLIDADAS,TT,TODAS CONSOLIDADAS,PASCO,190000,356,4679,7535,18.48,15.01,1.23,1.23,1.36,28311,28212,99,34324,34156,168,836,Indicadores_ocupabilidad_2020.csv,2020-01-01,18.48,19.33,0.49999999999999994,0.8660254037844387,21.32,24.82,25.36,30877.0,37684.0,815.0,23.833333333333332,1,9
,2020,2,TT,TODAS CONSOLIDADAS,TT,TODAS CONSOLIDADAS,PASCO,190000,354,4617,7453,19.33,14.14,1.26,1.26,1.01,23493,23407,86,29432,29315,117,809,Indicadores_ocupabilidad_2020.csv,2020-02-01,19.33,9.54,0.8660254037844386,0.5000000000000001,18.48,21.32,24.82,28311.0,34324.0,836.0,21.540000000000003,1,10
,2020,3,TT,TODAS CONSOLIDADAS,TT,TODAS CONSOLIDADAS,PASCO,190000,356,4606,7425,9.54,7.43,1.27,1.27,0.85,11906,11904,2,15514,15512,2,651,Indicadores_ocupabilidad_2020.csv,2020-03-01,9.54,4.12,1.0,6.123233995736766e-17,19.33,18.48,21.32,23493.0,29432.0,809.0,19.709999999999997,1,11
,2020,4,TT,TODAS CONSOLIDADAS,TT,TODAS CONSOLIDADAS,PASCO,190000,3,59,122,4.12,2.35,1.3,1.3,0.0,66,66,0,86,86,0,7,Indicadores_ocupabilidad_2020.csv,2020-04-01,4.12,0.76,0.8660254037844387,-0.4999999999999998,9.54,19.33,18.48,11906.0,15514.0,651.0,15.783333333333331,1,12
,2020,5,TT,TODAS CONSOLIDADAS,TT,TODAS CONSOLIDADAS,PASCO,190000,9,271,484,0.76,0.38,1.09,1.09,0.0,6,6,0,59,59,0,2,Indicadores_ocupabilidad_2020.csv,2020-05-01,0.76,13.64,0.49999999999999994,-0.8660254037844387,4.12,9.54,19.33,66.0,86.0,7.0,10.996666666666664,1,13
,2020,6,TT,TODAS CONSOLIDADAS,TT,TODAS CONSOLIDADAS,PASCO,190000,13,325,597,13.64,6.54,3.36,3.39,2.46,93,90,3,938,914,24,10,Indicadores_ocupabilidad_2020.csv,2020-06-01,13.64,1.74,1.2246467991473532e-16,-1.0,0.76,4.12,9.54,6.0,59.0,2.0,4.806666666666667,1,14
,2020,7,TT,TODAS CONSOLIDADAS,TT,TODAS CONSOLIDADAS,PASCO,190000,251,3894,6198,1.74,1.21,1.19,1.19,0.0,1788,1788,0,2237,2237,0,493,Indicadores_ocupabilidad_2020.csv,2020-07-01,1.74,9.19,-0.4999999999999997,-0.8660254037844388,13.64,0.76,4.12,93.0,938.0,10.0,6.173333333333335,1,15
,2020,8,TT,TODAS CONSOLIDADAS,TT,TODAS CONSOLIDADAS,PASCO,190000,256,3961,6334,9.19,8.85,1.49,1.49,0.07,10787,10774,13,16177,16164,13,624,Indicadores_ocupabilidad_2020.csv,2020-08-01,9.19,18.61,-0.8660254037844384,-0.5000000000000004,1.74,13.64,0.76,1788.0,2237.0,493.0,5.38,1,16
,2020,9,TT,TODAS CONSOLIDADAS,TT,TODAS CONSOLIDADAS,PASCO,190000,258,4033,6380,18.61,16.61,1.41,1.41,0.0,23155,23155,0,31085,31085,0,590,Indicadores_ocupabilidad_2020.csv,2020-09-01,18.61,26.63,-1.0,-1.8369701987210297e-16,9.19,1.74,13.64,10787.0,16177.0,624.0,8.19,1,17
,2020,10,TT,TODAS CONSOLIDADAS,TT,TODAS CONSOLIDADAS,PASCO,190000,256,3970,6384,26.63,18.48,1.31,1.31,0.91,27431,27412,19,36096,36073,23,614,Indicadores_ocupabilidad_2020.csv,2020-10-01,26.63,21.36,-0.8660254037844386,0.5000000000000001,18.61,9.19,1.74,23155.0,31085.0,590.0,9.846666666666666,1,18
,2020,11,TT,TODAS CONSOLIDADAS,TT,TODAS CONSOLIDADAS,PASCO,190000,257,4013,6436,21.36,14.3,1.35,1.35,0.93,18870,18784,86,26564,26474,90,614,Indicadores_ocupabilidad_2020.csv,2020-11-01,21.36,16.59,-0.5000000000000004,0.8660254037844384,26.63,18.61,9.19,27431.0,36096.0,614.0,18.143333333333334,1,19
,2020,12,TT,TODAS CONSOLIDADAS,TT,TODAS CONSOLIDADAS,PASCO,190000,260,4021,6516,16.59,12.13,1.56,1.56,1.17,17969,17929,40,25023,24979,44,635,Indicadores_ocupabilidad_2020.csv,2020-12-01,16.59,15.43,-2.4492935982947064e-16,1.0,21.36,26.63,18.61,18870.0,26564.0,614.0,22.2,1,20
,2021,1,TT,TODAS CONSOLIDADAS,TT,TODAS CONSOLIDADAS,PASCO,190000,315,3962,6476,15.43,15.83,1.33,1.33,0.92,24940,24930,10,32509,32498,11,607,Indicadores_ocupabilidad_2021.csv,2021-01-01,15.43,16.35,0.49999999999999994,0.8660254037844387,16.59,21.36,26.63,17969.0,25023.0,635.0,21.526666666666667,0,21
,2021,2,TT,TODAS CONSOLIDADAS,TT,TODAS CONSOLIDADAS,PASCO,190000,301,3803,6165,16.35,13.28,1.12,1.12,0.04,20750,20743,7,23248,23238,10,564,Indicadores_ocupabilidad_2021.csv,2021-02-01,16.35,16.91,0.8660254037844386,0.5000000000000001,15.43,16.59,21.36,24940.0,32509.0,607.0,17.793333333333333,0,22
,2021,3,TT,TODAS CONSOLIDADAS,TT,TODAS CONSOLIDADAS,PASCO,190000,311,3942,6447,16.91,13.4,1.13,1.13,1.7,24255,24239,16,28333,28281,52,585,Indicadores_ocupabilidad_2021.csv,2021-03-01,16.91,16.89,1.0,6.123233995736766e-17,16.35,15.43,16.59,20750.0,23248.0,564.0,16.123333333333335,0,23
,2021,4,TT,TODAS CONSOLIDADAS,TT,TODAS CONSOLIDADAS,PASCO,190000,314,3961,6474,16.89,15.07,1.21,1.21,0.96,25831,25796,35,31419,31361,58,591,Indicadores_ocupabilidad_2021.csv,2021-04-01,16.89,20.99,0.8660254037844387,-0.4999999999999998,16.91,16.35,15.43,24255.0,28333.0,585.0,16.23,0,24
,2021,5,TT,TODAS CONSOLIDADAS,TT,TODAS CONSOLIDADAS,PASCO,190000,317,4002,6567,20.99,16.58,1.16,1.16,0.98,30548,30505,43,36400,36324,76,599,Indicadores_ocupabilidad_2021.csv,2021-05-01,20.99,21.92,0.49999999999999994,-0.8660254037844387,16.89,16.91,16.35,25831.0,31419.0,591.0,16.71666666666667,0,25
,2021,6,TT,TODAS CONSOLIDADAS,TT,TODAS CONSOLIDADAS,PASCO,190000,320,4056,6700,21.92,16.85,1.15,1.15,1.1,31588,31513,75,37925,37826,99,609,Indicadores_ocupabilidad_2021.csv,2021-06-01,21.92,24.78,1.2246467991473532e-16,-1.0,20.99,16.89,16.91,30548.0,36400.0,599.0,18.263333333333332,0,26
,2021,7,TT,TODAS CONSOLIDADAS,TT,TODAS CONSOLIDADAS,PASCO,190000,330,4241,7034,24.78,20.39,1.19,1.19,1.72,39192,39084,108,48722,48522,200,662,Indicadores_ocupabilidad_2021.csv,2021-07-01,24.78,28.5,-0.4999999999999997,-0.8660254037844388,21.92,20.99,16.89,31588.0,37925.0,609.0,19.933333333333334,0,27
,2021,8,TT,TODAS CONSOLIDADAS,TT,TODAS CONSOLIDADAS,PASCO,190000,334,4301,7202,28.5,22.17,1.19,1.19,1.25,44954,44858,96,54075,53938,137,756,Indicadores_ocupabilidad_2021.csv,2021-08-01,28.5,26.44,-0.8660254037844384,-0.5000000000000004,24.78,21.92,20.99,39192.0,48722.0,662.0,22.563333333333333,0,28
,2021,9,TT,TODAS CONSOLIDADAS,TT,TODAS CONSOLIDADAS,PASCO,190000,330,4230,7032,26.44,21.05,1.16,1.16,0.95,40642,40581,61,48250,48161,89,741,Indicadores_ocupabilidad_2021.csv,2021-09-01,26.44,24.62,-1.0,-1.8369701987210297e-16,28.5,24.78,21.92,44954.0,54075.0,756.0,25.066666666666666,0,29
,2021,10,TT,TODAS CONSOLIDADAS,TT,TODAS CONSOLIDADAS,PASCO,190000,332,4243,7076,24.62,20.65,1.2,1.2,0.99,39125,39060,65,48194,48094,100,740,Indicadores_ocupabilidad_2021.csv,2021-10-01,24.62,17.59,-0.8660254037844386,0.5000000000000001,26.44,28.5,24.78,40642.0,48250.0,741.0,26.573333333333334,0,30
,2021,11,TT,TODAS CONSOLIDADAS,TT,TODAS CONSOLIDADAS,PASCO,190000,334,4270,7062,17.59,14.0,1.22,1.22,1.31,23995,23899,96,30142,29975,167,700,Indicadores_ocupabilidad_2021.csv,2021-11-01,17.59,17.48,-0.5000000000000004,0.8660254037844384,24.62,26.44,28.5,39125.0,48194.0,740.0,26.52,0,31
,2021,12,TT,TODAS CONSOLIDADAS,TT,TODAS CONSOLIDADAS,PASCO,190000,336,4312,7127,17.48,13.04,1.11,1.11,0.95,25462,25338,124,27737,27609,128,696,Indicadores_ocupabilidad_2021.csv,2021-12-01,17.48,21.13,-2.4492935982947064e-16,1.0,17.59,24.62,26.44,23995.0,30142.0,700.0,22.883333333333336,0,32
,2022,1,TT,TODAS CONSOLIDADAS,TT,TODAS CONSOLIDADAS,PASCO,190000,366,4516,7414,21.13,16.41,1.17,1.17,1.14,32630,32451,179,40194,39931,263,796,Indicadores_ocupabilidad_2022.csv,2022-01-01,21.13,20.46,0.49999999999999994,0.8660254037844387,17.48,17.59,24.62,25462.0,27737.0,696.0,19.89666666666667,0,33
,2022,2,TT,TODAS CONSOLIDADAS,TT,TODAS CONSOLIDADAS,PASCO,190000,367,4564,7522,20.46,16.29,1.3,1.29,1.18,26992,26763,229,36410,35753,657,780,Indicadores_ocupabilidad_2022.csv,2022-02-01,20.46,17.66,0.8660254037844386,0.5000000000000001,21.13,17.48,17.59,32630.0,40194.0,796.0,18.733333333333334,0,34
,2022,3,TT,TODAS CONSOLIDADAS,TT,TODAS CONSOLIDADAS,PASCO,190000,369,4582,7568,17.66,14.92,1.24,1.24,1.06,28545,28467,78,38128,38030,98,797,Indicadores_ocupabilidad_2022.csv,2022-03-01,17.66,20.21,1.0,6.123233995736766e-17,20.46,21.13,17.48,26992.0,36410.0,780.0,19.689999999999998,0,35
,2022,4,TT,TODAS CONSOLIDADAS,TT,TODAS CONSOLIDADAS,PASCO,190000,380,4741,7901,20.21,16.77,1.24,1.24,1.18,32675,32526,149,42339,41931,408,826,Indicadores_ocupabilidad_2022.csv,2022-04-01,20.21,21.25,0.8660254037844387,-0.4999999999999998,17.66,20.46,21.13,28545.0,38128.0,797.0,19.75,0,36
,2022,5,TT,TODAS CONSOLIDADAS,TT,TODAS CONSOLIDADAS,PASCO,190000,382,4792,7963,21.25,17.31,1.25,1.25,1.15,35713,35577,136,45988,45739,249,833,Indicadores_ocupabilidad_2022.csv,2022-05-01,21.25,20.2,0.49999999999999994,-0.8660254037844387,20.21,17.66,20.46,32675.0,42339.0,826.0,19.443333333333335,0,37
,2022,6,TT,TODAS CONSOLIDADAS,TT,TODAS CONSOLIDADAS,PASCO,190000,383,4805,8019,20.2,16.81,1.22,1.22,1.21,33939,33825,114,43661,43489,172,841,Indicadores_ocupabilidad_2022.csv,2022-06-01,20.2,25.14,1.2246467991473532e-16,-1.0,21.25,20.21,17.66,35713.0,45988.0,833.0,19.706666666666667,0,38
,2022,7,TT,TODAS CONSOLIDADAS,TT,TODAS CONSOLIDADAS,PASCO,190000,386,4875,8188,25.14,22.56,1.28,1.28,1.11,48464,48272,192,62930,62610,320,849,Indicadores_ocupabilidad_2022.csv,2022-07-01,25.14,24.12,-0.4999999999999997,-0.8660254037844388,20.2,21.25,20.21,33939.0,43661.0,841.0,20.55333333333333,0,39
,2022,8,TT,TODAS CONSOLIDADAS,TT,TODAS CONSOLIDADAS,PASCO,190000,387,4895,8172,24.12,21.25,1.29,1.29,1.33,45459,45334,125,59206,58965,241,852,Indicadores_ocupabilidad_2022.csv,2022-08-01,24.12,18.74,-0.8660254037844384,-0.5000000000000004,25.14,20.2,21.25,48464.0,62930.0,849.0,22.19666666666667,0,40
,2022,9,TT,TODAS CONSOLIDADAS,TT,TODAS CONSOLIDADAS,PASCO,190000,386,4905,8197,18.74,16.75,1.29,1.29,1.75,33659,33554,105,45290,45049,241,857,Indicadores_ocupabilidad_2022.csv,2022-09-01,18.74,23.98,-1.0,-1.8369701987210297e-16,24.12,25.14,20.2,45459.0,59206.0,852.0,23.153333333333336,0,41
,2022,10,TT,TODAS CONSOLIDADAS,TT,TODAS CONSOLIDADAS,PASCO,190000,383,4841,8084,23.98,21.65,1.35,1.35,0.95,44094,43984,110,59589,59395,194,859,Indicadores_ocupabilidad_2022.csv,2022-10-01,23.98,16.34,-0.8660254037844386,0.5000000000000001,18.74,24.12,25.14,33659.0,45290.0,857.0,22.666666666666668,0,42
,2022,11,TT,TODAS CONSOLIDADAS,TT,TODAS CONSOLIDADAS,PASCO,190000,375,4787,7956,16.34,14.01,1.29,1.29,1.3,27848,27771,77,37768,37574,194,855,Indicadores_ocupabilidad_2022.csv,2022-11-01,16.34,15.59,-0.5000000000000004,0.8660254037844384,23.98,18.74,24.12,44094.0,59589.0,859.0,22.28,0,43
,2022,12,TT,TODAS CONSOLIDADAS,TT,TODAS CONSOLIDADAS,PASCO,190000,379,4798,8058,15.59,13.2,1.22,1.22,1.26,29274,29192,82,36079,35949,130,859,Indicadores_ocupabilidad_2022.csv,2022-12-01,15.59,18.16,-2.4492935982947064e-16,1.0,16.34,23.98,18.74,27848.0,37768.0,855.0,19.686666666666667,0,44
,2023,1,TT,TODAS CONSOLIDADAS,TT,TODAS CONSOLIDADAS,PASCO,190000,408,4961,8121,18.16,13.06,1.19,1.19,1.17,27395,27208,187,32482,32238,244,878,Indicadores_ocupabilidad_2023.csv,2023-01-01,18.16,19.25,0.49999999999999994,0.8660254037844387,15.59,16.34,23.98,29274.0,36079.0,859.0,18.636666666666667,0,45
,2023,2,TT,TODAS CONSOLIDADAS,TT,TODAS CONSOLIDADAS,PASCO,190000,411,5013,8261,19.25,13.31,1.24,1.23,1.48,24992,24908,84,30641,30455,186,889,Indicadores_ocupabilidad_2023.csv,2023-02-01,19.25,17.41,0.8660254037844386,0.5000000000000001,18.16,15.59,16.34,27395.0,32482.0,878.0,16.69666666666667,0,46
,2023,3,TT,TODAS CONSOLIDADAS,TT,TODAS CONSOLIDADAS,PASCO,190000,412,4984,8315,17.41,13.49,1.27,1.27,1.42,27834,27709,125,34678,34375,303,895,Indicadores_ocupabilidad_2023.csv,2023-03-01,17.41,19.25,1.0,6.123233995736766e-17,19.25,18.16,15.59,24992.0,30641.0,889.0,17.666666666666668,0,47
,2023,4,TT,TODAS CONSOLIDADAS,TT,TODAS CONSOLIDADAS,PASCO,190000,422,5096,8561,19.25,15.41,1.29,1.29,1.53,31325,31202,123,40623,40398,225,945,Indicadores_ocupabilidad_2023.csv,2023-04-01,19.25,19.84,0.8660254037844387,-0.4999999999999998,17.41,19.25,18.16,27834.0,34678.0,895.0,18.273333333333333,0,48
,2023,5,TT,TODAS CONSOLIDADAS,TT,TODAS CONSOLIDADAS,PASCO,190000,422,5149,8617,19.84,15.56,1.31,1.3,2.82,31953,31742,211,41879,41310,569,949,Indicadores_ocupabilidad_2023.csv,2023-05-01,19.84,21.17,0.49999999999999994,-0.8660254037844387,19.25,17.41,19.25,31325.0,40623.0,945.0,18.636666666666667,0,49
,2023,6,TT,TODAS CONSOLIDADAS,TT,TODAS CONSOLIDADAS,PASCO,190000,424,5191,8683,21.17,17.94,1.36,1.35,2.6,34659,34373,286,47110,46585,525,946,Indicadores_ocupabilidad_2023.csv,2023-06-01,21.17,24.07,1.2246467991473532e-16,-1.0,19.84,19.25,17.41,31953.0,41879.0,949.0,18.833333333333332,0,50
,2023,7,TT,TODAS CONSOLIDADAS,TT,TODAS CONSOLIDADAS,PASCO,190000,434,5358,9084,24.07,21.03,1.34,1.34,1.55,44668,44446,222,60839,60478,361,964,Indicadores_ocupabilidad_2023.csv,2023-07-01,24.07,20.87,-0.4999999999999997,-0.8660254037844388,21.17,19.84,19.25,34659.0,47110.0,946.0,20.08666666666667,0,51
,2023,8,TT,TODAS CONSOLIDADAS,TT,TODAS CONSOLIDADAS,PASCO,190000,429,5320,8957,20.87,17.93,1.31,1.3,1.65,38734,38548,186,50941,50462,479,967,Indicadores_ocupabilidad_2023.csv,2023-08-01,20.87,18.06,-0.8660254037844384,-0.5000000000000004,24.07,21.17,19.84,44668.0,60839.0,964.0,21.69333333333333,0,52
,2023,9,TT,TODAS CONSOLIDADAS,TT,TODAS CONSOLIDADAS,PASCO,190000,427,5292,8816,18.06,15.81,1.25,1.24,1.29,33733,33524,209,42273,41985,288,959,Indicadores_ocupabilidad_2023.csv,2023-09-01,18.06,20.45,-1.0,-1.8369701987210297e-16,20.87,24.07,21.17,38734.0,50941.0,967.0,22.036666666666665,0,53
,2023,10,TT,TODAS CONSOLIDADAS,TT,TODAS CONSOLIDADAS,PASCO,190000,424,5254,8743,20.45,18.1,1.27,1.26,2.31,39568,39274,294,50576,49857,719,946,Indicadores_ocupabilidad_2023.csv,2023-10-01,20.45,20.32,-0.8660254037844386,0.5000000000000001,18.06,20.87,24.07,33733.0,42273.0,959.0,21.0,0,54
,2023,11,TT,TODAS CONSOLIDADAS,TT,TODAS CONSOLIDADAS,PASCO,190000,419,5205,8611,20.32,16.46,1.25,1.25,1.19,33512,33081,431,41446,40941,505,910,Indicadores_ocupabilidad_2023.csv,2023-11-01,20.32,15.08,-0.5000000000000004,0.8660254037844384,20.45,18.06,20.87,39568.0,50576.0,946.0,19.793333333333333,0,55
,2023,12,TT,TODAS CONSOLIDADAS,TT,TODAS CONSOLIDADAS,PASCO,190000,423,5259,8757,15.08,13.33,1.28,1.28,1.21,29216,29120,96,37065,36918,147,801,Indicadores_ocupabilidad_2023.csv,2023-12-01,15.08,15.37,-2.4492935982947064e-16,1.0,20.32,20.45,18.06,33512.0,41446.0,910.0,19.61,0,56
20260330,2024,1,TT,TODAS CONSOLIDADAS,TT,TODAS CONSOLIDADAS,PASCO,190000,418,4948,7957,15.37,12.11,1.18,1.18,1.29,25489,25384,105,30048,29913,135,874,Indicadores_ocupabilidad_2024.csv,2024-01-01,15.37,19.58,0.49999999999999994,0.8660254037844387,15.08,20.32,20.45,29216.0,37065.0,801.0,18.616666666666664,0,57
20260330,2024,2,TT,TODAS CONSOLIDADAS,TT,TODAS CONSOLIDADAS,PASCO,190000,458,5519,9090,19.58,15.67,1.21,1.21,1.3,33075,33059,16,39617,39590,27,981,Indicadores_ocupabilidad_2024.csv,2024-02-01,19.58,18.3,0.8660254037844386,0.5000000000000001,15.37,15.08,20.32,25489.0,30048.0,874.0,16.923333333333332,0,58
20260330,2024,3,TT,TODAS CONSOLIDADAS,TT,TODAS CONSOLIDADAS,PASCO,190000,465,5625,9395,18.3,14.39,1.22,1.22,1.24,33173,33092,81,40552,40413,139,1007,Indicadores_ocupabilidad_2024.csv,2024-03-01,18.3,17.28,1.0,6.123233995736766e-17,19.58,15.37,15.08,33075.0,39617.0,981.0,16.676666666666666,0,59
20260330,2024,4,TT,TODAS CONSOLIDADAS,TT,TODAS CONSOLIDADAS,PASCO,190000,463,5570,9311,17.28,12.98,1.2,1.2,1.0,29405,29370,35,34965,34915,50,1019,Indicadores_ocupabilidad_2024.csv,2024-04-01,17.28,16.8,0.8660254037844387,-0.4999999999999998,18.3,19.58,15.37,33173.0,40552.0,1007.0,17.75,0,60
20260330,2024,5,TT,TODAS CONSOLIDADAS,TT,TODAS CONSOLIDADAS,PASCO,190000,457,5475,9065,16.8,13.59,1.22,1.22,1.05,31300,31221,79,38433,38314,119,985,Indicadores_ocupabilidad_2024.csv,2024-05-01,16.8,18.85,0.49999999999999994,-0.8660254037844387,17.28,18.3,19.58,29405.0,34965.0,1019.0,18.386666666666667,0,61
20260330,2024,6,TT,TODAS CONSOLIDADAS,TT,TODAS CONSOLIDADAS,PASCO,190000,464,5561,9360,18.85,15.51,1.24,1.24,1.36,35391,35219,172,44072,43781,291,1001,Indicadores_ocupabilidad_2024.csv,2024-06-01,18.85,23.46,1.2246467991473532e-16,-1.0,16.8,17.28,18.3,31300.0,38433.0,985.0,17.459999999999997,0,62
20260330,2024,7,TT,TODAS CONSOLIDADAS,TT,TODAS CONSOLIDADAS,PASCO,190000,471,5636,9530,23.46,19.41,1.23,1.23,1.7,47386,47177,209,60177,59810,367,1017,Indicadores_ocupabilidad_2024.csv,2024-07-01,23.46,22.37,-0.4999999999999997,-0.8660254037844388,18.85,16.8,17.28,35391.0,44072.0,1001.0,17.643333333333334,0,63
20260330,2024,8,TT,TODAS CONSOLIDADAS,TT,TODAS CONSOLIDADAS,PASCO,190000,475,5696,9673,22.37,20.34,1.27,1.26,1.52,48323,48115,208,62809,62448,361,1032,Indicadores_ocupabilidad_2024.csv,2024-08-01,22.37,20.26,-0.8660254037844384,-0.5000000000000004,23.46,18.85,16.8,47386.0,60177.0,1017.0,19.703333333333333,0,64
20260330,2024,9,TT,TODAS CONSOLIDADAS,TT,TODAS CONSOLIDADAS,PASCO,190000,472,5598,9532,20.26,16.58,1.28,1.28,1.43,37340,37075,265,49256,48823,433,1015,Indicadores_ocupabilidad_2024.csv,2024-09-01,20.26,22.84,-1.0,-1.8369701987210297e-16,22.37,23.46,18.85,48323.0,62809.0,1032.0,21.560000000000002,0,65
20260330,2024,10,TT,TODAS CONSOLIDADAS,TT,TODAS CONSOLIDADAS,PASCO,190000,470,5516,9290,22.84,19.37,1.32,1.31,1.68,43307,42985,322,57320,56732,588,1003,Indicadores_ocupabilidad_2024.csv,2024-10-01,22.84,19.2,-0.8660254037844386,0.5000000000000001,20.26,22.37,23.46,37340.0,49256.0,1015.0,22.03,0,66
20260330,2024,11,TT,TODAS CONSOLIDADAS,TT,TODAS CONSOLIDADAS,PASCO,190000,469,5493,9159,19.2,15.69,1.33,1.32,1.92,32717,32573,144,43398,43123,275,979,Indicadores_ocupabilidad_2024.csv,2024-11-01,19.2,15.62,-0.5000000000000004,0.8660254037844384,22.84,20.26,22.37,43307.0,57320.0,1003.0,21.823333333333334,0,67
,2019,4,TT,TODAS CONSOLIDADAS,TT,TODAS CONSOLIDADAS,PIURA,200000,991,12313,22397,27.47,22.17,1.54,1.48,2.05,97406,86720,10686,152090,130292,21798,2725,Indicadores_ocupabilidad_2019.csv,2019-04-01,27.47,26.92,0.8660254037844387,-0.4999999999999998,28.13,36.69,34.38,112395.0,159800.0,2615.0,33.06666666666667,0,0
,2019,5,TT,TODAS CONSOLIDADAS,TT,TODAS CONSOLIDADAS,PIURA,200000,990,12332,22452,26.92,22.09,1.59,1.52,2.06,97814,86149,11665,156376,132219,24157,2676,Indicadores_ocupabilidad_2019.csv,2019-05-01,26.92,31.23,0.49999999999999994,-0.8660254037844387,27.47,28.13,36.69,97406.0,152090.0,2725.0,30.763333333333332,0,1
,2019,6,TT,TODAS CONSOLIDADAS,TT,TODAS CONSOLIDADAS,PIURA,200000,991,12305,22516,31.23,25.25,1.65,1.61,2.06,102863,92772,10091,171316,149501,21815,2646,Indicadores_ocupabilidad_2019.csv,2019-06-01,31.23,28.91,1.2246467991473532e-16,-1.0,26.92,27.47,28.13,97814.0,156376.0,2676.0,27.506666666666664,0,2
,2019,7,TT,TODAS CONSOLIDADAS,TT,TODAS CONSOLIDADAS,PIURA,200000,993,12673,23099,28.91,22.42,1.44,1.39,1.93,111270,100174,11096,164199,142374,21825,2631,Indicadores_ocupabilidad_2019.csv,2019-07-01,28.91,31.85,-0.4999999999999997,-0.8660254037844388,31.23,26.92,27.47,102863.0,171316.0,2646.0,28.540000000000003,0,3
,2019,8,TT,TODAS CONSOLIDADAS,TT,TODAS CONSOLIDADAS,PIURA,200000,993,12674,22984,31.85,26.61,1.5,1.46,1.85,125821,109880,15941,192541,162650,29891,2693,Indicadores_ocupabilidad_2019.csv,2019-08-01,31.85,31.16,-0.8660254037844384,-0.5000000000000004,28.91,31.23,26.92,111270.0,164199.0,2631.0,29.02,0,4
,2019,9,TT,TODAS CONSOLIDADAS,TT,TODAS CONSOLIDADAS,PIURA,200000,992,12353,22456,31.16,24.14,1.39,1.35,1.85,116850,106205,10645,165585,145333,20252,2631,Indicadores_ocupabilidad_2019.csv,2019-09-01,31.16,29.28,-1.0,-1.8369701987210297e-16,31.85,28.91,31.23,125821.0,192541.0,2693.0,30.663333333333338,0,5
,2019,10,TT,TODAS CONSOLIDADAS,TT,TODAS CONSOLIDADAS,PIURA,200000,991,12356,22430,29.28,24.68,1.52,1.48,1.93,113782,104601,9181,175330,156852,18478,2618,Indicadores_ocupabilidad_2019.csv,2019-10-01,29.28,31.27,-0.8660254037844386,0.5000000000000001,31.16,31.85,28.91,116850.0,165585.0,2631.0,30.64,0,6
,2019,11,TT,TODAS CONSOLIDADAS,TT,TODAS CONSOLIDADAS,PIURA,200000,991,12368,22407,31.27,24.88,1.44,1.39,1.95,117072,104813,12259,172746,148146,24600,2565,Indicadores_ocupabilidad_2019.csv,2019-11-01,31.27,30.44,-0.5000000000000004,0.8660254037844384,29.28,31.16,31.85,113782.0,175330.0,2618.0,30.763333333333335,0,7
,2019,12,TT,TODAS CONSOLIDADAS,TT,TODAS CONSOLIDADAS,PIURA,200000,990,12302,22332,30.44,24.94,1.45,1.4,2.02,117625,107644,9981,172314,151812,20502,2523,Indicadores_ocupabilidad_2019.csv,2019-12-01,30.44,33.6,-2.4492935982947064e-16,1.0,31.27,29.28,31.16,117072.0,172746.0,2565.0,30.569999999999997,0,8
,2020,1,TT,TODAS CONSOLIDADAS,TT,TODAS CONSOLIDADAS,PIURA,200000,1070,12526,22755,33.6,27.76,1.44,1.37,2.2,136362,124544,11818,199120,172434,26686,2624,Indicadores_ocupabilidad_2020.csv,2020-01-01,33.6,36.7,0.49999999999999994,0.8660254037844387,30.44,31.27,29.28,117625.0,172314.0,2523.0,30.330000000000002,1,9
,2020,2,TT,TODAS CONSOLIDADAS,TT,TODAS CONSOLIDADAS,PIURA,200000,1069,12515,22722,36.7,31.13,1.45,1.38,2.08,137392,124451,12941,202547,175056,27491,2566,Indicadores_ocupabilidad_2020.csv,2020-02-01,36.7,17.36,0.8660254037844386,0.5000000000000001,33.6,30.44,31.27,136362.0,199120.0,2624.0,31.77,1,10
,2020,3,TT,TODAS CONSOLIDADAS,TT,TODAS CONSOLIDADAS,PIURA,200000,1065,12458,22587,17.36,14.22,1.89,1.76,2.89,52809,46754,6055,101045,83479,17566,2060,Indicadores_ocupabilidad_2020.csv,2020-03-01,17.36,24.81,1.0,6.123233995736766e-17,36.7,33.6,30.44,137392.0,202547.0,2566.0,33.580000000000005,1,11
,2020,4,TT,TODAS CONSOLIDADAS,TT,TODAS CONSOLIDADAS,PIURA,200000,28,792,1366,24.81,16.87,7.64,6.78,19.93,918,768,150,7793,6601,1192,188,Indicadores_ocupabilidad_2020.csv,2020-04-01,24.81,20.48,0.8660254037844387,-0.4999999999999998,17.36,36.7,33.6,52809.0,101045.0,2060.0,29.220000000000002,1,12
,2020,5,TT,TODAS CONSOLIDADAS,TT,TODAS CONSOLIDADAS,PIURA,200000,44,1235,2085,20.48,14.48,7.75,6.6,12.51,1021,965,56,8672,6973,1699,255,Indicadores_ocupabilidad_2020.csv,2020-05-01,20.48,18.16,0.49999999999999994,-0.8660254037844387,24.81,17.36,36.7,918.0,7793.0,188.0,26.290000000000003,1,13
,2020,6,TT,TODAS CONSOLIDADAS,TT,TODAS CONSOLIDADAS,PIURA,200000,48,1357,2282,18.16,12.93,4.49,3.9,16.08,1682,1633,49,7780,6664,1116,280,Indicadores_ocupabilidad_2020.csv,2020-06-01,18.16,14.68,1.2246467991473532e-16,-1.0,20.48,24.81,17.36,1021.0,8672.0,255.0,20.883333333333333,1,14
,2020,7,TT,TODAS CONSOLIDADAS,TT,TODAS CONSOLIDADAS,PIURA,200000,497,7660,13282,14.68,11.27,2.28,2.21,6.23,19993,19593,400,45867,43659,2208,1279,Indicadores_ocupabilidad_2020.csv,2020-07-01,14.68,18.16,-0.4999999999999997,-0.8660254037844388,18.16,20.48,24.81,1682.0,7780.0,280.0,21.150000000000002,1,15
,2020,8,TT,TODAS CONSOLIDADAS,TT,TODAS CONSOLIDADAS,PIURA,200000,512,7939,13786,18.16,13.78,1.42,1.39,2.91,39787,39049,738,58153,55871,2282,1415,Indicadores_ocupabilidad_2020.csv,2020-08-01,18.16,19.35,-0.8660254037844384,-0.5000000000000004,14.68,18.16,20.48,19993.0,45867.0,1279.0,17.77333333333333,1,16
,2020,9,TT,TODAS CONSOLIDADAS,TT,TODAS CONSOLIDADAS,PIURA,200000,522,8128,14145,19.35,16.28,1.43,1.41,2.44,46523,45472,1051,67858,65280,2578,1483,Indicadores_ocupabilidad_2020.csv,2020-09-01,19.35,25.72,-1.0,-1.8369701987210297e-16,18.16,14.68,18.16,39787.0,58153.0,1415.0,17.0,1,17
,2020,10,TT,TODAS CONSOLIDADAS,TT,TODAS CONSOLIDADAS,PIURA,200000,523,8312,14562,25.72,21.37,1.69,1.63,4.49,55764,54186,1578,96258,89570,6688,1502,Indicadores_ocupabilidad_2020.csv,2020-10-01,25.72,31.34,-0.8660254037844386,0.5000000000000001,19.35,18.16,14.68,46523.0,67858.0,1483.0,17.39666666666667,1,18
,2020,11,TT,TODAS CONSOLIDADAS,TT,TODAS CONSOLIDADAS,PIURA,200000,531,8423,14819,31.34,24.36,1.66,1.64,2.16,64249,62189,2060,108674,103217,5457,1514,Indicadores_ocupabilidad_2020.csv,2020-11-01,31.34,32.01,-0.5000000000000004,0.8660254037844384,25.72,19.35,18.16,55764.0,96258.0,1502.0,21.076666666666668,1,19
,2020,12,TT,TODAS CONSOLIDADAS,TT,TODAS CONSOLIDADAS,PIURA,200000,549,8789,15682,32.01,26.18,1.68,1.67,2.02,74824,72707,2117,126765,121805,4960,1555,Indicadores_ocupabilidad_2020.csv,2020-12-01,32.01,29.33,-2.4492935982947064e-16,1.0,31.34,25.72,19.35,64249.0,108674.0,1514.0,25.47,1,20
,2021,1,TT,TODAS CONSOLIDADAS,TT,TODAS CONSOLIDADAS,PIURA,200000,1020,12104,21899,29.33,25.27,1.71,1.69,2.21,97760,93400,4360,169243,159182,10061,2346,Indicadores_ocupabilidad_2021.csv,2021-01-01,29.33,28.98,0.49999999999999994,0.8660254037844387,32.01,31.34,25.72,74824.0,126765.0,1555.0,29.689999999999998,0,21
,2021,2,TT,TODAS CONSOLIDADAS,TT,TODAS CONSOLIDADAS,PIURA,200000,1020,12096,21955,28.98,23.4,1.6,1.57,2.05,86632,81168,5464,140691,129213,11478,2341,Indicadores_ocupabilidad_2021.csv,2021-02-01,28.98,28.64,0.8660254037844386,0.5000000000000001,29.33,32.01,31.34,97760.0,169243.0,2346.0,30.893333333333334,0,22
,2021,3,TT,TODAS CONSOLIDADAS,TT,TODAS CONSOLIDADAS,PIURA,200000,1020,12095,21915,28.64,23.34,1.6,1.57,2.1,96849,91845,5004,157030,146440,10590,2344,Indicadores_ocupabilidad_2021.csv,2021-03-01,28.64,26.39,1.0,6.123233995736766e-17,28.98,29.33,32.01,86632.0,140691.0,2341.0,30.106666666666666,0,23
,2021,4,TT,TODAS CONSOLIDADAS,TT,TODAS CONSOLIDADAS,PIURA,200000,1018,11941,21678,26.39,21.66,1.79,1.77,2.16,76859,74181,2678,138816,132797,6019,2321,Indicadores_ocupabilidad_2021.csv,2021-04-01,26.39,34.01,0.8660254037844387,-0.4999999999999998,28.64,28.98,29.33,96849.0,157030.0,2344.0,28.983333333333334,0,24
,2021,5,TT,TODAS CONSOLIDADAS,TT,TODAS CONSOLIDADAS,PIURA,200000,1017,12065,21903,34.01,25.06,1.87,1.85,2.16,88676,84896,3780,166721,158344,8377,2345,Indicadores_ocupabilidad_2021.csv,2021-05-01,34.01,31.77,0.49999999999999994,-0.8660254037844387,26.39,28.64,28.98,76859.0,138816.0,2321.0,28.003333333333334,0,25
,2021,6,TT,TODAS CONSOLIDADAS,TT,TODAS CONSOLIDADAS,PIURA,200000,1012,11869,24882,31.77,24.41,1.68,1.65,2.15,91032,84855,6177,154031,140770,13261,2304,Indicadores_ocupabilidad_2021.csv,2021-06-01,31.77,35.75,1.2246467991473532e-16,-1.0,34.01,26.39,28.64,88676.0,166721.0,2345.0,29.680000000000003,0,26
,2021,7,TT,TODAS CONSOLIDADAS,TT,TODAS CONSOLIDADAS,PIURA,200000,1014,11937,25063,35.75,30.46,1.82,1.8,2.32,110922,105602,5320,202509,190243,12266,2315,Indicadores_ocupabilidad_2021.csv,2021-07-01,35.75,40.09,-0.4999999999999997,-0.8660254037844388,31.77,34.01,26.39,91032.0,154031.0,2304.0,30.723333333333333,0,27
,2021,8,TT,TODAS CONSOLIDADAS,TT,TODAS CONSOLIDADAS,PIURA,200000,1014,11993,25179,40.09,33.92,1.72,1.69,2.09,131484,123405,8079,226450,209256,17194,2347,Indicadores_ocupabilidad_2021.csv,2021-08-01,40.09,37.93,-0.8660254037844384,-0.5000000000000004,35.75,31.77,34.01,110922.0,202509.0,2315.0,33.843333333333334,0,28
,2021,9,TT,TODAS CONSOLIDADAS,TT,TODAS CONSOLIDADAS,PIURA,200000,1016,11941,25032,37.93,32.77,1.82,1.74,2.52,114579,103710,10869,209588,182137,27451,2351,Indicadores_ocupabilidad_2021.csv,2021-09-01,37.93,41.37,-1.0,-1.8369701987210297e-16,40.09,35.75,31.77,131484.0,226450.0,2347.0,35.870000000000005,0,29
,2021,10,TT,TODAS CONSOLIDADAS,TT,TODAS CONSOLIDADAS,PIURA,200000,1016,11989,21765,41.37,37.32,1.88,1.82,3.26,131128,124747,6381,248266,228272,19994,2352,Indicadores_ocupabilidad_2021.csv,2021-10-01,41.37,36.54,-0.8660254037844386,0.5000000000000001,37.93,40.09,35.75,114579.0,209588.0,2351.0,37.92333333333334,0,30
,2021,11,TT,TODAS CONSOLIDADAS,TT,TODAS CONSOLIDADAS,PIURA,200000,1015,11951,21693,36.54,32.29,1.77,1.69,2.81,117387,109080,8307,209768,186177,23591,2335,Indicadores_ocupabilidad_2021.csv,2021-11-01,36.54,37.66,-0.5000000000000004,0.8660254037844384,41.37,37.93,40.09,131128.0,248266.0,2352.0,39.796666666666674,0,31
,2021,12,TT,TODAS CONSOLIDADAS,TT,TODAS CONSOLIDADAS,PIURA,200000,1014,11927,21643,37.66,32.8,2.02,1.92,3.04,108062,98495,9567,219022,190092,28930,2254,Indicadores_ocupabilidad_2021.csv,2021-12-01,37.66,45.67,-2.4492935982947064e-16,1.0,36.54,41.37,37.93,117387.0,209768.0,2335.0,38.61333333333334,0,32
,2022,1,TT,TODAS CONSOLIDADAS,TT,TODAS CONSOLIDADAS,PIURA,200000,1089,12528,22584,45.67,38.87,1.85,1.84,2.03,143921,137769,6152,266618,253455,13163,2594,Indicadores_ocupabilidad_2022.csv,2022-01-01,45.67,47.08,0.49999999999999994,0.8660254037844387,37.66,36.54,41.37,108062.0,219022.0,2254.0,38.52333333333333,0,33
,2022,2,TT,TODAS CONSOLIDADAS,TT,TODAS CONSOLIDADAS,PIURA,200000,1088,12563,22660,47.08,37.15,1.72,1.72,1.92,136681,130455,6226,236335,224010,12325,2623,Indicadores_ocupabilidad_2022.csv,2022-02-01,47.08,35.87,0.8660254037844386,0.5000000000000001,45.67,37.66,36.54,143921.0,266618.0,2594.0,39.95666666666667,0,34
,2022,3,TT,TODAS CONSOLIDADAS,TT,TODAS CONSOLIDADAS,PIURA,200000,1089,12574,22680,35.87,28.69,1.69,1.68,1.96,118105,111399,6706,202570,188743,13827,2632,Indicadores_ocupabilidad_2022.csv,2022-03-01,35.87,31.65,1.0,6.123233995736766e-17,47.08,45.67,37.66,136681.0,236335.0,2623.0,43.470000000000006,0,35
,2022,4,TT,TODAS CONSOLIDADAS,TT,TODAS CONSOLIDADAS,PIURA,200000,1085,12545,22621,31.65,24.9,1.72,1.69,2.11,98557,90843,7714,171192,154656,16536,2628,Indicadores_ocupabilidad_2022.csv,2022-04-01,31.65,28.93,0.8660254037844387,-0.4999999999999998,35.87,47.08,45.67,118105.0,202570.0,2632.0,42.873333333333335,0,36
,2022,5,TT,TODAS CONSOLIDADAS,TT,TODAS CONSOLIDADAS,PIURA,200000,1086,12550,22625,28.93,22.31,1.58,1.51,1.97,99391,86049,13342,160422,133492,26930,2615,Indicadores_ocupabilidad_2022.csv,2022-05-01,28.93,28.98,0.49999999999999994,-0.8660254037844387,31.65,35.87,47.08,98557.0,171192.0,2628.0,38.199999999999996,0,37
,2022,6,TT,TODAS CONSOLIDADAS,TT,TODAS CONSOLIDADAS,PIURA,200000,1083,12495,22538,28.98,22.64,1.64,1.59,2.2,93019,85222,7797,156122,137546,18576,2595,Indicadores_ocupabilidad_2022.csv,2022-06-01,28.98,34.44,1.2246467991473532e-16,-1.0,28.93,31.65,35.87,99391.0,160422.0,2615.0,32.150000000000006,0,38
,2022,7,TT,TODAS CONSOLIDADAS,TT,TODAS CONSOLIDADAS,PIURA,200000,1084,12521,22709,34.44,29.97,1.85,1.78,2.55,115866,105700,10166,214888,188171,26717,2583,Indicadores_ocupabilidad_2022.csv,2022-07-01,34.44,26.86,-0.4999999999999997,-0.8660254037844388,28.98,28.93,31.65,93019.0,156122.0,2595.0,29.85333333333334,0,39
,2022,8,TT,TODAS CONSOLIDADAS,TT,TODAS CONSOLIDADAS,PIURA,200000,1083,12519,22690,26.86,23.29,1.59,1.55,2.07,105815,96385,9430,173063,151651,21412,2075,Indicadores_ocupabilidad_2022.csv,2022-08-01,26.86,33.58,-0.8660254037844384,-0.5000000000000004,34.44,28.98,28.93,115866.0,214888.0,2583.0,30.783333333333342,0,40
,2022,9,TT,TODAS CONSOLIDADAS,TT,TODAS CONSOLIDADAS,PIURA,200000,1084,12518,22697,33.58,25.67,1.71,1.66,2.31,102833,93872,8961,177898,157094,20804,2557,Indicadores_ocupabilidad_2022.csv,2022-09-01,33.58,35.97,-1.0,-1.8369701987210297e-16,26.86,34.44,28.98,105815.0,173063.0,2075.0,30.093333333333337,0,41
,2022,10,TT,TODAS CONSOLIDADAS,TT,TODAS CONSOLIDADAS,PIURA,200000,1084,12482,22575,35.97,29.02,1.69,1.64,2.06,121450,107547,13903,207429,178475,28954,2564,Indicadores_ocupabilidad_2022.csv,2022-10-01,35.97,34.12,-0.8660254037844386,0.5000000000000001,33.58,26.86,34.44,102833.0,177898.0,2557.0,31.62666666666667,0,42
,2022,11,TT,TODAS CONSOLIDADAS,TT,TODAS CONSOLIDADAS,PIURA,200000,1085,12501,22629,34.12,26.6,1.74,1.67,2.33,104958,92529,12429,183302,155079,28223,2540,Indicadores_ocupabilidad_2022.csv,2022-11-01,34.12,29.07,-0.5000000000000004,0.8660254037844384,35.97,33.58,26.86,121450.0,207429.0,2564.0,32.13666666666667,0,43
,2022,12,TT,TODAS CONSOLIDADAS,TT,TODAS CONSOLIDADAS,PIURA,200000,1085,12518,22643,29.07,24.86,1.74,1.69,2.3,100655,91477,9178,176809,155667,21142,2524,Indicadores_ocupabilidad_2022.csv,2022-12-01,29.07,38.17,-2.4492935982947064e-16,1.0,34.12,35.97,33.58,104958.0,183302.0,2540.0,34.55666666666667,0,44
,2023,1,TT,TODAS CONSOLIDADAS,TT,TODAS CONSOLIDADAS,PIURA,200000,1144,12465,22537,38.17,31.63,1.71,1.65,2.4,128086,118408,9678,221153,197524,23629,2650,Indicadores_ocupabilidad_2023.csv,2023-01-01,38.17,26.87,0.49999999999999994,0.8660254037844387,29.07,34.12,35.97,100655.0,176809.0,2524.0,33.053333333333335,0,45
,2023,2,TT,TODAS CONSOLIDADAS,TT,TODAS CONSOLIDADAS,PIURA,200000,1143,12425,22445,26.87,26.05,1.53,1.5,2.11,108734,102317,6417,168964,155297,13667,2035,Indicadores_ocupabilidad_2023.csv,2023-02-01,26.87,29.52,0.8660254037844386,0.5000000000000001,38.17,29.07,34.12,128086.0,221153.0,2650.0,33.78666666666667,0,46
,2023,3,TT,TODAS CONSOLIDADAS,TT,TODAS CONSOLIDADAS,PIURA,200000,1143,12399,22479,29.52,21.77,1.58,1.56,2.26,94928,90516,4412,151953,141932,10021,2631,Indicadores_ocupabilidad_2023.csv,2023-03-01,29.52,27.53,1.0,6.123233995736766e-17,26.87,38.17,29.07,108734.0,168964.0,2035.0,31.370000000000005,0,47
,2023,4,TT,TODAS CONSOLIDADAS,TT,TODAS CONSOLIDADAS,PIURA,200000,1137,12284,22236,27.53,18.4,1.56,1.53,2.21,79512,75072,4440,126202,116451,9751,2603,Indicadores_ocupabilidad_2023.csv,2023-04-01,27.53,25.89,0.8660254037844387,-0.4999999999999998,29.52,26.87,38.17,94928.0,151953.0,2631.0,31.520000000000007,0,48
,2023,5,TT,TODAS CONSOLIDADAS,TT,TODAS CONSOLIDADAS,PIURA,200000,1140,12310,22351,25.89,20.58,1.51,1.48,1.84,94134,87185,6949,144770,131756,13014,2593,Indicadores_ocupabilidad_2023.csv,2023-05-01,25.89,24.74,0.49999999999999994,-0.8660254037844387,27.53,29.52,26.87,79512.0,126202.0,2603.0,27.97333333333334,0,49
,2023,6,TT,TODAS CONSOLIDADAS,TT,TODAS CONSOLIDADAS,PIURA,200000,1140,12312,22313,24.74,19.04,1.45,1.41,1.86,87152,79317,7835,129025,114096,14929,2565,Indicadores_ocupabilidad_2023.csv,2023-06-01,24.74,36.08,1.2246467991473532e-16,-1.0,25.89,27.53,29.52,94134.0,144770.0,2593.0,27.646666666666672,0,50
,2023,7,TT,TODAS CONSOLIDADAS,TT,TODAS CONSOLIDADAS,PIURA,200000,1144,12373,22443,36.08,27.51,1.68,1.62,2.29,112585,103404,9181,190559,169079,21480,2568,Indicadores_ocupabilidad_2023.csv,2023-07-01,36.08,23.88,-0.4999999999999997,-0.8660254037844388,24.74,25.89,27.53,87152.0,129025.0,2565.0,26.053333333333338,0,51
,2023,8,TT,TODAS CONSOLIDADAS,TT,TODAS CONSOLIDADAS,PIURA,200000,1142,12308,22185,23.88,20.53,1.55,1.5,2.12,92809,85201,7608,146983,130681,16302,1916,Indicadores_ocupabilidad_2023.csv,2023-08-01,23.88,26.09,-0.8660254037844384,-0.5000000000000004,36.08,24.74,25.89,112585.0,190559.0,2568.0,28.903333333333336,0,52
,2023,9,TT,TODAS CONSOLIDADAS,TT,TODAS CONSOLIDADAS,PIURA,200000,1139,12299,22165,26.09,21.26,1.49,1.41,2.49,95974,88227,7747,147612,127803,19809,2517,Indicadores_ocupabilidad_2023.csv,2023-09-01,26.09,25.96,-1.0,-1.8369701987210297e-16,23.88,36.08,24.74,92809.0,146983.0,1916.0,28.233333333333334,0,53
,2023,10,TT,TODAS CONSOLIDADAS,TT,TODAS CONSOLIDADAS,PIURA,200000,1140,12315,22161,25.96,22.62,1.38,1.35,2.1,112231,105839,6392,160895,147209,13686,2503,Indicadores_ocupabilidad_2023.csv,2023-10-01,25.96,23.12,-0.8660254037844386,0.5000000000000001,26.09,23.88,36.08,95974.0,147612.0,2517.0,28.683333333333337,0,54
,2023,11,TT,TODAS CONSOLIDADAS,TT,TODAS CONSOLIDADAS,PIURA,200000,1139,12368,22234,23.12,18.15,1.47,1.44,1.87,84985,78184,6801,129278,116061,13217,1846,Indicadores_ocupabilidad_2023.csv,2023-11-01,23.12,23.3,-0.5000000000000004,0.8660254037844384,25.96,26.09,23.88,112231.0,160895.0,2503.0,25.310000000000002,0,55
,2023,12,TT,TODAS CONSOLIDADAS,TT,TODAS CONSOLIDADAS,PIURA,200000,1139,12298,22117,23.3,20.04,1.52,1.49,1.99,91891,86033,5858,141825,129951,11874,1853,Indicadores_ocupabilidad_2023.csv,2023-12-01,23.3,40.81,-2.4492935982947064e-16,1.0,23.12,25.96,26.09,84985.0,129278.0,1846.0,25.056666666666672,0,56
20260330,2024,1,TT,TODAS CONSOLIDADAS,TT,TODAS CONSOLIDADAS,PIURA,200000,1233,12876,23077,40.81,32.48,1.64,1.59,2.02,139643,125340,14303,230048,200471,29577,2750,Indicadores_ocupabilidad_2024.csv,2024-01-01,40.81,40.51,0.49999999999999994,0.8660254037844387,23.3,23.12,25.96,91891.0,141825.0,1853.0,24.126666666666676,0,57
20260330,2024,2,TT,TODAS CONSOLIDADAS,TT,TODAS CONSOLIDADAS,PIURA,200000,1234,12777,22903,40.51,32.7,1.63,1.59,2.01,127992,115749,12243,210857,185566,25291,2741,Indicadores_ocupabilidad_2024.csv,2024-02-01,40.51,31.25,0.8660254037844386,0.5000000000000001,40.81,23.3,23.12,139643.0,230048.0,2750.0,29.07666666666667,0,58
20260330,2024,3,TT,TODAS CONSOLIDADAS,TT,TODAS CONSOLIDADAS,PIURA,200000,1234,12865,23063,31.25,25.74,1.54,1.5,1.82,117583,101866,15717,184005,154556,29449,2762,Indicadores_ocupabilidad_2024.csv,2024-03-01,31.25,25.24,1.0,6.123233995736766e-17,40.51,40.81,23.3,127992.0,210857.0,2741.0,34.873333333333335,0,59
20260330,2024,4,TT,TODAS CONSOLIDADAS,TT,TODAS CONSOLIDADAS,PIURA,200000,1237,12874,23064,25.24,18.98,1.6,1.46,2.25,83649,69874,13775,136999,105718,31281,2746,Indicadores_ocupabilidad_2024.csv,2024-04-01,25.24,22.3,0.8660254037844387,-0.4999999999999998,31.25,40.51,40.81,117583.0,184005.0,2762.0,37.52333333333334,0,60
20260330,2024,5,TT,TODAS CONSOLIDADAS,TT,TODAS CONSOLIDADAS,PIURA,200000,1236,12854,22992,22.3,17.09,1.57,1.49,1.98,79641,67889,11752,129169,105141,24028,2735,Indicadores_ocupabilidad_2024.csv,2024-05-01,22.3,23.55,0.49999999999999994,-0.8660254037844387,25.24,31.25,40.51,83649.0,136999.0,2746.0,32.333333333333336,0,61
20260330,2024,6,TT,TODAS CONSOLIDADAS,TT,TODAS CONSOLIDADAS,PIURA,200000,1238,12849,22991,23.55,15.77,1.49,1.41,1.97,75152,64108,11044,118519,95617,22902,2751,Indicadores_ocupabilidad_2024.csv,2024-06-01,23.55,32.78,1.2246467991473532e-16,-1.0,22.3,25.24,31.25,79641.0,129169.0,2735.0,26.26333333333334,0,62
20260330,2024,7,TT,TODAS CONSOLIDADAS,TT,TODAS CONSOLIDADAS,PIURA,200000,1236,12858,23037,32.78,25.22,1.71,1.57,2.41,108162,91480,16682,187320,147236,40084,2727,Indicadores_ocupabilidad_2024.csv,2024-07-01,32.78,29.16,-0.4999999999999997,-0.8660254037844388,23.55,22.3,25.24,75152.0,118519.0,2751.0,23.696666666666673,0,63
20260330,2024,8,TT,TODAS CONSOLIDADAS,TT,TODAS CONSOLIDADAS,PIURA,200000,1235,12845,23020,29.16,25.42,1.57,1.45,1.88,117833,87957,29876,189429,132745,56684,2689,Indicadores_ocupabilidad_2024.csv,2024-08-01,29.16,22.6,-0.8660254037844384,-0.5000000000000004,32.78,23.55,22.3,108162.0,187320.0,2727.0,26.210000000000008,0,64
20260330,2024,9,TT,TODAS CONSOLIDADAS,TT,TODAS CONSOLIDADAS,PIURA,200000,1235,12815,22981,22.6,18.08,1.48,1.42,1.9,86901,76142,10759,133047,112335,20712,2722,Indicadores_ocupabilidad_2024.csv,2024-09-01,22.6,28.99,-1.0,-1.8369701987210297e-16,29.16,32.78,23.55,117833.0,189429.0,2689.0,28.496666666666673,0,65
20260330,2024,10,TT,TODAS CONSOLIDADAS,TT,TODAS CONSOLIDADAS,PIURA,200000,1235,12877,23044,28.99,21.29,1.55,1.49,2.09,100850,90280,10570,161882,138724,23158,2749,Indicadores_ocupabilidad_2024.csv,2024-10-01,28.99,39.29,-0.8660254037844386,0.5000000000000001,22.6,29.16,32.78,86901.0,133047.0,2722.0,28.180000000000007,0,66
20260330,2024,11,TT,TODAS CONSOLIDADAS,TT,TODAS CONSOLIDADAS,PIURA,200000,1234,12849,23004,39.29,29.14,1.79,1.6,2.29,112700,83252,29448,203238,135034,68204,2759,Indicadores_ocupabilidad_2024.csv,2024-11-01,39.29,37.11,-0.5000000000000004,0.8660254037844384,28.99,22.6,29.16,100850.0,161882.0,2749.0,26.916666666666675,0,67
,2019,4,TT,TODAS CONSOLIDADAS,TT,TODAS CONSOLIDADAS,PUNO,210000,906,11017,19573,23.68,19.44,1.16,1.15,1.3,100888,73003,27885,125684,83969,41715,2319,Indicadores_ocupabilidad_2019.csv,2019-04-01,23.68,24.48,0.8660254037844387,-0.4999999999999998,21.93,28.56,24.63,94861.0,116147.0,2308.0,25.040000000000003,0,0
,2019,5,TT,TODAS CONSOLIDADAS,TT,TODAS CONSOLIDADAS,PUNO,210000,903,10994,19532,24.48,20.02,1.18,1.17,1.32,107389,76101,31288,137077,89340,47737,2345,Indicadores_ocupabilidad_2019.csv,2019-05-01,24.48,23.52,0.49999999999999994,-0.8660254037844387,23.68,21.93,28.56,100888.0,125684.0,2319.0,24.723333333333333,0,1
,2019,6,TT,TODAS CONSOLIDADAS,TT,TODAS CONSOLIDADAS,PUNO,210000,907,11024,19587,23.52,19.32,1.18,1.18,1.29,97822,71464,26358,124495,84244,40251,2353,Indicadores_ocupabilidad_2019.csv,2019-06-01,23.52,26.06,1.2246467991473532e-16,-1.0,24.48,23.68,21.93,107389.0,137077.0,2345.0,23.363333333333333,0,2
,2019,7,TT,TODAS CONSOLIDADAS,TT,TODAS CONSOLIDADAS,PUNO,210000,908,11026,19614,26.06,21.9,1.19,1.18,1.3,113706,78235,35471,144885,92535,52350,2280,Indicadores_ocupabilidad_2019.csv,2019-07-01,26.06,28.42,-0.4999999999999997,-0.8660254037844388,23.52,24.48,23.68,97822.0,124495.0,2353.0,23.893333333333334,0,3
,2019,8,TT,TODAS CONSOLIDADAS,TT,TODAS CONSOLIDADAS,PUNO,210000,898,10967,19469,28.42,23.83,1.2,1.19,1.29,126209,83492,42717,161085,99496,61589,2344,Indicadores_ocupabilidad_2019.csv,2019-08-01,28.42,25.94,-0.8660254037844384,-0.5000000000000004,26.06,23.52,24.48,113706.0,144885.0,2280.0,24.686666666666667,0,4
,2019,9,TT,TODAS CONSOLIDADAS,TT,TODAS CONSOLIDADAS,PUNO,210000,896,10960,19477,25.94,21.35,1.19,1.19,1.29,111300,76472,34828,142515,91047,51468,2335,Indicadores_ocupabilidad_2019.csv,2019-09-01,25.94,26.33,-1.0,-1.8369701987210297e-16,28.42,26.06,23.52,126209.0,161085.0,2344.0,26.0,0,5
,2019,10,TT,TODAS CONSOLIDADAS,TT,TODAS CONSOLIDADAS,PUNO,210000,900,11012,19615,26.33,21.91,1.2,1.19,1.31,115328,79026,36302,147598,94352,53246,2339,Indicadores_ocupabilidad_2019.csv,2019-10-01,26.33,25.23,-0.8660254037844386,0.5000000000000001,25.94,28.42,26.06,111300.0,142515.0,2335.0,26.80666666666667,0,6
,2019,11,TT,TODAS CONSOLIDADAS,TT,TODAS CONSOLIDADAS,PUNO,210000,898,10981,19559,25.23,20.81,1.18,1.18,1.26,105782,77506,28276,134191,91530,42661,2338,Indicadores_ocupabilidad_2019.csv,2019-11-01,25.23,22.61,-0.5000000000000004,0.8660254037844384,26.33,25.94,28.42,115328.0,147598.0,2339.0,26.896666666666665,0,7
,2019,12,TT,TODAS CONSOLIDADAS,TT,TODAS CONSOLIDADAS,PUNO,210000,899,10901,19445,22.61,18.41,1.16,1.16,1.24,91293,75154,16139,110476,87153,23323,2317,Indicadores_ocupabilidad_2019.csv,2019-12-01,22.61,27.07,-2.4492935982947064e-16,1.0,25.23,26.33,25.94,105782.0,134191.0,2338.0,25.833333333333332,0,8
,2020,1,TT,TODAS CONSOLIDADAS,TT,TODAS CONSOLIDADAS,PUNO,210000,949,11167,19858,27.07,20.6,1.15,1.15,1.21,104801,87379,17422,125155,100614,24541,2320,Indicadores_ocupabilidad_2020.csv,2020-01-01,27.07,29.85,0.49999999999999994,0.8660254037844387,22.61,25.23,26.33,91293.0,110476.0,2317.0,24.723333333333333,1,9
,2020,2,TT,TODAS CONSOLIDADAS,TT,TODAS CONSOLIDADAS,PUNO,210000,947,11082,19690,29.85,23.41,1.2,1.21,1.24,107805,93097,14708,135916,114658,21258,2289,Indicadores_ocupabilidad_2020.csv,2020-02-01,29.85,13.53,0.8660254037844386,0.5000000000000001,27.07,22.61,25.23,104801.0,125155.0,2320.0,24.97,1,10
,2020,3,TT,TODAS CONSOLIDADAS,TT,TODAS CONSOLIDADAS,PUNO,210000,935,10887,19284,13.53,10.04,1.13,1.13,1.21,50170,42908,7262,59650,48643,11007,2224,Indicadores_ocupabilidad_2020.csv,2020-03-01,13.53,5.78,1.0,6.123233995736766e-17,29.85,27.07,22.61,107805.0,135916.0,2289.0,26.51,1,11
,2020,4,TT,TODAS CONSOLIDADAS,TT,TODAS CONSOLIDADAS,PUNO,210000,14,403,746,5.78,6.22,2.1,2.1,0.0,1276,1276,0,3632,3632,0,174,Indicadores_ocupabilidad_2020.csv,2020-04-01,5.78,14.03,0.8660254037844387,-0.4999999999999998,13.53,29.85,27.07,50170.0,59650.0,2224.0,23.483333333333334,1,12
,2020,5,TT,TODAS CONSOLIDADAS,TT,TODAS CONSOLIDADAS,PUNO,210000,53,1518,2773,14.03,14.82,12.08,12.08,0.0,3607,3607,0,19120,19120,0,311,Indicadores_ocupabilidad_2020.csv,2020-05-01,14.03,26.59,0.49999999999999994,-0.8660254037844387,5.78,13.53,29.85,1276.0,3632.0,174.0,16.386666666666667,1,13
,2020,6,TT,TODAS CONSOLIDADAS,TT,TODAS CONSOLIDADAS,PUNO,210000,66,1909,3491,26.59,19.04,5.26,5.26,0.26,5302,4981,321,28247,27514,733,484,Indicadores_ocupabilidad_2020.csv,2020-06-01,26.59,18.37,1.2246467991473532e-16,-1.0,14.03,5.78,13.53,3607.0,19120.0,311.0,11.113333333333335,1,14
,2020,7,TT,TODAS CONSOLIDADAS,TT,TODAS CONSOLIDADAS,PUNO,210000,470,7306,13068,18.37,14.87,1.76,1.76,1.64,38022,37707,315,65540,64787,753,1375,Indicadores_ocupabilidad_2020.csv,2020-07-01,18.37,18.18,-0.4999999999999997,-0.8660254037844388,26.59,14.03,5.78,5302.0,28247.0,484.0,15.466666666666667,1,15
,2020,8,TT,TODAS CONSOLIDADAS,TT,TODAS CONSOLIDADAS,PUNO,210000,480,7610,13598,18.18,14.92,2.02,2.03,2.22,35764,35228,536,71221,69670,1551,1431,Indicadores_ocupabilidad_2020.csv,2020-08-01,18.18,27.73,-0.8660254037844384,-0.5000000000000004,18.37,26.59,14.03,38022.0,65540.0,1375.0,19.66333333333333,1,16
,2020,9,TT,TODAS CONSOLIDADAS,TT,TODAS CONSOLIDADAS,PUNO,210000,502,7995,14298,27.73,20.46,1.94,1.94,2.4,48645,48216,429,92633,91522,1111,1467,Indicadores_ocupabilidad_2020.csv,2020-09-01,27.73,20.01,-1.0,-1.8369701987210297e-16,18.18,18.37,26.59,35764.0,71221.0,1431.0,21.046666666666667,1,17
,2020,10,TT,TODAS CONSOLIDADAS,TT,TODAS CONSOLIDADAS,PUNO,210000,502,8021,14283,20.01,16.01,1.46,1.47,1.4,48951,47903,1048,74439,73078,1361,1517,Indicadores_ocupabilidad_2020.csv,2020-10-01,20.01,20.64,-0.8660254037844386,0.5000000000000001,27.73,18.18,18.37,48645.0,92633.0,1467.0,21.426666666666666,1,18
,2020,11,TT,TODAS CONSOLIDADAS,TT,TODAS CONSOLIDADAS,PUNO,210000,531,8525,15179,20.64,15.95,1.34,1.34,1.32,55786,54026,1760,76760,74707,2053,1573,Indicadores_ocupabilidad_2020.csv,2020-11-01,20.64,21.54,-0.5000000000000004,0.8660254037844384,20.01,27.73,18.18,48951.0,74439.0,1517.0,21.973333333333333,1,19
,2020,12,TT,TODAS CONSOLIDADAS,TT,TODAS CONSOLIDADAS,PUNO,210000,541,8718,15586,21.54,16.79,1.24,1.24,1.16,63552,60621,2931,81279,77781,3498,1597,Indicadores_ocupabilidad_2020.csv,2020-12-01,21.54,17.68,-2.4492935982947064e-16,1.0,20.64,20.01,27.73,55786.0,76760.0,1573.0,22.793333333333337,1,20
,2021,1,TT,TODAS CONSOLIDADAS,TT,TODAS CONSOLIDADAS,PUNO,210000,789,9205,15990,17.68,14.01,1.2,1.21,1.18,55373,52319,3054,70059,66521,3538,1663,Indicadores_ocupabilidad_2021.csv,2021-01-01,17.68,16.67,0.49999999999999994,0.8660254037844387,21.54,20.64,20.01,63552.0,81279.0,1597.0,20.73,0,21
,2021,2,TT,TODAS CONSOLIDADAS,TT,TODAS CONSOLIDADAS,PUNO,210000,774,9017,15654,16.67,13.69,1.26,1.27,1.17,45547,43076,2471,60985,58213,2772,1590,Indicadores_ocupabilidad_2021.csv,2021-02-01,16.67,17.5,0.8660254037844386,0.5000000000000001,17.68,21.54,20.64,55373.0,70059.0,1663.0,19.953333333333333,0,22
,2021,3,TT,TODAS CONSOLIDADAS,TT,TODAS CONSOLIDADAS,PUNO,210000,772,9026,15608,17.5,13.8,1.25,1.25,1.14,51403,49396,2007,68042,65818,2224,1625,Indicadores_ocupabilidad_2021.csv,2021-03-01,17.5,18.04,1.0,6.123233995736766e-17,16.67,17.68,21.54,45547.0,60985.0,1590.0,18.63,0,23
,2021,4,TT,TODAS CONSOLIDADAS,TT,TODAS CONSOLIDADAS,PUNO,210000,764,8919,15419,18.04,14.16,1.21,1.22,1.07,51322,49116,2206,65328,62967,2361,1600,Indicadores_ocupabilidad_2021.csv,2021-04-01,18.04,18.8,0.8660254037844387,-0.4999999999999998,17.5,16.67,17.68,51403.0,68042.0,1625.0,17.283333333333335,0,24
,2021,5,TT,TODAS CONSOLIDADAS,TT,TODAS CONSOLIDADAS,PUNO,210000,763,8961,15492,18.8,14.76,1.24,1.24,1.09,57113,54694,2419,76237,73354,2883,1612,Indicadores_ocupabilidad_2021.csv,2021-05-01,18.8,20.12,0.49999999999999994,-0.8660254037844387,18.04,17.5,16.67,51322.0,65328.0,1600.0,17.403333333333332,0,25
,2021,6,TT,TODAS CONSOLIDADAS,TT,TODAS CONSOLIDADAS,PUNO,210000,765,8989,15539,20.12,16.28,1.23,1.25,1.09,60087,55778,4309,79116,73883,5233,1632,Indicadores_ocupabilidad_2021.csv,2021-06-01,20.12,22.13,1.2246467991473532e-16,-1.0,18.8,18.04,17.5,57113.0,76237.0,1612.0,18.113333333333333,0,26
,2021,7,TT,TODAS CONSOLIDADAS,TT,TODAS CONSOLIDADAS,PUNO,210000,768,9180,15970,22.13,17.37,1.22,1.24,1.09,68156,60754,7402,88660,79878,8782,1644,Indicadores_ocupabilidad_2021.csv,2021-07-01,22.13,23.21,-0.4999999999999997,-0.8660254037844388,20.12,18.8,18.04,60087.0,79116.0,1632.0,18.986666666666668,0,27
,2021,8,TT,TODAS CONSOLIDADAS,TT,TODAS CONSOLIDADAS,PUNO,210000,775,9315,16237,23.21,19.45,1.21,1.21,1.16,78659,70024,8635,101290,90227,11063,1676,Indicadores_ocupabilidad_2021.csv,2021-08-01,23.21,24.16,-0.8660254037844384,-0.5000000000000004,22.13,20.12,18.8,68156.0,88660.0,1644.0,20.349999999999998,0,28
,2021,9,TT,TODAS CONSOLIDADAS,TT,TODAS CONSOLIDADAS,PUNO,210000,783,9455,16481,24.16,18.79,1.22,1.22,1.19,74986,66527,8459,98434,87219,11215,1718,Indicadores_ocupabilidad_2021.csv,2021-09-01,24.16,23.02,-1.0,-1.8369701987210297e-16,23.21,22.13,20.12,78659.0,101290.0,1676.0,21.820000000000004,0,29
,2021,10,TT,TODAS CONSOLIDADAS,TT,TODAS CONSOLIDADAS,PUNO,210000,784,9495,16553,23.02,19.15,1.18,1.19,1.15,81182,74294,6888,102371,92636,9735,1719,Indicadores_ocupabilidad_2021.csv,2021-10-01,23.02,23.4,-0.8660254037844386,0.5000000000000001,24.16,23.21,22.13,74986.0,98434.0,1718.0,23.166666666666668,0,30
,2021,11,TT,TODAS CONSOLIDADAS,TT,TODAS CONSOLIDADAS,PUNO,210000,783,9491,16572,23.4,19.83,1.21,1.22,1.18,77588,69997,7591,99280,88555,10725,1723,Indicadores_ocupabilidad_2021.csv,2021-11-01,23.4,22.01,-0.5000000000000004,0.8660254037844384,23.02,24.16,23.21,81182.0,102371.0,1719.0,23.463333333333335,0,31
,2021,12,TT,TODAS CONSOLIDADAS,TT,TODAS CONSOLIDADAS,PUNO,210000,783,9425,16492,22.01,18.65,1.19,1.2,1.15,76016,69422,6594,95819,86969,8850,1719,Indicadores_ocupabilidad_2021.csv,2021-12-01,22.01,21.67,-2.4492935982947064e-16,1.0,23.4,23.02,24.16,77588.0,99280.0,1723.0,23.526666666666667,0,32
,2022,1,TT,TODAS CONSOLIDADAS,TT,TODAS CONSOLIDADAS,PUNO,210000,831,9849,17200,21.67,18.18,1.2,1.21,1.17,77416,70589,6827,98207,89069,9138,1790,Indicadores_ocupabilidad_2022.csv,2022-01-01,21.67,22.52,0.49999999999999994,0.8660254037844387,22.01,23.4,23.02,76016.0,95819.0,1719.0,22.810000000000002,0,33
,2022,2,TT,TODAS CONSOLIDADAS,TT,TODAS CONSOLIDADAS,PUNO,210000,831,9831,17171,22.52,18.64,1.2,1.21,1.12,70600,65070,5530,89162,81841,7321,1795,Indicadores_ocupabilidad_2022.csv,2022-02-01,22.52,21.42,0.8660254037844386,0.5000000000000001,21.67,22.01,23.4,77416.0,98207.0,1790.0,22.36,0,34
,2022,3,TT,TODAS CONSOLIDADAS,TT,TODAS CONSOLIDADAS,PUNO,210000,834,9915,17321,21.42,17.79,1.21,1.21,1.14,77070,69132,7938,97439,86228,11211,1807,Indicadores_ocupabilidad_2022.csv,2022-03-01,21.42,24.78,1.0,6.123233995736766e-17,22.52,21.67,22.01,70600.0,89162.0,1795.0,22.066666666666666,0,35
,2022,4,TT,TODAS CONSOLIDADAS,TT,TODAS CONSOLIDADAS,PUNO,210000,830,9939,17379,24.78,20.93,1.34,1.36,1.2,81409,67984,13425,113158,93536,19622,1819,Indicadores_ocupabilidad_2022.csv,2022-04-01,24.78,22.53,0.8660254037844387,-0.4999999999999998,21.42,22.52,21.67,77070.0,97439.0,1807.0,21.87,0,36
,2022,5,TT,TODAS CONSOLIDADAS,TT,TODAS CONSOLIDADAS,PUNO,210000,834,10006,17495,22.53,18.88,1.18,1.19,1.15,86851,71369,15482,107394,85642,21752,1850,Indicadores_ocupabilidad_2022.csv,2022-05-01,22.53,21.74,0.49999999999999994,-0.8660254037844387,24.78,21.42,22.52,81409.0,113158.0,1819.0,22.906666666666666,0,37
,2022,6,TT,TODAS CONSOLIDADAS,TT,TODAS CONSOLIDADAS,PUNO,210000,838,10076,17603,21.74,17.53,1.2,1.22,1.18,78216,63226,14990,100360,78598,21762,1876,Indicadores_ocupabilidad_2022.csv,2022-06-01,21.74,23.08,1.2246467991473532e-16,-1.0,22.53,24.78,21.42,86851.0,107394.0,1850.0,22.91,0,38
,2022,7,TT,TODAS CONSOLIDADAS,TT,TODAS CONSOLIDADAS,PUNO,210000,842,10052,17605,23.08,19.73,1.15,1.16,1.25,97336,77398,19938,119788,91507,28281,1874,Indicadores_ocupabilidad_2022.csv,2022-07-01,23.08,23.93,-0.4999999999999997,-0.8660254037844388,21.74,22.53,24.78,78216.0,100360.0,1876.0,23.016666666666666,0,39
,2022,8,TT,TODAS CONSOLIDADAS,TT,TODAS CONSOLIDADAS,PUNO,210000,845,10093,17698,23.93,20.53,1.2,1.21,1.21,99606,76747,22859,126296,94141,32155,1894,Indicadores_ocupabilidad_2022.csv,2022-08-01,23.93,21.89,-0.8660254037844384,-0.5000000000000004,23.08,21.74,22.53,97336.0,119788.0,1874.0,22.45,0,40
,2022,9,TT,TODAS CONSOLIDADAS,TT,TODAS CONSOLIDADAS,PUNO,210000,844,10011,17538,21.89,19.06,1.18,1.19,1.18,89351,68469,20882,111829,82524,29305,1901,Indicadores_ocupabilidad_2022.csv,2022-09-01,21.89,21.32,-1.0,-1.8369701987210297e-16,23.93,23.08,21.74,99606.0,126296.0,1894.0,22.916666666666668,0,41
,2022,10,TT,TODAS CONSOLIDADAS,TT,TODAS CONSOLIDADAS,PUNO,210000,844,10052,17583,21.32,17.65,1.19,1.2,1.12,87721,66635,21086,111927,81533,30394,1872,Indicadores_ocupabilidad_2022.csv,2022-10-01,21.32,22.1,-0.8660254037844386,0.5000000000000001,21.89,23.93,23.08,89351.0,111829.0,1901.0,22.96666666666667,0,42
,2022,11,TT,TODAS CONSOLIDADAS,TT,TODAS CONSOLIDADAS,PUNO,210000,844,10046,17543,22.1,18.32,1.19,1.2,1.12,82794,66726,16068,104323,81218,23105,1872,Indicadores_ocupabilidad_2022.csv,2022-11-01,22.1,19.98,-0.5000000000000004,0.8660254037844384,21.32,21.89,23.93,87721.0,111927.0,1872.0,22.38,0,43
,2022,12,TT,TODAS CONSOLIDADAS,TT,TODAS CONSOLIDADAS,PUNO,210000,841,10005,17451,19.98,16.2,1.14,1.15,1.09,72644,65431,7213,86016,75843,10173,1863,Indicadores_ocupabilidad_2022.csv,2022-12-01,19.98,10.86,-2.4492935982947064e-16,1.0,22.1,21.32,21.89,82794.0,104323.0,1872.0,21.77,0,44
,2023,1,TT,TODAS CONSOLIDADAS,TT,TODAS CONSOLIDADAS,PUNO,210000,845,9326,16097,10.86,9.23,1.15,1.16,1.14,36586,34502,2084,42203,39680,2523,1702,Indicadores_ocupabilidad_2023.csv,2023-01-01,10.86,13.31,0.49999999999999994,0.8660254037844387,19.98,22.1,21.32,72644.0,86016.0,1863.0,21.133333333333333,0,45
,2023,2,TT,TODAS CONSOLIDADAS,TT,TODAS CONSOLIDADAS,PUNO,210000,821,8747,14996,13.31,11.44,1.08,1.08,1.09,41322,40460,862,44911,43916,995,1575,Indicadores_ocupabilidad_2023.csv,2023-02-01,13.31,16.43,0.8660254037844386,0.5000000000000001,10.86,19.98,22.1,36586.0,42203.0,1702.0,17.646666666666665,0,46
,2023,3,TT,TODAS CONSOLIDADAS,TT,TODAS CONSOLIDADAS,PUNO,210000,855,9426,16273,16.43,13.46,1.13,1.13,1.09,54831,53220,1611,62082,60107,1975,1615,Indicadores_ocupabilidad_2023.csv,2023-03-01,16.43,18.61,1.0,6.123233995736766e-17,13.31,10.86,19.98,41322.0,44911.0,1575.0,14.716666666666667,0,47
,2023,4,TT,TODAS CONSOLIDADAS,TT,TODAS CONSOLIDADAS,PUNO,210000,881,9871,17144,18.61,15.37,1.14,1.15,1.07,65486,59820,5666,76798,69374,7424,1699,Indicadores_ocupabilidad_2023.csv,2023-04-01,18.61,19.65,0.8660254037844387,-0.4999999999999998,16.43,13.31,10.86,54831.0,62082.0,1615.0,13.533333333333331,0,48
,2023,5,TT,TODAS CONSOLIDADAS,TT,TODAS CONSOLIDADAS,PUNO,210000,901,10285,17894,19.65,16.55,1.19,1.2,1.14,75023,65299,9724,94910,80359,14551,1862,Indicadores_ocupabilidad_2023.csv,2023-05-01,19.65,20.06,0.49999999999999994,-0.8660254037844387,18.61,16.43,13.31,65486.0,76798.0,1699.0,16.116666666666664,0,49
,2023,6,TT,TODAS CONSOLIDADAS,TT,TODAS CONSOLIDADAS,PUNO,210000,902,10305,17952,20.06,16.84,1.15,1.15,1.18,75490,65650,9840,90854,76852,14002,1875,Indicadores_ocupabilidad_2023.csv,2023-06-01,20.06,20.05,1.2246467991473532e-16,-1.0,19.65,18.61,16.43,75023.0,94910.0,1862.0,18.23,0,50
,2023,7,TT,TODAS CONSOLIDADAS,TT,TODAS CONSOLIDADAS,PUNO,210000,902,10387,18156,20.05,16.86,1.14,1.14,1.14,82201,69430,12771,99228,80832,18396,1886,Indicadores_ocupabilidad_2023.csv,2023-07-01,20.05,23.55,-0.4999999999999997,-0.8660254037844388,20.06,19.65,18.61,75490.0,90854.0,1875.0,19.439999999999998,0,51
,2023,8,TT,TODAS CONSOLIDADAS,TT,TODAS CONSOLIDADAS,PUNO,210000,904,10408,18179,23.55,20.4,1.12,1.13,1.19,99976,83916,16060,119666,96494,23172,1907,Indicadores_ocupabilidad_2023.csv,2023-08-01,23.55,21.82,-0.8660254037844384,-0.5000000000000004,20.05,20.06,19.65,82201.0,99228.0,1886.0,19.919999999999998,0,52
,2023,9,TT,TODAS CONSOLIDADAS,TT,TODAS CONSOLIDADAS,PUNO,210000,900,10391,18132,21.82,18.24,1.16,1.17,1.16,85655,69490,16165,106872,83026,23846,1890,Indicadores_ocupabilidad_2023.csv,2023-09-01,21.82,21.31,-1.0,-1.8369701987210297e-16,23.55,20.05,20.06,99976.0,119666.0,1907.0,21.22,0,53
,2023,10,TT,TODAS CONSOLIDADAS,TT,TODAS CONSOLIDADAS,PUNO,210000,903,10423,18240,21.31,18.2,1.17,1.17,1.23,89479,72513,16966,113605,87150,26455,1920,Indicadores_ocupabilidad_2023.csv,2023-10-01,21.31,21.58,-0.8660254037844386,0.5000000000000001,21.82,23.55,20.05,85655.0,106872.0,1890.0,21.80666666666666,0,54
,2023,11,TT,TODAS CONSOLIDADAS,TT,TODAS CONSOLIDADAS,PUNO,210000,905,10441,18266,21.58,18.41,1.19,1.19,1.22,85098,69661,15437,108423,85187,23236,1927,Indicadores_ocupabilidad_2023.csv,2023-11-01,21.58,20.1,-0.5000000000000004,0.8660254037844384,21.31,21.82,23.55,89479.0,113605.0,1920.0,22.226666666666663,0,55
,2023,12,TT,TODAS CONSOLIDADAS,TT,TODAS CONSOLIDADAS,PUNO,210000,900,10348,18063,20.1,17.29,1.14,1.14,1.18,80462,70637,9825,95777,81718,14059,1923,Indicadores_ocupabilidad_2023.csv,2023-12-01,20.1,21.77,-2.4492935982947064e-16,1.0,21.58,21.31,21.82,85098.0,108423.0,1927.0,21.569999999999997,0,56
20260330,2024,1,TT,TODAS CONSOLIDADAS,TT,TODAS CONSOLIDADAS,PUNO,210000,1003,11189,19394,21.77,18.57,1.21,1.21,1.3,88671,76797,11874,111092,93788,17304,2056,Indicadores_ocupabilidad_2024.csv,2024-01-01,21.77,26.85,0.49999999999999994,0.8660254037844387,20.1,21.58,21.31,80462.0,95777.0,1923.0,20.996666666666666,0,57
20260330,2024,2,TT,TODAS CONSOLIDADAS,TT,TODAS CONSOLIDADAS,PUNO,210000,1009,11297,19650,26.85,22.97,1.25,1.26,1.19,99976,87884,12092,132534,115169,17365,2102,Indicadores_ocupabilidad_2024.csv,2024-02-01,26.85,20.56,0.8660254037844386,0.5000000000000001,21.77,20.1,21.58,88671.0,111092.0,2056.0,21.15,0,58
20260330,2024,3,TT,TODAS CONSOLIDADAS,TT,TODAS CONSOLIDADAS,PUNO,210000,1012,11336,19709,20.56,17.1,1.23,1.23,1.23,86240,69638,16602,111099,86299,24800,2105,Indicadores_ocupabilidad_2024.csv,2024-03-01,20.56,21.62,1.0,6.123233995736766e-17,26.85,21.77,20.1,99976.0,132534.0,2102.0,22.906666666666666,0,59
20260330,2024,4,TT,TODAS CONSOLIDADAS,TT,TODAS CONSOLIDADAS,PUNO,210000,1011,11279,19582,21.62,17.97,1.21,1.21,1.32,90082,69997,20085,116742,85555,31187,2115,Indicadores_ocupabilidad_2024.csv,2024-04-01,21.62,21.61,0.8660254037844387,-0.4999999999999998,20.56,26.85,21.77,86240.0,111099.0,2105.0,23.06,0,60
20260330,2024,5,TT,TODAS CONSOLIDADAS,TT,TODAS CONSOLIDADAS,PUNO,210000,1016,11347,19743,21.61,17.79,1.22,1.22,1.28,96128,70141,25987,125814,86817,38997,2153,Indicadores_ocupabilidad_2024.csv,2024-05-01,21.61,21.34,0.49999999999999994,-0.8660254037844387,21.62,20.56,26.85,90082.0,116742.0,2115.0,23.01,0,61
20260330,2024,6,TT,TODAS CONSOLIDADAS,TT,TODAS CONSOLIDADAS,PUNO,210000,1017,11363,19782,21.34,18.14,1.21,1.21,1.25,91328,71106,20222,117662,86598,31064,2153,Indicadores_ocupabilidad_2024.csv,2024-06-01,21.34,22.98,1.2246467991473532e-16,-1.0,21.61,21.62,20.56,96128.0,125814.0,2153.0,21.263333333333332,0,62
20260330,2024,7,TT,TODAS CONSOLIDADAS,TT,TODAS CONSOLIDADAS,PUNO,210000,1015,11325,19694,22.98,19.74,1.2,1.2,1.22,105115,78864,26251,132754,95122,37632,2151,Indicadores_ocupabilidad_2024.csv,2024-07-01,22.98,23.87,-0.4999999999999997,-0.8660254037844388,21.34,21.61,21.62,91328.0,117662.0,2153.0,21.52333333333333,0,63
20260330,2024,8,TT,TODAS CONSOLIDADAS,TT,TODAS CONSOLIDADAS,PUNO,210000,1014,11342,19699,23.87,20.38,1.21,1.21,1.25,111215,80070,31145,144166,98117,46049,2153,Indicadores_ocupabilidad_2024.csv,2024-08-01,23.87,22.08,-0.8660254037844384,-0.5000000000000004,22.98,21.34,21.61,105115.0,132754.0,2151.0,21.976666666666663,0,64
20260330,2024,9,TT,TODAS CONSOLIDADAS,TT,TODAS CONSOLIDADAS,PUNO,210000,1016,11393,19778,22.08,18.57,1.23,1.23,1.27,97629,70874,26755,128471,87536,40935,2167,Indicadores_ocupabilidad_2024.csv,2024-09-01,22.08,22.4,-1.0,-1.8369701987210297e-16,23.87,22.98,21.34,111215.0,144166.0,2153.0,22.73,0,65
20260330,2024,10,TT,TODAS CONSOLIDADAS,TT,TODAS CONSOLIDADAS,PUNO,210000,1018,11459,19939,22.4,18.63,1.24,1.24,1.31,102435,74033,28402,136458,92621,43837,2166,Indicadores_ocupabilidad_2024.csv,2024-10-01,22.4,22.59,-0.8660254037844386,0.5000000000000001,22.08,23.87,22.98,97629.0,128471.0,2167.0,22.976666666666663,0,66
20260330,2024,11,TT,TODAS CONSOLIDADAS,TT,TODAS CONSOLIDADAS,PUNO,210000,1020,11461,19933,22.59,19.75,1.27,1.28,1.22,96089,75072,21017,127737,96315,31422,2164,Indicadores_ocupabilidad_2024.csv,2024-11-01,22.59,21.62,-0.5000000000000004,0.8660254037844384,22.4,22.08,23.87,102435.0,136458.0,2166.0,22.78333333333333,0,67
,2019,4,TT,TODAS CONSOLIDADAS,TT,TODAS CONSOLIDADAS,SAN MARTÍN,220000,829,11160,18233,28.78,24.79,1.32,1.32,1.52,101272,100270,1002,139263,137353,1910,2103,Indicadores_ocupabilidad_2019.csv,2019-04-01,28.78,29.31,0.8660254037844387,-0.4999999999999998,28.38,31.04,30.06,101060.0,138339.0,2199.0,29.826666666666664,0,0
,2019,5,TT,TODAS CONSOLIDADAS,TT,TODAS CONSOLIDADAS,SAN MARTÍN,220000,830,11160,18209,29.31,26.2,1.34,1.34,2.0,108677,107267,1410,150645,147578,3067,2089,Indicadores_ocupabilidad_2019.csv,2019-05-01,29.31,29.66,0.49999999999999994,-0.8660254037844387,28.78,28.38,31.04,101272.0,139263.0,2103.0,29.399999999999995,0,1
,2019,6,TT,TODAS CONSOLIDADAS,TT,TODAS CONSOLIDADAS,SAN MARTÍN,220000,830,11169,18152,29.66,26.6,1.36,1.36,1.72,105336,103953,1383,147984,145372,2612,2143,Indicadores_ocupabilidad_2019.csv,2019-06-01,29.66,28.16,1.2246467991473532e-16,-1.0,29.31,28.78,28.38,108677.0,150645.0,2089.0,28.823333333333334,0,2
,2019,7,TT,TODAS CONSOLIDADAS,TT,TODAS CONSOLIDADAS,SAN MARTÍN,220000,831,11141,18116,28.16,24.89,1.33,1.32,1.73,105444,103316,2128,147194,142529,4665,2146,Indicadores_ocupabilidad_2019.csv,2019-07-01,28.16,28.28,-0.4999999999999997,-0.8660254037844388,29.66,29.31,28.78,105336.0,147984.0,2143.0,29.25,0,3
,2019,8,TT,TODAS CONSOLIDADAS,TT,TODAS CONSOLIDADAS,SAN MARTÍN,220000,831,11177,18161,28.28,25.58,1.32,1.32,1.66,110188,107984,2204,151304,147178,4126,2179,Indicadores_ocupabilidad_2019.csv,2019-08-01,28.28,29.1,-0.8660254037844384,-0.5000000000000004,28.16,29.66,29.31,105444.0,147194.0,2146.0,29.043333333333333,0,4
,2019,9,TT,TODAS CONSOLIDADAS,TT,TODAS CONSOLIDADAS,SAN MARTÍN,220000,828,11194,18180,29.1,25.79,1.33,1.33,1.7,105982,104496,1486,147221,144270,2951,2182,Indicadores_ocupabilidad_2019.csv,2019-09-01,29.1,30.52,-1.0,-1.8369701987210297e-16,28.28,28.16,29.66,110188.0,151304.0,2179.0,28.7,0,5
,2019,10,TT,TODAS CONSOLIDADAS,TT,TODAS CONSOLIDADAS,SAN MARTÍN,220000,828,11188,18186,30.52,26.5,1.32,1.31,1.82,114765,112968,1797,158012,154496,3516,2198,Indicadores_ocupabilidad_2019.csv,2019-10-01,30.52,31.58,-0.8660254037844386,0.5000000000000001,29.1,28.28,28.16,105982.0,147221.0,2182.0,28.513333333333335,0,6
,2019,11,TT,TODAS CONSOLIDADAS,TT,TODAS CONSOLIDADAS,SAN MARTÍN,220000,828,11182,18200,31.58,27.48,1.31,1.31,1.7,113365,111806,1559,153951,151041,2910,2244,Indicadores_ocupabilidad_2019.csv,2019-11-01,31.58,30.36,-0.5000000000000004,0.8660254037844384,30.52,29.1,28.28,114765.0,158012.0,2198.0,29.3,0,7
,2019,12,TT,TODAS CONSOLIDADAS,TT,TODAS CONSOLIDADAS,SAN MARTÍN,220000,828,11181,18179,30.36,26.05,1.25,1.25,1.63,115554,114280,1274,148519,146247,2272,2227,Indicadores_ocupabilidad_2019.csv,2019-12-01,30.36,32.55,-2.4492935982947064e-16,1.0,31.58,30.52,29.1,113365.0,153951.0,2244.0,30.400000000000002,0,8
,2020,1,TT,TODAS CONSOLIDADAS,TT,TODAS CONSOLIDADAS,SAN MARTÍN,220000,903,11720,19032,32.55,29.39,1.34,1.33,1.85,126442,123508,2934,178233,172097,6136,2227,Indicadores_ocupabilidad_2020.csv,2020-01-01,32.55,34.47,0.49999999999999994,0.8660254037844387,30.36,31.58,30.52,115554.0,148519.0,2227.0,30.819999999999997,1,9
,2020,2,TT,TODAS CONSOLIDADAS,TT,TODAS CONSOLIDADAS,SAN MARTÍN,220000,902,11703,19015,34.47,31.7,1.29,1.28,1.6,127235,124002,3233,168164,162663,5501,2242,Indicadores_ocupabilidad_2020.csv,2020-02-01,34.47,10.55,0.8660254037844386,0.5000000000000001,32.55,30.36,31.58,126442.0,178233.0,2227.0,31.496666666666666,1,10
,2020,3,TT,TODAS CONSOLIDADAS,TT,TODAS CONSOLIDADAS,SAN MARTÍN,220000,894,11536,18644,10.55,8.84,1.52,1.44,2.72,33448,31650,1798,52948,48036,4912,1629,Indicadores_ocupabilidad_2020.csv,2020-03-01,10.55,33.23,1.0,6.123233995736766e-17,34.47,32.55,30.36,127235.0,168164.0,2242.0,32.46,1,11
,2020,4,TT,TODAS CONSOLIDADAS,TT,TODAS CONSOLIDADAS,SAN MARTÍN,220000,16,262,423,33.23,35.15,22.57,22.57,0.0,218,218,0,3200,3200,0,45,Indicadores_ocupabilidad_2020.csv,2020-04-01,33.23,10.54,0.8660254037844387,-0.4999999999999998,10.55,34.47,32.55,33448.0,52948.0,1629.0,25.856666666666666,1,12
,2020,5,TT,TODAS CONSOLIDADAS,TT,TODAS CONSOLIDADAS,SAN MARTÍN,220000,53,1417,2374,10.54,11.41,8.32,8.27,1.78,880,746,134,4357,3653,704,211,Indicadores_ocupabilidad_2020.csv,2020-05-01,10.54,9.65,0.49999999999999994,-0.8660254037844387,33.23,10.55,34.47,218.0,3200.0,45.0,26.083333333333332,1,13
,2020,6,TT,TODAS CONSOLIDADAS,TT,TODAS CONSOLIDADAS,SAN MARTÍN,220000,54,1417,2371,9.65,11.31,7.11,7.11,0.62,903,900,3,4505,4500,5,141,Indicadores_ocupabilidad_2020.csv,2020-06-01,9.65,10.28,1.2246467991473532e-16,-1.0,10.54,33.23,10.55,880.0,4357.0,211.0,18.106666666666666,1,14
,2020,7,TT,TODAS CONSOLIDADAS,TT,TODAS CONSOLIDADAS,SAN MARTÍN,220000,481,8102,13033,10.28,8.37,4.45,4.46,3.78,8854,8788,66,32675,32393,282,772,Indicadores_ocupabilidad_2020.csv,2020-07-01,10.28,10.24,-0.4999999999999997,-0.8660254037844388,9.65,10.54,33.23,903.0,4505.0,141.0,17.806666666666665,1,15
,2020,8,TT,TODAS CONSOLIDADAS,TT,TODAS CONSOLIDADAS,SAN MARTÍN,220000,483,8192,13175,10.24,7.66,2.42,2.36,1.91,12803,12663,140,30768,30491,277,806,Indicadores_ocupabilidad_2020.csv,2020-08-01,10.24,16.76,-0.8660254037844384,-0.5000000000000004,10.28,9.65,10.54,8854.0,32675.0,772.0,10.156666666666668,1,16
,2020,9,TT,TODAS CONSOLIDADAS,TT,TODAS CONSOLIDADAS,SAN MARTÍN,220000,545,9305,14962,16.76,13.56,1.37,1.37,1.06,42161,41953,208,59633,59400,233,1485,Indicadores_ocupabilidad_2020.csv,2020-09-01,16.76,25.6,-1.0,-1.8369701987210297e-16,10.24,10.28,9.65,12803.0,30768.0,806.0,10.05666666666667,1,17
,2020,10,TT,TODAS CONSOLIDADAS,TT,TODAS CONSOLIDADAS,SAN MARTÍN,220000,529,9068,14619,25.6,20.09,1.34,1.34,1.42,65013,64452,561,90610,89785,825,1479,Indicadores_ocupabilidad_2020.csv,2020-10-01,25.6,25.31,-0.8660254037844386,0.5000000000000001,16.76,10.24,10.28,42161.0,59633.0,1485.0,12.42666666666667,1,18
,2020,11,TT,TODAS CONSOLIDADAS,TT,TODAS CONSOLIDADAS,SAN MARTÍN,220000,537,9282,14997,25.31,20.35,1.47,1.47,1.34,61398,60831,567,91706,90883,823,1558,Indicadores_ocupabilidad_2020.csv,2020-11-01,25.31,29.33,-0.5000000000000004,0.8660254037844384,25.6,16.76,10.24,65013.0,90610.0,1479.0,17.533333333333335,1,19
,2020,12,TT,TODAS CONSOLIDADAS,TT,TODAS CONSOLIDADAS,SAN MARTÍN,220000,557,9691,15692,29.33,25.01,1.35,1.35,1.31,86977,86299,678,119617,118540,1077,1700,Indicadores_ocupabilidad_2020.csv,2020-12-01,29.33,25.62,-2.4492935982947064e-16,1.0,25.31,25.6,16.76,61398.0,91706.0,1558.0,22.55666666666667,1,20
,2021,1,TT,TODAS CONSOLIDADAS,TT,TODAS CONSOLIDADAS,SAN MARTÍN,220000,778,10444,16691,25.62,21.07,1.29,1.28,1.47,85006,84378,628,116343,115226,1117,1601,Indicadores_ocupabilidad_2021.csv,2021-01-01,25.62,22.8,0.49999999999999994,0.8660254037844387,29.33,25.31,25.6,86977.0,119617.0,1700.0,26.74666666666667,0,21
,2021,2,TT,TODAS CONSOLIDADAS,TT,TODAS CONSOLIDADAS,SAN MARTÍN,220000,772,10437,16669,22.8,18.43,1.35,1.34,1.37,63452,62700,752,90226,88791,1435,1579,Indicadores_ocupabilidad_2021.csv,2021-02-01,22.8,24.14,0.8660254037844386,0.5000000000000001,25.62,29.33,25.31,85006.0,116343.0,1601.0,26.753333333333334,0,22
,2021,3,TT,TODAS CONSOLIDADAS,TT,TODAS CONSOLIDADAS,SAN MARTÍN,220000,776,10470,16740,24.14,19.01,1.33,1.33,1.51,72989,72496,493,101434,100451,983,1600,Indicadores_ocupabilidad_2021.csv,2021-03-01,24.14,23.61,1.0,6.123233995736766e-17,22.8,25.62,29.33,63452.0,90226.0,1579.0,25.916666666666668,0,23
,2021,4,TT,TODAS CONSOLIDADAS,TT,TODAS CONSOLIDADAS,SAN MARTÍN,220000,773,10455,16732,23.61,19.01,1.33,1.32,1.7,70970,70182,788,99040,96996,2044,1596,Indicadores_ocupabilidad_2021.csv,2021-04-01,23.61,24.32,0.8660254037844387,-0.4999999999999998,24.14,22.8,25.62,72989.0,101434.0,1600.0,24.186666666666667,0,24
,2021,5,TT,TODAS CONSOLIDADAS,TT,TODAS CONSOLIDADAS,SAN MARTÍN,220000,772,10479,16748,24.32,19.57,1.39,1.38,1.94,72438,71642,796,105398,103394,2004,1585,Indicadores_ocupabilidad_2021.csv,2021-05-01,24.32,23.51,0.49999999999999994,-0.8660254037844387,23.61,24.14,22.8,70970.0,99040.0,1596.0,23.51666666666667,0,25
,2021,6,TT,TODAS CONSOLIDADAS,TT,TODAS CONSOLIDADAS,SAN MARTÍN,220000,772,10462,16728,23.51,18.79,1.26,1.26,1.25,74001,72837,1164,96485,94728,1757,1565,Indicadores_ocupabilidad_2021.csv,2021-06-01,23.51,32.02,1.2246467991473532e-16,-1.0,24.32,23.61,24.14,72438.0,105398.0,1585.0,24.023333333333337,0,26
,2021,7,TT,TODAS CONSOLIDADAS,TT,TODAS CONSOLIDADAS,SAN MARTÍN,220000,771,10463,16760,32.02,27.19,1.37,1.37,1.76,102948,101671,1277,146122,143598,2524,1586,Indicadores_ocupabilidad_2021.csv,2021-07-01,32.02,33.57,-0.4999999999999997,-0.8660254037844388,23.51,24.32,23.61,74001.0,96485.0,1565.0,23.813333333333336,0,27
,2021,8,TT,TODAS CONSOLIDADAS,TT,TODAS CONSOLIDADAS,SAN MARTÍN,220000,772,10443,16718,33.57,27.74,1.36,1.36,1.53,105073,103517,1556,148222,145434,2788,1584,Indicadores_ocupabilidad_2021.csv,2021-08-01,33.57,29.96,-0.8660254037844384,-0.5000000000000004,32.02,23.51,24.32,102948.0,146122.0,1586.0,26.616666666666674,0,28
,2021,9,TT,TODAS CONSOLIDADAS,TT,TODAS CONSOLIDADAS,SAN MARTÍN,220000,776,10577,16953,29.96,25.43,1.3,1.29,1.58,96827,95834,993,132757,130574,2183,1570,Indicadores_ocupabilidad_2021.csv,2021-09-01,29.96,30.31,-1.0,-1.8369701987210297e-16,33.57,32.02,23.51,105073.0,148222.0,1584.0,29.700000000000003,0,29
,2021,10,TT,TODAS CONSOLIDADAS,TT,TODAS CONSOLIDADAS,SAN MARTÍN,220000,776,10596,16956,30.31,25.95,1.25,1.25,1.34,108392,107071,1321,141856,139852,2004,1615,Indicadores_ocupabilidad_2021.csv,2021-10-01,30.31,30.1,-0.8660254037844386,0.5000000000000001,29.96,33.57,32.02,96827.0,132757.0,1570.0,31.850000000000005,0,30
,2021,11,TT,TODAS CONSOLIDADAS,TT,TODAS CONSOLIDADAS,SAN MARTÍN,220000,776,10585,16976,30.1,25.62,1.32,1.32,1.42,96421,95135,1286,131779,129433,2346,1614,Indicadores_ocupabilidad_2021.csv,2021-11-01,30.1,28.09,-0.5000000000000004,0.8660254037844384,30.31,29.96,33.57,108392.0,141856.0,1615.0,31.28,0,31
,2021,12,TT,TODAS CONSOLIDADAS,TT,TODAS CONSOLIDADAS,SAN MARTÍN,220000,775,10514,16840,28.09,23.14,1.29,1.28,1.51,91871,89831,2040,122365,118549,3816,1595,Indicadores_ocupabilidad_2021.csv,2021-12-01,28.09,29.67,-2.4492935982947064e-16,1.0,30.1,30.31,29.96,96421.0,131779.0,1614.0,30.123333333333335,0,32
,2022,1,TT,TODAS CONSOLIDADAS,TT,TODAS CONSOLIDADAS,SAN MARTÍN,220000,860,10981,17608,29.67,24.84,1.35,1.34,1.63,100036,98082,1954,141612,138319,3293,1787,Indicadores_ocupabilidad_2022.csv,2022-01-01,29.67,31.34,0.49999999999999994,0.8660254037844387,28.09,30.1,30.31,91871.0,122365.0,1595.0,29.5,0,33
,2022,2,TT,TODAS CONSOLIDADAS,TT,TODAS CONSOLIDADAS,SAN MARTÍN,220000,861,11010,17660,31.34,26.62,1.37,1.37,1.66,95540,93751,1789,136062,132999,3063,1796,Indicadores_ocupabilidad_2022.csv,2022-02-01,31.34,28.2,0.8660254037844386,0.5000000000000001,29.67,28.09,30.1,100036.0,141612.0,1787.0,29.286666666666672,0,34
,2022,3,TT,TODAS CONSOLIDADAS,TT,TODAS CONSOLIDADAS,SAN MARTÍN,220000,855,10965,17550,28.2,23.35,1.35,1.35,1.46,92016,90289,1727,127516,124561,2955,1785,Indicadores_ocupabilidad_2022.csv,2022-03-01,28.2,29.08,1.0,6.123233995736766e-17,31.34,29.67,28.09,95540.0,136062.0,1796.0,29.700000000000003,0,35
,2022,4,TT,TODAS CONSOLIDADAS,TT,TODAS CONSOLIDADAS,SAN MARTÍN,220000,854,10986,17600,29.08,23.63,1.32,1.32,1.51,92464,90680,1784,127093,123737,3356,1799,Indicadores_ocupabilidad_2022.csv,2022-04-01,29.08,29.07,0.8660254037844387,-0.4999999999999998,28.2,31.34,29.67,92016.0,127516.0,1785.0,29.736666666666668,0,36
,2022,5,TT,TODAS CONSOLIDADAS,TT,TODAS CONSOLIDADAS,SAN MARTÍN,220000,853,11038,17622,29.07,23.9,1.36,1.36,1.58,93808,91803,2005,131562,128168,3394,1802,Indicadores_ocupabilidad_2022.csv,2022-05-01,29.07,29.52,0.49999999999999994,-0.8660254037844387,29.08,28.2,31.34,92464.0,127093.0,1799.0,29.540000000000003,0,37
,2022,6,TT,TODAS CONSOLIDADAS,TT,TODAS CONSOLIDADAS,SAN MARTÍN,220000,851,10935,17524,29.52,24.49,1.33,1.33,1.49,94571,92178,2393,129843,125632,4211,1793,Indicadores_ocupabilidad_2022.csv,2022-06-01,29.52,29.99,1.2246467991473532e-16,-1.0,29.07,29.08,28.2,93808.0,131562.0,1802.0,28.78333333333333,0,38
,2022,7,TT,TODAS CONSOLIDADAS,TT,TODAS CONSOLIDADAS,SAN MARTÍN,220000,853,10943,17529,29.99,25.8,1.4,1.39,1.69,101045,98131,2914,150239,144799,5440,1781,Indicadores_ocupabilidad_2022.csv,2022-07-01,29.99,32.44,-0.4999999999999997,-0.8660254037844388,29.52,29.07,29.08,94571.0,129843.0,1793.0,29.223333333333333,0,39
,2022,8,TT,TODAS CONSOLIDADAS,TT,TODAS CONSOLIDADAS,SAN MARTÍN,220000,854,10942,17531,32.44,26.62,1.38,1.37,2.05,105339,102988,2351,152188,147168,5020,1770,Indicadores_ocupabilidad_2022.csv,2022-08-01,32.44,28.52,-0.8660254037844384,-0.5000000000000004,29.99,29.52,29.07,101045.0,150239.0,1781.0,29.52666666666667,0,40
,2022,9,TT,TODAS CONSOLIDADAS,TT,TODAS CONSOLIDADAS,SAN MARTÍN,220000,853,10971,17613,28.52,23.34,1.33,1.32,1.47,91820,90249,1571,126529,123746,2783,1774,Indicadores_ocupabilidad_2022.csv,2022-09-01,28.52,32.1,-1.0,-1.8369701987210297e-16,32.44,29.99,29.52,105339.0,152188.0,1770.0,30.650000000000002,0,41
,2022,10,TT,TODAS CONSOLIDADAS,TT,TODAS CONSOLIDADAS,SAN MARTÍN,220000,850,10960,17575,32.1,27.66,1.42,1.41,1.65,106002,104026,1976,156115,152663,3452,1738,Indicadores_ocupabilidad_2022.csv,2022-10-01,32.1,28.61,-0.8660254037844386,0.5000000000000001,28.52,32.44,29.99,91820.0,126529.0,1774.0,30.316666666666666,0,42
,2022,11,TT,TODAS CONSOLIDADAS,TT,TODAS CONSOLIDADAS,SAN MARTÍN,220000,831,10727,17193,28.61,23.75,1.37,1.35,2.24,88691,86889,1802,125677,121581,4096,1709,Indicadores_ocupabilidad_2022.csv,2022-11-01,28.61,26.03,-0.5000000000000004,0.8660254037844384,32.1,28.52,32.44,106002.0,156115.0,1738.0,31.02,0,43
,2022,12,TT,TODAS CONSOLIDADAS,TT,TODAS CONSOLIDADAS,SAN MARTÍN,220000,828,10687,17125,26.03,22.09,1.39,1.37,2.15,82398,79899,2499,118309,112853,5456,1702,Indicadores_ocupabilidad_2022.csv,2022-12-01,26.03,25.93,-2.4492935982947064e-16,1.0,28.61,32.1,28.52,88691.0,125677.0,1709.0,29.74333333333334,0,44
,2023,1,TT,TODAS CONSOLIDADAS,TT,TODAS CONSOLIDADAS,SAN MARTÍN,220000,904,11221,18115,25.93,22.49,1.41,1.4,1.56,90383,87808,2575,133894,129405,4489,1870,Indicadores_ocupabilidad_2023.csv,2023-01-01,25.93,29.76,0.49999999999999994,0.8660254037844387,26.03,28.61,32.1,82398.0,118309.0,1702.0,28.913333333333338,0,45
,2023,2,TT,TODAS CONSOLIDADAS,TT,TODAS CONSOLIDADAS,SAN MARTÍN,220000,902,11341,18325,29.76,25.52,1.42,1.41,1.53,92978,90283,2695,138236,133732,4504,1835,Indicadores_ocupabilidad_2023.csv,2023-02-01,29.76,26.3,0.8660254037844386,0.5000000000000001,25.93,26.03,28.61,90383.0,133894.0,1870.0,26.85666666666667,0,46
,2023,3,TT,TODAS CONSOLIDADAS,TT,TODAS CONSOLIDADAS,SAN MARTÍN,220000,901,11304,18237,26.3,21.4,1.41,1.4,1.74,85595,82553,3042,124693,119285,5408,1853,Indicadores_ocupabilidad_2023.csv,2023-03-01,26.3,27.28,1.0,6.123233995736766e-17,29.76,25.93,26.03,92978.0,138236.0,1835.0,27.240000000000006,0,47
,2023,4,TT,TODAS CONSOLIDADAS,TT,TODAS CONSOLIDADAS,SAN MARTÍN,220000,900,11372,18358,27.28,22.5,1.42,1.4,1.81,87011,83519,3492,128125,121729,6396,1843,Indicadores_ocupabilidad_2023.csv,2023-04-01,27.28,24.98,0.8660254037844387,-0.4999999999999998,26.3,29.76,25.93,85595.0,124693.0,1853.0,27.330000000000002,0,48
,2023,5,TT,TODAS CONSOLIDADAS,TT,TODAS CONSOLIDADAS,SAN MARTÍN,220000,901,11416,18414,24.98,20.48,1.39,1.38,1.8,84945,82521,2424,123791,119293,4498,1859,Indicadores_ocupabilidad_2023.csv,2023-05-01,24.98,28.39,0.49999999999999994,-0.8660254037844387,27.28,26.3,29.76,87011.0,128125.0,1843.0,27.78,0,49
,2023,6,TT,TODAS CONSOLIDADAS,TT,TODAS CONSOLIDADAS,SAN MARTÍN,220000,904,11402,18379,28.39,23.62,1.46,1.45,1.92,89522,86391,3131,134080,127876,6204,1877,Indicadores_ocupabilidad_2023.csv,2023-06-01,28.39,29.0,1.2246467991473532e-16,-1.0,24.98,27.28,26.3,84945.0,123791.0,1859.0,26.186666666666667,0,50
,2023,7,TT,TODAS CONSOLIDADAS,TT,TODAS CONSOLIDADAS,SAN MARTÍN,220000,902,11392,18346,29.0,24.83,1.41,1.38,2.11,101687,97460,4227,151123,142240,8883,1873,Indicadores_ocupabilidad_2023.csv,2023-07-01,29.0,31.38,-0.4999999999999997,-0.8660254037844388,28.39,24.98,27.28,89522.0,134080.0,1877.0,26.883333333333336,0,51
,2023,8,TT,TODAS CONSOLIDADAS,TT,TODAS CONSOLIDADAS,SAN MARTÍN,220000,896,11357,18265,31.38,24.65,1.45,1.44,1.71,98151,94426,3725,148493,141918,6575,2239,Indicadores_ocupabilidad_2023.csv,2023-08-01,31.38,27.19,-0.8660254037844384,-0.5000000000000004,29.0,28.39,24.98,101687.0,151123.0,1873.0,27.456666666666667,0,52
,2023,9,TT,TODAS CONSOLIDADAS,TT,TODAS CONSOLIDADAS,SAN MARTÍN,220000,896,11322,18176,27.19,20.6,1.39,1.34,3.4,81853,80047,1806,119044,113523,5521,2186,Indicadores_ocupabilidad_2023.csv,2023-09-01,27.19,24.59,-1.0,-1.8369701987210297e-16,31.38,29.0,28.39,98151.0,148493.0,2239.0,29.590000000000003,0,53
,2023,10,TT,TODAS CONSOLIDADAS,TT,TODAS CONSOLIDADAS,SAN MARTÍN,220000,896,11272,18077,24.59,19.29,1.42,1.39,3.11,78796,77081,1715,120650,115903,4747,2119,Indicadores_ocupabilidad_2023.csv,2023-10-01,24.59,27.26,-0.8660254037844386,0.5000000000000001,27.19,31.38,29.0,81853.0,119044.0,2186.0,29.19,0,54
,2023,11,TT,TODAS CONSOLIDADAS,TT,TODAS CONSOLIDADAS,SAN MARTÍN,220000,897,11240,18099,27.26,20.94,1.5,1.43,4.14,76617,74300,2317,119971,111424,8547,2125,Indicadores_ocupabilidad_2023.csv,2023-11-01,27.26,25.06,-0.5000000000000004,0.8660254037844384,24.59,27.19,31.38,78796.0,120650.0,2119.0,27.72,0,55
,2023,12,TT,TODAS CONSOLIDADAS,TT,TODAS CONSOLIDADAS,SAN MARTÍN,220000,897,11274,18096,25.06,20.05,1.32,1.31,1.67,85370,83377,1993,116788,112907,3881,2131,Indicadores_ocupabilidad_2023.csv,2023-12-01,25.06,23.92,-2.4492935982947064e-16,1.0,27.26,24.59,27.19,76617.0,119971.0,2125.0,26.346666666666668,0,56
20260330,2024,1,TT,TODAS CONSOLIDADAS,TT,TODAS CONSOLIDADAS,SAN MARTÍN,220000,979,11729,18876,23.92,19.28,1.37,1.34,2.58,84719,82227,2492,123919,117793,6126,2294,Indicadores_ocupabilidad_2024.csv,2024-01-01,23.92,26.27,0.49999999999999994,0.8660254037844387,25.06,27.26,24.59,85370.0,116788.0,2131.0,25.63666666666667,0,57
20260330,2024,2,TT,TODAS CONSOLIDADAS,TT,TODAS CONSOLIDADAS,SAN MARTÍN,220000,980,11739,18899,26.27,21.05,1.41,1.4,1.73,81953,80177,1776,122338,119042,3296,2306,Indicadores_ocupabilidad_2024.csv,2024-02-01,26.27,23.43,0.8660254037844386,0.5000000000000001,23.92,25.06,27.26,84719.0,123919.0,2294.0,25.413333333333338,0,58
20260330,2024,3,TT,TODAS CONSOLIDADAS,TT,TODAS CONSOLIDADAS,SAN MARTÍN,220000,983,11789,18972,23.43,17.98,1.4,1.4,1.63,77161,75564,1597,113660,110790,2870,2302,Indicadores_ocupabilidad_2024.csv,2024-03-01,23.43,21.79,1.0,6.123233995736766e-17,26.27,23.92,25.06,81953.0,122338.0,2306.0,25.083333333333332,0,59
20260330,2024,4,TT,TODAS CONSOLIDADAS,TT,TODAS CONSOLIDADAS,SAN MARTÍN,220000,979,11717,18879,21.79,17.23,1.32,1.28,2.62,74500,72451,2049,102726,97520,5206,2279,Indicadores_ocupabilidad_2024.csv,2024-04-01,21.79,22.85,0.8660254037844387,-0.4999999999999998,23.43,26.27,23.92,77161.0,113660.0,2302.0,24.540000000000003,0,60
20260330,2024,5,TT,TODAS CONSOLIDADAS,TT,TODAS CONSOLIDADAS,SAN MARTÍN,220000,982,11751,18923,22.85,18.46,1.34,1.31,2.04,82579,79657,2922,117856,111864,5992,2275,Indicadores_ocupabilidad_2024.csv,2024-05-01,22.85,24.79,0.49999999999999994,-0.8660254037844387,21.79,23.43,26.27,74500.0,102726.0,2279.0,23.830000000000002,0,61
20260330,2024,6,TT,TODAS CONSOLIDADAS,TT,TODAS CONSOLIDADAS,SAN MARTÍN,220000,982,11782,18973,24.79,20.31,1.34,1.33,1.76,87263,84740,2523,124493,119592,4901,1807,Indicadores_ocupabilidad_2024.csv,2024-06-01,24.79,27.19,1.2246467991473532e-16,-1.0,22.85,21.79,23.43,82579.0,117856.0,2275.0,22.69,0,62
20260330,2024,7,TT,TODAS CONSOLIDADAS,TT,TODAS CONSOLIDADAS,SAN MARTÍN,220000,979,11803,19070,27.19,23.54,1.34,1.33,1.54,106590,104028,2562,153644,148866,4778,1780,Indicadores_ocupabilidad_2024.csv,2024-07-01,27.19,27.94,-0.4999999999999997,-0.8660254037844388,24.79,22.85,21.79,87263.0,124493.0,1807.0,23.143333333333334,0,63
20260330,2024,8,TT,TODAS CONSOLIDADAS,TT,TODAS CONSOLIDADAS,SAN MARTÍN,220000,978,11828,19132,27.94,24.07,1.41,1.41,1.71,103992,101907,2085,158488,154286,4202,1775,Indicadores_ocupabilidad_2024.csv,2024-08-01,27.94,26.07,-0.8660254037844384,-0.5000000000000004,27.19,24.79,22.85,106590.0,153644.0,1780.0,24.94333333333334,0,64
20260330,2024,9,TT,TODAS CONSOLIDADAS,TT,TODAS CONSOLIDADAS,SAN MARTÍN,220000,979,11878,19239,26.07,21.58,1.41,1.4,1.88,89865,87614,2251,136188,131531,4657,1792,Indicadores_ocupabilidad_2024.csv,2024-09-01,26.07,26.31,-1.0,-1.8369701987210297e-16,27.94,27.19,24.79,103992.0,158488.0,1775.0,26.64,0,65
20260330,2024,10,TT,TODAS CONSOLIDADAS,TT,TODAS CONSOLIDADAS,SAN MARTÍN,220000,978,11915,19358,26.31,22.44,1.46,1.46,1.66,95820,94146,1674,158831,155615,3216,1780,Indicadores_ocupabilidad_2024.csv,2024-10-01,26.31,26.08,-0.8660254037844386,0.5000000000000001,26.07,27.94,27.19,89865.0,136188.0,1792.0,27.066666666666674,0,66
20260330,2024,11,TT,TODAS CONSOLIDADAS,TT,TODAS CONSOLIDADAS,SAN MARTÍN,220000,979,11933,19379,26.08,21.32,1.46,1.44,1.85,87087,84266,2821,134947,129444,5503,1803,Indicadores_ocupabilidad_2024.csv,2024-11-01,26.08,23.97,-0.5000000000000004,0.8660254037844384,26.31,26.07,27.94,95820.0,158831.0,1780.0,26.773333333333337,0,67
,2019,4,TT,TODAS CONSOLIDADAS,TT,TODAS CONSOLIDADAS,TACNA,230000,549,6977,13395,17.58,14.46,1.39,1.38,1.43,41877,26325,15552,60835,36909,23926,1449,Indicadores_ocupabilidad_2019.csv,2019-04-01,17.58,16.55,0.8660254037844387,-0.4999999999999998,20.79,31.65,25.51,48016.0,73337.0,1471.0,25.983333333333334,0,0
,2019,5,TT,TODAS CONSOLIDADAS,TT,TODAS CONSOLIDADAS,TACNA,230000,535,7224,13928,16.55,14.19,1.26,1.25,1.3,47539,31115,16424,62854,39528,23326,1481,Indicadores_ocupabilidad_2019.csv,2019-05-01,16.55,19.14,0.49999999999999994,-0.8660254037844387,17.58,20.79,31.65,41877.0,60835.0,1449.0,23.34,0,1
,2019,6,TT,TODAS CONSOLIDADAS,TT,TODAS CONSOLIDADAS,TACNA,230000,536,7230,13967,19.14,15.59,1.38,1.36,1.41,46483,28361,18122,65735,38974,26761,1484,Indicadores_ocupabilidad_2019.csv,2019-06-01,19.14,21.29,1.2246467991473532e-16,-1.0,16.55,17.58,20.79,47539.0,62854.0,1481.0,18.30666666666667,0,2
,2019,7,TT,TODAS CONSOLIDADAS,TT,TODAS CONSOLIDADAS,TACNA,230000,536,7243,13983,21.29,18.09,1.44,1.38,1.52,55454,30985,24469,83002,43290,39712,1507,Indicadores_ocupabilidad_2019.csv,2019-07-01,21.29,18.69,-0.4999999999999997,-0.8660254037844388,19.14,16.55,17.58,46483.0,65735.0,1484.0,17.756666666666664,0,3
,2019,8,TT,TODAS CONSOLIDADAS,TT,TODAS CONSOLIDADAS,TACNA,230000,536,7261,14034,18.69,15.3,1.4,1.38,1.48,47734,31579,16155,70343,44451,25892,1482,Indicadores_ocupabilidad_2019.csv,2019-08-01,18.69,19.56,-0.8660254037844384,-0.5000000000000004,21.29,19.14,16.55,55454.0,83002.0,1507.0,18.993333333333332,0,4
,2019,9,TT,TODAS CONSOLIDADAS,TT,TODAS CONSOLIDADAS,TACNA,230000,535,7286,14037,19.56,15.99,1.44,1.32,1.71,47110,27631,19479,70884,37301,33583,1483,Indicadores_ocupabilidad_2019.csv,2019-09-01,19.56,17.9,-1.0,-1.8369701987210297e-16,18.69,21.29,19.14,47734.0,70343.0,1482.0,19.706666666666667,0,5
,2019,10,TT,TODAS CONSOLIDADAS,TT,TODAS CONSOLIDADAS,TACNA,230000,536,7278,13961,17.9,14.61,1.41,1.38,1.52,45157,30541,14616,65386,42671,22715,1455,Indicadores_ocupabilidad_2019.csv,2019-10-01,17.9,21.67,-0.8660254037844386,0.5000000000000001,19.56,18.69,21.29,47110.0,70884.0,1483.0,19.846666666666668,0,6
,2019,11,TT,TODAS CONSOLIDADAS,TT,TODAS CONSOLIDADAS,TACNA,230000,536,7272,13902,21.67,17.71,1.56,1.47,1.76,48462,31797,16665,78640,47571,31069,1452,Indicadores_ocupabilidad_2019.csv,2019-11-01,21.67,18.48,-0.5000000000000004,0.8660254037844384,17.9,19.56,18.69,45157.0,65386.0,1455.0,18.716666666666665,0,7
,2019,12,TT,TODAS CONSOLIDADAS,TT,TODAS CONSOLIDADAS,TACNA,230000,536,7239,13851,18.48,14.91,1.37,1.33,1.46,46051,32572,13479,65353,43886,21467,1453,Indicadores_ocupabilidad_2019.csv,2019-12-01,18.48,14.47,-2.4492935982947064e-16,1.0,21.67,17.9,19.56,48462.0,78640.0,1452.0,19.709999999999997,0,8
,2020,1,TT,TODAS CONSOLIDADAS,TT,TODAS CONSOLIDADAS,TACNA,230000,558,7192,13581,14.47,12.36,1.33,1.32,1.35,43896,24834,19062,64266,33712,30554,1196,Indicadores_ocupabilidad_2020.csv,2020-01-01,14.47,18.03,0.49999999999999994,0.8660254037844387,18.48,21.67,17.9,46051.0,65353.0,1453.0,19.349999999999998,1,9
,2020,2,TT,TODAS CONSOLIDADAS,TT,TODAS CONSOLIDADAS,TACNA,230000,561,7229,13638,18.03,15.02,1.28,1.26,1.32,49284,27255,22029,71499,35736,35763,1200,Indicadores_ocupabilidad_2020.csv,2020-02-01,18.03,6.79,0.8660254037844386,0.5000000000000001,14.47,18.48,21.67,43896.0,64266.0,1196.0,18.206666666666667,1,10
,2020,3,TT,TODAS CONSOLIDADAS,TT,TODAS CONSOLIDADAS,TACNA,230000,554,7129,13467,6.79,5.02,1.27,1.27,1.24,16973,11876,5097,23962,15842,8120,1172,Indicadores_ocupabilidad_2020.csv,2020-03-01,6.79,3.99,1.0,6.123233995736766e-17,18.03,14.47,18.48,49284.0,71499.0,1200.0,16.993333333333336,1,11
,2020,4,TT,TODAS CONSOLIDADAS,TT,TODAS CONSOLIDADAS,TACNA,230000,6,252,508,3.99,2.31,10.58,10.46,3.72,79,76,3,460,393,67,56,Indicadores_ocupabilidad_2020.csv,2020-04-01,3.99,9.21,0.8660254037844387,-0.4999999999999998,6.79,18.03,14.47,16973.0,23962.0,1172.0,13.096666666666666,1,12
,2020,5,TT,TODAS CONSOLIDADAS,TT,TODAS CONSOLIDADAS,TACNA,230000,50,1546,3160,9.21,5.87,16.13,16.12,1.42,785,784,1,6929,6858,71,281,Indicadores_ocupabilidad_2020.csv,2020-05-01,9.21,18.57,0.49999999999999994,-0.8660254037844387,3.99,6.79,18.03,79.0,460.0,56.0,9.603333333333333,1,13
,2020,6,TT,TODAS CONSOLIDADAS,TT,TODAS CONSOLIDADAS,TACNA,230000,54,1640,3336,18.57,12.31,10.31,10.3,0.0,1449,1449,0,14455,14390,65,298,Indicadores_ocupabilidad_2020.csv,2020-06-01,18.57,4.06,1.2246467991473532e-16,-1.0,9.21,3.99,6.79,785.0,6929.0,281.0,6.663333333333334,1,14
,2020,7,TT,TODAS CONSOLIDADAS,TT,TODAS CONSOLIDADAS,TACNA,230000,331,5492,10501,4.06,2.37,2.03,2.03,0.82,4193,4129,64,12106,11983,123,663,Indicadores_ocupabilidad_2020.csv,2020-07-01,4.06,5.5,-0.4999999999999997,-0.8660254037844388,18.57,9.21,3.99,1449.0,14455.0,298.0,10.590000000000002,1,15
,2020,8,TT,TODAS CONSOLIDADAS,TT,TODAS CONSOLIDADAS,TACNA,230000,332,5570,10661,5.5,3.52,2.28,2.29,2.31,4968,4754,214,18097,17755,342,640,Indicadores_ocupabilidad_2020.csv,2020-08-01,5.5,4.51,-0.8660254037844384,-0.5000000000000004,4.06,18.57,9.21,4193.0,12106.0,663.0,10.613333333333333,1,16
,2020,9,TT,TODAS CONSOLIDADAS,TT,TODAS CONSOLIDADAS,TACNA,230000,332,5601,10749,4.51,2.92,1.47,1.47,1.78,6700,6647,53,14243,14175,68,640,Indicadores_ocupabilidad_2020.csv,2020-09-01,4.51,8.15,-1.0,-1.8369701987210297e-16,5.5,4.06,18.57,4968.0,18097.0,640.0,9.376666666666667,1,17
,2020,10,TT,TODAS CONSOLIDADAS,TT,TODAS CONSOLIDADAS,TACNA,230000,315,5337,10270,8.15,5.52,1.51,1.51,1.2,12201,11972,229,20478,20147,331,683,Indicadores_ocupabilidad_2020.csv,2020-10-01,8.15,10.81,-0.8660254037844386,0.5000000000000001,4.51,5.5,4.06,6700.0,14243.0,640.0,4.69,1,18
,2020,11,TT,TODAS CONSOLIDADAS,TT,TODAS CONSOLIDADAS,TACNA,230000,317,5389,10373,10.81,7.41,1.36,1.36,0.78,16571,16451,120,23161,23025,136,866,Indicadores_ocupabilidad_2020.csv,2020-11-01,10.81,11.62,-0.5000000000000004,0.8660254037844384,8.15,4.51,5.5,12201.0,20478.0,683.0,6.053333333333334,1,19
,2020,12,TT,TODAS CONSOLIDADAS,TT,TODAS CONSOLIDADAS,TACNA,230000,323,5492,10562,11.62,8.67,1.42,1.43,1.28,19206,18835,371,27996,27461,535,943,Indicadores_ocupabilidad_2020.csv,2020-12-01,11.62,16.77,-2.4492935982947064e-16,1.0,10.81,8.15,4.51,16571.0,23161.0,866.0,7.823333333333333,1,20
,2021,1,TT,TODAS CONSOLIDADAS,TT,TODAS CONSOLIDADAS,TACNA,230000,472,5876,11006,16.77,9.39,1.29,1.3,1.05,25417,25118,299,34435,34079,356,1043,Indicadores_ocupabilidad_2021.csv,2021-01-01,16.77,16.38,0.49999999999999994,0.8660254037844387,11.62,10.81,8.15,19206.0,27996.0,943.0,10.193333333333333,0,21
,2021,2,TT,TODAS CONSOLIDADAS,TT,TODAS CONSOLIDADAS,TACNA,230000,472,5882,11007,16.38,10.27,1.27,1.28,1.11,24187,23661,526,33263,32667,596,1044,Indicadores_ocupabilidad_2021.csv,2021-02-01,16.38,18.34,0.8660254037844386,0.5000000000000001,16.77,11.62,10.81,25417.0,34435.0,1043.0,13.066666666666668,0,22
,2021,3,TT,TODAS CONSOLIDADAS,TT,TODAS CONSOLIDADAS,TACNA,230000,469,5854,10959,18.34,11.73,1.21,1.21,1.14,31891,31604,287,41184,40739,445,1035,Indicadores_ocupabilidad_2021.csv,2021-03-01,18.34,13.28,1.0,6.123233995736766e-17,16.38,16.77,11.62,24187.0,33263.0,1044.0,14.923333333333332,0,23
,2021,4,TT,TODAS CONSOLIDADAS,TT,TODAS CONSOLIDADAS,TACNA,230000,473,5913,11080,13.28,6.82,1.34,1.32,1.97,18372,18018,354,26395,25700,695,1048,Indicadores_ocupabilidad_2021.csv,2021-04-01,13.28,9.67,0.8660254037844387,-0.4999999999999998,18.34,16.38,16.77,31891.0,41184.0,1035.0,17.16333333333333,0,24
,2021,5,TT,TODAS CONSOLIDADAS,TT,TODAS CONSOLIDADAS,TACNA,230000,475,5956,11164,9.67,6.65,1.33,1.34,1.24,18174,17735,439,30015,29429,586,867,Indicadores_ocupabilidad_2021.csv,2021-05-01,9.67,11.99,0.49999999999999994,-0.8660254037844387,13.28,18.34,16.38,18372.0,26395.0,1048.0,16.0,0,25
,2021,6,TT,TODAS CONSOLIDADAS,TT,TODAS CONSOLIDADAS,TACNA,230000,474,5926,11106,11.99,7.47,1.37,1.37,1.17,19142,18647,495,29021,28314,707,868,Indicadores_ocupabilidad_2021.csv,2021-06-01,11.99,11.66,1.2246467991473532e-16,-1.0,9.67,13.28,18.34,18174.0,30015.0,867.0,13.763333333333334,0,26
,2021,7,TT,TODAS CONSOLIDADAS,TT,TODAS CONSOLIDADAS,TACNA,230000,475,5985,11192,11.66,10.09,1.47,1.49,1.21,24549,23556,993,38261,36879,1382,873,Indicadores_ocupabilidad_2021.csv,2021-07-01,11.66,13.6,-0.4999999999999997,-0.8660254037844388,11.99,9.67,13.28,19142.0,29021.0,868.0,11.646666666666667,0,27
,2021,8,TT,TODAS CONSOLIDADAS,TT,TODAS CONSOLIDADAS,TACNA,230000,477,6034,11303,13.6,17.95,3.17,3.23,1.27,22241,21613,628,59269,58335,934,888,Indicadores_ocupabilidad_2021.csv,2021-08-01,13.6,9.47,-0.8660254037844384,-0.5000000000000004,11.66,11.99,9.67,24549.0,38261.0,873.0,11.106666666666667,0,28
,2021,9,TT,TODAS CONSOLIDADAS,TT,TODAS CONSOLIDADAS,TACNA,230000,479,6062,11367,9.47,6.96,1.17,1.17,1.21,21490,20349,1141,30100,28666,1434,897,Indicadores_ocupabilidad_2021.csv,2021-09-01,9.47,12.37,-1.0,-1.8369701987210297e-16,13.6,11.66,11.99,22241.0,59269.0,888.0,12.416666666666666,0,29
,2021,10,TT,TODAS CONSOLIDADAS,TT,TODAS CONSOLIDADAS,TACNA,230000,478,6034,11297,12.37,8.75,1.43,1.45,1.2,24635,23351,1284,36945,35339,1606,893,Indicadores_ocupabilidad_2021.csv,2021-10-01,12.37,12.23,-0.8660254037844386,0.5000000000000001,9.47,13.6,11.66,21490.0,30100.0,897.0,11.576666666666666,0,30
,2021,11,TT,TODAS CONSOLIDADAS,TT,TODAS CONSOLIDADAS,TACNA,230000,478,6031,11289,12.23,10.79,1.8,1.84,1.1,23040,22178,862,39862,38776,1086,894,Indicadores_ocupabilidad_2021.csv,2021-11-01,12.23,10.86,-0.5000000000000004,0.8660254037844384,12.37,9.47,13.6,24635.0,36945.0,893.0,11.813333333333333,0,31
,2021,12,TT,TODAS CONSOLIDADAS,TT,TODAS CONSOLIDADAS,TACNA,230000,477,6024,11286,10.86,9.9,1.37,1.39,1.07,27441,26335,1106,38101,36782,1319,894,Indicadores_ocupabilidad_2021.csv,2021-12-01,10.86,10.68,-2.4492935982947064e-16,1.0,12.23,12.37,9.47,23040.0,39862.0,894.0,11.356666666666667,0,32
,2022,1,TT,TODAS CONSOLIDADAS,TT,TODAS CONSOLIDADAS,TACNA,230000,502,6244,11725,10.68,8.44,1.23,1.23,1.31,25487,24405,1082,35067,33523,1544,923,Indicadores_ocupabilidad_2022.csv,2022-01-01,10.68,12.09,0.49999999999999994,0.8660254037844387,10.86,12.23,12.37,27441.0,38101.0,894.0,11.82,0,33
,2022,2,TT,TODAS CONSOLIDADAS,TT,TODAS CONSOLIDADAS,TACNA,230000,500,6227,11698,12.09,8.93,1.26,1.25,1.29,24470,22357,2113,34146,31312,2834,921,Indicadores_ocupabilidad_2022.csv,2022-02-01,12.09,9.64,0.8660254037844386,0.5000000000000001,10.68,10.86,12.23,25487.0,35067.0,923.0,11.256666666666666,0,34
,2022,3,TT,TODAS CONSOLIDADAS,TT,TODAS CONSOLIDADAS,TACNA,230000,497,6195,11651,9.64,7.33,1.25,1.25,1.34,21826,20600,1226,30271,28424,1847,917,Indicadores_ocupabilidad_2022.csv,2022-03-01,9.64,9.99,1.0,6.123233995736766e-17,12.09,10.68,10.86,24470.0,34146.0,921.0,11.209999999999999,0,35
,2022,4,TT,TODAS CONSOLIDADAS,TT,TODAS CONSOLIDADAS,TACNA,230000,494,6151,11585,9.99,7.63,1.22,1.22,1.17,23267,21925,1342,31906,30025,1881,906,Indicadores_ocupabilidad_2022.csv,2022-04-01,9.99,11.61,0.8660254037844387,-0.4999999999999998,9.64,12.09,10.68,21826.0,30271.0,917.0,10.803333333333333,0,36
,2022,5,TT,TODAS CONSOLIDADAS,TT,TODAS CONSOLIDADAS,TACNA,230000,491,6158,11611,11.61,9.03,1.21,1.2,1.3,29383,23150,6233,40745,31073,9672,919,Indicadores_ocupabilidad_2022.csv,2022-05-01,11.61,13.11,0.49999999999999994,-0.8660254037844387,9.99,9.64,12.09,23267.0,31906.0,906.0,10.573333333333332,0,37
,2022,6,TT,TODAS CONSOLIDADAS,TT,TODAS CONSOLIDADAS,TACNA,230000,494,6182,11660,13.11,10.62,1.34,1.3,1.48,30495,21397,9098,45421,30100,15321,934,Indicadores_ocupabilidad_2022.csv,2022-06-01,13.11,14.85,1.2246467991473532e-16,-1.0,11.61,9.99,9.64,29383.0,40745.0,919.0,10.413333333333334,0,38
,2022,7,TT,TODAS CONSOLIDADAS,TT,TODAS CONSOLIDADAS,TACNA,230000,495,6218,11726,14.85,12.62,1.39,1.33,1.55,36633,22824,13809,59939,33577,26362,936,Indicadores_ocupabilidad_2022.csv,2022-07-01,14.85,14.76,-0.4999999999999997,-0.8660254037844388,13.11,11.61,9.99,30495.0,45421.0,934.0,11.57,0,39
,2022,8,TT,TODAS CONSOLIDADAS,TT,TODAS CONSOLIDADAS,TACNA,230000,496,6249,11783,14.76,11.94,1.37,1.34,1.58,35128,25751,9377,52503,36949,15554,942,Indicadores_ocupabilidad_2022.csv,2022-08-01,14.76,11.92,-0.8660254037844384,-0.5000000000000004,14.85,13.11,11.61,36633.0,59939.0,936.0,13.189999999999998,0,40
,2022,9,TT,TODAS CONSOLIDADAS,TT,TODAS CONSOLIDADAS,TACNA,230000,496,6244,11786,11.92,9.66,1.35,1.32,1.45,28281,19117,9164,43009,27307,15702,942,Indicadores_ocupabilidad_2022.csv,2022-09-01,11.92,14.68,-1.0,-1.8369701987210297e-16,14.76,14.85,13.11,35128.0,52503.0,942.0,14.24,0,41
,2022,10,TT,TODAS CONSOLIDADAS,TT,TODAS CONSOLIDADAS,TACNA,230000,497,6265,11822,14.68,11.81,1.54,1.38,1.92,33315,19795,13520,54455,29476,24979,947,Indicadores_ocupabilidad_2022.csv,2022-10-01,14.68,11.63,-0.8660254037844386,0.5000000000000001,11.92,14.76,14.85,28281.0,43009.0,942.0,13.843333333333334,0,42
,2022,11,TT,TODAS CONSOLIDADAS,TT,TODAS CONSOLIDADAS,TACNA,230000,497,6266,11834,11.63,9.18,1.35,1.33,1.42,27390,16371,11019,45971,24496,21475,953,Indicadores_ocupabilidad_2022.csv,2022-11-01,11.63,10.59,-0.5000000000000004,0.8660254037844384,14.68,11.92,14.76,33315.0,54455.0,947.0,13.786666666666667,0,43
,2022,12,TT,TODAS CONSOLIDADAS,TT,TODAS CONSOLIDADAS,TACNA,230000,498,7294,13187,10.59,8.31,1.26,1.23,1.34,26081,17160,8921,36857,22918,13939,927,Indicadores_ocupabilidad_2022.csv,2022-12-01,10.59,10.98,-2.4492935982947064e-16,1.0,11.63,14.68,11.92,27390.0,45971.0,953.0,12.743333333333334,0,44
,2023,1,TT,TODAS CONSOLIDADAS,TT,TODAS CONSOLIDADAS,TACNA,230000,483,6117,11416,10.98,9.1,1.27,1.25,1.37,27692,17676,10016,40743,24781,15962,905,Indicadores_ocupabilidad_2023.csv,2023-01-01,10.98,15.66,0.49999999999999994,0.8660254037844387,10.59,11.63,14.68,26081.0,36857.0,927.0,12.299999999999999,0,45
,2023,2,TT,TODAS CONSOLIDADAS,TT,TODAS CONSOLIDADAS,TACNA,230000,483,6116,11463,15.66,14.71,1.43,1.3,1.67,37487,19462,18025,57983,27520,30463,906,Indicadores_ocupabilidad_2023.csv,2023-02-01,15.66,17.07,0.8660254037844386,0.5000000000000001,10.98,10.59,11.63,27692.0,40743.0,905.0,11.066666666666668,0,46
,2023,3,TT,TODAS CONSOLIDADAS,TT,TODAS CONSOLIDADAS,TACNA,230000,482,6094,11425,17.07,14.46,1.2,1.17,1.3,42657,26154,16503,56068,32216,23852,898,Indicadores_ocupabilidad_2023.csv,2023-03-01,17.07,13.32,1.0,6.123233995736766e-17,15.66,10.98,10.59,37487.0,57983.0,906.0,12.409999999999998,0,47
,2023,4,TT,TODAS CONSOLIDADAS,TT,TODAS CONSOLIDADAS,TACNA,230000,485,6118,11433,13.32,11.01,1.3,1.24,1.45,32037,18623,13414,46241,25278,20963,887,Indicadores_ocupabilidad_2023.csv,2023-04-01,13.32,13.15,0.8660254037844387,-0.4999999999999998,17.07,15.66,10.98,42657.0,56068.0,898.0,14.57,0,48
,2023,5,TT,TODAS CONSOLIDADAS,TT,TODAS CONSOLIDADAS,TACNA,230000,488,6155,11495,13.15,10.1,1.22,1.21,1.3,30569,21746,8823,41573,28336,13237,900,Indicadores_ocupabilidad_2023.csv,2023-05-01,13.15,15.37,0.49999999999999994,-0.8660254037844387,13.32,17.07,15.66,32037.0,46241.0,887.0,15.35,0,49
,2023,6,TT,TODAS CONSOLIDADAS,TT,TODAS CONSOLIDADAS,TACNA,230000,486,6052,11345,15.37,12.13,1.2,1.2,1.24,36201,23137,13064,49605,30152,19453,883,Indicadores_ocupabilidad_2023.csv,2023-06-01,15.37,18.75,1.2246467991473532e-16,-1.0,13.15,13.32,17.07,30569.0,41573.0,900.0,14.513333333333334,0,50
,2023,7,TT,TODAS CONSOLIDADAS,TT,TODAS CONSOLIDADAS,TACNA,230000,489,6106,11442,18.75,16.5,1.28,1.21,1.44,48150,27145,21005,67434,34947,32487,897,Indicadores_ocupabilidad_2023.csv,2023-07-01,18.75,16.69,-0.4999999999999997,-0.8660254037844388,15.37,13.15,13.32,36201.0,49605.0,883.0,13.946666666666667,0,51
,2023,8,TT,TODAS CONSOLIDADAS,TT,TODAS CONSOLIDADAS,TACNA,230000,488,6093,11425,16.69,14.02,1.2,1.17,1.27,43622,28248,15374,58905,36290,22615,901,Indicadores_ocupabilidad_2023.csv,2023-08-01,16.69,16.27,-0.8660254037844384,-0.5000000000000004,18.75,15.37,13.15,48150.0,67434.0,897.0,15.756666666666666,0,52
,2023,9,TT,TODAS CONSOLIDADAS,TT,TODAS CONSOLIDADAS,TACNA,230000,490,6140,11521,16.27,13.49,1.26,1.2,1.45,39513,24969,14544,54930,32176,22754,909,Indicadores_ocupabilidad_2023.csv,2023-09-01,16.27,17.61,-1.0,-1.8369701987210297e-16,16.69,18.75,15.37,43622.0,58905.0,901.0,16.936666666666667,0,53
,2023,10,TT,TODAS CONSOLIDADAS,TT,TODAS CONSOLIDADAS,TACNA,230000,488,6131,11515,17.61,14.29,1.28,1.24,1.39,41127,26918,14209,56988,35082,21906,909,Indicadores_ocupabilidad_2023.csv,2023-10-01,17.61,16.36,-0.8660254037844386,0.5000000000000001,16.27,16.69,18.75,39513.0,54930.0,909.0,17.236666666666665,0,54
,2023,11,TT,TODAS CONSOLIDADAS,TT,TODAS CONSOLIDADAS,TACNA,230000,489,6128,11536,16.36,12.75,1.24,1.21,1.41,37897,25420,12477,53704,33300,20404,913,Indicadores_ocupabilidad_2023.csv,2023-11-01,16.36,16.41,-0.5000000000000004,0.8660254037844384,17.61,16.27,16.69,41127.0,56988.0,909.0,16.856666666666666,0,55
,2023,12,TT,TODAS CONSOLIDADAS,TT,TODAS CONSOLIDADAS,TACNA,230000,489,6129,11548,16.41,13.53,1.19,1.14,1.34,43991,26510,17481,57898,32363,25535,916,Indicadores_ocupabilidad_2023.csv,2023-12-01,16.41,23.1,-2.4492935982947064e-16,1.0,16.36,17.61,16.27,37897.0,53704.0,913.0,16.746666666666666,0,56
20260330,2024,1,TT,TODAS CONSOLIDADAS,TT,TODAS CONSOLIDADAS,TACNA,230000,513,6235,11659,23.1,19.42,1.46,1.39,1.56,50943,24634,26309,85414,37581,47833,930,Indicadores_ocupabilidad_2024.csv,2024-01-01,23.1,26.42,0.49999999999999994,0.8660254037844387,16.41,16.36,17.61,43991.0,57898.0,916.0,16.793333333333333,0,57
20260330,2024,2,TT,TODAS CONSOLIDADAS,TT,TODAS CONSOLIDADAS,TACNA,230000,515,6369,21336,26.42,21.62,1.41,1.34,1.46,57601,23194,34407,92250,34015,58235,968,Indicadores_ocupabilidad_2024.csv,2024-02-01,26.42,17.76,0.8660254037844386,0.5000000000000001,23.1,16.41,16.36,50943.0,85414.0,930.0,18.62333333333333,0,58
20260330,2024,3,TT,TODAS CONSOLIDADAS,TT,TODAS CONSOLIDADAS,TACNA,230000,514,6278,12251,17.76,13.36,1.56,1.5,1.69,34455,21275,13180,59209,34051,25158,931,Indicadores_ocupabilidad_2024.csv,2024-03-01,17.76,11.84,1.0,6.123233995736766e-17,26.42,23.1,16.41,57601.0,92250.0,968.0,21.97666666666667,0,59
20260330,2024,4,TT,TODAS CONSOLIDADAS,TT,TODAS CONSOLIDADAS,TACNA,230000,519,6401,12413,11.84,8.88,1.33,1.31,1.36,26691,16397,10294,44360,24411,19949,980,Indicadores_ocupabilidad_2024.csv,2024-04-01,11.84,14.75,0.8660254037844387,-0.4999999999999998,17.76,26.42,23.1,34455.0,59209.0,931.0,22.426666666666666,0,60
20260330,2024,5,TT,TODAS CONSOLIDADAS,TT,TODAS CONSOLIDADAS,TACNA,230000,518,6367,12338,14.75,10.26,1.33,1.31,1.39,31720,20624,11096,45911,28607,17304,975,Indicadores_ocupabilidad_2024.csv,2024-05-01,14.75,13.88,0.49999999999999994,-0.8660254037844387,11.84,17.76,26.42,26691.0,44360.0,980.0,18.673333333333336,0,61
20260330,2024,6,TT,TODAS CONSOLIDADAS,TT,TODAS CONSOLIDADAS,TACNA,230000,519,6394,12400,13.88,10.32,1.3,1.25,1.38,32257,18443,13814,46741,25229,21512,982,Indicadores_ocupabilidad_2024.csv,2024-06-01,13.88,17.47,1.2246467991473532e-16,-1.0,14.75,11.84,17.76,31720.0,45911.0,975.0,14.783333333333333,0,62
20260330,2024,7,TT,TODAS CONSOLIDADAS,TT,TODAS CONSOLIDADAS,TACNA,230000,519,6394,11917,17.47,14.81,1.35,1.33,1.39,46000,25013,20987,68067,36055,32012,973,Indicadores_ocupabilidad_2024.csv,2024-07-01,17.47,15.27,-0.4999999999999997,-0.8660254037844388,13.88,14.75,11.84,32257.0,46741.0,982.0,13.49,0,63
20260330,2024,8,TT,TODAS CONSOLIDADAS,TT,TODAS CONSOLIDADAS,TACNA,230000,519,6385,11900,15.27,11.85,1.28,1.25,1.32,38723,22451,16272,55358,31182,24176,955,Indicadores_ocupabilidad_2024.csv,2024-08-01,15.27,14.86,-0.8660254037844384,-0.5000000000000004,17.47,13.88,14.75,46000.0,68067.0,973.0,15.366666666666665,0,64
20260330,2024,9,TT,TODAS CONSOLIDADAS,TT,TODAS CONSOLIDADAS,TACNA,230000,519,6386,11868,14.86,14.75,1.53,1.31,1.69,37637,16871,20766,60752,24641,36111,955,Indicadores_ocupabilidad_2024.csv,2024-09-01,14.86,10.96,-1.0,-1.8369701987210297e-16,15.27,17.47,13.88,38723.0,55358.0,955.0,15.54,0,65
20260330,2024,10,TT,TODAS CONSOLIDADAS,TT,TODAS CONSOLIDADAS,TACNA,230000,518,6373,11825,10.96,10.02,1.3,1.25,1.39,32889,19107,13782,46432,25733,20699,937,Indicadores_ocupabilidad_2024.csv,2024-10-01,10.96,11.96,-0.8660254037844386,0.5000000000000001,14.86,15.27,17.47,37637.0,60752.0,955.0,15.866666666666665,0,66
20260330,2024,11,TT,TODAS CONSOLIDADAS,TT,TODAS CONSOLIDADAS,TACNA,230000,519,6361,11824,11.96,10.53,1.32,1.25,1.43,33357,18352,15005,49250,25374,23876,938,Indicadores_ocupabilidad_2024.csv,2024-11-01,11.96,12.6,-0.5000000000000004,0.8660254037844384,10.96,14.86,15.27,32889.0,46432.0,937.0,13.696666666666665,0,67
,2019,4,TT,TODAS CONSOLIDADAS,TT,TODAS CONSOLIDADAS,TUMBES,240000,225,3607,7675,21.2,17.22,1.48,1.52,1.38,29664,20822,8842,52349,36981,15368,1253,Indicadores_ocupabilidad_2019.csv,2019-04-01,21.2,20.52,0.8660254037844387,-0.4999999999999998,21.34,23.39,22.19,30901.0,60435.0,1238.0,22.30666666666667,0,0
,2019,5,TT,TODAS CONSOLIDADAS,TT,TODAS CONSOLIDADAS,TUMBES,240000,224,3566,7635,20.52,17.02,1.45,1.46,1.42,30455,21465,8990,52997,38380,14617,1237,Indicadores_ocupabilidad_2019.csv,2019-05-01,20.52,22.54,0.49999999999999994,-0.8660254037844387,21.2,21.34,23.39,29664.0,52349.0,1253.0,21.97666666666667,0,1
,2019,6,TT,TODAS CONSOLIDADAS,TT,TODAS CONSOLIDADAS,TUMBES,240000,225,3573,7647,22.54,19.16,1.45,1.46,1.44,31221,23435,7786,52300,39764,12536,1240,Indicadores_ocupabilidad_2019.csv,2019-06-01,22.54,25.08,1.2246467991473532e-16,-1.0,20.52,21.2,21.34,30455.0,52997.0,1237.0,21.02,0,2
,2019,7,TT,TODAS CONSOLIDADAS,TT,TODAS CONSOLIDADAS,TUMBES,240000,225,3586,7698,25.08,23.09,1.62,1.63,1.58,37169,28720,8449,73461,56018,17443,1330,Indicadores_ocupabilidad_2019.csv,2019-07-01,25.08,26.36,-0.4999999999999997,-0.8660254037844388,22.54,20.52,21.2,31221.0,52300.0,1240.0,21.419999999999998,0,3
,2019,8,TT,TODAS CONSOLIDADAS,TT,TODAS CONSOLIDADAS,TUMBES,240000,225,3577,7662,26.36,22.36,1.51,1.51,1.5,39758,26895,12863,74282,48356,25926,1324,Indicadores_ocupabilidad_2019.csv,2019-08-01,26.36,22.17,-0.8660254037844384,-0.5000000000000004,25.08,22.54,20.52,37169.0,73461.0,1330.0,22.713333333333328,0,4
,2019,9,TT,TODAS CONSOLIDADAS,TT,TODAS CONSOLIDADAS,TUMBES,240000,225,3592,7657,22.17,19.04,1.53,1.55,1.43,31092,24764,6328,56339,43890,12449,1246,Indicadores_ocupabilidad_2019.csv,2019-09-01,22.17,24.57,-1.0,-1.8369701987210297e-16,26.36,25.08,22.54,39758.0,74282.0,1324.0,24.659999999999997,0,5
,2019,10,TT,TODAS CONSOLIDADAS,TT,TODAS CONSOLIDADAS,TUMBES,240000,227,3598,7606,24.57,21.9,1.59,1.6,1.52,36742,31531,5211,69055,60005,9050,1233,Indicadores_ocupabilidad_2019.csv,2019-10-01,24.57,27.41,-0.8660254037844386,0.5000000000000001,22.17,26.36,25.08,31092.0,56339.0,1246.0,24.536666666666665,0,6
,2019,11,TT,TODAS CONSOLIDADAS,TT,TODAS CONSOLIDADAS,TUMBES,240000,227,3621,7663,27.41,22.34,1.52,1.55,1.41,37310,28936,8374,67269,53005,14264,1235,Indicadores_ocupabilidad_2019.csv,2019-11-01,27.41,25.49,-0.5000000000000004,0.8660254037844384,24.57,22.17,26.36,36742.0,69055.0,1233.0,24.366666666666664,0,7
,2019,12,TT,TODAS CONSOLIDADAS,TT,TODAS CONSOLIDADAS,TUMBES,240000,227,3612,7645,25.49,21.4,1.51,1.53,1.45,37951,29757,8194,70863,55276,15587,1255,Indicadores_ocupabilidad_2019.csv,2019-12-01,25.49,23.91,-2.4492935982947064e-16,1.0,27.41,24.57,22.17,37310.0,67269.0,1235.0,24.71666666666667,0,8
,2020,1,TT,TODAS CONSOLIDADAS,TT,TODAS CONSOLIDADAS,TUMBES,240000,248,3769,7753,23.91,21.01,1.49,1.42,1.73,40028,31387,8641,75070,57374,17696,1159,Indicadores_ocupabilidad_2020.csv,2020-01-01,23.91,21.57,0.49999999999999994,0.8660254037844387,25.49,27.41,24.57,37951.0,70863.0,1255.0,25.823333333333334,1,9
,2020,2,TT,TODAS CONSOLIDADAS,TT,TODAS CONSOLIDADAS,TUMBES,240000,246,3751,7687,21.57,19.29,1.71,1.71,1.71,33829,26602,7227,70322,53920,16402,1040,Indicadores_ocupabilidad_2020.csv,2020-02-01,21.57,8.37,0.8660254037844386,0.5000000000000001,23.91,25.49,27.41,40028.0,75070.0,1159.0,25.603333333333335,1,10
,2020,3,TT,TODAS CONSOLIDADAS,TT,TODAS CONSOLIDADAS,TUMBES,240000,244,3715,7565,8.37,6.18,1.91,1.97,1.64,12143,9832,2311,25744,20477,5267,989,Indicadores_ocupabilidad_2020.csv,2020-03-01,8.37,10.1,1.0,6.123233995736766e-17,21.57,23.91,25.49,33829.0,70322.0,1040.0,23.656666666666666,1,11
,2020,4,TT,TODAS CONSOLIDADAS,TT,TODAS CONSOLIDADAS,TUMBES,240000,6,90,164,10.1,8.24,1.25,1.39,0.83,324,229,95,403,308,95,14,Indicadores_ocupabilidad_2020.csv,2020-04-01,10.1,22.41,0.8660254037844387,-0.4999999999999998,8.37,21.57,23.91,12143.0,25744.0,989.0,17.95,1,12
,2020,5,TT,TODAS CONSOLIDADAS,TT,TODAS CONSOLIDADAS,TUMBES,240000,13,376,706,22.41,23.77,0.48,1.22,0.46,2648,69,2579,2762,182,2580,12,Indicadores_ocupabilidad_2020.csv,2020-05-01,22.41,18.35,0.49999999999999994,-0.8660254037844387,10.1,8.37,21.57,324.0,403.0,14.0,13.346666666666666,1,13
,2020,6,TT,TODAS CONSOLIDADAS,TT,TODAS CONSOLIDADAS,TUMBES,240000,15,433,820,18.35,19.81,0.65,2.18,0.48,2143,56,2087,2383,236,2147,34,Indicadores_ocupabilidad_2020.csv,2020-06-01,18.35,8.36,1.2246467991473532e-16,-1.0,22.41,10.1,8.37,2648.0,2762.0,12.0,13.626666666666665,1,14
,2020,7,TT,TODAS CONSOLIDADAS,TT,TODAS CONSOLIDADAS,TUMBES,240000,126,1890,3703,8.36,8.02,2.19,3.22,1.65,3281,1189,2092,7834,3779,4055,213,Indicadores_ocupabilidad_2020.csv,2020-07-01,8.36,15.74,-0.4999999999999997,-0.8660254037844388,18.35,22.41,10.1,2143.0,2383.0,34.0,16.953333333333333,1,15
,2020,8,TT,TODAS CONSOLIDADAS,TT,TODAS CONSOLIDADAS,TUMBES,240000,133,2057,4024,15.74,14.54,3.23,4.83,1.66,4614,2321,2293,15346,10749,4597,270,Indicadores_ocupabilidad_2020.csv,2020-08-01,15.74,12.05,-0.8660254037844384,-0.5000000000000004,8.36,18.35,22.41,3281.0,7834.0,213.0,16.373333333333335,1,16
,2020,9,TT,TODAS CONSOLIDADAS,TT,TODAS CONSOLIDADAS,TUMBES,240000,147,2306,4522,12.05,8.47,1.7,1.72,1.17,6443,5516,927,11498,10179,1319,251,Indicadores_ocupabilidad_2020.csv,2020-09-01,12.05,17.52,-1.0,-1.8369701987210297e-16,15.74,8.36,18.35,4614.0,15346.0,270.0,14.15,1,17
,2020,10,TT,TODAS CONSOLIDADAS,TT,TODAS CONSOLIDADAS,TUMBES,240000,149,2471,4851,17.52,14.5,2.07,2.08,1.57,10823,9635,1188,19800,17835,1965,401,Indicadores_ocupabilidad_2020.csv,2020-10-01,17.52,19.93,-0.8660254037844386,0.5000000000000001,12.05,15.74,8.36,6443.0,11498.0,251.0,12.049999999999999,1,18
,2020,11,TT,TODAS CONSOLIDADAS,TT,TODAS CONSOLIDADAS,TUMBES,240000,151,2903,5967,19.93,15.44,1.62,1.64,1.38,18035,16818,1217,34334,32501,1833,756,Indicadores_ocupabilidad_2020.csv,2020-11-01,19.93,23.04,-0.5000000000000004,0.8660254037844384,17.52,12.05,15.74,10823.0,19800.0,401.0,15.103333333333333,1,19
,2020,12,TT,TODAS CONSOLIDADAS,TT,TODAS CONSOLIDADAS,TUMBES,240000,155,2971,5866,23.04,19.27,1.85,1.87,1.85,21125,20198,927,43849,42322,1527,831,Indicadores_ocupabilidad_2020.csv,2020-12-01,23.04,19.63,-2.4492935982947064e-16,1.0,19.93,17.52,12.05,18035.0,34334.0,756.0,16.5,1,20
,2021,1,TT,TODAS CONSOLIDADAS,TT,TODAS CONSOLIDADAS,TUMBES,240000,237,3426,6790,19.63,17.79,1.66,1.67,1.31,24640,24146,494,47484,46723,761,967,Indicadores_ocupabilidad_2021.csv,2021-01-01,19.63,24.66,0.49999999999999994,0.8660254037844387,23.04,19.93,17.52,21125.0,43849.0,831.0,20.163333333333334,0,21
,2021,2,TT,TODAS CONSOLIDADAS,TT,TODAS CONSOLIDADAS,TUMBES,240000,236,3428,6782,24.66,24.44,2.44,2.47,1.28,18943,18494,449,46443,45736,707,929,Indicadores_ocupabilidad_2021.csv,2021-02-01,24.66,17.6,0.8660254037844386,0.5000000000000001,19.63,23.04,19.93,24640.0,47484.0,967.0,20.866666666666664,0,22
,2021,3,TT,TODAS CONSOLIDADAS,TT,TODAS CONSOLIDADAS,TUMBES,240000,235,3437,6794,17.6,15.98,1.68,1.68,1.32,21450,21136,314,40941,40449,492,894,Indicadores_ocupabilidad_2021.csv,2021-03-01,17.6,21.29,1.0,6.123233995736766e-17,24.66,19.63,23.04,18943.0,46443.0,929.0,22.44333333333333,0,23
,2021,4,TT,TODAS CONSOLIDADAS,TT,TODAS CONSOLIDADAS,TUMBES,240000,233,3416,6726,21.29,18.36,1.52,1.53,1.16,23099,22465,634,39091,38264,827,885,Indicadores_ocupabilidad_2021.csv,2021-04-01,21.29,22.65,0.8660254037844387,-0.4999999999999998,17.6,24.66,19.63,21450.0,40941.0,894.0,20.63,0,24
,2021,5,TT,TODAS CONSOLIDADAS,TT,TODAS CONSOLIDADAS,TUMBES,240000,233,3416,6726,22.65,19.01,1.68,1.71,1.09,23938,22834,1104,44812,43467,1345,857,Indicadores_ocupabilidad_2021.csv,2021-05-01,22.65,17.45,0.49999999999999994,-0.8660254037844387,21.29,17.6,24.66,23099.0,39091.0,885.0,21.183333333333334,0,25
,2021,6,TT,TODAS CONSOLIDADAS,TT,TODAS CONSOLIDADAS,TUMBES,240000,234,3418,6727,17.45,14.61,2.21,2.21,1.18,16914,16683,231,39970,39489,481,887,Indicadores_ocupabilidad_2021.csv,2021-06-01,17.45,23.14,1.2246467991473532e-16,-1.0,22.65,21.29,17.6,23938.0,44812.0,857.0,20.513333333333332,0,26
,2021,7,TT,TODAS CONSOLIDADAS,TT,TODAS CONSOLIDADAS,TUMBES,240000,239,3532,7004,23.14,20.88,2.25,2.25,2.29,25115,24868,247,58216,57666,550,998,Indicadores_ocupabilidad_2021.csv,2021-07-01,23.14,24.54,-0.4999999999999997,-0.8660254037844388,17.45,22.65,21.29,16914.0,39970.0,887.0,20.463333333333335,0,27
,2021,8,TT,TODAS CONSOLIDADAS,TT,TODAS CONSOLIDADAS,TUMBES,240000,238,3512,6991,24.54,19.63,2.29,2.3,1.71,26232,25631,601,59828,58653,1175,997,Indicadores_ocupabilidad_2021.csv,2021-08-01,24.54,26.08,-0.8660254037844384,-0.5000000000000004,23.14,17.45,22.65,25115.0,58216.0,998.0,21.08,0,28
,2021,9,TT,TODAS CONSOLIDADAS,TT,TODAS CONSOLIDADAS,TUMBES,240000,237,3470,6906,26.08,19.61,2.39,2.39,1.8,27841,27141,700,59742,58443,1299,1007,Indicadores_ocupabilidad_2021.csv,2021-09-01,26.08,23.81,-1.0,-1.8369701987210297e-16,24.54,23.14,17.45,26232.0,59828.0,997.0,21.709999999999997,0,29
,2021,10,TT,TODAS CONSOLIDADAS,TT,TODAS CONSOLIDADAS,TUMBES,240000,238,3492,6969,23.81,17.48,2.18,2.18,1.53,31223,30473,750,66978,65643,1335,1016,Indicadores_ocupabilidad_2021.csv,2021-10-01,23.81,24.59,-0.8660254037844386,0.5000000000000001,26.08,24.54,23.14,27841.0,59742.0,1007.0,24.586666666666662,0,30
,2021,11,TT,TODAS CONSOLIDADAS,TT,TODAS CONSOLIDADAS,TUMBES,240000,239,3519,7017,24.59,18.33,3.33,3.33,1.89,27935,27242,693,65129,63529,1600,1135,Indicadores_ocupabilidad_2021.csv,2021-11-01,24.59,24.93,-0.5000000000000004,0.8660254037844384,23.81,26.08,24.54,31223.0,66978.0,1016.0,24.81,0,31
,2021,12,TT,TODAS CONSOLIDADAS,TT,TODAS CONSOLIDADAS,TUMBES,240000,239,3535,7059,24.93,19.06,3.68,3.68,2.05,28380,27643,737,70082,68351,1731,936,Indicadores_ocupabilidad_2021.csv,2021-12-01,24.93,24.05,-2.4492935982947064e-16,1.0,24.59,23.81,26.08,27935.0,65129.0,1135.0,24.826666666666668,0,32
,2022,1,TT,TODAS CONSOLIDADAS,TT,TODAS CONSOLIDADAS,TUMBES,240000,252,3641,7576,24.05,18.85,2.36,2.36,2.1,29959,28888,1071,70786,67661,3125,1258,Indicadores_ocupabilidad_2022.csv,2022-01-01,24.05,32.17,0.49999999999999994,0.8660254037844387,24.93,24.59,23.81,28380.0,70082.0,936.0,24.44333333333333,0,33
,2022,2,TT,TODAS CONSOLIDADAS,TT,TODAS CONSOLIDADAS,TUMBES,240000,252,3640,7579,32.17,24.77,2.49,2.49,2.04,31828,30443,1385,76695,73544,3151,1233,Indicadores_ocupabilidad_2022.csv,2022-02-01,32.17,22.08,0.8660254037844386,0.5000000000000001,24.05,24.93,24.59,29959.0,70786.0,1258.0,24.52333333333333,0,34
,2022,3,TT,TODAS CONSOLIDADAS,TT,TODAS CONSOLIDADAS,TUMBES,240000,253,3661,7591,22.08,17.6,2.18,2.17,2.1,28536,26842,1694,65079,61332,3747,1235,Indicadores_ocupabilidad_2022.csv,2022-03-01,22.08,21.17,1.0,6.123233995736766e-17,32.17,24.05,24.93,31828.0,76695.0,1233.0,27.05,0,35
,2022,4,TT,TODAS CONSOLIDADAS,TT,TODAS CONSOLIDADAS,TUMBES,240000,254,3672,7602,21.17,15.22,2.34,2.33,2.37,23049,20408,2641,54672,48675,5997,1192,Indicadores_ocupabilidad_2022.csv,2022-04-01,21.17,14.81,0.8660254037844387,-0.4999999999999998,22.08,32.17,24.05,28536.0,65079.0,1235.0,26.100000000000005,0,36
,2022,5,TT,TODAS CONSOLIDADAS,TT,TODAS CONSOLIDADAS,TUMBES,240000,252,3639,7497,14.81,11.1,2.34,2.34,1.75,19333,17176,2157,50384,45857,4527,1147,Indicadores_ocupabilidad_2022.csv,2022-05-01,14.81,16.58,0.49999999999999994,-0.8660254037844387,21.17,22.08,32.17,23049.0,54672.0,1192.0,25.14,0,37
,2022,6,TT,TODAS CONSOLIDADAS,TT,TODAS CONSOLIDADAS,TUMBES,240000,253,3643,7503,16.58,12.11,2.47,2.38,2.78,17392,15464,1928,44383,39293,5090,1097,Indicadores_ocupabilidad_2022.csv,2022-06-01,16.58,23.2,1.2246467991473532e-16,-1.0,14.81,21.17,22.08,19333.0,50384.0,1147.0,19.353333333333335,0,38
,2022,7,TT,TODAS CONSOLIDADAS,TT,TODAS CONSOLIDADAS,TUMBES,240000,254,3670,7615,23.2,17.34,2.63,2.62,2.33,24977,22090,2887,65138,57720,7418,1248,Indicadores_ocupabilidad_2022.csv,2022-07-01,23.2,20.01,-0.4999999999999997,-0.8660254037844388,16.58,14.81,21.17,17392.0,44383.0,1097.0,17.52,0,39
,2022,8,TT,TODAS CONSOLIDADAS,TT,TODAS CONSOLIDADAS,TUMBES,240000,254,3671,7610,20.01,15.61,2.38,2.37,2.32,27009,21178,5831,66583,52425,14158,1218,Indicadores_ocupabilidad_2022.csv,2022-08-01,20.01,16.41,-0.8660254037844384,-0.5000000000000004,23.2,16.58,14.81,24977.0,65138.0,1248.0,18.19666666666667,0,40
,2022,9,TT,TODAS CONSOLIDADAS,TT,TODAS CONSOLIDADAS,TUMBES,240000,253,3650,7540,16.41,12.38,2.73,2.71,2.6,18922,16031,2891,48218,41431,6787,1182,Indicadores_ocupabilidad_2022.csv,2022-09-01,16.41,19.09,-1.0,-1.8369701987210297e-16,20.01,23.2,16.58,27009.0,66583.0,1218.0,19.93,0,41
,2022,10,TT,TODAS CONSOLIDADAS,TT,TODAS CONSOLIDADAS,TUMBES,240000,254,3667,7570,19.09,15.73,2.47,2.45,2.56,25646,23440,2206,66214,60929,5285,1175,Indicadores_ocupabilidad_2022.csv,2022-10-01,19.09,19.2,-0.8660254037844386,0.5000000000000001,16.41,20.01,23.2,18922.0,48218.0,1182.0,19.873333333333335,0,42
,2022,11,TT,TODAS CONSOLIDADAS,TT,TODAS CONSOLIDADAS,TUMBES,240000,255,3700,7612,19.2,13.25,2.41,2.43,1.86,21725,18226,3499,51528,44237,7291,1180,Indicadores_ocupabilidad_2022.csv,2022-11-01,19.2,16.02,-0.5000000000000004,0.8660254037844384,19.09,16.41,20.01,25646.0,66214.0,1175.0,18.503333333333334,0,43
,2022,12,TT,TODAS CONSOLIDADAS,TT,TODAS CONSOLIDADAS,TUMBES,240000,255,3699,7611,16.02,12.88,3.26,3.25,2.07,21447,18868,2579,54964,48653,6311,1098,Indicadores_ocupabilidad_2022.csv,2022-12-01,16.02,26.71,-2.4492935982947064e-16,1.0,19.2,19.09,16.41,21725.0,51528.0,1180.0,18.233333333333334,0,44
,2023,1,TT,TODAS CONSOLIDADAS,TT,TODAS CONSOLIDADAS,TUMBES,240000,272,3678,7472,26.71,21.01,2.07,2.05,2.24,31976,28852,3124,75457,67518,7939,1226,Indicadores_ocupabilidad_2023.csv,2023-01-01,26.71,31.9,0.49999999999999994,0.8660254037844387,16.02,19.2,19.09,21447.0,54964.0,1098.0,18.103333333333335,0,45
,2023,2,TT,TODAS CONSOLIDADAS,TT,TODAS CONSOLIDADAS,TUMBES,240000,271,3666,7424,31.9,22.55,1.88,1.86,2.07,32885,29572,3313,73058,64687,8371,1246,Indicadores_ocupabilidad_2023.csv,2023-02-01,31.9,19.02,0.8660254037844386,0.5000000000000001,26.71,16.02,19.2,31976.0,75457.0,1226.0,20.643333333333334,0,46
,2023,3,TT,TODAS CONSOLIDADAS,TT,TODAS CONSOLIDADAS,TUMBES,240000,273,3683,7481,19.02,12.02,1.71,1.69,1.82,22740,19945,2795,47977,41988,5989,1352,Indicadores_ocupabilidad_2023.csv,2023-03-01,19.02,16.34,1.0,6.123233995736766e-17,31.9,26.71,16.02,32885.0,73058.0,1246.0,24.876666666666665,0,47
,2023,4,TT,TODAS CONSOLIDADAS,TT,TODAS CONSOLIDADAS,TUMBES,240000,267,3535,7130,16.34,10.57,1.62,1.59,1.74,17948,14281,3667,35966,28812,7154,1166,Indicadores_ocupabilidad_2023.csv,2023-04-01,16.34,17.3,0.8660254037844387,-0.4999999999999998,19.02,31.9,26.71,22740.0,47977.0,1352.0,25.876666666666665,0,48
,2023,5,TT,TODAS CONSOLIDADAS,TT,TODAS CONSOLIDADAS,TUMBES,240000,267,3543,7146,17.3,11.19,1.76,1.7,1.93,18254,15202,3052,38840,32628,6212,1132,Indicadores_ocupabilidad_2023.csv,2023-05-01,17.3,16.75,0.49999999999999994,-0.8660254037844387,16.34,19.02,31.9,17948.0,35966.0,1166.0,22.419999999999998,0,49
,2023,6,TT,TODAS CONSOLIDADAS,TT,TODAS CONSOLIDADAS,TUMBES,240000,267,3543,7146,16.75,10.96,1.66,1.66,1.61,16190,13675,2515,31766,26662,5104,1124,Indicadores_ocupabilidad_2023.csv,2023-06-01,16.75,28.82,1.2246467991473532e-16,-1.0,17.3,16.34,19.02,18254.0,38840.0,1132.0,17.55333333333333,0,50
,2023,7,TT,TODAS CONSOLIDADAS,TT,TODAS CONSOLIDADAS,TUMBES,240000,268,3599,7263,28.82,22.07,1.9,1.86,2.11,29916,24444,5472,64790,51819,12971,1175,Indicadores_ocupabilidad_2023.csv,2023-07-01,28.82,30.83,-0.4999999999999997,-0.8660254037844388,16.75,17.3,16.34,16190.0,31766.0,1124.0,16.796666666666667,0,51
,2023,8,TT,TODAS CONSOLIDADAS,TT,TODAS CONSOLIDADAS,TUMBES,240000,268,3599,7259,30.83,22.19,1.89,1.76,2.43,30934,21983,8951,66820,44538,22282,1164,Indicadores_ocupabilidad_2023.csv,2023-08-01,30.83,23.82,-0.8660254037844384,-0.5000000000000004,28.82,16.75,17.3,29916.0,64790.0,1175.0,20.956666666666667,0,52
,2023,9,TT,TODAS CONSOLIDADAS,TT,TODAS CONSOLIDADAS,TUMBES,240000,268,3598,7263,23.82,15.94,1.76,1.71,2.08,22405,18484,3921,45258,36606,8652,1121,Indicadores_ocupabilidad_2023.csv,2023-09-01,23.82,25.9,-1.0,-1.8369701987210297e-16,30.83,28.82,16.75,30934.0,66820.0,1164.0,25.46666666666667,0,53
,2023,10,TT,TODAS CONSOLIDADAS,TT,TODAS CONSOLIDADAS,TUMBES,240000,267,3585,7227,25.9,18.47,1.97,1.92,2.44,27040,24058,2982,59960,52710,7250,1192,Indicadores_ocupabilidad_2023.csv,2023-10-01,25.9,29.67,-0.8660254037844386,0.5000000000000001,23.82,30.83,28.82,22405.0,45258.0,1121.0,27.823333333333334,0,54
,2023,11,TT,TODAS CONSOLIDADAS,TT,TODAS CONSOLIDADAS,TUMBES,240000,267,3587,7227,29.67,18.39,1.79,1.68,2.41,25542,20854,4688,51796,40810,10986,1148,Indicadores_ocupabilidad_2023.csv,2023-11-01,29.67,28.3,-0.5000000000000004,0.8660254037844384,25.9,23.82,30.83,27040.0,59960.0,1192.0,26.849999999999998,0,55
,2023,12,TT,TODAS CONSOLIDADAS,TT,TODAS CONSOLIDADAS,TUMBES,240000,267,3600,7233,28.3,23.38,2.49,2.21,3.45,26751,21766,4985,66880,51746,15134,1127,Indicadores_ocupabilidad_2023.csv,2023-12-01,28.3,18.38,-2.4492935982947064e-16,1.0,29.67,25.9,23.82,25542.0,51796.0,1148.0,26.463333333333335,0,56
20260330,2024,1,TT,TODAS CONSOLIDADAS,TT,TODAS CONSOLIDADAS,TUMBES,240000,282,3758,7567,18.38,18.03,1.64,1.63,1.86,32605,29810,2795,68914,61869,7045,1163,Indicadores_ocupabilidad_2024.csv,2024-01-01,18.38,18.9,0.49999999999999994,0.8660254037844387,28.3,29.67,25.9,26751.0,66880.0,1127.0,27.956666666666667,0,57
20260330,2024,2,TT,TODAS CONSOLIDADAS,TT,TODAS CONSOLIDADAS,TUMBES,240000,283,3740,7520,18.9,18.6,1.67,1.63,2.07,30738,26832,3906,66421,56475,9946,1195,Indicadores_ocupabilidad_2024.csv,2024-02-01,18.9,15.72,0.8660254037844386,0.5000000000000001,18.38,28.3,29.67,32605.0,68914.0,1163.0,25.45,0,58
20260330,2024,3,TT,TODAS CONSOLIDADAS,TT,TODAS CONSOLIDADAS,TUMBES,240000,283,3744,7539,15.72,14.95,1.67,1.67,1.61,27072,23193,3879,54342,45972,8370,1191,Indicadores_ocupabilidad_2024.csv,2024-03-01,15.72,12.84,1.0,6.123233995736766e-17,18.9,18.38,28.3,30738.0,66421.0,1195.0,21.86,0,59
20260330,2024,4,TT,TODAS CONSOLIDADAS,TT,TODAS CONSOLIDADAS,TUMBES,240000,284,3754,7564,12.84,11.17,1.52,1.51,1.59,20746,16961,3785,39210,31592,7618,1168,Indicadores_ocupabilidad_2024.csv,2024-04-01,12.84,13.28,0.8660254037844387,-0.4999999999999998,15.72,18.9,18.38,27072.0,54342.0,1191.0,17.666666666666668,0,60
20260330,2024,5,TT,TODAS CONSOLIDADAS,TT,TODAS CONSOLIDADAS,TUMBES,240000,284,3753,7562,13.28,11.91,1.5,1.51,1.4,23261,20335,2926,45169,39310,5859,1130,Indicadores_ocupabilidad_2024.csv,2024-05-01,13.28,14.52,0.49999999999999994,-0.8660254037844387,12.84,15.72,18.9,20746.0,39210.0,1168.0,15.82,0,61
20260330,2024,6,TT,TODAS CONSOLIDADAS,TT,TODAS CONSOLIDADAS,TUMBES,240000,284,3759,7565,14.52,11.52,1.63,1.6,2.06,19623,16391,3232,40161,31855,8306,1102,Indicadores_ocupabilidad_2024.csv,2024-06-01,14.52,16.88,1.2246467991473532e-16,-1.0,13.28,12.84,15.72,23261.0,45169.0,1130.0,13.946666666666667,0,62
20260330,2024,7,TT,TODAS CONSOLIDADAS,TT,TODAS CONSOLIDADAS,TUMBES,240000,284,3750,7549,16.88,15.5,1.67,1.65,1.92,28403,23657,4746,60860,49223,11637,1158,Indicadores_ocupabilidad_2024.csv,2024-07-01,16.88,20.12,-0.4999999999999997,-0.8660254037844388,14.52,13.28,12.84,19623.0,40161.0,1102.0,13.546666666666667,0,63
20260330,2024,8,TT,TODAS CONSOLIDADAS,TT,TODAS CONSOLIDADAS,TUMBES,240000,285,3774,7596,20.12,17.65,1.65,1.58,2.11,32819,24102,8717,68607,47835,20772,1172,Indicadores_ocupabilidad_2024.csv,2024-08-01,20.12,15.5,-0.8660254037844384,-0.5000000000000004,16.88,14.52,13.28,28403.0,60860.0,1158.0,14.89333333333333,0,64
20260330,2024,9,TT,TODAS CONSOLIDADAS,TT,TODAS CONSOLIDADAS,TUMBES,240000,285,3772,7600,15.5,14.04,1.62,1.59,1.8,26217,22516,3701,51764,44085,7679,1178,Indicadores_ocupabilidad_2024.csv,2024-09-01,15.5,18.16,-1.0,-1.8369701987210297e-16,20.12,16.88,14.52,32819.0,68607.0,1172.0,17.173333333333332,0,65
20260330,2024,10,TT,TODAS CONSOLIDADAS,TT,TODAS CONSOLIDADAS,TUMBES,240000,284,3760,7570,18.16,14.94,1.61,1.59,1.64,28697,25591,3106,58092,52066,6026,1156,Indicadores_ocupabilidad_2024.csv,2024-10-01,18.16,18.9,-0.8660254037844386,0.5000000000000001,15.5,20.12,16.88,26217.0,51764.0,1178.0,17.5,0,66
20260330,2024,11,TT,TODAS CONSOLIDADAS,TT,TODAS CONSOLIDADAS,TUMBES,240000,285,3773,7613,18.9,14.3,1.6,1.58,1.78,24894,20900,3994,50160,41844,8316,1161,Indicadores_ocupabilidad_2024.csv,2024-11-01,18.9,18.35,-0.5000000000000004,0.8660254037844384,18.16,15.5,20.12,28697.0,58092.0,1156.0,17.926666666666666,0,67
,2019,4,TT,TODAS CONSOLIDADAS,TT,TODAS CONSOLIDADAS,UCAYALI,250000,506,6746,10367,25.14,20.86,1.7,1.69,1.79,37349,36307,1042,65488,63449,2039,1417,Indicadores_ocupabilidad_2019.csv,2019-04-01,25.14,24.11,0.8660254037844387,-0.4999999999999998,23.39,24.24,22.37,38289.0,65766.0,1406.0,23.333333333333332,0,0
,2019,5,TT,TODAS CONSOLIDADAS,TT,TODAS CONSOLIDADAS,UCAYALI,250000,491,6668,10231,24.11,20.98,1.72,1.72,1.88,37971,36755,1216,67397,64969,2428,1403,Indicadores_ocupabilidad_2019.csv,2019-05-01,24.11,26.7,0.49999999999999994,-0.8660254037844387,25.14,23.39,24.24,37349.0,65488.0,1417.0,24.256666666666664,0,1
,2019,6,TT,TODAS CONSOLIDADAS,TT,TODAS CONSOLIDADAS,UCAYALI,250000,494,6692,10279,26.7,23.69,1.64,1.64,1.84,42687,41342,1345,72451,69812,2639,1378,Indicadores_ocupabilidad_2019.csv,2019-06-01,26.7,23.47,1.2246467991473532e-16,-1.0,24.11,25.14,23.39,37971.0,67397.0,1403.0,24.213333333333335,0,2
,2019,7,TT,TODAS CONSOLIDADAS,TT,TODAS CONSOLIDADAS,UCAYALI,250000,494,6702,10329,23.47,21.05,1.8,1.79,1.85,37569,36243,1326,69997,67205,2792,1407,Indicadores_ocupabilidad_2019.csv,2019-07-01,23.47,30.63,-0.4999999999999997,-0.8660254037844388,26.7,24.11,25.14,42687.0,72451.0,1378.0,25.316666666666666,0,3
,2019,8,TT,TODAS CONSOLIDADAS,TT,TODAS CONSOLIDADAS,UCAYALI,250000,495,6672,10312,30.63,26.04,1.62,1.61,1.91,49935,48662,1273,84030,81179,2851,1420,Indicadores_ocupabilidad_2019.csv,2019-08-01,30.63,27.31,-0.8660254037844384,-0.5000000000000004,23.47,26.7,24.11,37569.0,69997.0,1407.0,24.76,0,4
,2019,9,TT,TODAS CONSOLIDADAS,TT,TODAS CONSOLIDADAS,UCAYALI,250000,497,6644,10234,27.31,23.63,1.73,1.72,1.9,41253,39699,1554,72497,69523,2974,1444,Indicadores_ocupabilidad_2019.csv,2019-09-01,27.31,26.11,-1.0,-1.8369701987210297e-16,30.63,23.47,26.7,49935.0,84030.0,1420.0,26.933333333333334,0,5
,2019,10,TT,TODAS CONSOLIDADAS,TT,TODAS CONSOLIDADAS,UCAYALI,250000,496,6714,10366,26.11,23.11,1.78,1.78,1.87,41879,39891,1988,76870,73014,3856,1458,Indicadores_ocupabilidad_2019.csv,2019-10-01,26.11,23.95,-0.8660254037844386,0.5000000000000001,27.31,30.63,23.47,41253.0,72497.0,1444.0,27.136666666666667,0,6
,2019,11,TT,TODAS CONSOLIDADAS,TT,TODAS CONSOLIDADAS,UCAYALI,250000,497,6761,10460,23.95,20.84,1.93,1.93,1.82,34483,32739,1744,66902,63314,3588,1465,Indicadores_ocupabilidad_2019.csv,2019-11-01,23.95,24.24,-0.5000000000000004,0.8660254037844384,26.11,27.31,30.63,41879.0,76870.0,1458.0,28.016666666666666,0,7
,2019,12,TT,TODAS CONSOLIDADAS,TT,TODAS CONSOLIDADAS,UCAYALI,250000,497,6770,10465,24.24,20.75,1.72,1.72,1.93,38787,37468,1319,68409,65610,2799,1460,Indicadores_ocupabilidad_2019.csv,2019-12-01,24.24,26.86,-2.4492935982947064e-16,1.0,23.95,26.11,27.31,34483.0,66902.0,1465.0,25.790000000000003,0,8
,2020,1,TT,TODAS CONSOLIDADAS,TT,TODAS CONSOLIDADAS,UCAYALI,250000,508,6683,10417,26.86,22.49,2.09,2.1,1.96,33875,32249,1626,71755,68311,3444,1416,Indicadores_ocupabilidad_2020.csv,2020-01-01,26.86,21.52,0.49999999999999994,0.8660254037844387,24.24,23.95,26.11,38787.0,68409.0,1460.0,24.766666666666666,1,9
,2020,2,TT,TODAS CONSOLIDADAS,TT,TODAS CONSOLIDADAS,UCAYALI,250000,507,6662,10406,21.52,21.83,2.01,2.0,2.02,32669,31103,1566,67125,63594,3531,1394,Indicadores_ocupabilidad_2020.csv,2020-02-01,21.52,20.18,0.8660254037844386,0.5000000000000001,26.86,24.24,23.95,33875.0,71755.0,1416.0,25.016666666666666,1,10
,2020,3,TT,TODAS CONSOLIDADAS,TT,TODAS CONSOLIDADAS,UCAYALI,250000,499,6554,10206,20.18,17.06,2.27,2.24,2.2,22899,21776,1123,52492,49146,3346,1322,Indicadores_ocupabilidad_2020.csv,2020-03-01,20.18,7.83,1.0,6.123233995736766e-17,21.52,26.86,24.24,32669.0,67125.0,1394.0,24.206666666666667,1,11
,2020,4,TT,TODAS CONSOLIDADAS,TT,TODAS CONSOLIDADAS,UCAYALI,250000,23,856,1459,7.83,5.27,11.21,9.65,21.0,170,153,17,1931,1497,434,204,Indicadores_ocupabilidad_2020.csv,2020-04-01,7.83,12.52,0.8660254037844387,-0.4999999999999998,20.18,21.52,26.86,22899.0,52492.0,1322.0,22.853333333333335,1,12
,2020,5,TT,TODAS CONSOLIDADAS,TT,TODAS CONSOLIDADAS,UCAYALI,250000,22,853,1476,12.52,9.16,10.15,8.38,12.91,374,336,38,3830,3221,609,189,Indicadores_ocupabilidad_2020.csv,2020-05-01,12.52,15.37,0.49999999999999994,-0.8660254037844387,7.83,20.18,21.52,170.0,1931.0,204.0,16.51,1,13
,2020,6,TT,TODAS CONSOLIDADAS,TT,TODAS CONSOLIDADAS,UCAYALI,250000,29,1013,1711,15.37,11.13,5.97,5.6,16.09,879,857,22,5486,4859,627,215,Indicadores_ocupabilidad_2020.csv,2020-06-01,15.37,18.96,1.2246467991473532e-16,-1.0,12.52,7.83,20.18,374.0,3830.0,189.0,13.51,1,14
,2020,7,TT,TODAS CONSOLIDADAS,TT,TODAS CONSOLIDADAS,UCAYALI,250000,231,4824,7452,18.96,16.65,2.06,2.05,2.3,17009,16876,133,35034,34596,438,900,Indicadores_ocupabilidad_2020.csv,2020-07-01,18.96,20.1,-0.4999999999999997,-0.8660254037844388,15.37,12.52,7.83,879.0,5486.0,215.0,11.906666666666666,1,15
,2020,8,TT,TODAS CONSOLIDADAS,TT,TODAS CONSOLIDADAS,UCAYALI,250000,242,5100,7918,20.1,16.95,1.76,1.75,1.96,22082,21494,588,38886,37694,1192,901,Indicadores_ocupabilidad_2020.csv,2020-08-01,20.1,23.12,-0.8660254037844384,-0.5000000000000004,18.96,15.37,12.52,17009.0,35034.0,900.0,15.616666666666667,1,16
,2020,9,TT,TODAS CONSOLIDADAS,TT,TODAS CONSOLIDADAS,UCAYALI,250000,247,5164,8028,23.12,20.75,1.88,1.86,2.36,24876,24255,621,47166,45656,1510,943,Indicadores_ocupabilidad_2020.csv,2020-09-01,23.12,27.46,-1.0,-1.8369701987210297e-16,20.1,18.96,15.37,22082.0,38886.0,901.0,18.143333333333334,1,17
,2020,10,TT,TODAS CONSOLIDADAS,TT,TODAS CONSOLIDADAS,UCAYALI,250000,240,5074,7893,27.46,23.94,1.81,1.79,2.52,30753,30098,655,56400,54741,1659,887,Indicadores_ocupabilidad_2020.csv,2020-10-01,27.46,26.51,-0.8660254037844386,0.5000000000000001,23.12,20.1,18.96,24876.0,47166.0,943.0,20.72666666666667,1,18
,2020,11,TT,TODAS CONSOLIDADAS,TT,TODAS CONSOLIDADAS,UCAYALI,250000,241,5100,7936,26.51,23.45,1.79,1.77,2.17,29731,28715,1016,54606,52212,2394,896,Indicadores_ocupabilidad_2020.csv,2020-11-01,26.51,24.58,-0.5000000000000004,0.8660254037844384,27.46,23.12,20.1,30753.0,56400.0,887.0,23.560000000000002,1,19
,2020,12,TT,TODAS CONSOLIDADAS,TT,TODAS CONSOLIDADAS,UCAYALI,250000,246,5276,8244,24.58,22.03,1.67,1.66,1.99,31966,30663,1303,54459,51780,2679,916,Indicadores_ocupabilidad_2020.csv,2020-12-01,24.58,21.74,-2.4492935982947064e-16,1.0,26.51,27.46,23.12,29731.0,54606.0,896.0,25.69666666666667,1,20
,2021,1,TT,TODAS CONSOLIDADAS,TT,TODAS CONSOLIDADAS,UCAYALI,250000,470,6144,9698,21.74,19.0,1.89,1.89,1.99,28814,27987,827,56106,54353,1753,1142,Indicadores_ocupabilidad_2021.csv,2021-01-01,21.74,21.07,0.49999999999999994,0.8660254037844387,24.58,26.51,27.46,31966.0,54459.0,916.0,26.183333333333334,0,21
,2021,2,TT,TODAS CONSOLIDADAS,TT,TODAS CONSOLIDADAS,UCAYALI,250000,468,6129,9673,21.07,16.87,2.24,2.24,1.84,19450,18903,547,43960,42662,1298,1147,Indicadores_ocupabilidad_2021.csv,2021-02-01,21.07,23.5,0.8660254037844386,0.5000000000000001,21.74,24.58,26.51,28814.0,56106.0,1142.0,24.276666666666667,0,22
,2021,3,TT,TODAS CONSOLIDADAS,TT,TODAS CONSOLIDADAS,UCAYALI,250000,467,6120,9658,23.5,19.05,2.14,2.14,1.88,25386,24744,642,55288,53768,1520,1150,Indicadores_ocupabilidad_2021.csv,2021-03-01,23.5,21.12,1.0,6.123233995736766e-17,21.07,21.74,24.58,19450.0,43960.0,1147.0,22.463333333333335,0,23
,2021,4,TT,TODAS CONSOLIDADAS,TT,TODAS CONSOLIDADAS,UCAYALI,250000,468,6138,9676,21.12,16.97,2.26,2.26,1.81,21162,20623,539,48673,47448,1225,1146,Indicadores_ocupabilidad_2021.csv,2021-04-01,21.12,22.89,0.8660254037844387,-0.4999999999999998,23.5,21.07,21.74,25386.0,55288.0,1150.0,22.103333333333335,0,24
,2021,5,TT,TODAS CONSOLIDADAS,TT,TODAS CONSOLIDADAS,UCAYALI,250000,468,6129,9682,22.89,18.75,2.13,2.11,1.97,25998,25275,723,56132,54364,1768,1146,Indicadores_ocupabilidad_2021.csv,2021-05-01,22.89,23.88,0.49999999999999994,-0.8660254037844387,21.12,23.5,21.07,21162.0,48673.0,1146.0,21.896666666666665,0,25
,2021,6,TT,TODAS CONSOLIDADAS,TT,TODAS CONSOLIDADAS,UCAYALI,250000,466,6097,9638,23.88,19.43,2.27,2.26,2.06,24775,24041,734,57105,55268,1837,1142,Indicadores_ocupabilidad_2021.csv,2021-06-01,23.88,26.09,1.2246467991473532e-16,-1.0,22.89,21.12,23.5,25998.0,56132.0,1146.0,22.50333333333333,0,26
,2021,7,TT,TODAS CONSOLIDADAS,TT,TODAS CONSOLIDADAS,UCAYALI,250000,466,6081,9628,26.09,21.02,2.1,2.09,2.26,30749,29895,854,66074,63879,2195,1137,Indicadores_ocupabilidad_2021.csv,2021-07-01,26.09,28.25,-0.4999999999999997,-0.8660254037844388,23.88,22.89,21.12,24775.0,57105.0,1142.0,22.63,0,27
,2021,8,TT,TODAS CONSOLIDADAS,TT,TODAS CONSOLIDADAS,UCAYALI,250000,467,6105,9653,28.25,23.08,2.1,2.09,2.32,34098,33123,975,73245,70798,2447,1152,Indicadores_ocupabilidad_2021.csv,2021-08-01,28.25,28.03,-0.8660254037844384,-0.5000000000000004,26.09,23.88,22.89,30749.0,66074.0,1137.0,24.286666666666665,0,28
,2021,9,TT,TODAS CONSOLIDADAS,TT,TODAS CONSOLIDADAS,UCAYALI,250000,467,6128,9704,28.03,24.2,1.92,1.9,2.42,36808,35853,955,72492,69792,2700,1172,Indicadores_ocupabilidad_2021.csv,2021-09-01,28.03,28.93,-1.0,-1.8369701987210297e-16,28.25,26.09,23.88,34098.0,73245.0,1152.0,26.073333333333334,0,29
,2021,10,TT,TODAS CONSOLIDADAS,TT,TODAS CONSOLIDADAS,UCAYALI,250000,464,6105,9676,28.93,24.15,2.07,2.07,2.04,35757,34918,839,75491,73506,1985,1163,Indicadores_ocupabilidad_2021.csv,2021-10-01,28.93,27.39,-0.8660254037844386,0.5000000000000001,28.03,28.25,26.09,36808.0,72492.0,1172.0,27.456666666666667,0,30
,2021,11,TT,TODAS CONSOLIDADAS,TT,TODAS CONSOLIDADAS,UCAYALI,250000,463,6078,9648,27.39,24.28,1.94,1.93,2.02,36329,35269,1060,72357,69979,2378,1177,Indicadores_ocupabilidad_2021.csv,2021-11-01,27.39,29.95,-0.5000000000000004,0.8660254037844384,28.93,28.03,28.25,35757.0,75491.0,1163.0,28.403333333333336,0,31
,2021,12,TT,TODAS CONSOLIDADAS,TT,TODAS CONSOLIDADAS,UCAYALI,250000,463,6069,9623,29.95,27.77,2.13,2.13,1.76,38147,36948,1199,81952,79391,2561,1180,Indicadores_ocupabilidad_2021.csv,2021-12-01,29.95,21.96,-2.4492935982947064e-16,1.0,27.39,28.93,28.03,36329.0,72357.0,1177.0,28.116666666666664,0,32
,2022,1,TT,TODAS CONSOLIDADAS,TT,TODAS CONSOLIDADAS,UCAYALI,250000,508,6241,9894,21.96,18.84,1.64,1.64,2.01,34792,33786,1006,60440,58344,2096,1232,Indicadores_ocupabilidad_2022.csv,2022-01-01,21.96,21.53,0.49999999999999994,0.8660254037844387,29.95,27.39,28.93,38147.0,81952.0,1180.0,28.756666666666664,0,33
,2022,2,TT,TODAS CONSOLIDADAS,TT,TODAS CONSOLIDADAS,UCAYALI,250000,505,6226,9870,21.53,17.53,1.72,1.72,2.02,29012,27906,1106,52672,50223,2449,1246,Indicadores_ocupabilidad_2022.csv,2022-02-01,21.53,22.71,0.8660254037844386,0.5000000000000001,21.96,29.95,27.39,34792.0,60440.0,1232.0,26.433333333333334,0,34
,2022,3,TT,TODAS CONSOLIDADAS,TT,TODAS CONSOLIDADAS,UCAYALI,250000,503,6217,9846,22.71,21.72,2.02,2.02,1.7,32785,31448,1337,66966,64166,2800,1239,Indicadores_ocupabilidad_2022.csv,2022-03-01,22.71,25.14,1.0,6.123233995736766e-17,21.53,21.96,29.95,29012.0,52672.0,1246.0,24.48,0,35
,2022,4,TT,TODAS CONSOLIDADAS,TT,TODAS CONSOLIDADAS,UCAYALI,250000,500,6188,9770,25.14,22.53,1.97,1.97,2.02,33439,32479,960,66532,64419,2113,1228,Indicadores_ocupabilidad_2022.csv,2022-04-01,25.14,26.94,0.8660254037844387,-0.4999999999999998,22.71,21.53,21.96,32785.0,66966.0,1239.0,22.066666666666666,0,36
,2022,5,TT,TODAS CONSOLIDADAS,TT,TODAS CONSOLIDADAS,UCAYALI,250000,497,6164,9737,26.94,23.95,2.02,2.03,1.8,36119,34693,1426,73746,70771,2975,1219,Indicadores_ocupabilidad_2022.csv,2022-05-01,26.94,22.88,0.49999999999999994,-0.8660254037844387,25.14,22.71,21.53,33439.0,66532.0,1228.0,23.12666666666667,0,37
,2022,6,TT,TODAS CONSOLIDADAS,TT,TODAS CONSOLIDADAS,UCAYALI,250000,490,6128,9688,22.88,19.24,1.63,1.62,2.19,34864,33410,1454,59650,56435,3215,1218,Indicadores_ocupabilidad_2022.csv,2022-06-01,22.88,22.79,1.2246467991473532e-16,-1.0,26.94,25.14,22.71,36119.0,73746.0,1219.0,24.930000000000003,0,38
,2022,7,TT,TODAS CONSOLIDADAS,TT,TODAS CONSOLIDADAS,UCAYALI,250000,490,6135,9715,22.79,20.47,1.6,1.59,1.86,39095,37934,1161,66760,63829,2931,1231,Indicadores_ocupabilidad_2022.csv,2022-07-01,22.79,25.47,-0.4999999999999997,-0.8660254037844388,22.88,26.94,25.14,34864.0,59650.0,1218.0,24.986666666666665,0,39
,2022,8,TT,TODAS CONSOLIDADAS,TT,TODAS CONSOLIDADAS,UCAYALI,250000,492,6164,9762,25.47,23.25,1.99,1.99,1.91,36511,35117,1394,74393,70954,3439,1253,Indicadores_ocupabilidad_2022.csv,2022-08-01,25.47,27.56,-0.8660254037844384,-0.5000000000000004,22.79,22.88,26.94,39095.0,66760.0,1231.0,24.203333333333333,0,40
,2022,9,TT,TODAS CONSOLIDADAS,TT,TODAS CONSOLIDADAS,UCAYALI,250000,492,6163,9770,27.56,26.44,2.44,2.45,1.83,32482,31378,1104,77236,74883,2353,1251,Indicadores_ocupabilidad_2022.csv,2022-09-01,27.56,26.14,-1.0,-1.8369701987210297e-16,25.47,22.79,22.88,36511.0,74393.0,1253.0,23.713333333333335,0,41
,2022,10,TT,TODAS CONSOLIDADAS,TT,TODAS CONSOLIDADAS,UCAYALI,250000,492,6163,9770,26.14,23.74,2.07,2.08,1.85,36177,34903,1274,75182,72558,2624,1252,Indicadores_ocupabilidad_2022.csv,2022-10-01,26.14,26.01,-0.8660254037844386,0.5000000000000001,27.56,25.47,22.79,32482.0,77236.0,1251.0,25.27333333333333,0,42
,2022,11,TT,TODAS CONSOLIDADAS,TT,TODAS CONSOLIDADAS,UCAYALI,250000,492,6173,9803,26.01,22.59,2.13,2.13,1.89,32153,30705,1448,68275,65361,2914,1248,Indicadores_ocupabilidad_2022.csv,2022-11-01,26.01,25.54,-0.5000000000000004,0.8660254037844384,26.14,27.56,25.47,36177.0,75182.0,1252.0,26.389999999999997,0,43
,2022,12,TT,TODAS CONSOLIDADAS,TT,TODAS CONSOLIDADAS,UCAYALI,250000,492,6165,9776,25.54,24.08,2.17,2.17,1.97,33271,32283,988,72133,70013,2120,1254,Indicadores_ocupabilidad_2022.csv,2022-12-01,25.54,23.87,-2.4492935982947064e-16,1.0,26.01,26.14,27.56,32153.0,68275.0,1248.0,26.569999999999997,0,44
,2023,1,TT,TODAS CONSOLIDADAS,TT,TODAS CONSOLIDADAS,UCAYALI,250000,535,6277,10002,23.87,24.05,2.59,2.6,1.76,29448,28294,1154,74376,72053,2323,1275,Indicadores_ocupabilidad_2023.csv,2023-01-01,23.87,29.42,0.49999999999999994,0.8660254037844387,25.54,26.01,26.14,33271.0,72133.0,1254.0,25.896666666666665,0,45
,2023,2,TT,TODAS CONSOLIDADAS,TT,TODAS CONSOLIDADAS,UCAYALI,250000,534,6303,10043,29.42,31.35,2.88,2.91,1.62,30996,29615,1381,85000,82430,2570,1279,Indicadores_ocupabilidad_2023.csv,2023-02-01,29.42,45.72,0.8660254037844386,0.5000000000000001,23.87,25.54,26.01,29448.0,74376.0,1275.0,25.14,0,46
,2023,3,TT,TODAS CONSOLIDADAS,TT,TODAS CONSOLIDADAS,UCAYALI,250000,533,6290,10019,45.72,32.28,4.21,4.24,1.69,25542,24471,1071,96108,94002,2106,1276,Indicadores_ocupabilidad_2023.csv,2023-03-01,45.72,32.3,1.0,6.123233995736766e-17,29.42,23.87,25.54,30996.0,85000.0,1279.0,26.276666666666667,0,47
,2023,4,TT,TODAS CONSOLIDADAS,TT,TODAS CONSOLIDADAS,UCAYALI,250000,533,6316,10096,32.3,33.29,3.92,3.97,1.65,27079,25982,1097,96236,94085,2151,1269,Indicadores_ocupabilidad_2023.csv,2023-04-01,32.3,29.41,0.8660254037844387,-0.4999999999999998,45.72,29.42,23.87,25542.0,96108.0,1276.0,33.00333333333334,0,48
,2023,5,TT,TODAS CONSOLIDADAS,TT,TODAS CONSOLIDADAS,UCAYALI,250000,531,6308,10073,29.41,28.6,3.59,3.64,1.77,26902,25566,1336,87185,84330,2855,1268,Indicadores_ocupabilidad_2023.csv,2023-05-01,29.41,32.67,0.49999999999999994,-0.8660254037844387,32.3,45.72,29.42,27079.0,96236.0,1269.0,35.81333333333333,0,49
,2023,6,TT,TODAS CONSOLIDADAS,TT,TODAS CONSOLIDADAS,UCAYALI,250000,531,6285,10022,32.67,31.84,3.81,3.84,1.94,27551,26411,1140,93151,90880,2271,1267,Indicadores_ocupabilidad_2023.csv,2023-06-01,32.67,35.02,1.2246467991473532e-16,-1.0,29.41,32.3,45.72,26902.0,87185.0,1268.0,35.809999999999995,0,50
,2023,7,TT,TODAS CONSOLIDADAS,TT,TODAS CONSOLIDADAS,UCAYALI,250000,531,6281,10024,35.02,30.23,3.49,3.53,1.83,29637,28293,1344,93370,90428,2942,1269,Indicadores_ocupabilidad_2023.csv,2023-07-01,35.02,35.12,-0.4999999999999997,-0.8660254037844388,32.67,29.41,32.3,27551.0,93151.0,1267.0,31.459999999999997,0,51
,2023,8,TT,TODAS CONSOLIDADAS,TT,TODAS CONSOLIDADAS,UCAYALI,250000,528,6266,9995,35.12,33.45,3.81,3.85,1.86,29277,28152,1125,101064,98543,2521,1267,Indicadores_ocupabilidad_2023.csv,2023-08-01,35.12,30.91,-0.8660254037844384,-0.5000000000000004,35.02,32.67,29.41,29637.0,93370.0,1269.0,32.36666666666667,0,52
,2023,9,TT,TODAS CONSOLIDADAS,TT,TODAS CONSOLIDADAS,UCAYALI,250000,529,6275,10020,30.91,30.09,3.47,3.5,1.75,27864,26731,1133,87812,85403,2409,1265,Indicadores_ocupabilidad_2023.csv,2023-09-01,30.91,28.89,-1.0,-1.8369701987210297e-16,35.12,35.02,32.67,29277.0,101064.0,1267.0,34.27,0,53
,2023,10,TT,TODAS CONSOLIDADAS,TT,TODAS CONSOLIDADAS,UCAYALI,250000,528,6286,10045,28.89,29.1,3.35,3.37,2.05,29760,28333,1427,89971,87016,2955,1277,Indicadores_ocupabilidad_2023.csv,2023-10-01,28.89,30.56,-0.8660254037844386,0.5000000000000001,30.91,35.12,35.02,27864.0,87812.0,1265.0,33.68333333333333,0,54
,2023,11,TT,TODAS CONSOLIDADAS,TT,TODAS CONSOLIDADAS,UCAYALI,250000,526,6273,10043,30.56,30.19,3.49,3.55,1.54,28643,26701,1942,91177,87151,4026,1280,Indicadores_ocupabilidad_2023.csv,2023-11-01,30.56,25.44,-0.5000000000000004,0.8660254037844384,28.89,30.91,35.12,29760.0,89971.0,1277.0,31.64,0,55
,2023,12,TT,TODAS CONSOLIDADAS,TT,TODAS CONSOLIDADAS,UCAYALI,250000,527,6246,9998,25.44,24.51,2.92,2.94,1.68,27607,26596,1011,76176,73544,2632,1283,Indicadores_ocupabilidad_2023.csv,2023-12-01,25.44,34.48,-2.4492935982947064e-16,1.0,30.56,28.89,30.91,28643.0,91177.0,1280.0,30.12,0,56
20260330,2024,1,TT,TODAS CONSOLIDADAS,TT,TODAS CONSOLIDADAS,UCAYALI,250000,579,6636,10523,34.48,23.87,3.19,3.23,1.82,26938,25510,1428,78395,75434,2961,1355,Indicadores_ocupabilidad_2024.csv,2024-01-01,34.48,23.98,0.49999999999999994,0.8660254037844387,25.44,30.56,28.89,27607.0,76176.0,1283.0,28.296666666666667,0,57
20260330,2024,2,TT,TODAS CONSOLIDADAS,TT,TODAS CONSOLIDADAS,UCAYALI,250000,579,6626,10455,23.98,22.69,2.93,2.96,1.88,25389,24145,1245,68305,65713,2591,1354,Indicadores_ocupabilidad_2024.csv,2024-02-01,23.98,22.71,0.8660254037844386,0.5000000000000001,34.48,25.44,30.56,26938.0,78395.0,1355.0,30.16,0,58
20260330,2024,3,TT,TODAS CONSOLIDADAS,TT,TODAS CONSOLIDADAS,UCAYALI,250000,579,6633,10490,22.71,20.31,3.02,2.99,3.12,24755,23286,1470,68254,63900,4354,1357,Indicadores_ocupabilidad_2024.csv,2024-03-01,22.71,23.06,1.0,6.123233995736766e-17,23.98,34.48,25.44,25389.0,68305.0,1354.0,27.96666666666667,0,59
20260330,2024,4,TT,TODAS CONSOLIDADAS,TT,TODAS CONSOLIDADAS,UCAYALI,250000,579,6631,10495,23.06,20.54,2.9,2.9,2.66,24465,22989,1476,65221,61770,3451,1361,Indicadores_ocupabilidad_2024.csv,2024-04-01,23.06,26.38,0.8660254037844387,-0.4999999999999998,22.71,23.98,34.48,24755.0,68254.0,1357.0,27.05666666666667,0,60
20260330,2024,5,TT,TODAS CONSOLIDADAS,TT,TODAS CONSOLIDADAS,UCAYALI,250000,578,6609,10469,26.38,24.93,3.64,3.68,2.43,24472,23135,1337,80267,77039,3228,1362,Indicadores_ocupabilidad_2024.csv,2024-05-01,26.38,28.81,0.49999999999999994,-0.8660254037844387,23.06,22.71,23.98,24465.0,65221.0,1361.0,23.25,0,61
20260330,2024,6,TT,TODAS CONSOLIDADAS,TT,TODAS CONSOLIDADAS,UCAYALI,250000,579,6630,10501,28.81,28.47,3.5,3.52,2.21,28115,26733,1382,89818,85933,3885,1365,Indicadores_ocupabilidad_2024.csv,2024-06-01,28.81,29.63,1.2246467991473532e-16,-1.0,26.38,23.06,22.71,24472.0,80267.0,1362.0,24.049999999999997,0,62
20260330,2024,7,TT,TODAS CONSOLIDADAS,TT,TODAS CONSOLIDADAS,UCAYALI,250000,578,6583,10448,29.63,29.59,3.81,3.85,1.89,29122,27688,1434,96398,93513,2885,1366,Indicadores_ocupabilidad_2024.csv,2024-07-01,29.63,28.05,-0.4999999999999997,-0.8660254037844388,28.81,26.38,23.06,28115.0,89818.0,1365.0,26.083333333333332,0,63
20260330,2024,8,TT,TODAS CONSOLIDADAS,TT,TODAS CONSOLIDADAS,UCAYALI,250000,579,6612,10504,28.05,27.5,3.21,3.24,2.03,31902,30394,1508,93509,90339,3170,1367,Indicadores_ocupabilidad_2024.csv,2024-08-01,28.05,36.9,-0.8660254037844384,-0.5000000000000004,29.63,28.81,26.38,29122.0,96398.0,1366.0,28.27333333333333,0,64
20260330,2024,9,TT,TODAS CONSOLIDADAS,TT,TODAS CONSOLIDADAS,UCAYALI,250000,580,6648,10573,36.9,26.38,3.38,3.4,2.38,27925,26483,1442,85506,82145,3361,1423,Indicadores_ocupabilidad_2024.csv,2024-09-01,36.9,35.5,-1.0,-1.8369701987210297e-16,28.05,29.63,28.81,31902.0,93509.0,1367.0,28.830000000000002,0,65
20260330,2024,10,TT,TODAS CONSOLIDADAS,TT,TODAS CONSOLIDADAS,UCAYALI,250000,579,6610,10498,35.5,25.61,3.37,3.4,2.23,28180,26506,1674,85533,81545,3988,1417,Indicadores_ocupabilidad_2024.csv,2024-10-01,35.5,36.81,-0.8660254037844386,0.5000000000000001,36.9,28.05,29.63,27925.0,85506.0,1423.0,31.526666666666667,0,66
20260330,2024,11,TT,TODAS CONSOLIDADAS,TT,TODAS CONSOLIDADAS,UCAYALI,250000,579,6610,10498,36.81,26.12,3.38,3.42,1.61,27228,25726,1502,82600,79523,3077,1368,Indicadores_ocupabilidad_2024.csv,2024-11-01,36.81,35.88,-0.5000000000000004,0.8660254037844384,35.5,36.9,28.05,28180.0,85533.0,1417.0,33.483333333333334,0,67
,2019,4,TT,TODAS CONSOLIDADAS,TT,TODAS CONSOLIDADAS,ÁNCASH,020000,901,12258,21406,25.19,21.31,1.3,1.3,1.34,108082,103789,4293,136653,130641,6012,2184,Indicadores_ocupabilidad_2019.csv,2019-04-01,25.19,25.66,0.8660254037844387,-0.4999999999999998,24.19,24.02,23.89,97564.0,125001.0,2130.0,24.03333333333333,0,0
,2019,5,TT,TODAS CONSOLIDADAS,TT,TODAS CONSOLIDADAS,ÁNCASH,020000,900,12244,21400,25.66,21.34,1.29,1.29,1.31,112498,104116,8382,142149,130663,11486,2198,Indicadores_ocupabilidad_2019.csv,2019-05-01,25.66,27.09,0.49999999999999994,-0.8660254037844387,25.19,24.19,24.02,108082.0,136653.0,2184.0,24.46666666666667,0,1
,2019,6,TT,TODAS CONSOLIDADAS,TT,TODAS CONSOLIDADAS,ÁNCASH,020000,903,12293,21515,27.09,23.21,1.26,1.24,1.46,121431,112650,8781,151668,138308,13360,2207,Indicadores_ocupabilidad_2019.csv,2019-06-01,27.09,30.37,1.2246467991473532e-16,-1.0,25.66,25.19,24.19,112498.0,142149.0,2198.0,25.013333333333335,0,2
,2019,7,TT,TODAS CONSOLIDADAS,TT,TODAS CONSOLIDADAS,ÁNCASH,020000,907,12326,21566,30.37,26.29,1.39,1.35,1.7,127377,113535,13842,173529,149263,24266,2215,Indicadores_ocupabilidad_2019.csv,2019-07-01,30.37,28.69,-0.4999999999999997,-0.8660254037844388,27.09,25.66,25.19,121431.0,151668.0,2207.0,25.98,0,3
,2019,8,TT,TODAS CONSOLIDADAS,TT,TODAS CONSOLIDADAS,ÁNCASH,020000,904,12315,21528,28.69,24.59,1.36,1.32,1.59,121607,106197,15410,161700,136213,25487,2209,Indicadores_ocupabilidad_2019.csv,2019-08-01,28.69,23.66,-0.8660254037844384,-0.5000000000000004,30.37,27.09,25.66,127377.0,173529.0,2215.0,27.706666666666667,0,4
,2019,9,TT,TODAS CONSOLIDADAS,TT,TODAS CONSOLIDADAS,ÁNCASH,020000,904,12363,21632,23.66,19.84,1.34,1.31,1.5,100886,90156,10730,130200,113311,16889,2207,Indicadores_ocupabilidad_2019.csv,2019-09-01,23.66,24.05,-1.0,-1.8369701987210297e-16,28.69,30.37,27.09,121607.0,161700.0,2209.0,28.71666666666667,0,5
,2019,10,TT,TODAS CONSOLIDADAS,TT,TODAS CONSOLIDADAS,ÁNCASH,020000,903,12318,21553,24.05,20.05,1.33,1.32,1.52,105533,99247,6286,136682,126291,10391,2200,Indicadores_ocupabilidad_2019.csv,2019-10-01,24.05,22.56,-0.8660254037844386,0.5000000000000001,23.66,28.69,30.37,100886.0,130200.0,2207.0,27.573333333333334,0,6
,2019,11,TT,TODAS CONSOLIDADAS,TT,TODAS CONSOLIDADAS,ÁNCASH,020000,898,12440,21760,22.56,18.58,1.33,1.32,1.6,95229,92160,3069,123420,118236,5184,2222,Indicadores_ocupabilidad_2019.csv,2019-11-01,22.56,23.11,-0.5000000000000004,0.8660254037844384,24.05,23.66,28.69,105533.0,136682.0,2200.0,25.46666666666667,0,7
,2019,12,TT,TODAS CONSOLIDADAS,TT,TODAS CONSOLIDADAS,ÁNCASH,020000,902,12461,21752,23.11,18.77,1.3,1.3,1.44,101423,98406,3017,127260,122772,4488,2250,Indicadores_ocupabilidad_2019.csv,2019-12-01,23.11,24.13,-2.4492935982947064e-16,1.0,22.56,24.05,23.66,95229.0,123420.0,2222.0,23.423333333333336,0,8
,2020,1,TT,TODAS CONSOLIDADAS,TT,TODAS CONSOLIDADAS,ÁNCASH,020000,939,12262,21338,24.13,19.4,1.27,1.26,1.53,105450,103057,2393,130444,126693,3751,2165,Indicadores_ocupabilidad_2020.csv,2020-01-01,24.13,25.83,0.49999999999999994,0.8660254037844387,23.11,22.56,24.05,101423.0,127260.0,2250.0,23.24,1,9
,2020,2,TT,TODAS CONSOLIDADAS,TT,TODAS CONSOLIDADAS,ÁNCASH,020000,938,12285,21359,25.83,22.21,1.32,1.3,1.59,109631,106187,3444,137927,132284,5643,2140,Indicadores_ocupabilidad_2020.csv,2020-02-01,25.83,7.6,0.8660254037844386,0.5000000000000001,24.13,23.11,22.56,105450.0,130444.0,2165.0,23.266666666666666,1,10
,2020,3,TT,TODAS CONSOLIDADAS,TT,TODAS CONSOLIDADAS,ÁNCASH,020000,937,12203,21201,7.6,6.72,1.29,1.29,1.19,44504,43994,510,52558,51903,655,1718,Indicadores_ocupabilidad_2020.csv,2020-03-01,7.6,3.33,1.0,6.123233995736766e-17,25.83,24.13,23.11,109631.0,137927.0,2140.0,24.356666666666666,1,11
,2020,4,TT,TODAS CONSOLIDADAS,TT,TODAS CONSOLIDADAS,ÁNCASH,020000,42,1173,2057,3.33,2.55,1.89,1.89,0.48,1239,1237,2,1545,1543,2,185,Indicadores_ocupabilidad_2020.csv,2020-04-01,3.33,15.46,0.8660254037844387,-0.4999999999999998,7.6,25.83,24.13,44504.0,52558.0,1718.0,19.186666666666664,1,12
,2020,5,TT,TODAS CONSOLIDADAS,TT,TODAS CONSOLIDADAS,ÁNCASH,020000,78,2256,4002,15.46,9.81,2.18,2.18,0.0,5605,5605,0,12209,12209,0,359,Indicadores_ocupabilidad_2020.csv,2020-05-01,15.46,14.49,0.49999999999999994,-0.8660254037844387,3.33,7.6,25.83,1239.0,1545.0,185.0,12.25333333333333,1,13
,2020,6,TT,TODAS CONSOLIDADAS,TT,TODAS CONSOLIDADAS,ÁNCASH,020000,83,2366,4190,14.49,11.08,2.57,2.56,4.01,5137,5088,49,14245,14029,216,387,Indicadores_ocupabilidad_2020.csv,2020-06-01,14.49,6.86,1.2246467991473532e-16,-1.0,15.46,3.33,7.6,5605.0,12209.0,359.0,8.796666666666667,1,14
,2020,7,TT,TODAS CONSOLIDADAS,TT,TODAS CONSOLIDADAS,ÁNCASH,020000,570,9424,16525,6.86,6.02,1.22,1.22,0.62,26377,25909,468,33356,32660,696,1306,Indicadores_ocupabilidad_2020.csv,2020-07-01,6.86,7.18,-0.4999999999999997,-0.8660254037844388,14.49,15.46,3.33,5137.0,14245.0,387.0,11.093333333333334,1,15
,2020,8,TT,TODAS CONSOLIDADAS,TT,TODAS CONSOLIDADAS,ÁNCASH,020000,577,9556,16746,7.18,5.98,1.47,1.47,0.59,26591,26477,114,34868,34633,235,1358,Indicadores_ocupabilidad_2020.csv,2020-08-01,7.18,13.4,-0.8660254037844384,-0.5000000000000004,6.86,14.49,15.46,26377.0,33356.0,1306.0,12.270000000000001,1,16
,2020,9,TT,TODAS CONSOLIDADAS,TT,TODAS CONSOLIDADAS,ÁNCASH,020000,587,9758,17094,13.4,11.63,1.35,1.31,1.27,47748,45908,1840,62237,56928,5309,1473,Indicadores_ocupabilidad_2020.csv,2020-09-01,13.4,16.08,-1.0,-1.8369701987210297e-16,7.18,6.86,14.49,26591.0,34868.0,1358.0,9.51,1,17
,2020,10,TT,TODAS CONSOLIDADAS,TT,TODAS CONSOLIDADAS,ÁNCASH,020000,577,9580,16693,16.08,13.93,1.33,1.33,1.27,62533,62285,248,77676,77318,358,1560,Indicadores_ocupabilidad_2020.csv,2020-10-01,16.08,17.37,-0.8660254037844386,0.5000000000000001,13.4,7.18,6.86,47748.0,62237.0,1473.0,9.146666666666667,1,18
,2020,11,TT,TODAS CONSOLIDADAS,TT,TODAS CONSOLIDADAS,ÁNCASH,020000,586,9745,17005,17.37,14.39,1.53,1.53,1.78,61591,61262,329,79492,78946,546,1587,Indicadores_ocupabilidad_2020.csv,2020-11-01,17.37,19.4,-0.5000000000000004,0.8660254037844384,16.08,13.4,7.18,62533.0,77676.0,1560.0,12.219999999999999,1,19
,2020,12,TT,TODAS CONSOLIDADAS,TT,TODAS CONSOLIDADAS,ÁNCASH,020000,591,9830,17155,19.4,17.24,1.3,1.3,1.95,77783,77397,386,97685,97110,575,1622,Indicadores_ocupabilidad_2020.csv,2020-12-01,19.4,11.89,-2.4492935982947064e-16,1.0,17.37,16.08,13.4,61591.0,79492.0,1587.0,15.616666666666665,1,20
,2021,1,TT,TODAS CONSOLIDADAS,TT,TODAS CONSOLIDADAS,ÁNCASH,020000,857,11284,19541,11.89,10.47,1.2,1.2,1.09,68542,68228,314,81212,80776,436,1899,Indicadores_ocupabilidad_2021.csv,2021-01-01,11.89,8.85,0.49999999999999994,0.8660254037844387,19.4,17.37,16.08,77783.0,97685.0,1622.0,17.616666666666664,0,21
,2021,2,TT,TODAS CONSOLIDADAS,TT,TODAS CONSOLIDADAS,ÁNCASH,020000,851,11264,19473,8.85,7.74,1.31,1.31,0.37,44190,44074,116,53902,53699,203,1593,Indicadores_ocupabilidad_2021.csv,2021-02-01,8.85,12.23,0.8660254037844386,0.5000000000000001,11.89,19.4,17.37,68542.0,81212.0,1899.0,16.22,0,22
,2021,3,TT,TODAS CONSOLIDADAS,TT,TODAS CONSOLIDADAS,ÁNCASH,020000,859,11459,19849,12.23,10.2,1.19,1.19,1.12,67653,67467,186,80558,80263,295,1912,Indicadores_ocupabilidad_2021.csv,2021-03-01,12.23,13.08,1.0,6.123233995736766e-17,8.85,11.89,19.4,44190.0,53902.0,1593.0,13.379999999999997,0,23
,2021,4,TT,TODAS CONSOLIDADAS,TT,TODAS CONSOLIDADAS,ÁNCASH,020000,856,11402,19745,13.08,12.34,1.61,1.61,1.55,64948,64513,435,87165,86532,633,1905,Indicadores_ocupabilidad_2021.csv,2021-04-01,13.08,14.71,0.8660254037844387,-0.4999999999999998,12.23,8.85,11.89,67653.0,80558.0,1912.0,10.99,0,24
,2021,5,TT,TODAS CONSOLIDADAS,TT,TODAS CONSOLIDADAS,ÁNCASH,020000,852,11357,19681,14.71,13.02,1.31,1.31,1.37,78871,77362,1509,97881,95771,2110,1918,Indicadores_ocupabilidad_2021.csv,2021-05-01,14.71,16.33,0.49999999999999994,-0.8660254037844387,13.08,12.23,8.85,64948.0,87165.0,1905.0,11.386666666666665,0,25
,2021,6,TT,TODAS CONSOLIDADAS,TT,TODAS CONSOLIDADAS,ÁNCASH,020000,846,11270,19503,16.33,13.63,1.26,1.26,1.22,80640,79365,1275,95943,94330,1613,1911,Indicadores_ocupabilidad_2021.csv,2021-06-01,16.33,21.4,1.2246467991473532e-16,-1.0,14.71,13.08,12.23,78871.0,97881.0,1918.0,13.339999999999998,0,26
,2021,7,TT,TODAS CONSOLIDADAS,TT,TODAS CONSOLIDADAS,ÁNCASH,020000,854,11411,19761,21.4,20.03,1.23,1.23,1.4,110529,109937,592,135905,134871,1034,1969,Indicadores_ocupabilidad_2021.csv,2021-07-01,21.4,21.2,-0.4999999999999997,-0.8660254037844388,16.33,14.71,13.08,80640.0,95943.0,1911.0,14.706666666666665,0,27
,2021,8,TT,TODAS CONSOLIDADAS,TT,TODAS CONSOLIDADAS,ÁNCASH,020000,856,11460,19853,21.2,19.74,1.28,1.29,1.11,110367,106766,3601,135647,131605,4042,1979,Indicadores_ocupabilidad_2021.csv,2021-08-01,21.2,20.24,-0.8660254037844384,-0.5000000000000004,21.4,16.33,14.71,110529.0,135905.0,1969.0,17.48,0,28
,2021,9,TT,TODAS CONSOLIDADAS,TT,TODAS CONSOLIDADAS,ÁNCASH,020000,858,11522,19977,20.24,17.61,1.28,1.28,1.12,96362,94569,1793,117724,115418,2306,1961,Indicadores_ocupabilidad_2021.csv,2021-09-01,20.24,25.07,-1.0,-1.8369701987210297e-16,21.2,21.4,16.33,110367.0,135647.0,1979.0,19.64333333333333,0,29
,2021,10,TT,TODAS CONSOLIDADAS,TT,TODAS CONSOLIDADAS,ÁNCASH,020000,860,11554,20068,25.07,21.85,1.29,1.29,1.1,115455,114638,817,145771,144696,1075,1964,Indicadores_ocupabilidad_2021.csv,2021-10-01,25.07,21.04,-0.8660254037844386,0.5000000000000001,20.24,21.2,21.4,96362.0,117724.0,1961.0,20.946666666666662,0,30
,2021,11,TT,TODAS CONSOLIDADAS,TT,TODAS CONSOLIDADAS,ÁNCASH,020000,863,11602,20135,21.04,18.06,1.21,1.21,1.34,101163,100623,540,122573,121784,789,1949,Indicadores_ocupabilidad_2021.csv,2021-11-01,21.04,19.74,-0.5000000000000004,0.8660254037844384,25.07,20.24,21.2,115455.0,145771.0,1964.0,22.169999999999998,0,31
,2021,12,TT,TODAS CONSOLIDADAS,TT,TODAS CONSOLIDADAS,ÁNCASH,020000,865,11625,20187,19.74,16.96,1.23,1.23,1.65,98877,98257,620,118733,117730,1003,1957,Indicadores_ocupabilidad_2021.csv,2021-12-01,19.74,19.28,-2.4492935982947064e-16,1.0,21.04,25.07,20.24,101163.0,122573.0,1949.0,22.116666666666664,0,32
,2022,1,TT,TODAS CONSOLIDADAS,TT,TODAS CONSOLIDADAS,ÁNCASH,020000,891,11448,19957,19.28,18.6,1.14,1.14,1.13,106743,103591,3152,122407,118652,3755,2033,Indicadores_ocupabilidad_2022.csv,2022-01-01,19.28,23.81,0.49999999999999994,0.8660254037844387,19.74,21.04,25.07,98877.0,118733.0,1957.0,21.95,0,33
,2022,2,TT,TODAS CONSOLIDADAS,TT,TODAS CONSOLIDADAS,ÁNCASH,020000,890,11444,19952,23.81,20.69,1.15,1.15,1.34,106573,104551,2022,124056,121576,2480,2033,Indicadores_ocupabilidad_2022.csv,2022-02-01,23.81,20.29,0.8660254037844386,0.5000000000000001,19.28,19.74,21.04,106743.0,122407.0,2033.0,20.02,0,34
,2022,3,TT,TODAS CONSOLIDADAS,TT,TODAS CONSOLIDADAS,ÁNCASH,020000,890,11439,19991,20.29,17.34,1.14,1.14,1.21,102703,100640,2063,118095,115487,2608,2032,Indicadores_ocupabilidad_2022.csv,2022-03-01,20.29,20.25,1.0,6.123233995736766e-17,23.81,19.28,19.74,106573.0,124056.0,2033.0,20.94333333333333,0,35
,2022,4,TT,TODAS CONSOLIDADAS,TT,TODAS CONSOLIDADAS,ÁNCASH,020000,897,11591,20335,20.25,16.44,1.23,1.24,1.1,92918,89734,3184,112497,108456,4041,2056,Indicadores_ocupabilidad_2022.csv,2022-04-01,20.25,19.62,0.8660254037844387,-0.4999999999999998,20.29,23.81,19.28,102703.0,118095.0,2032.0,21.126666666666665,0,36
,2022,5,TT,TODAS CONSOLIDADAS,TT,TODAS CONSOLIDADAS,ÁNCASH,020000,900,11660,20422,19.62,16.37,1.25,1.21,1.56,95973,90271,5702,116834,107290,9544,2067,Indicadores_ocupabilidad_2022.csv,2022-05-01,19.62,21.95,0.49999999999999994,-0.8660254037844387,20.25,20.29,23.81,92918.0,112497.0,2056.0,21.45,0,37
,2022,6,TT,TODAS CONSOLIDADAS,TT,TODAS CONSOLIDADAS,ÁNCASH,020000,903,11771,20614,21.95,17.61,1.25,1.24,1.29,98223,90835,7388,119391,109409,9982,2108,Indicadores_ocupabilidad_2022.csv,2022-06-01,21.95,21.79,1.2246467991473532e-16,-1.0,19.62,20.25,20.29,95973.0,116834.0,2067.0,20.05333333333333,0,38
,2022,7,TT,TODAS CONSOLIDADAS,TT,TODAS CONSOLIDADAS,ÁNCASH,020000,903,11770,20613,21.79,19.6,1.33,1.3,1.7,108046,103172,4874,140766,131042,9724,1795,Indicadores_ocupabilidad_2022.csv,2022-07-01,21.79,20.67,-0.4999999999999997,-0.8660254037844388,21.95,19.62,20.25,98223.0,119391.0,2108.0,20.606666666666666,0,39
,2022,8,TT,TODAS CONSOLIDADAS,TT,TODAS CONSOLIDADAS,ÁNCASH,020000,906,11816,20698,20.67,17.85,1.3,1.27,1.56,101700,96576,5124,128696,119668,9028,1793,Indicadores_ocupabilidad_2022.csv,2022-08-01,20.67,22.12,-0.8660254037844384,-0.5000000000000004,21.79,21.95,19.62,108046.0,140766.0,1795.0,21.12,0,40
,2022,9,TT,TODAS CONSOLIDADAS,TT,TODAS CONSOLIDADAS,ÁNCASH,020000,908,11845,20750,22.12,18.01,1.2,1.21,1.09,103089,99122,3967,123805,118350,5455,2116,Indicadores_ocupabilidad_2022.csv,2022-09-01,22.12,24.67,-1.0,-1.8369701987210297e-16,20.67,21.79,21.95,101700.0,128696.0,1793.0,21.47,0,41
,2022,10,TT,TODAS CONSOLIDADAS,TT,TODAS CONSOLIDADAS,ÁNCASH,020000,910,11895,20824,24.67,20.07,1.2,1.2,1.13,111191,106647,4544,135142,129262,5880,2094,Indicadores_ocupabilidad_2022.csv,2022-10-01,24.67,23.04,-0.8660254037844386,0.5000000000000001,22.12,20.67,21.79,103089.0,123805.0,2116.0,21.526666666666667,0,42
,2022,11,TT,TODAS CONSOLIDADAS,TT,TODAS CONSOLIDADAS,ÁNCASH,020000,911,11905,20821,23.04,18.47,1.19,1.19,1.16,101940,98607,3333,121931,117595,4336,2065,Indicadores_ocupabilidad_2022.csv,2022-11-01,23.04,22.96,-0.5000000000000004,0.8660254037844384,24.67,22.12,20.67,111191.0,135142.0,2094.0,22.486666666666668,0,43
,2022,12,TT,TODAS CONSOLIDADAS,TT,TODAS CONSOLIDADAS,ÁNCASH,020000,910,11886,20794,22.96,18.91,1.24,1.24,1.18,104183,103222,961,126221,124825,1396,2064,Indicadores_ocupabilidad_2022.csv,2022-12-01,22.96,19.24,-2.4492935982947064e-16,1.0,23.04,24.67,22.12,101940.0,121931.0,2065.0,23.276666666666667,0,44
,2023,1,TT,TODAS CONSOLIDADAS,TT,TODAS CONSOLIDADAS,ÁNCASH,020000,962,12131,21107,19.24,15.73,1.18,1.18,1.4,92872,91586,1286,110934,109016,1918,2222,Indicadores_ocupabilidad_2023.csv,2023-01-01,19.24,20.76,0.49999999999999994,0.8660254037844387,22.96,23.04,24.67,104183.0,126221.0,2064.0,23.55666666666666,0,45
,2023,2,TT,TODAS CONSOLIDADAS,TT,TODAS CONSOLIDADAS,ÁNCASH,020000,965,12164,21133,20.76,17.19,1.2,1.19,1.42,93338,92211,1127,112766,111020,1746,2218,Indicadores_ocupabilidad_2023.csv,2023-02-01,20.76,19.27,0.8660254037844386,0.5000000000000001,19.24,22.96,23.04,92872.0,110934.0,2222.0,21.746666666666666,0,46
,2023,3,TT,TODAS CONSOLIDADAS,TT,TODAS CONSOLIDADAS,ÁNCASH,020000,964,12199,21211,19.27,15.14,1.17,1.16,1.4,93376,92195,1181,110039,108355,1684,2226,Indicadores_ocupabilidad_2023.csv,2023-03-01,19.27,20.55,1.0,6.123233995736766e-17,20.76,19.24,22.96,93338.0,112766.0,2218.0,20.986666666666668,0,47
,2023,4,TT,TODAS CONSOLIDADAS,TT,TODAS CONSOLIDADAS,ÁNCASH,020000,973,12307,21443,20.55,16.88,1.3,1.29,1.55,96426,94668,1758,121039,118164,2875,2254,Indicadores_ocupabilidad_2023.csv,2023-04-01,20.55,21.86,0.8660254037844387,-0.4999999999999998,19.27,20.76,19.24,93376.0,110039.0,2226.0,19.756666666666664,0,48
,2023,5,TT,TODAS CONSOLIDADAS,TT,TODAS CONSOLIDADAS,ÁNCASH,020000,972,12317,21449,21.86,17.41,1.34,1.26,1.71,100052,96902,3150,124919,118714,6205,2264,Indicadores_ocupabilidad_2023.csv,2023-05-01,21.86,23.64,0.49999999999999994,-0.8660254037844387,20.55,19.27,20.76,96426.0,121039.0,2254.0,20.19333333333333,0,49
,2023,6,TT,TODAS CONSOLIDADAS,TT,TODAS CONSOLIDADAS,ÁNCASH,020000,969,12381,21563,23.64,18.97,1.3,1.29,1.31,103271,99764,3507,130135,124776,5359,2276,Indicadores_ocupabilidad_2023.csv,2023-06-01,23.64,25.31,1.2246467991473532e-16,-1.0,21.86,20.55,19.27,100052.0,124919.0,2264.0,20.56,0,50
,2023,7,TT,TODAS CONSOLIDADAS,TT,TODAS CONSOLIDADAS,ÁNCASH,020000,971,12417,21625,25.31,21.27,1.38,1.37,1.42,114018,111995,2023,151988,148131,3857,2290,Indicadores_ocupabilidad_2023.csv,2023-07-01,25.31,21.95,-0.4999999999999997,-0.8660254037844388,23.64,21.86,20.55,103271.0,130135.0,2276.0,22.016666666666666,0,51
,2023,8,TT,TODAS CONSOLIDADAS,TT,TODAS CONSOLIDADAS,ÁNCASH,020000,975,12464,21707,21.95,18.17,1.33,1.36,1.17,103183,96142,7041,132762,123995,8767,2299,Indicadores_ocupabilidad_2023.csv,2023-08-01,21.95,22.92,-0.8660254037844384,-0.5000000000000004,25.31,23.64,21.86,114018.0,151988.0,2290.0,23.603333333333335,0,52
,2023,9,TT,TODAS CONSOLIDADAS,TT,TODAS CONSOLIDADAS,ÁNCASH,020000,976,12498,21771,22.92,18.98,1.32,1.35,1.14,100516,94228,6288,129494,122114,7380,2304,Indicadores_ocupabilidad_2023.csv,2023-09-01,22.92,24.19,-1.0,-1.8369701987210297e-16,21.95,25.31,23.64,103183.0,132762.0,2299.0,23.633333333333336,0,53
,2023,10,TT,TODAS CONSOLIDADAS,TT,TODAS CONSOLIDADAS,ÁNCASH,020000,970,12421,21625,24.19,19.7,1.29,1.29,1.2,107017,104193,2824,134406,130564,3842,2288,Indicadores_ocupabilidad_2023.csv,2023-10-01,24.19,21.39,-0.8660254037844386,0.5000000000000001,22.92,21.95,25.31,100516.0,129494.0,2304.0,23.393333333333334,0,54
,2023,11,TT,TODAS CONSOLIDADAS,TT,TODAS CONSOLIDADAS,ÁNCASH,020000,970,12402,21574,21.39,17.21,1.23,1.22,1.35,97269,93962,3307,118776,114249,4527,2253,Indicadores_ocupabilidad_2023.csv,2023-11-01,21.39,19.94,-0.5000000000000004,0.8660254037844384,24.19,22.92,21.95,107017.0,134406.0,2288.0,23.02,0,55
,2023,12,TT,TODAS CONSOLIDADAS,TT,TODAS CONSOLIDADAS,ÁNCASH,020000,970,12368,21483,19.94,16.39,1.14,1.14,1.19,99486,96704,2782,116749,113303,3446,2221,Indicadores_ocupabilidad_2023.csv,2023-12-01,19.94,20.24,-2.4492935982947064e-16,1.0,21.39,24.19,22.92,97269.0,118776.0,2253.0,22.833333333333332,0,56
20260330,2024,1,TT,TODAS CONSOLIDADAS,TT,TODAS CONSOLIDADAS,ÁNCASH,020000,1026,12733,22012,20.24,15.57,1.18,1.19,1.19,97247,92700,4547,115173,109752,5421,2321,Indicadores_ocupabilidad_2024.csv,2024-01-01,20.24,21.72,0.49999999999999994,0.8660254037844387,19.94,21.39,24.19,99486.0,116749.0,2221.0,21.84,0,57
20260330,2024,2,TT,TODAS CONSOLIDADAS,TT,TODAS CONSOLIDADAS,ÁNCASH,020000,1031,12765,22093,21.72,17.53,1.24,1.23,1.35,94364,91440,2924,116755,112606,4149,2320,Indicadores_ocupabilidad_2024.csv,2024-02-01,21.72,19.96,0.8660254037844386,0.5000000000000001,20.24,19.94,21.39,97247.0,115173.0,2321.0,20.52333333333333,0,58
20260330,2024,3,TT,TODAS CONSOLIDADAS,TT,TODAS CONSOLIDADAS,ÁNCASH,020000,1041,12892,22374,19.96,16.28,1.27,1.26,1.56,96740,94258,2482,122662,118393,4269,2350,Indicadores_ocupabilidad_2024.csv,2024-03-01,19.96,19.55,1.0,6.123233995736766e-17,21.72,20.24,19.94,94364.0,116755.0,2320.0,20.63333333333333,0,59
20260330,2024,4,TT,TODAS CONSOLIDADAS,TT,TODAS CONSOLIDADAS,ÁNCASH,020000,1047,12963,22474,19.55,15.54,1.2,1.2,1.33,91969,87387,4582,112708,106580,6128,2365,Indicadores_ocupabilidad_2024.csv,2024-04-01,19.55,18.36,0.8660254037844387,-0.4999999999999998,19.96,21.72,20.24,96740.0,122662.0,2350.0,20.64,0,60
20260330,2024,5,TT,TODAS CONSOLIDADAS,TT,TODAS CONSOLIDADAS,ÁNCASH,020000,1050,12943,22418,18.36,15.46,1.25,1.23,1.54,92758,88277,4481,116488,108924,7564,2057,Indicadores_ocupabilidad_2024.csv,2024-05-01,18.36,18.08,0.49999999999999994,-0.8660254037844387,19.55,19.96,21.72,91969.0,112708.0,2365.0,20.41,0,61
20260330,2024,6,TT,TODAS CONSOLIDADAS,TT,TODAS CONSOLIDADAS,ÁNCASH,020000,1052,12959,22455,18.08,15.54,1.24,1.22,1.54,92574,87702,4872,116588,108554,8035,1916,Indicadores_ocupabilidad_2024.csv,2024-06-01,18.08,21.87,1.2246467991473532e-16,-1.0,18.36,19.55,19.96,92758.0,116488.0,2057.0,19.29,0,62
20260330,2024,7,TT,TODAS CONSOLIDADAS,TT,TODAS CONSOLIDADAS,ÁNCASH,020000,1055,13024,22622,21.87,18.96,1.29,1.25,1.67,116019,108909,7110,150610,137673,12938,1933,Indicadores_ocupabilidad_2024.csv,2024-07-01,21.87,20.1,-0.4999999999999997,-0.8660254037844388,18.08,18.36,19.55,92574.0,116588.0,1916.0,18.66333333333333,0,63
20260330,2024,8,TT,TODAS CONSOLIDADAS,TT,TODAS CONSOLIDADAS,ÁNCASH,020000,1059,13089,22696,20.1,17.77,1.3,1.26,1.66,107948,100959,6988,140963,127947,13016,1957,Indicadores_ocupabilidad_2024.csv,2024-08-01,20.1,18.11,-0.8660254037844384,-0.5000000000000004,21.87,18.08,18.36,116019.0,150610.0,1933.0,19.436666666666667,0,64
20260330,2024,9,TT,TODAS CONSOLIDADAS,TT,TODAS CONSOLIDADAS,ÁNCASH,020000,1061,13048,22614,18.11,15.43,1.24,1.22,1.47,92980,88455,4525,118819,111388,7431,1948,Indicadores_ocupabilidad_2024.csv,2024-09-01,18.11,19.18,-1.0,-1.8369701987210297e-16,20.1,21.87,18.08,107948.0,140963.0,1957.0,20.016666666666666,0,65
20260330,2024,10,TT,TODAS CONSOLIDADAS,TT,TODAS CONSOLIDADAS,ÁNCASH,020000,1060,13005,22548,19.18,16.6,1.25,1.23,1.57,99842,96056,3786,126989,120336,6654,1948,Indicadores_ocupabilidad_2024.csv,2024-10-01,19.18,18.19,-0.8660254037844386,0.5000000000000001,18.11,20.1,21.87,92980.0,118819.0,1948.0,20.026666666666667,0,66
20260330,2024,11,TT,TODAS CONSOLIDADAS,TT,TODAS CONSOLIDADAS,ÁNCASH,020000,1070,13107,22675,18.19,15.71,1.28,1.27,1.42,92741,89811,2930,118198,113769,4429,1950,Indicadores_ocupabilidad_2024.csv,2024-11-01,18.19,18.26,-0.5000000000000004,0.8660254037844384,19.18,18.11,20.1,99842.0,126989.0,1948.0,19.13,0,67
