FECHA_CORTE,ANIO,MES,ID_CLASE,CLASE,ID_CATEGORIA,CATEGORIA,DEPARTAMENTO,ID_UBIGEO,NUMERO_ESTABLECIMIENTOS,NUMERO_HABITACIONES,NUMERO_PLAZAS_CAMA,PORCENTAJE_TNOH,PORCENTAJE_TNOC,PROMEDIO_PERMANENCIA,PROMEDIO_PERMANENCIA_NAC,PROMEDIO_PERMANENCIA_EXT,TOTAL_ARRIBOS,TOTAL_ARRIBOS_NAC,TOTAL_ARRIBOS_EXT,TOTAL_PERNOCT,TOTAL_PERNOCT_NAC,TOTAL_PERNOCT_EXT,TOTAL_EMPLEO,ARCHIVO_ORIGEN,FECHA,TASA_OCUPABILIDAD_HOTELERA,TASA_OCUPABILIDAD_HOTELERA_FUTURA,MES_SIN,MES_COS,TASA_LAG_1,TASA_LAG_2,TASA_LAG_3,ARRIBOS_LAG_1,PERNOCT_LAG_1,EMPLEO_LAG_1,TASA_MEDIA_MOVIL_3,ES_COVID_2020,TENDENCIA_MESES
20260330.0,2025,1,TT,TODAS CONSOLIDADAS,TT,TODAS CONSOLIDADAS,AMAZONAS,10000,448.56,5651.96,9035.460000000001,17.4,13.7,1.27254,1.26,1.45,31842.45,29513,1402,42291.92,38892,2248,1044.435,Indicadores_ocupabilidad_2024.csv,2024-11-01,17.244688515433594,17.6,0.49999999999999994,0.8660254037844387,17.2,17.26,18.22,31842.45,42291.92,1044.435,17.56,0,68
20260330.0,2025,2,TT,TODAS CONSOLIDADAS,TT,TODAS CONSOLIDADAS,AMAZONAS,10000,452.14848,5708.4796,9125.814600000002,17.4,13.7,1.27508508,1.26,1.45,32797.7235,29513,1402,43476.093759999996,38892,2248,1060.1015249999998,Indicadores_ocupabilidad_2024.csv,2024-11-01,16.901607223645225,17.6,0.8660254037844386,0.5000000000000001,17.244688515433594,17.2,17.26,32797.7235,43476.093759999996,1060.1015249999998,17.2348961718112,0,69
20260330.0,2025,3,TT,TODAS CONSOLIDADAS,TT,TODAS CONSOLIDADAS,AMAZONAS,10000,455.76566784,5765.564396,9217.072746000002,17.4,13.7,1.27763525016,1.26,1.45,33781.655205,29513,1402,44693.42438528,38892,2248,1076.0030478749998,Indicadores_ocupabilidad_2024.csv,2024-11-01,17.372720485176742,17.6,1.0,6.123233995736766e-17,16.901607223645225,17.244688515433594,17.2,33781.655205,44693.42438528,1076.0030478749998,17.115431913026274,0,70
20260330.0,2025,4,TT,TODAS CONSOLIDADAS,TT,TODAS CONSOLIDADAS,AMAZONAS,10000,459.41179318272,5823.22003996,9309.243473460001,17.4,13.7,1.28019052066032,1.26,1.45,34795.10486115,29513,1402,45944.84026806784,38892,2248,1092.1430935931246,Indicadores_ocupabilidad_2024.csv,2024-11-01,17.778854641305497,17.6,0.8660254037844387,-0.4999999999999998,17.372720485176742,16.901607223645225,17.244688515433594,34795.10486115,45944.84026806784,1092.1430935931246,17.17300540808519,0,71
20260330.0,2025,5,TT,TODAS CONSOLIDADAS,TT,TODAS CONSOLIDADAS,AMAZONAS,10000,463.0870875281817,5881.452240359599,9402.335908194602,17.4,13.7,1.2827509017016405,1.26,1.45,35838.9580069845,29513,1402,47231.295795573744,38892,2248,1108.5252399970213,Indicadores_ocupabilidad_2024.csv,2024-11-01,18.302120237380333,17.6,0.49999999999999994,-0.8660254037844387,17.778854641305497,17.372720485176742,16.901607223645225,35838.9580069845,47231.295795573744,1108.5252399970213,17.351060783375825,0,72
20260330.0,2025,6,TT,TODAS CONSOLIDADAS,TT,TODAS CONSOLIDADAS,AMAZONAS,10000,466.79178422840715,5940.266762763195,9496.359267276548,17.4,13.7,1.2853164035050437,1.26,1.45,36914.12674719404,29513,1402,48553.77207784981,38892,2248,1125.1531185969766,Indicadores_ocupabilidad_2024.csv,2024-11-01,19.187179340220283,17.6,1.2246467991473532e-16,-1.0,18.302120237380333,17.778854641305497,17.372720485176742,36914.12674719404,48553.77207784981,1125.1531185969766,17.817898454620856,0,73
20260330.0,2025,7,TT,TODAS CONSOLIDADAS,TT,TODAS CONSOLIDADAS,AMAZONAS,10000,470.5261185022344,5999.669430390827,9591.322859949314,17.4,13.7,1.2878870363120538,1.26,1.45,38021.550549609856,29513,1402,49913.27769602961,38892,2248,1142.0304153759312,Indicadores_ocupabilidad_2024.csv,2024-11-01,19.522197316667032,17.6,-0.4999999999999997,-0.8660254037844388,19.187179340220283,18.302120237380333,17.778854641305497,38021.550549609856,49913.27769602961,1142.0304153759312,18.422718072968706,0,74
20260330.0,2025,8,TT,TODAS CONSOLIDADAS,TT,TODAS CONSOLIDADAS,AMAZONAS,10000,474.2903274502523,6059.666124694735,9687.236088548807,17.4,13.7,1.290462810384678,1.26,1.45,39162.19706609815,29513,1402,51310.84947151844,38892,2248,1159.16087160657,Indicadores_ocupabilidad_2024.csv,2024-11-01,19.609442045861254,17.6,-0.8660254037844385,-0.5000000000000004,19.522197316667032,19.187179340220283,18.302120237380333,39162.19706609815,51310.84947151844,1159.16087160657,19.00383229808922,0,75
20260330.0,2025,9,TT,TODAS CONSOLIDADAS,TT,TODAS CONSOLIDADAS,AMAZONAS,10000,478.0846500698543,6120.2627859416825,9784.108449434296,17.4,13.7,1.2930437360054474,1.26,1.45,40337.0629780811,29513,1402,52747.55325672096,38892,2248,1176.5482846806685,Indicadores_ocupabilidad_2024.csv,2024-11-01,19.9567208060027,17.6,-1.0,-1.8369701987210297e-16,19.609442045861254,19.522197316667032,19.187179340220283,40337.0629780811,52747.55325672096,1176.5482846806685,19.439606234249524,0,76
20260330.0,2025,10,TT,TODAS CONSOLIDADAS,TT,TODAS CONSOLIDADAS,AMAZONAS,10000,481.90932727041314,6181.465413801099,9881.949533928639,17.4,13.7,1.2956298234774584,1.26,1.45,41547.174867423535,29513,1402,54224.48474790915,38892,2248,1194.1965089508785,Indicadores_ocupabilidad_2024.csv,2024-11-01,19.09502517232247,17.6,-0.8660254037844386,0.5000000000000001,19.9567208060027,19.609442045861254,19.522197316667032,41547.174867423535,54224.48474790915,1194.1965089508785,19.696120056176994,0,77
20260330.0,2025,11,TT,TODAS CONSOLIDADAS,TT,TODAS CONSOLIDADAS,AMAZONAS,10000,485.76460188857646,6243.28006793911,9980.769029267925,17.4,13.7,1.2982210831244132,1.26,1.45,42793.59011344624,29513,1402,55742.77032085061,38892,2248,1212.1094565851415,Indicadores_ocupabilidad_2024.csv,2024-11-01,18.376504826635074,17.6,-0.5000000000000004,0.8660254037844384,19.09502517232247,19.9567208060027,19.609442045861254,42793.59011344624,55742.77032085061,1212.1094565851415,19.553729341395478,0,78
20260330.0,2025,12,TT,TODAS CONSOLIDADAS,TT,TODAS CONSOLIDADAS,AMAZONAS,10000,489.6507187036851,6305.7128686185015,10080.576719560604,17.4,13.7,1.300817525290662,1.26,1.45,44077.397816849625,29513,1402,57303.56788983443,38892,2248,1230.2910984339185,Indicadores_ocupabilidad_2024.csv,2024-11-01,18.147256317586944,17.6,-2.4492935982947064e-16,1.0,18.376504826635074,19.09502517232247,19.9567208060027,44077.397816849625,57303.56788983443,1230.2910984339185,19.142750268320082,0,79
20260330.0,2026,1,TT,TODAS CONSOLIDADAS,TT,TODAS CONSOLIDADAS,AMAZONAS,10000,497.5164678489411,6432.457697277733,10283.196311623773,17.4,13.7,1.3060259986619256,1.26,1.45,46761.71134389577,29513,1402,60557.49368889078,38892,2248,1267.4766468840833,Indicadores_ocupabilidad_2024.csv,2024-11-01,18.156551526341254,17.6,0.49999999999999994,0.8660254037844387,18.147256317586944,18.376504826635074,19.09502517232247,46761.71134389577,60557.49368889078,1267.4766468840833,18.539595438848163,0,80
20260330.0,2026,2,TT,TODAS CONSOLIDADAS,TT,TODAS CONSOLIDADAS,AMAZONAS,10000,505.5085723884665,6561.750096993015,10489.888557487411,17.4,13.7,1.3112553267605678,1.26,1.45,49609.49956473902,29513,1402,63996.19041052076,38892,2248,1305.7861285361544,Indicadores_ocupabilidad_2024.csv,2024-11-01,18.0280392886946,17.6,0.8660254037844386,0.5000000000000001,18.156551526341254,18.147256317586944,18.376504826635074,49609.49956473902,63996.19041052076,1305.7861285361544,18.226770890187755,0,81
20260330.0,2026,3,TT,TODAS CONSOLIDADAS,TT,TODAS CONSOLIDADAS,AMAZONAS,10000,513.6290620953149,6693.641273942575,10700.735317492909,17.4,13.7,1.316505593088917,1.26,1.45,52630.718088231624,29513,1402,67630.15008679176,38892,2248,1345.2535142711592,Indicadores_ocupabilidad_2024.csv,2024-11-01,18.53790109559656,17.6,1.0,6.123233995736766e-17,18.0280392886946,18.156551526341254,18.147256317586944,52630.718088231624,67630.15008679176,1345.2535142711592,18.110615710874267,0,82
20260330.0,2026,4,TT,TODAS CONSOLIDADAS,TT,TODAS CONSOLIDADAS,AMAZONAS,10000,521.8799993488141,6828.183463548821,10915.820097374515,17.4,13.7,1.3217768814836448,1.26,1.45,55835.928819804925,29513,1402,71470.46052932015,38892,2248,1385.9138017400046,Indicadores_ocupabilidad_2024.csv,2024-11-01,18.987893925253925,17.6,0.8660254037844387,-0.4999999999999998,18.53790109559656,18.0280392886946,18.156551526341254,55835.928819804925,71470.46052932015,1385.9138017400046,18.240830636877472,0,83
20260330.0,2026,5,TT,TODAS CONSOLIDADAS,TT,TODAS CONSOLIDADAS,AMAZONAS,10000,530.2634796583535,6965.429951166153,11135.228081331743,17.4,13.7,1.3270692761171052,1.26,1.45,59236.33688493104,29513,1402,75528.83916001706,38892,2248,1427.8030463975958,Indicadores_ocupabilidad_2024.csv,2024-11-01,19.439673687145035,17.6,0.49999999999999994,-0.8660254037844387,18.987893925253925,18.53790109559656,18.0280392886946,59236.33688493104,75528.83916001706,1427.8030463975958,18.51794476984836,0,84
20260330.0,2026,6,TT,TODAS CONSOLIDADAS,TT,TODAS CONSOLIDADAS,AMAZONAS,10000,538.7816321955853,7105.435093184593,11359.046165766511,17.4,13.7,1.332382861498678,1.26,1.45,62843.82980122334,29513,1402,79817.66876287946,38892,2248,1470.9583934749628,Indicadores_ocupabilidad_2024.csv,2024-11-01,20.39792224216965,17.6,1.2246467991473532e-16,-1.0,19.439673687145035,18.987893925253925,18.53790109559656,62843.82980122334,79817.66876287946,1470.9583934749628,18.98848956933184,0,85
20260330.0,2026,7,TT,TODAS CONSOLIDADAS,TT,TODAS CONSOLIDADAS,AMAZONAS,10000,547.4366203351752,7248.254338557604,11587.362993698418,17.4,13.7,1.3377177224761185,1.26,1.45,66671.01903611784,29513,1402,84350.0352659108,38892,2248,1515.4181109177432,Indicadores_ocupabilidad_2024.csv,2024-11-01,20.748048509570214,17.6,-0.4999999999999997,-0.8660254037844388,20.39792224216965,19.439673687145035,18.987893925253925,66671.01903611784,84350.0352659108,1515.4181109177432,19.608496618189537,0,86
20260330.0,2026,8,TT,TODAS CONSOLIDADAS,TT,TODAS CONSOLIDADAS,AMAZONAS,10000,556.2306422042395,7393.944250762612,11820.268989871756,17.4,13.7,1.3430739442369128,1.26,1.45,70731.28409541742,29513,1402,89139.76766845028,38892,2248,1561.2216233202316,Indicadores_ocupabilidad_2024.csv,2024-11-01,20.979561327177432,17.6,-0.8660254037844385,-0.5000000000000004,20.748048509570214,20.39792224216965,19.439673687145035,70731.28409541742,89139.76766845028,1561.2216233202316,20.195214812961634,0,87
20260330.0,2026,9,TT,TODAS CONSOLIDADAS,TT,TODAS CONSOLIDADAS,AMAZONAS,10000,565.1659312406085,7542.56253020294,12057.856396568179,17.4,13.7,1.3484516123096373,1.26,1.45,75038.81929682834,29513,1402,94201.48023573555,38892,2248,1608.409546885085,Indicadores_ocupabilidad_2024.csv,2024-11-01,21.192968835019354,17.6,-1.0,-1.8369701987210297e-16,20.979561327177432,20.748048509570214,20.39792224216965,75038.81929682834,94201.48023573555,1608.409546885085,20.708510692972432,0,88
20260330.0,2026,10,TT,TODAS CONSOLIDADAS,TT,TODAS CONSOLIDADAS,AMAZONAS,10000,574.2447567600577,7694.16803706002,12300.219310139199,17.4,13.7,1.353850812565325,1.26,1.45,79608.68339200519,29513,1402,99550.61708944156,38892,2248,1657.0237254396864,Indicadores_ocupabilidad_2024.csv,2024-11-01,20.931277509894503,17.6,-0.8660254037844386,0.5000000000000001,21.192968835019354,20.979561327177432,20.748048509570214,79608.68339200519,99550.61708944156,1657.0237254396864,20.973526223922335,0,89
20260330.0,2026,11,TT,TODAS CONSOLIDADAS,TT,TODAS CONSOLIDADAS,AMAZONAS,10000,583.4694245326514,7848.820814604926,12547.453718272996,17.4,13.7,1.3592716312188364,1.26,1.45,84456.8522105783,29513,1402,105203.49933024839,38892,2248,1707.1072675411003,Indicadores_ocupabilidad_2024.csv,2024-11-01,20.248322218811516,17.6,-0.5000000000000004,0.8660254037844384,20.931277509894503,21.192968835019354,20.979561327177432,84456.8522105783,105203.49933024839,1707.1072675411003,21.034602557363765,0,90
20260330.0,2026,12,TT,TODAS CONSOLIDADAS,TT,TODAS CONSOLIDADAS,AMAZONAS,10000,592.842277368344,8006.582112978485,12799.657538010284,17.4,13.7,1.3647141548302366,1.26,1.45,89600.27451020252,29513,1402,111177.3748362172,38892,2248,1758.7045847025297,Indicadores_ocupabilidad_2024.csv,2024-11-01,19.392743077004887,17.6,-2.4492935982947064e-16,1.0,20.248322218811516,20.931277509894503,21.192968835019354,89600.27451020252,111177.3748362172,1758.7045847025297,20.79085618790846,0,91
20260330.0,2027,1,TT,TODAS CONSOLIDADAS,TT,TODAS CONSOLIDADAS,AMAZONAS,10000,607.1846212776849,8249.189557583848,13187.499961069536,17.4,13.7,1.3729188272467892,1.26,1.45,97908.63916471007,29513,1402,120780.20407380663,38892,2248,1839.0393522367904,Indicadores_ocupabilidad_2024.csv,2024-11-01,19.421888511712268,17.6,0.49999999999999994,0.8660254037844387,19.392743077004887,20.248322218811516,20.931277509894503,97908.63916471007,120780.20407380663,1839.0393522367904,20.19078093523697,0,92
20260330.0,2027,2,TT,TODAS CONSOLIDADAS,TT,TODAS CONSOLIDADAS,AMAZONAS,10000,621.8739425141607,8499.148250368196,13587.094397389905,17.4,13.7,1.3811728262195473,1.26,1.45,106987.41354853613,29513,1402,131212.4676230278,38892,2248,1923.0436814080188,Indicadores_ocupabilidad_2024.csv,2024-11-01,19.34936682788865,17.6,0.8660254037844386,0.5000000000000001,19.421888511712268,19.392743077004887,20.248322218811516,106987.41354853613,131212.4676230278,1923.0436814080188,19.687651269176225,0,93
20260330.0,2027,3,TT,TODAS CONSOLIDADAS,TT,TODAS CONSOLIDADAS,AMAZONAS,10000,636.9186353309218,8756.680941502604,13998.796944725218,17.4,13.7,1.3894764483001616,1.26,1.45,116908.03544465125,29513,1402,142545.80700330075,38892,2248,2010.885191828754,Indicadores_ocupabilidad_2024.csv,2024-11-01,19.98972210614376,17.6,1.0,6.123233995736766e-17,19.34936682788865,19.421888511712268,19.392743077004887,116908.03544465125,142545.80700330075,2010.885191828754,19.387999472201937,0,94
20260330.0,2027,4,TT,TODAS CONSOLIDADAS,TT,TODAS CONSOLIDADAS,AMAZONAS,10000,652.3272970591887,9022.017130711076,14422.97449094734,17.4,13.7,1.3978299918231536,1.26,1.45,127748.56684732743,29513,1402,154858.05169520513,38892,2248,2102.7391597030537,Indicadores_ocupabilidad_2024.csv,2024-11-01,20.233767024149536,17.6,0.8660254037844387,-0.4999999999999998,19.98972210614376,19.34936682788865,19.421888511712268,127748.56684732743,154858.05169520513,2102.7391597030537,19.586992481914894,0,95
20260330.0,2027,5,TT,TODAS CONSOLIDADAS,TT,TODAS CONSOLIDADAS,AMAZONAS,10000,668.1087330212207,9295.393271788753,14860.005040997537,17.4,13.7,1.406233756916634,1.26,1.45,139594.30820537955,29513,1402,168233.75361914028,38892,2248,2198.788867567154,Indicadores_ocupabilidad_2024.csv,2024-11-01,20.894269653848816,17.6,0.49999999999999994,-0.8660254037844387,20.233767024149536,19.98972210614376,19.34936682788865,139594.30820537955,168233.75361914028,2198.788867567154,19.857618652727314,0,96
20260330.0,2027,6,TT,TODAS CONSOLIDADAS,TT,TODAS CONSOLIDADAS,AMAZONAS,10000,684.2719615621413,9577.052983317226,15310.278053744805,17.4,13.7,1.4146880455130868,1.26,1.45,152538.4696223398,29513,1402,182764.76777901972,38892,2248,2299.2259700057107,Indicadores_ocupabilidad_2024.csv,2024-11-01,22.687352251472994,17.6,1.2246467991473532e-16,-1.0,20.894269653848816,20.233767024149536,19.98972210614376,152538.4696223398,182764.76777901972,2299.2259700057107,20.372586261380704,0,97
20260330.0,2027,7,TT,TODAS CONSOLIDADAS,TT,TODAS CONSOLIDADAS,AMAZONAS,10000,700.8262192034969,9867.247265764723,15774.19478905133,17.4,13.7,1.4231931613602158,1.26,1.45,166682.9042950105,29513,1402,198550.88305845592,38892,2248,2404.2508760733695,Indicadores_ocupabilidad_2024.csv,2024-11-01,22.42240124893566,17.6,-0.4999999999999997,-0.8660254037844388,22.687352251472994,20.894269653848816,20.233767024149536,166682.9042950105,198550.88305845592,2404.2508760733695,21.27179630982378,0,98
20260330.0,2027,8,TT,TODAS CONSOLIDADAS,TT,TODAS CONSOLIDADAS,AMAZONAS,10000,717.780965921492,10166.23472516466,16252.168665354377,17.4,13.7,1.4317494100318586,1.26,1.45,182138.90996157393,29513,1402,215700.5075013046,38892,2248,2514.0731491847264,Indicadores_ocupabilidad_2024.csv,2024-11-01,22.408013170822983,17.6,-0.8660254037844385,-0.5000000000000004,22.42240124893566,22.687352251472994,20.894269653848816,182138.90996157393,215700.5075013046,2514.0731491847264,22.00134105141916,0,99
20260330.0,2027,9,TT,TODAS CONSOLIDADAS,TT,TODAS CONSOLIDADAS,AMAZONAS,10000,735.1458905529192,10474.281803571876,16744.625628083282,17.4,13.7,1.4403570989389654,1.26,1.45,199028.1046655808,29513,1402,234331.4127825979,38892,2248,2628.9119252706164,Indicadores_ocupabilidad_2024.csv,2024-11-01,22.36897482345254,17.6,-1.0,-1.8369701987210297e-16,22.408013170822983,22.42240124893566,22.687352251472994,199028.1046655808,234331.4127825979,2628.9119252706164,22.50592222374388,0,100
20260330.0,2027,10,TT,TODAS CONSOLIDADAS,TT,TODAS CONSOLIDADAS,AMAZONAS,10000,752.9309163318713,10791.663016501909,17252.004529239835,17.4,13.7,1.449016537340643,1.26,1.45,217483.3837269061,29513,1402,254571.5429823742,38892,2248,2748.9963500350987,Indicadores_ocupabilidad_2024.csv,2024-11-01,21.810173552758698,17.6,-0.8660254037844386,0.5000000000000001,22.36897482345254,22.408013170822983,22.42240124893566,217483.3837269061,254571.5429823742,2748.9963500350987,22.399796414403728,0,101
20260330.0,2027,11,TT,TODAS CONSOLIDADAS,TT,TODAS CONSOLIDADAS,AMAZONAS,10000,771.1462065604011,11118.661197564934,17774.757518480335,17.4,13.7,1.4577280363552672,1.26,1.45,237649.96544975092,29513,1402,276559.8932164997,38892,2248,2874.566036185632,Indicadores_ocupabilidad_2024.csv,2024-11-01,20.58778585650753,17.6,-0.5000000000000004,0.8660254037844384,21.810173552758698,22.36897482345254,22.408013170822983,237649.96544975092,276559.8932164997,2874.566036185632,22.195720515678072,0,102
20260330.0,2027,12,TT,TODAS CONSOLIDADAS,TT,TODAS CONSOLIDADAS,AMAZONAS,10000,789.802170416368,11455.567750512351,18313.35044604781,17.4,13.7,1.4664919089716593,1.26,1.45,259686.53379601,29513,1402,300447.4641583068,38892,2248,3005.871541548782,Indicadores_ocupabilidad_2024.csv,2024-11-01,20.407098303336994,17.6,-2.4492935982947064e-16,1.0,20.58778585650753,21.810173552758698,22.36897482345254,259686.53379601,300447.4641583068,3005.871541548782,21.58897807757292,0,103
20260330.0,2028,1,TT,TODAS CONSOLIDADAS,TT,TODAS CONSOLIDADAS,AMAZONAS,10000,815.3807446530063,11920.709738009833,19056.94591069264,17.4,13.7,1.478259087000453,1.26,1.45,292279.481625772,29513,1402,335537.4513782072,38892,2248,3190.3224920608563,Indicadores_ocupabilidad_2024.csv,2024-11-01,21.155622950906,17.6,0.49999999999999994,0.8660254037844387,20.407098303336994,20.58778585650753,21.810173552758698,292279.481625772,335537.4513782072,3190.3224920608563,20.93501923753441,0,104
20260330.0,2028,2,TT,TODAS CONSOLIDADAS,TT,TODAS CONSOLIDADAS,AMAZONAS,10000,841.7877079274139,12404.738355419082,19830.734333019864,17.4,13.7,1.4901206852424878,1.26,1.45,328963.1315520396,29513,1402,374725.6832164879,38892,2248,3386.0920078125077,Indicadores_ocupabilidad_2024.csv,2024-11-01,21.536316308671157,17.6,0.8660254037844386,0.5000000000000001,21.155622950906,20.407098303336994,20.58778585650753,328963.1315520396,374725.6832164879,3386.0920078125077,20.71683570358351,0,105
20260330.0,2028,3,TT,TODAS CONSOLIDADAS,TT,TODAS CONSOLIDADAS,AMAZONAS,10000,869.0498884901235,12908.420475649902,20635.941668185147,17.4,13.7,1.5020774613285774,1.26,1.45,370250.90272700955,29513,1402,418490.8035907664,38892,2248,3593.8746361548174,Indicadores_ocupabilidad_2024.csv,2024-11-01,22.09388444502166,17.6,1.0,6.123233995736766e-17,21.536316308671157,21.155622950906,20.407098303336994,370250.90272700955,418490.8035907664,3593.8746361548174,21.033012520971383,0,106
20260330.0,2028,4,TT,TODAS CONSOLIDADAS,TT,TODAS CONSOLIDADAS,AMAZONAS,10000,897.1949834527876,13432.554109727396,21473.843650039555,17.4,13.7,1.5141301789687902,1.26,1.45,416720.6529297023,29513,1402,467367.35840138834,38892,2248,3814.407544330406,Indicadores_ocupabilidad_2024.csv,2024-11-01,22.198704724160336,17.6,0.8660254037844387,-0.4999999999999998,22.09388444502166,21.536316308671157,21.155622950906,416720.6529297023,467367.35840138834,3814.407544330406,21.595274568199603,0,107
20260330.0,2028,5,TT,TODAS CONSOLIDADAS,TT,TODAS CONSOLIDADAS,AMAZONAS,10000,926.2515869271595,13977.969671124309,22345.7678123442,17.4,13.7,1.5262796080012277,1.26,1.45,469022.7661813323,29513,1402,521952.3244594216,38892,2248,4048.4731347813054,Indicadores_ocupabilidad_2024.csv,2024-11-01,22.459755147586858,17.6,0.49999999999999994,-0.8660254037844387,22.198704724160336,22.09388444502166,21.536316308671157,469022.7661813323,521952.3244594216,4048.4731347813054,21.94296849261772,0,108
20260330.0,2028,6,TT,TODAS CONSOLIDADAS,TT,TODAS CONSOLIDADAS,AMAZONAS,10000,956.2492190753851,14545.531291430338,23253.095592054302,17.4,13.7,1.5385265244411976,1.26,1.45,527889.2554276596,29513,1402,582912.4009439681,38892,2248,4296.901820941409,Indicadores_ocupabilidad_2024.csv,2024-11-01,23.375159865259807,17.6,1.2246467991473532e-16,-1.0,22.459755147586858,22.198704724160336,22.09388444502166,527889.2554276596,582912.4009439681,4296.901820941409,22.250781438922953,0,109
20260330.0,2028,7,TT,TODAS CONSOLIDADAS,TT,TODAS CONSOLIDADAS,AMAZONAS,10000,987.2183561011199,15136.138189442889,24197.26451800503,17.4,13.7,1.5508717105307792,1.26,1.45,594144.0076881712,29513,1402,650992.1524464398,38892,2248,4560.5749733614,Indicadores_ocupabilidad_2024.csv,2024-11-01,23.741052210012718,17.6,-0.4999999999999997,-0.8660254037844388,23.375159865259807,22.459755147586858,22.198704724160336,594144.0076881712,650992.1524464398,4560.5749733614,22.677873245669,0,110
20260330.0,2028,8,TT,TODAS CONSOLIDADAS,TT,TODAS CONSOLIDADAS,AMAZONAS,10000,1019.1904612119382,15750.72609584841,25179.770488466755,17.4,13.7,1.563315954788787,1.26,1.45,668714.3150617445,29513,1402,727023.1030607037,38892,2248,4840.428046618369,Indicadores_ocupabilidad_2024.csv,2024-11-01,23.831268568304452,17.6,-0.8660254037844385,-0.5000000000000004,23.741052210012718,23.375159865259807,22.459755147586858,668714.3150617445,727023.1030607037,4840.428046618369,23.191989074286465,0,111
20260330.0,2028,9,TT,TODAS CONSOLIDADAS,TT,TODAS CONSOLIDADAS,AMAZONAS,10000,1052.1980165844943,16390.2687357515,26202.170141178165,17.4,13.7,1.5758600520611359,1.26,1.45,752643.8529751092,29513,1402,811933.8925940462,38892,2248,5137.453898103704,Indicadores_ocupabilidad_2024.csv,2024-11-01,24.194034286000445,17.6,-1.0,-1.8369701987210297e-16,23.831268568304452,23.741052210012718,23.375159865259807,752643.8529751092,811933.8925940462,5137.453898103704,23.64916021452566,0,112
20260330.0,2028,10,TT,TODAS CONSOLIDADAS,TT,TODAS CONSOLIDADAS,AMAZONAS,10000,1086.2745563649075,17055.77937140064,27266.083319612266,17.4,13.7,1.58850480357161,1.26,1.45,847107.2873158302,29513,1402,906761.6189466215,38892,2248,5452.706310463593,Indicadores_ocupabilidad_2024.csv,2024-11-01,23.870602896793983,17.6,-0.8660254037844386,0.5000000000000001,24.194034286000445,23.831268568304452,23.741052210012718,847107.2873158302,906761.6189466215,5452.706310463593,23.92211835477254,0,113
20260330.0,2028,11,TT,TODAS CONSOLIDADAS,TT,TODAS CONSOLIDADAS,AMAZONAS,10000,1121.4547007379008,17748.312407554786,28373.195639382637,17.4,13.7,1.6012510169730385,1.26,1.45,953426.7148891683,29513,1402,1012664.5051948744,38892,2248,5787.303730188981,Indicadores_ocupabilidad_2024.csv,2024-11-01,23.375898590250614,17.6,-0.5000000000000004,0.8660254037844384,23.870602896793983,24.194034286000445,23.831268568304452,953426.7148891683,1012664.5051948744,5787.303730188981,23.96530191703296,0,114
20260330.0,2028,12,TT,TODAS CONSOLIDADAS,TT,TODAS CONSOLIDADAS,AMAZONAS,10000,1157.7741910993025,18468.965062034265,29525.261158856087,17.4,13.7,1.614099506398883,1.26,1.45,1073090.1672971172,29513,1402,1130936.0460943235,38892,2248,6142.4332356186815,Indicadores_ocupabilidad_2024.csv,2024-11-01,23.178280957156915,17.6,-2.4492935982947064e-16,1.0,23.375898590250614,23.870602896793983,24.194034286000445,1073090.1672971172,1130936.0460943235,6142.4332356186815,23.813511924348347,0,115
20260330.0,2029,1,TT,TODAS CONSOLIDADAS,TT,TODAS CONSOLIDADAS,AMAZONAS,10000,1204.83208577859,19411.067895143784,31031.346209784922,17.4,13.7,1.6303051947002678,1.26,1.45,1244005.6103337978,29513,1402,1298385.3893767043,38892,2248,6617.145069659747,Indicadores_ocupabilidad_2024.csv,2024-11-01,23.481054610332663,17.6,0.49999999999999994,0.8660254037844387,23.178280957156915,23.375898590250614,23.870602896793983,1244005.6103337978,1298385.3893767043,6617.145069659747,23.474927481400503,0,116
20260330.0,2029,2,TT,TODAS CONSOLIDADAS,TT,TODAS CONSOLIDADAS,AMAZONAS,10000,1253.8026551993523,20401.22744096957,32614.2567346165,17.4,13.7,1.6466735894099507,1.26,1.45,1442143.45234372,29513,1402,1490627.7195503723,38892,2248,7128.5445349268,Indicadores_ocupabilidad_2024.csv,2024-11-01,22.72241423434761,17.6,0.8660254037844386,0.5000000000000001,23.481054610332663,23.178280957156915,23.375898590250614,1442143.45234372,1490627.7195503723,7128.5445349268,23.345078052580064,0,117
20260330.0,2029,3,TT,TODAS CONSOLIDADAS,TT,TODAS CONSOLIDADAS,AMAZONAS,10000,1304.7636402952119,21441.895074834927,34277.91160462356,17.4,13.7,1.6632063241133004,1.26,1.45,1671839.5157235723,29513,1402,1711333.950976305,38892,2248,7679.46699845402,Indicadores_ocupabilidad_2024.csv,2024-11-01,22.71696155534562,17.6,1.0,6.123233995736766e-17,22.72241423434761,23.481054610332663,23.178280957156915,1671839.5157235723,1711333.950976305,7679.46699845402,23.12724993394573,0,118
20260330.0,2029,4,TT,TODAS CONSOLIDADAS,TT,TODAS CONSOLIDADAS,AMAZONAS,10000,1357.7959417909617,22535.647216841204,36026.429592898785,17.4,13.7,1.6799050487970135,1.26,1.45,1938120.2069686048,29513,1402,1964718.5231786524,38892,2248,8272.966955792466,Indicadores_ocupabilidad_2024.csv,2024-11-01,22.746365231114297,17.6,0.8660254037844387,-0.4999999999999998,22.71696155534562,22.72241423434761,23.481054610332663,1938120.2069686048,1964718.5231786524,8272.966955792466,22.97347680000863,0,119
20260330.0,2029,5,TT,TODAS CONSOLIDADAS,TT,TODAS CONSOLIDADAS,AMAZONAS,10000,1412.9837486327217,23685.191710408202,37864.13957135668,17.4,13.7,1.6967714300137855,1.26,1.45,2246812.508815654,29513,1402,2255619.876599265,38892,2248,8912.334966139233,Indicadores_ocupabilidad_2024.csv,2024-11-01,22.5349976012949,17.6,0.49999999999999994,-0.8660254037844387,22.746365231114297,22.71696155534562,22.72241423434761,2246812.508815654,2255619.876599265,8912.334966139233,22.728580340269176,0,120
20260330.0,2029,6,TT,TODAS CONSOLIDADAS,TT,TODAS CONSOLIDADAS,AMAZONAS,10000,1470.4146716381565,24893.374526184234,39795.59122788499,17.4,13.7,1.7138071510486343,1.26,1.45,2604671.4912829283,29513,1402,2589592.843802514,38892,2248,9601.115896281184,Indicadores_ocupabilidad_2024.csv,2024-11-01,23.265247787849624,17.6,1.2246467991473532e-16,-1.0,22.5349976012949,22.746365231114297,22.71696155534562,2604671.4912829283,2589592.843802514,9601.115896281184,22.666108129251608,0,121
20260330.0,2029,7,TT,TODAS CONSOLIDADAS,TT,TODAS CONSOLIDADAS,AMAZONAS,10000,1530.1798825789251,26163.18680792296,41825.566330178524,17.4,13.7,1.7310139120868941,1.26,1.45,3019528.1319126175,29513,1402,2973014.7203630903,38892,2248,10343.12857450371,Indicadores_ocupabilidad_2024.csv,2024-11-01,23.73804064978846,17.6,-0.4999999999999997,-0.8660254037844388,23.265247787849624,22.5349976012949,22.746365231114297,3019528.1319126175,2973014.7203630903,10343.12857450371,22.848870206752938,0,122
20260330.0,2029,8,TT,TODAS CONSOLIDADAS,TT,TODAS CONSOLIDADAS,AMAZONAS,10000,1592.3742589161566,27497.772277770775,43959.09056414181,17.4,13.7,1.748393430383896,1.26,1.45,3500460.679945808,29513,1402,3413207.0408863416,38892,2248,11142.486963432239,Indicadores_ocupabilidad_2024.csv,2024-11-01,23.83981938126908,17.6,-0.8660254037844385,-0.5000000000000004,23.73804064978846,23.265247787849624,22.5349976012949,3500460.679945808,3413207.0408863416,11142.486963432239,23.179428679644328,0,123
20260330.0,2029,9,TT,TODAS CONSOLIDADAS,TT,TODAS CONSOLIDADAS,AMAZONAS,10000,1657.0965344187189,28900.435019298257,46201.445976169125,17.4,13.7,1.765947440436352,1.26,1.45,4057993.314367725,29513,1402,3918575.385504078,38892,2248,12003.622969195729,Indicadores_ocupabilidad_2024.csv,2024-11-01,24.25312000346553,17.6,-1.0,-1.8369701987210297e-16,23.83981938126908,23.73804064978846,23.265247787849624,4057993.314367725,3918575.385504078,12003.622969195729,23.614369272969054,0,124
20260330.0,2029,10,TT,TODAS CONSOLIDADAS,TT,TODAS CONSOLIDADAS,AMAZONAS,10000,1724.4494559033888,30374.647657544458,48558.18405010596,17.4,13.7,1.7836776941554604,1.26,1.45,4704326.443029233,29513,1402,4498769.886485113,38892,2248,12931.311013373619,Indicadores_ocupabilidad_2024.csv,2024-11-01,24.10723881001709,17.6,-0.8660254037844386,0.5000000000000001,24.25312000346553,23.83981938126908,23.73804064978846,4704326.443029233,4498769.886485113,12931.311013373619,23.94366001150769,0,125
20260330.0,2029,11,TT,TODAS CONSOLIDADAS,TT,TODAS CONSOLIDADAS,AMAZONAS,10000,1794.5399463457486,31924.05995632565,51035.1394512669,17.4,13.7,1.801585961041748,1.26,1.45,5453603.682447727,29513,1402,5164869.499873556,38892,2248,13930.69450396124,Indicadores_ocupabilidad_2024.csv,2024-11-01,23.736341034522827,17.6,-0.5000000000000004,0.8660254037844384,24.10723881001709,24.25312000346553,23.83981938126908,5453603.682447727,5164869.499873556,13930.69450396124,24.066726064917233,0,126
20260330.0,2029,12,TT,TODAS CONSOLIDADAS,TT,TODAS CONSOLIDADAS,AMAZONAS,10000,1867.479274620747,33552.50785409323,53638.44447153652,17.4,13.7,1.8196740283616686,1.26,1.45,6322221.36056866,29513,1402,5929593.5608669175,38892,2248,15007.314352117415,Indicadores_ocupabilidad_2024.csv,2024-11-01,23.417793237990566,17.6,-2.4492935982947064e-16,1.0,23.736341034522827,24.10723881001709,24.25312000346553,6322221.36056866,5929593.5608669175,15007.314352117415,24.032233282668482,0,127
20260330.0,2030,1,TT,TODAS CONSOLIDADAS,TT,TODAS CONSOLIDADAS,AMAZONAS,10000,1958.9302979995284,35616.663190318286,56938.28965342883,17.4,13.7,1.841619588728626,1.26,1.45,7549062.934751709,29513,1402,6998155.913189553,38892,2248,16409.64678819249,Indicadores_ocupabilidad_2024.csv,2024-11-01,23.86402101396545,17.6,0.49999999999999994,0.8660254037844387,23.417793237990566,23.736341034522827,24.10723881001709,7549062.934751709,6998155.913189553,16409.64678819249,23.75379102751016,0,128
20260330.0,2030,2,TT,TODAS CONSOLIDADAS,TT,TODAS CONSOLIDADAS,AMAZONAS,10000,2054.8597055781693,37807.805673691764,60441.14180787114,17.4,13.7,1.8638298160701696,1.26,1.45,9013975.93388223,29513,1402,8259282.138411825,38892,2248,17943.017744227054,Indicadores_ocupabilidad_2024.csv,2024-11-01,23.286615299390846,17.6,0.8660254037844386,0.5000000000000001,23.86402101396545,23.417793237990566,23.736341034522827,9013975.93388223,8259282.138411825,17943.017744227054,23.672718428826283,0,129
20260330.0,2030,3,TT,TODAS CONSOLIDADAS,TT,TODAS CONSOLIDADAS,AMAZONAS,10000,2155.4868051817825,40133.74757263063,64159.489954387784,17.4,13.7,1.8863079023124234,1.26,1.45,10763158.664709216,29513,1402,9747673.856954394,38892,2248,19619.671887228335,Indicadores_ocupabilidad_2024.csv,2024-11-01,23.834455281950152,17.6,1.0,6.123233995736766e-17,23.286615299390846,23.86402101396545,23.417793237990566,10763158.664709216,9747673.856954394,19619.671887228335,23.522809850448954,0,130
20260330.0,2030,4,TT,TODAS CONSOLIDADAS,TT,TODAS CONSOLIDADAS,AMAZONAS,10000,2261.041644205828,42602.78176748139,68106.59143886507,17.4,13.7,1.9090570778766516,1.26,1.45,12851774.321502047,29513,1402,11504286.211467644,38892,2248,21452.998065854605,Indicadores_ocupabilidad_2024.csv,2024-11-01,24.143928785835506,17.6,0.8660254037844387,-0.4999999999999998,23.834455281950152,23.286615299390846,23.86402101396545,12851774.321502047,11504286.211467644,21452.998065854605,23.66169719843548,0,131
20260330.0,2030,5,TT,TODAS CONSOLIDADAS,TT,TODAS CONSOLIDADAS,AMAZONAS,10000,2371.765535536112,45223.71131783839,72296.51920110483,17.4,13.7,1.9320806121435166,1.26,1.45,15345690.64306195,29513,1402,13577454.803839337,38892,2248,23457.6362264832,Indicadores_ocupabilidad_2024.csv,2024-11-01,24.686306612991064,17.6,0.49999999999999994,-0.8660254037844387,24.143928785835506,23.834455281950152,23.286615299390846,15345690.64306195,13577454.803839337,23457.6362264832,23.754999789058832,0,132
20260330.0,2030,6,TT,TODAS CONSOLIDADAS,TT,TODAS CONSOLIDADAS,AMAZONAS,10000,2487.9116092232484,48005.88084884796,76744.21195028491,17.4,13.7,1.9553818139229355,1.26,1.45,18323557.154171713,29513,1402,16024225.715676282,38892,2248,25649.5943198649,Indicadores_ocupabilidad_2024.csv,2024-11-01,26.220789073468264,17.6,1.2246467991473532e-16,-1.0,24.686306612991064,24.143928785835506,23.834455281950152,18323557.154171713,16024225.715676282,25649.5943198649,24.22156356025891,0,133
20260330.0,2030,7,TT,TODAS CONSOLIDADAS,TT,TODAS CONSOLIDADAS,AMAZONAS,10000,2609.7453911727816,50959.20986840276,81465.52742722152,17.4,13.7,1.9789640319296034,1.26,1.45,21879285.500519123,29513,1402,18911925.209600534,38892,2248,28046.376131917674,Indicadores_ocupabilidad_2024.csv,2024-11-01,27.02513934119871,17.6,-0.4999999999999997,-0.8660254037844388,26.220789073468264,24.686306612991064,24.143928785835506,21879285.500519123,18911925.209600534,28046.376131917674,25.017008157431615,0,134
20260330.0,2030,8,TT,TODAS CONSOLIDADAS,TT,TODAS CONSOLIDADAS,AMAZONAS,10000,2737.545410173944,54094.22813401487,86477.2989433341,17.4,13.7,2.0028306552642507,1.26,1.45,26125011.09830851,29513,1402,22320012.303847507,38892,2248,30667.121059447014,Indicadores_ocupabilidad_2024.csv,2024-11-01,26.628930460185337,17.6,-0.8660254037844385,-0.5000000000000004,27.02513934119871,26.220789073468264,24.686306612991064,26125011.09830851,22320012.303847507,30667.121059447014,25.977411675886014,0,135
20260330.0,2030,9,TT,TODAS CONSOLIDADAS,TT,TODAS CONSOLIDADAS,AMAZONAS,10000,2871.6038346547916,57422.11319546432,91797.39539789573,17.4,13.7,2.0269851139007065,1.26,1.45,31194629.498780895,29513,1402,26342265.196300812,38892,2248,33532.75694696581,Indicadores_ocupabilidad_2024.csv,2024-11-01,26.489893680053644,17.6,-1.0,-1.8369701987210297e-16,26.628930460185337,27.02513934119871,26.220789073468264,31194629.498780895,26342265.196300812,33532.75694696581,26.6249529582841,0,136
20260330.0,2030,10,TT,TODAS CONSOLIDADAS,TT,TODAS CONSOLIDADAS,AMAZONAS,10000,3012.2271406194295,60954.730247076965,97444.78498755384,17.4,13.7,2.0514308791788327,1.26,1.45,37248018.99239062,29513,1402,31089361.700424533,38892,2248,36666.16720508553,Indicadores_ocupabilidad_2024.csv,2024-11-01,25.34430072273648,17.6,-0.8660254037844386,0.5000000000000001,26.489893680053644,26.628930460185337,27.02513934119871,37248018.99239062,31089361.700424533,36666.16720508553,26.714654493812564,0,137
20260330.0,2030,11,TT,TODAS CONSOLIDADAS,TT,TODAS CONSOLIDADAS,AMAZONAS,10000,3159.73681229433,64704.67443172048,103439.60283527023,17.4,13.7,2.0761714643034073,1.26,1.45,44476082.61901983,29513,1402,36691924.69733219,38892,2248,40092.3735449953,Indicadores_ocupabilidad_2024.csv,2024-11-01,24.251841228799105,17.6,-0.5000000000000004,0.8660254037844384,25.34430072273648,26.489893680053644,26.628930460185337,44476082.61901983,36691924.69733219,40092.3735449953,26.154374954325153,0,138
20260330.0,2030,12,TT,TODAS CONSOLIDADAS,TT,TODAS CONSOLIDADAS,AMAZONAS,10000,3314.4700770855056,68685.3157473486,109803.22277980369,17.4,13.7,2.1012104248490204,1.26,1.45,53106768.59185417,29513,1402,43304116.40378939,38892,2248,43838.73578824721,Indicadores_ocupabilidad_2024.csv,2024-11-01,24.209628094724852,17.6,-2.4492935982947064e-16,1.0,24.251841228799105,25.34430072273648,26.489893680053644,53106768.59185417,43304116.40378939,43838.73578824721,25.36201187719641,0,139
20260330.0,2025,1,TT,TODAS CONSOLIDADAS,TT,TODAS CONSOLIDADAS,APURÍMAC,30000,535.248,5355.02,8473.9,21.1,15.9,1.17234,1.16,1.72,38829.97,36833,866,46305.232,43539,1505,593.775,Indicadores_ocupabilidad_2024.csv,2024-11-01,20.876433330023428,19.43,0.49999999999999994,0.8660254037844387,19.19,20.79,21.01,38829.97,46305.232,593.775,20.33,0,68
20260330.0,2025,2,TT,TODAS CONSOLIDADAS,TT,TODAS CONSOLIDADAS,APURÍMAC,30000,539.529984,5408.5702,8558.639,21.1,15.9,1.17468468,1.16,1.72,39994.8691,36833,866,47601.778496000006,43539,1505,602.6816249999999,Indicadores_ocupabilidad_2024.csv,2024-11-01,20.603645755700146,19.43,0.8660254037844386,0.5000000000000001,20.876433330023428,19.19,20.79,39994.8691,47601.778496000006,602.6816249999999,20.285477776674476,0,69
20260330.0,2025,3,TT,TODAS CONSOLIDADAS,TT,TODAS CONSOLIDADAS,APURÍMAC,30000,543.846223872,5462.655902,8644.22539,21.1,15.9,1.17703404936,1.16,1.72,41194.715173000004,36833,866,48934.62829388801,43539,1505,611.7218493749999,Indicadores_ocupabilidad_2024.csv,2024-11-01,20.988560557952994,19.43,1.0,6.123233995736766e-17,20.603645755700146,20.876433330023428,19.19,41194.715173000004,48934.62829388801,611.7218493749999,20.22335969524119,0,70
20260330.0,2025,4,TT,TODAS CONSOLIDADAS,TT,TODAS CONSOLIDADAS,APURÍMAC,30000,548.196993662976,5517.2824610200005,8730.6676439,21.1,15.9,1.17938811745872,1.16,1.72,42430.55662819,36833,866,50304.797886116874,43539,1505,620.8976771156249,Indicadores_ocupabilidad_2024.csv,2024-11-01,21.233353606063442,19.43,0.8660254037844387,-0.4999999999999998,20.988560557952994,20.603645755700146,20.876433330023428,42430.55662819,50304.797886116874,620.8976771156249,20.82287988122552,0,71
20260330.0,2025,5,TT,TODAS CONSOLIDADAS,TT,TODAS CONSOLIDADAS,APURÍMAC,30000,552.5825696122797,5572.455285630201,8817.974320339,21.1,15.9,1.1817468936936375,1.16,1.72,43703.4733270357,36833,866,51713.33222692815,43539,1505,630.2111422723592,Indicadores_ocupabilidad_2024.csv,2024-11-01,21.583193968432077,19.43,0.49999999999999994,-0.8660254037844387,21.233353606063442,20.988560557952994,20.603645755700146,43703.4733270357,51713.33222692815,630.2111422723592,20.941853306572195,0,72
20260330.0,2025,6,TT,TODAS CONSOLIDADAS,TT,TODAS CONSOLIDADAS,APURÍMAC,30000,557.003230169178,5628.179838486502,8906.154063542392,21.1,15.9,1.1841103874810248,1.16,1.72,45014.57752684678,36833,866,53161.30552928214,43539,1505,639.6643094064445,Indicadores_ocupabilidad_2024.csv,2024-11-01,22.600267191168953,19.43,1.2246467991473532e-16,-1.0,21.583193968432077,21.233353606063442,20.988560557952994,45014.57752684678,53161.30552928214,639.6643094064445,21.268369377482838,0,73
20260330.0,2025,7,TT,TODAS CONSOLIDADAS,TT,TODAS CONSOLIDADAS,APURÍMAC,30000,561.4592560105314,5684.461636871368,8995.215604177816,21.1,15.9,1.1864786082559868,1.16,1.72,46365.01485265218,36833,866,54649.82208410204,43539,1505,649.2592740475411,Indicadores_ocupabilidad_2024.csv,2024-11-01,22.43714867823061,19.43,-0.4999999999999997,-0.8660254037844388,22.600267191168953,21.583193968432077,21.233353606063442,46365.01485265218,54649.82208410204,649.2592740475411,21.805604921888158,0,74
20260330.0,2025,8,TT,TODAS CONSOLIDADAS,TT,TODAS CONSOLIDADAS,APURÍMAC,30000,565.9509300586157,5741.306253240082,9085.167760219594,21.1,15.9,1.1888515654724987,1.16,1.72,47755.96529823175,36833,866,56180.0171024569,43539,1505,658.9981631582542,Indicadores_ocupabilidad_2024.csv,2024-11-01,22.317931111242036,19.43,-0.8660254037844385,-0.5000000000000004,22.43714867823061,22.600267191168953,21.583193968432077,47755.96529823175,56180.0171024569,658.9981631582542,22.20686994594388,0,75
20260330.0,2025,9,TT,TODAS CONSOLIDADAS,TT,TODAS CONSOLIDADAS,APURÍMAC,30000,570.4785374990846,5798.719315772482,9176.01943782179,21.1,15.9,1.1912292686034438,1.16,1.72,49188.644257178705,36833,866,57753.057581325695,43539,1505,668.883135605628,Indicadores_ocupabilidad_2024.csv,2024-11-01,22.35916403258859,19.43,-1.0,-1.8369701987210297e-16,22.317931111242036,22.43714867823061,22.600267191168953,49188.644257178705,57753.057581325695,668.883135605628,22.451782326880533,0,76
20260330.0,2025,10,TT,TODAS CONSOLIDADAS,TT,TODAS CONSOLIDADAS,APURÍMAC,30000,575.0423657990773,5856.706508930207,9267.779632200007,21.1,15.9,1.1936117271406508,1.16,1.72,50664.30358489407,36833,866,59370.14319360282,43539,1505,678.9163826397124,Indicadores_ocupabilidad_2024.csv,2024-11-01,21.8260059551514,19.43,-0.8660254037844386,0.5000000000000001,22.35916403258859,22.317931111242036,22.43714867823061,50664.30358489407,59370.14319360282,678.9163826397124,22.371414607353746,0,77
20260330.0,2025,11,TT,TODAS CONSOLIDADAS,TT,TODAS CONSOLIDADAS,APURÍMAC,30000,579.6427047254699,5915.273574019509,9360.457428522006,21.1,15.9,1.195998950594932,1.16,1.72,52184.23269244089,36833,866,61032.5072030237,43539,1505,689.100128379308,Indicadores_ocupabilidad_2024.csv,2024-11-01,20.712282365122665,19.43,-0.5000000000000004,0.8660254037844384,21.8260059551514,22.35916403258859,22.317931111242036,52184.23269244089,61032.5072030237,689.100128379308,22.16770036632734,0,78
20260330.0,2025,12,TT,TODAS CONSOLIDADAS,TT,TODAS CONSOLIDADAS,APURÍMAC,30000,584.2798463632737,5974.426309759705,9454.062002807226,21.1,15.9,1.198390948496122,1.16,1.72,53749.75967321412,36833,866,62741.417404708365,43539,1505,699.4366303049975,Indicadores_ocupabilidad_2024.csv,2024-11-01,20.415855285816942,19.43,-2.4492935982947064e-16,1.0,20.712282365122665,21.8260059551514,22.35916403258859,53749.75967321412,62741.417404708365,699.4366303049975,21.632484117620887,0,79
20260330.0,2026,1,TT,TODAS CONSOLIDADAS,TT,TODAS CONSOLIDADAS,APURÍMAC,30000,593.6657178152534,6094.512278585875,9644.088649063651,21.1,15.9,1.2031893058539003,1.16,1.72,57023.12003731285,36833,866,66304.12605061733,43539,1505,720.5771024559658,Indicadores_ocupabilidad_2024.csv,2024-11-01,20.840817356392407,19.43,0.49999999999999994,0.8660254037844387,20.415855285816942,20.712282365122665,21.8260059551514,57023.12003731285,66304.12605061733,720.5771024559658,20.98471453536367,0,80
20260330.0,2026,2,TT,TODAS CONSOLIDADAS,TT,TODAS CONSOLIDADAS,APURÍMAC,30000,603.2023639062377,6217.011975385451,9837.934830909831,21.1,15.9,1.2080068758345393,1.16,1.72,60495.8280475852,36833,866,70069.13954427557,43539,1505,742.3565453776972,Indicadores_ocupabilidad_2024.csv,2024-11-01,20.749283575651827,19.43,0.8660254037844386,0.5000000000000001,20.840817356392407,20.415855285816942,20.712282365122665,60495.8280475852,70069.13954427557,742.3565453776972,20.65631833577734,0,81
20260330.0,2026,3,TT,TODAS CONSOLIDADAS,TT,TODAS CONSOLIDADAS,APURÍMAC,30000,612.8922066800276,6341.973916090698,10035.677321011119,21.1,15.9,1.2128437353653807,1.16,1.72,64180.023975683136,36833,866,74047.94556415772,43539,1505,764.7942719617379,Indicadores_ocupabilidad_2024.csv,2024-11-01,21.082279533269634,19.43,1.0,6.123233995736766e-17,20.749283575651827,20.840817356392407,20.415855285816942,64180.023975683136,74047.94556415772,764.7942719617379,20.668652072620393,0,82
20260330.0,2026,4,TT,TODAS CONSOLIDADAS,TT,TODAS CONSOLIDADAS,APURÍMAC,30000,622.7377070881356,6469.447591804122,10237.394435163442,21.1,15.9,1.2176999616817836,1.16,1.72,68088.58743580224,36833,866,78252.68410507285,43539,1505,787.9101788317812,Indicadores_ocupabilidad_2024.csv,2024-11-01,21.289633109322644,19.43,0.8660254037844387,-0.4999999999999998,21.082279533269634,20.749283575651827,20.840817356392407,68088.58743580224,78252.68410507285,787.9101788317812,20.890793488437954,0,83
20260330.0,2026,5,TT,TODAS CONSOLIDADAS,TT,TODAS CONSOLIDADAS,APURÍMAC,30000,632.7413656147995,6599.483488399384,10443.166063310227,21.1,15.9,1.2225756323283574,1.16,1.72,72235.18241064259,36833,866,82696.1845192953,43539,1505,811.7247639869715,Indicadores_ocupabilidad_2024.csv,2024-11-01,21.575379121831677,19.43,0.49999999999999994,-0.8660254037844387,21.289633109322644,21.082279533269634,20.749283575651827,72235.18241064259,82696.1845192953,811.7247639869715,21.0403987394147,0,84
20260330.0,2026,6,TT,TODAS CONSOLIDADAS,TT,TODAS CONSOLIDADAS,APURÍMAC,30000,642.9057229120357,6732.133106516212,10653.073701182762,21.1,15.9,1.2274708251602,1.16,1.72,76634.30501945072,36833,866,87392.00466103897,43539,1505,836.2591449784775,Indicadores_ocupabilidad_2024.csv,2024-11-01,22.570707392786172,19.43,1.2246467991473532e-16,-1.0,21.575379121831677,21.289633109322644,21.082279533269634,76634.30501945072,87392.00466103897,836.2591449784775,21.31576392147465,0,85
20260330.0,2026,7,TT,TODAS CONSOLIDADAS,TT,TODAS CONSOLIDADAS,APURÍMAC,30000,653.2333604448946,6867.448981957188,10867.200482576536,21.1,15.9,1.2323856183441413,1.16,1.72,81301.33419513526,36833,866,92354.4722537114,43539,1505,861.5350776354518,Indicadores_ocupabilidad_2024.csv,2024-11-01,22.472881261339896,19.43,-0.4999999999999997,-0.8660254037844388,22.570707392786172,21.575379121831677,21.289633109322644,81301.33419513526,92354.4722537114,861.5350776354518,21.811906541313494,0,86
20260330.0,2026,8,TT,TODAS CONSOLIDADAS,TT,TODAS CONSOLIDADAS,APURÍMAC,30000,663.7269011470814,7005.484706494528,11085.631212276325,21.1,15.9,1.237320090359991,1.16,1.72,86252.585447619,36833,866,97598.72860616614,43539,1505,887.574975356983,Indicadores_ocupabilidad_2024.csv,2024-11-01,22.412915207191865,19.43,-0.8660254037844385,-0.5000000000000004,22.472881261339896,22.570707392786172,21.575379121831677,86252.585447619,97598.72860616614,887.574975356983,22.206322591985913,0,87
20260330.0,2026,9,TT,TODAS CONSOLIDADAS,TT,TODAS CONSOLIDADAS,APURÍMAC,30000,674.3890100871082,7146.294949095068,11308.452399643078,21.1,15.9,1.2422743200017923,1.16,1.72,91505.367901379,36833,866,103140.77481133868,43539,1505,914.4019289871476,Indicadores_ocupabilidad_2024.csv,2024-11-01,22.39534453937272,19.43,-1.0,-1.8369701987210297e-16,22.412915207191865,22.472881261339896,22.570707392786172,91505.367901379,103140.77481133868,914.4019289871476,22.48550128710598,0,88
20260330.0,2026,10,TT,TODAS CONSOLIDADAS,TT,TODAS CONSOLIDADAS,APURÍMAC,30000,685.2223951451475,7289.935477571878,11535.752292875904,21.1,15.9,1.2472483863790793,1.16,1.72,97078.04480657297,36833,866,108997.52056822572,43539,1505,942.0397272907838,Indicadores_ocupabilidad_2024.csv,2024-11-01,21.831499661922336,19.43,-0.8660254037844386,0.5000000000000001,22.39534453937272,22.412915207191865,22.472881261339896,97078.04480657297,108997.52056822572,942.0397272907838,22.427047002634826,0,89
20260330.0,2026,11,TT,TODAS CONSOLIDADAS,TT,TODAS CONSOLIDADAS,APURÍMAC,30000,696.2298077007592,7436.463180671073,11767.62091396271,21.1,15.9,1.252242368918141,1.16,1.72,102990.09773529327,36833,866,115186.83577617185,43539,1505,970.5128780481475,Indicadores_ocupabilidad_2024.csv,2024-11-01,20.594114953416387,19.43,-0.5000000000000004,0.8660254037844384,21.831499661922336,22.39534453937272,22.412915207191865,102990.09773529327,115186.83577617185,970.5128780481475,22.213253136162308,0,90
20260330.0,2026,12,TT,TODAS CONSOLIDADAS,TT,TODAS CONSOLIDADAS,APURÍMAC,30000,707.4140433316643,7585.936090602561,12004.150094333361,21.1,15.9,1.2572563473632892,1.16,1.72,109262.19468737263,36833,866,121727.60505888598,43539,1505,999.8466297871526,Indicadores_ocupabilidad_2024.csv,2024-11-01,20.475900725512588,19.43,-2.4492935982947064e-16,1.0,20.594114953416387,21.831499661922336,22.39534453937272,109262.19468737263,121727.60505888598,999.8466297871526,21.606986384903816,0,91
20260330.0,2027,1,TT,TODAS CONSOLIDADAS,TT,TODAS CONSOLIDADAS,APURÍMAC,30000,724.528166063934,7815.7975400839105,12367.887846341759,21.1,15.9,1.264814982581688,1.16,1.72,119393.75021414863,36833,866,132241.69937531714,43539,1505,1045.5179990850559,Indicadores_ocupabilidad_2024.csv,2024-11-01,21.11180373249591,19.43,0.49999999999999994,0.8660254037844387,20.475900725512588,20.594114953416387,21.831499661922336,119393.75021414863,132241.69937531714,1045.5179990850559,20.96717178028377,0,92
20260330.0,2027,2,TT,TODAS CONSOLIDADAS,TT,TODAS CONSOLIDADAS,APURÍMAC,30000,742.0563224157737,8052.624021345994,12742.647215973762,21.1,15.9,1.2724190603754888,1.16,1.72,130464.774490256,36833,866,143663.9375695592,43539,1505,1093.2755623165124,Indicadores_ocupabilidad_2024.csv,2024-11-01,21.230432969042713,19.43,0.8660254037844386,0.5000000000000001,21.11180373249591,20.475900725512588,20.594114953416387,130464.774490256,143663.9375695592,1093.2755623165124,20.72727313714163,0,93
20260330.0,2027,3,TT,TODAS CONSOLIDADAS,TT,TODAS CONSOLIDADAS,APURÍMAC,30000,760.0085289004932,8296.6265818168,13128.762169264985,21.1,15.9,1.2800688539458185,1.16,1.72,142562.38163441396,36833,866,156072.7596173233,43539,1505,1143.2146134303414,Indicadores_ocupabilidad_2024.csv,2024-11-01,21.62139898577574,19.43,1.0,6.123233995736766e-17,21.230432969042713,21.11180373249591,20.475900725512588,142562.38163441396,156072.7596173233,1143.2146134303414,20.939379142350404,0,94
20260330.0,2027,4,TT,TODAS CONSOLIDADAS,TT,TODAS CONSOLIDADAS,APURÍMAC,30000,778.3950443560207,8548.02266387243,13526.576791755884,21.1,15.9,1.2877646381362915,1.16,1.72,155781.76359622827,36833,866,169553.3806650175,43539,1505,1195.434799248092,Indicadores_ocupabilidad_2024.csv,2024-11-01,21.85829832801227,19.43,0.8660254037844387,-0.4999999999999998,21.62139898577574,21.230432969042713,21.11180373249591,155781.76359622827,169553.3806650175,1195.434799248092,21.321211895771455,0,95
20260330.0,2027,5,TT,TODAS CONSOLIDADAS,TT,TODAS CONSOLIDADAS,APURÍMAC,30000,797.2263758073442,8807.03629861043,13936.445595122881,21.1,15.9,1.295506689442884,1.16,1.72,170226.93918921571,36833,866,184198.37622801543,43539,1505,1250.0403182961957,Indicadores_ocupabilidad_2024.csv,2024-11-01,22.016690066969673,19.43,0.49999999999999994,-0.8660254037844387,21.85829832801227,21.62139898577574,21.230432969042713,170226.93918921571,184198.37622801543,1250.0403182961957,21.57004342761024,0,96
20260330.0,2027,6,TT,TODAS CONSOLIDADAS,TT,TODAS CONSOLIDADAS,APURÍMAC,30000,816.5132844707798,9073.898305494626,14358.733833100701,21.1,15.9,1.303295286023868,1.16,1.72,186011.57257941412,36833,866,200108.317934812,43539,1505,1307.140128720448,Indicadores_ocupabilidad_2024.csv,2024-11-01,22.803724006539536,19.43,1.2246467991473532e-16,-1.0,22.016690066969673,21.85829832801227,21.62139898577574,186011.57257941412,200108.317934812,1307.140128720448,21.832129126919227,0,97
20260330.0,2027,7,TT,TODAS CONSOLIDADAS,TT,TODAS CONSOLIDADAS,APURÍMAC,30000,836.2667919034985,9348.84649804942,14793.817826977487,21.1,15.9,1.3111307077098058,1.16,1.72,203259.86766998545,36833,866,217392.46418291418,43539,1505,1366.8481656976885,Indicadores_ocupabilidad_2024.csv,2024-11-01,22.50959221971323,19.43,-0.4999999999999997,-0.8660254037844388,22.803724006539536,22.016690066969673,21.85829832801227,203259.86766998545,217392.46418291418,1366.8481656976885,22.226237467173828,0,98
20260330.0,2027,8,TT,TODAS CONSOLIDADAS,TT,TODAS CONSOLIDADAS,APURÍMAC,30000,856.4981863018254,9632.125895786816,15242.085300952735,21.1,15.9,1.3190132360136027,1.16,1.72,222107.5454194202,36833,866,236169.5104494109,43539,1505,1429.283568778489,Indicadores_ocupabilidad_2024.csv,2024-11-01,22.29213062685525,19.43,-0.8660254037844385,-0.5000000000000004,22.50959221971323,22.803724006539536,22.016690066969673,222107.5454194202,236169.5104494109,1429.283568778489,22.443335431074146,0,99
20260330.0,2027,9,TT,TODAS CONSOLIDADAS,TT,TODAS CONSOLIDADAS,APURÍMAC,30000,877.2190289519104,9923.988942555054,15703.935727656906,21.1,15.9,1.3269431541406222,1.16,1.72,242702.91178352677,36833,866,256568.40440883182,43539,1505,1494.5709196144905,Indicadores_ocupabilidad_2024.csv,2024-11-01,22.253579428159426,19.43,-1.0,-1.8369701987210297e-16,22.29213062685525,22.50959221971323,22.803724006539536,242702.91178352677,256568.40440883182,1494.5709196144905,22.535148951036007,0,100
20260330.0,2027,10,TT,TODAS CONSOLIDADAS,TT,TODAS CONSOLIDADAS,APURÍMAC,30000,898.4411608364578,10224.695731503416,16179.78068414064,21.1,15.9,1.3349207469988609,1.16,1.72,265208.02468447783,36833,866,278729.2314559568,43539,1505,1562.8404905447355,Indicadores_ocupabilidad_2024.csv,2024-11-01,21.71383526910314,19.43,-0.8660254037844386,0.5000000000000001,22.253579428159426,22.29213062685525,22.50959221971323,265208.02468447783,278729.2314559568,1562.8404905447355,22.3517674249093,0,101
20260330.0,2027,11,TT,TODAS CONSOLIDADAS,TT,TODAS CONSOLIDADAS,APURÍMAC,30000,920.1767094012877,10534.514236863703,16670.044218650786,21.1,15.9,1.3429463012091838,1.16,1.72,289799.96918939543,36833,866,302804.1767147305,43539,1505,1634.2285045370213,Indicadores_ocupabilidad_2024.csv,2024-11-01,20.45882897134095,19.43,-0.5000000000000004,0.8660254037844384,21.71383526910314,22.253579428159426,22.29213062685525,289799.96918939543,302804.1767147305,1634.2285045370213,22.086515108039276,0,102
20260330.0,2027,12,TT,TODAS CONSOLIDADAS,TT,TODAS CONSOLIDADAS,APURÍMAC,30000,942.4380954855988,10853.72055275491,17175.163228520127,21.1,15.9,1.3510201051156236,1.16,1.72,316672.2509324205,36833,866,328958.57013968815,43539,1505,1708.877407002952,Indicadores_ocupabilidad_2024.csv,2024-11-01,20.301687030398366,19.43,-2.4492935982947064e-16,1.0,20.45882897134095,21.71383526910314,22.253579428159426,316672.2509324205,328958.57013968815,1708.877407002952,21.475414556201173,0,103
20260330.0,2028,1,TT,TODAS CONSOLIDADAS,TT,TODAS CONSOLIDADAS,APURÍMAC,30000,972.9599447432504,11294.425130616177,17872.54372800259,21.1,15.9,1.3618607336933313,1.16,1.72,356417.40830697,36833,866,367378.4384997561,43539,1505,1813.7401922794957,Indicadores_ocupabilidad_2024.csv,2024-11-01,20.075307333367054,19.43,0.49999999999999994,0.8660254037844387,20.301687030398366,20.45882897134095,21.71383526910314,356417.40830697,367378.4384997561,1813.7401922794957,20.824783756947486,0,104
20260330.0,2028,2,TT,TODAS CONSOLIDADAS,TT,TODAS CONSOLIDADAS,APURÍMAC,30000,1004.4702762010265,11753.024081563968,18598.240672259846,21.1,15.9,1.37278834782182,1.16,1.72,401150.933086862,36833,866,410285.456363721,43539,1505,1925.037730389035,Indicadores_ocupabilidad_2024.csv,2024-11-01,20.152374251311723,19.43,0.8660254037844386,0.5000000000000001,20.075307333367054,20.301687030398366,20.45882897134095,401150.933086862,410285.456363721,1925.037730389035,20.27860777836879,0,105
20260330.0,2028,3,TT,TODAS CONSOLIDADAS,TT,TODAS CONSOLIDADAS,APURÍMAC,30000,1037.0011028949564,12230.243988902033,19353.40382249869,21.1,15.9,1.3838036454759342,1.16,1.72,451498.9093289837,36833,866,458203.68879296264,43539,1505,2043.1648806127969,Indicadores_ocupabilidad_2024.csv,2024-11-01,20.78905646348383,19.43,1.0,6.123233995736766e-17,20.152374251311723,20.075307333367054,20.301687030398366,451498.9093289837,458203.68879296264,2043.1648806127969,20.176456205025715,0,106
20260330.0,2028,4,TT,TODAS CONSOLIDADAS,TT,TODAS CONSOLIDADAS,APURÍMAC,30000,1070.5854746369218,12726.840938129852,20139.229624841468,21.1,15.9,1.3949073302310908,1.16,1.72,508166.0001551624,36833,866,511718.4076770087,43539,1505,2168.5407321995017,Indicadores_ocupabilidad_2024.csv,2024-11-01,21.484785455322054,19.43,0.8660254037844387,-0.4999999999999998,20.78905646348383,20.152374251311723,20.075307333367054,508166.0001551624,511718.4076770087,2168.5407321995017,20.33891268272087,0,107
20260330.0,2028,5,TT,TODAS CONSOLIDADAS,TT,TODAS CONSOLIDADAS,APURÍMAC,30000,1105.257511591734,13243.601714850085,20956.963105920826,21.1,15.9,1.4061001113082183,1.16,1.72,571945.3101170968,36833,866,571483.2402272774,43539,1505,2301.6100912022,Indicadores_ocupabilidad_2024.csv,2024-11-01,21.837790496279556,19.43,0.49999999999999994,-0.8660254037844387,21.484785455322054,20.78905646348383,20.152374251311723,571945.3101170968,571483.2402272774,2301.6100912022,20.80873872337254,0,108
20260330.0,2028,6,TT,TODAS CONSOLIDADAS,TT,TODAS CONSOLIDADAS,APURÍMAC,30000,1141.0524389416394,13781.345051315875,21807.899845443266,21.1,15.9,1.4173827036190567,1.16,1.72,643729.4853749746,36833,866,638228.1523607221,43539,1505,2442.845058552696,Indicadores_ocupabilidad_2024.csv,2024-11-01,22.918073912085593,19.43,1.2246467991473532e-16,-1.0,21.837790496279556,21.484785455322054,20.78905646348383,643729.4853749746,638228.1523607221,2442.845058552696,21.37054413836181,0,109
20260330.0,2028,7,TT,TODAS CONSOLIDADAS,TT,TODAS CONSOLIDADAS,APURÍMAC,30000,1178.0066226734712,14340.922923592956,22693.388028846643,21.1,15.9,1.4287558278118209,1.16,1.72,724523.2070463,36833,866,712768.3644821936,43539,1505,2592.746704972225,Indicadores_ocupabilidad_2024.csv,2024-11-01,22.474370296979536,19.43,-0.4999999999999997,-0.8660254037844388,22.918073912085593,21.837790496279556,21.484785455322054,724523.2070463,712768.3644821936,2592.746704972225,22.080216621229066,0,110
20260330.0,2028,8,TT,TODAS CONSOLIDADAS,TT,TODAS CONSOLIDADAS,APURÍMAC,30000,1216.157606524807,14923.221901391755,23614.830583303814,21.1,15.9,1.4402202103172297,1.16,1.72,815457.2525800649,36833,866,796014.3085626239,43539,1505,2751.8468486605893,Indicadores_ocupabilidad_2024.csv,2024-11-01,22.236414880687583,19.43,-0.8660254037844385,-0.5000000000000004,22.474370296979536,22.918073912085593,21.837790496279556,815457.2525800649,796014.3085626239,2751.8468486605893,22.410078235114895,0,111
20260330.0,2028,9,TT,TODAS CONSOLIDADAS,TT,TODAS CONSOLIDADAS,APURÍMAC,30000,1255.5441501266662,15529.164552708085,24573.687400456587,21.1,15.9,1.4517765833949055,1.16,1.72,917804.3219572584,36833,866,888982.7481284937,43539,1505,2920.709942070619,Indicadores_ocupabilidad_2024.csv,2024-11-01,22.175526139561264,19.43,-1.0,-1.8369701987210297e-16,22.236414880687583,22.474370296979536,22.918073912085593,917804.3219572584,888982.7481284937,2920.709942070619,22.54295302991757,0,112
20260330.0,2028,10,TT,TODAS CONSOLIDADAS,TT,TODAS CONSOLIDADAS,APURÍMAC,30000,1296.2062683814963,16159.71090549789,25571.4776494016,21.1,15.9,1.4634256851801455,1.16,1.72,1032996.8502189709,36833,866,992809.1969818092,43539,1505,3099.935074461809,Indicadores_ocupabilidad_2024.csv,2024-11-01,21.628791679547433,19.43,-0.8660254037844386,0.5000000000000001,22.175526139561264,22.236414880687583,22.474370296979536,1032996.8502189709,992809.1969818092,3099.935074461809,22.295437105742792,0,113
20260330.0,2028,11,TT,TODAS CONSOLIDADAS,TT,TODAS CONSOLIDADAS,APURÍMAC,30000,1338.1852721164612,16815.859968701836,26609.78218359268,21.1,15.9,1.4751682597310678,1.16,1.72,1162647.0556237022,36833,866,1108761.7883324728,43539,1505,3290.1580973377586,Indicadores_ocupabilidad_2024.csv,2024-11-01,20.41383751083414,19.43,-0.5000000000000004,0.8660254037844384,21.628791679547433,22.175526139561264,22.236414880687583,1162647.0556237022,1108761.7883324728,3290.1580973377586,22.01357756659876,0,114
20260330.0,2028,12,TT,TODAS CONSOLIDADAS,TT,TODAS CONSOLIDADAS,APURÍMAC,30000,1381.5238100533247,17498.651315029605,27690.2460454731,21.1,15.9,1.487005057076137,1.16,1.72,1308569.5040250372,36833,866,1238256.7637402215,43539,1505,3492.0538803079967,Indicadores_ocupabilidad_2024.csv,2024-11-01,20.43646896169299,19.43,-2.4492935982947064e-16,1.0,20.41383751083414,21.628791679547433,22.175526139561264,1308569.5040250372,1238256.7637402215,3492.0538803079967,21.406051776647615,0,115
20260330.0,2029,1,TT,TODAS CONSOLIDADAS,TT,TODAS CONSOLIDADAS,APURÍMAC,30000,1437.6760394346768,18391.258395291698,29102.726883534015,21.1,15.9,1.501934706928594,1.16,1.72,1516990.7004358352,36833,866,1421596.2926369538,43539,1505,3761.933785958165,Indicadores_ocupabilidad_2024.csv,2024-11-01,21.488982027340196,19.43,0.49999999999999994,0.8660254037844387,20.43646896169299,20.41383751083414,21.628791679547433,1516990.7004358352,1421596.2926369538,3761.933785958165,20.826366050691522,0,116
20260330.0,2029,2,TT,TODAS CONSOLIDADAS,TT,TODAS CONSOLIDADAS,APURÍMAC,30000,1496.1105840693392,19329.397407437576,30587.258439909707,21.1,15.9,1.5170142516611365,1.16,1.72,1758607.9899694615,36833,866,1632081.5507882105,43539,1505,4052.6710912849157,Indicadores_ocupabilidad_2024.csv,2024-11-01,21.580726475817546,19.43,0.8660254037844386,0.5000000000000001,21.488982027340196,20.43646896169299,20.41383751083414,1758607.9899694615,1632081.5507882105,4052.6710912849157,20.77976283328911,0,117
20260330.0,2029,3,TT,TODAS CONSOLIDADAS,TT,TODAS CONSOLIDADAS,APURÍMAC,30000,1556.9202089814771,20315.39093759378,32147.516025351153,21.1,15.9,1.532245196230364,1.16,1.72,2038708.6496284313,36833,866,1873731.8057310814,43539,1505,4365.877739645872,Indicadores_ocupabilidad_2024.csv,2024-11-01,21.98520953114253,19.43,1.0,6.123233995736766e-17,21.580726475817546,21.488982027340196,20.43646896169299,2038708.6496284313,1873731.8057310814,4365.877739645872,21.168725821616913,0,118
20260330.0,2029,4,TT,TODAS CONSOLIDADAS,TT,TODAS CONSOLIDADAS,APURÍMAC,30000,1620.2014496426975,21351.68004712153,33787.362428394874,21.1,15.9,1.5476290607027612,1.16,1.72,2363422.082565403,36833,866,2151161.4282464567,43539,1505,4703.290251835368,Indicadores_ocupabilidad_2024.csv,2024-11-01,22.09046009114982,19.43,0.8660254037844387,-0.4999999999999998,21.98520953114253,21.580726475817546,21.488982027340196,2363422.082565403,2151161.4282464567,4703.290251835368,21.68497267810009,0,119
20260330.0,2029,5,TT,TODAS CONSOLIDADAS,TT,TODAS CONSOLIDADAS,APURÍMAC,30000,1686.0547652224157,22440.830316044372,35510.85747861416,21.1,15.9,1.5631673804064017,1.16,1.72,2739853.946946186,36833,866,2469668.004898816,43539,1505,5066.779353927553,Indicadores_ocupabilidad_2024.csv,2024-11-01,22.140912006619757,19.43,0.49999999999999994,-0.8660254037844387,22.09046009114982,21.98520953114253,21.580726475817546,2739853.946946186,2469668.004898816,5066.779353927553,21.88546536603663,0,120
20260330.0,2029,6,TT,TODAS CONSOLIDADAS,TT,TODAS CONSOLIDADAS,APURÍMAC,30000,1754.584698067103,23585.538194751396,37322.268097692235,21.1,15.9,1.5788617060841759,1.16,1.72,3176241.6480632415,36833,866,2835333.4967486737,43539,1505,5458.360349197758,Indicadores_ocupabilidad_2024.csv,2024-11-01,23.233011980125283,19.43,1.2246467991473532e-16,-1.0,22.140912006619757,22.09046009114982,21.98520953114253,3176241.6480632415,2835333.4967486737,5458.360349197758,22.072193876304038,0,121
20260330.0,2029,7,TT,TODAS CONSOLIDADAS,TT,TODAS CONSOLIDADAS,APURÍMAC,30000,1825.9000396615934,24788.637679701133,39226.07886320115,21.1,15.9,1.594713604048557,1.16,1.72,3682134.596311621,36833,866,3255140.3758880664,43539,1505,5880.204291627474,Indicadores_ocupabilidad_2024.csv,2024-11-01,23.684306267283944,19.43,-0.4999999999999997,-0.8660254037844388,23.233011980125283,22.140912006619757,22.09046009114982,3682134.596311621,3255140.3758880664,5880.204291627474,22.488128025964954,0,122
20260330.0,2029,8,TT,TODAS CONSOLIDADAS,TT,TODAS CONSOLIDADAS,APURÍMAC,30000,1900.1140033359077,26053.107329653438,41227.0031112396,21.1,15.9,1.610724656337921,1.16,1.72,4268603.175587159,36833,866,3737104.9574546516,43539,1505,6334.650022942527,Indicadores_ocupabilidad_2024.csv,2024-11-01,23.85454290937202,19.43,-0.8660254037844385,-0.5000000000000004,23.684306267283944,23.233011980125283,22.140912006619757,4268603.175587159,3737104.9574546516,6334.650022942527,23.019410084676327,0,123
20260330.0,2029,9,TT,TODAS CONSOLIDADAS,TT,TODAS CONSOLIDADAS,APURÍMAC,30000,1977.344403991774,27382.07763979974,43329.994605416796,21.1,15.9,1.6268964608744356,1.16,1.72,4948480.994932844,36833,866,4290430.473131884,43539,1505,6824.2171399217705,Indicadores_ocupabilidad_2024.csv,2024-11-01,24.176716345712283,19.43,-1.0,-1.8369701987210297e-16,23.85454290937202,23.684306267283944,23.233011980125283,4948480.994932844,4290430.473131884,6824.2171399217705,23.590620385593752,0,124
20260330.0,2029,10,TT,TODAS CONSOLIDADAS,TT,TODAS CONSOLIDADAS,APURÍMAC,30000,2057.7138451341552,28778.83879204802,45540.25980107184,21.1,15.9,1.6432306316235357,1.16,1.72,5736645.724591916,36833,866,4925682.809111216,43539,1505,7351.6199638713,Indicadores_ocupabilidad_2024.csv,2024-11-01,24.006464831131062,19.43,-0.8660254037844386,0.5000000000000001,24.176716345712283,23.85454290937202,23.684306267283944,5736645.724591916,4925682.809111216,7351.6199638713,23.905188507456085,0,125
20260330.0,2029,11,TT,TODAS CONSOLIDADAS,TT,TODAS CONSOLIDADAS,APURÍMAC,30000,2141.3499135047014,30246.848800650216,47863.27073509154,21.1,15.9,1.6597287987549976,1.16,1.72,6650344.661963347,36833,866,5654992.264275753,43539,1505,7919.782589715574,Indicadores_ocupabilidad_2024.csv,2024-11-01,23.560603945866493,19.43,-0.5000000000000004,0.8660254037844384,24.006464831131062,24.176716345712283,23.85454290937202,6650344.661963347,5654992.264275753,7919.782589715574,24.012574695405124,0,126
20260330.0,2029,12,TT,TODAS CONSOLIDADAS,TT,TODAS CONSOLIDADAS,APURÍMAC,30000,2228.385381626104,31789.74207333851,50304.77857323843,21.1,15.9,1.6763926088056331,1.16,1.72,7709572.151773507,36833,866,6492285.181227259,43539,1505,8531.855098142554,Indicadores_ocupabilidad_2024.csv,2024-11-01,23.229914834382992,19.43,-2.4492935982947064e-16,1.0,23.560603945866493,24.006464831131062,24.176716345712283,7709572.151773507,6492285.181227259,8531.855098142554,23.91459504090328,0,127
20260330.0,2030,1,TT,TODAS CONSOLIDADAS,TT,TODAS CONSOLIDADAS,APURÍMAC,30000,2337.5100859275262,33745.45179325725,53399.53612701402,21.1,15.9,1.6966101722933025,1.16,1.72,9205632.33308118,36833,866,7662249.269657516,43539,1505,9329.099485998648,Indicadores_ocupabilidad_2024.csv,2024-11-01,23.68713493597151,19.43,0.49999999999999994,0.8660254037844387,23.229914834382992,23.560603945866493,24.006464831131062,9205632.33308118,7662249.269657516,9329.099485998648,23.598994537126845,0,128
20260330.0,2030,2,TT,TODAS CONSOLIDADAS,TT,TODAS CONSOLIDADAS,APURÍMAC,30000,2451.978659914623,35821.477069677225,56684.68363157147,21.1,15.9,1.7170715628362994,1.16,1.72,10992006.4283172,36833,866,9043050.67191595,43539,1505,10200.840991615965,Indicadores_ocupabilidad_2024.csv,2024-11-01,23.06200415834704,19.43,0.8660254037844386,0.5000000000000001,23.68713493597151,23.229914834382992,23.560603945866493,10992006.4283172,9043050.67191595,10200.840991615965,23.492551238740333,0,129
20260330.0,2030,3,TT,TODAS CONSOLIDADAS,TT,TODAS CONSOLIDADAS,APURÍMAC,30000,2572.0527944978107,38025.21973375404,60171.93390535579,21.1,15.9,1.737779721027982,1.16,1.72,13125030.519193685,36833,866,10672684.035310006,43539,1505,11154.040868832437,Indicadores_ocupabilidad_2024.csv,2024-11-01,22.86394616553206,19.43,1.0,6.123233995736766e-17,23.06200415834704,23.68713493597151,23.229914834382992,13125030.519193685,10672684.035310006,11154.040868832437,23.326351309567183,0,130
20260330.0,2030,4,TT,TODAS CONSOLIDADAS,TT,TODAS CONSOLIDADAS,APURÍMAC,30000,2698.0069956703232,40364.53697841071,63873.72034116671,21.1,15.9,1.7587376229257354,1.16,1.72,15671972.833456434,36833,866,12595990.960363355,43539,1505,12196.310853765739,Indicadores_ocupabilidad_2024.csv,2024-11-01,22.83955257118658,19.43,0.8660254037844387,-0.4999999999999998,22.86394616553206,23.06200415834704,23.68713493597151,15671972.833456434,12595990.960363355,12196.310853765739,23.204361753283536,0,131
20260330.0,2030,5,TT,TODAS CONSOLIDADAS,TT,TODAS CONSOLIDADAS,APURÍMAC,30000,2830.129212066685,42847.76937226218,67803.24123600144,21.1,15.9,1.7799482804786741,1.16,1.72,18713155.15292876,36833,866,14865893.879050532,43539,1505,13335.973948000656,Indicadores_ocupabilidad_2024.csv,2024-11-01,22.615894398681483,19.43,0.49999999999999994,-0.8660254037844387,22.83955257118658,22.86394616553206,23.06200415834704,18713155.15292876,14865893.879050532,13335.973948000656,22.921834298355225,0,132
20260330.0,2030,6,TT,TODAS CONSOLIDADAS,TT,TODAS CONSOLIDADAS,APURÍMAC,30000,2968.7214932529077,45483.77059696067,71974.5068480762,21.1,15.9,1.801414741960501,1.16,1.72,22344485.885658078,36833,866,17544852.288209096,43539,1505,14582.13088155585,Indicadores_ocupabilidad_2024.csv,2024-11-01,23.365038758750202,19.43,1.2246467991473532e-16,-1.0,22.615894398681483,22.83955257118658,22.86394616553206,22344485.885658078,17544852.288209096,14582.13088155585,22.773131045133372,0,133
20260330.0,2030,7,TT,TODAS CONSOLIDADAS,TT,TODAS CONSOLIDADAS,APURÍMAC,30000,3114.100680253362,48281.93901398703,76402.38934880256,21.1,15.9,1.823140092407589,1.16,1.72,26680484.686529856,36833,866,20706581.408391982,43539,1505,15944.732786367193,Indicadores_ocupabilidad_2024.csv,2024-11-01,23.79590299426951,19.43,-0.4999999999999997,-0.8660254037844388,23.365038758750202,22.615894398681483,22.83955257118658,26680484.686529856,20706581.408391982,15944.732786367193,22.940161909539423,0,134
20260330.0,2030,8,TT,TODAS CONSOLIDADAS,TT,TODAS CONSOLIDADAS,APURÍMAC,30000,3266.5991298929516,51252.25117343582,81102.67584781714,21.1,15.9,1.8451274540623428,1.16,1.72,31857894.012457795,36833,866,24438080.55941922,43539,1505,17434.660660618567,Indicadores_ocupabilidad_2024.csv,2024-11-01,23.96394631630973,19.43,-0.8660254037844385,-0.5000000000000004,23.79590299426951,23.365038758750202,22.615894398681483,31857894.012457795,24438080.55941922,17434.660660618567,23.258945383900397,0,135
20260330.0,2030,9,TT,TODAS CONSOLIDADAS,TT,TODAS CONSOLIDADAS,APURÍMAC,30000,3426.565474610547,54405.297384265876,86092.12468011894,21.1,15.9,1.867379986821912,1.16,1.72,38039991.508152716,36833,866,28842027.066168528,43539,1505,19063.81225847911,Indicadores_ocupabilidad_2024.csv,2024-11-01,24.340328774541334,19.43,-1.0,-1.8369701987210297e-16,23.96394631630973,23.79590299426951,23.365038758750202,38039991.508152716,28842027.066168528,19063.81225847911,23.708296023109813,0,136
20260330.0,2030,10,TT,TODAS CONSOLIDADAS,TT,TODAS CONSOLIDADAS,APURÍMAC,30000,3594.3654194807104,57752.31947283811,91388.52515599995,21.1,15.9,1.8899008886923119,1.16,1.72,45421739.220253415,36833,866,34039601.56621104,43539,1505,20845.197099101108,Indicadores_ocupabilidad_2024.csv,2024-11-01,24.2228217453517,19.43,-0.8660254037844386,0.5000000000000001,24.340328774541334,23.96394631630973,23.79590299426951,45421739.220253415,34039601.56621104,20845.197099101108,24.03339269504019,0,137
20260330.0,2030,11,TT,TODAS CONSOLIDADAS,TT,TODAS CONSOLIDADAS,APURÍMAC,30000,3770.382578265816,61305.250864364185,97010.76098680035,21.1,15.9,1.9126933962480224,1.16,1.72,54235932.028284945,36833,866,40173822.46151265,43539,1505,22793.040353568766,Indicadores_ocupabilidad_2024.csv,2024-11-01,23.748569829032963,19.43,-0.5000000000000004,0.8660254037844384,24.2228217453517,24.340328774541334,23.96394631630973,54235932.028284945,40173822.46151265,22793.040353568766,24.17569894540092,0,138
20260330.0,2030,12,TT,TODAS CONSOLIDADAS,TT,TODAS CONSOLIDADAS,APURÍMAC,30000,3955.019350409893,65076.759130171966,102978.87761262593,21.1,15.9,1.9357607850971306,1.16,1.72,64760539.192764394,36833,866,47413481.266219944,43539,1505,24922.896439382534,Indicadores_ocupabilidad_2024.csv,2024-11-01,23.454687768492303,19.43,-2.4492935982947064e-16,1.0,23.748569829032963,24.2228217453517,24.340328774541334,64760539.192764394,47413481.266219944,24922.896439382534,24.103906782975333,0,139
20260330.0,2025,1,TT,TODAS CONSOLIDADAS,TT,TODAS CONSOLIDADAS,AREQUIPA,40000,1666.224,19166.77,33375.45,22.46,18.46,1.54308,1.51,1.62,139082.96,98326,36706,217305.836,151249,60138,3430.7,Indicadores_ocupabilidad_2024.csv,2024-11-01,23.21690988807234,20.77,0.49999999999999994,0.8660254037844387,23.96,24.76,25.5,139082.96,217305.836,3430.7,24.74,0,68
20260330.0,2025,2,TT,TODAS CONSOLIDADAS,TT,TODAS CONSOLIDADAS,AREQUIPA,40000,1679.553792,19358.437700000002,33709.2045,22.46,18.46,1.54616616,1.51,1.62,143255.44879999998,98326,36706,223390.39940800003,151249,60138,3482.1604999999995,Indicadores_ocupabilidad_2024.csv,2024-11-01,23.1267645455472,20.77,0.8660254037844386,0.5000000000000001,23.21690988807234,23.96,24.76,143255.44879999998,223390.39940800003,3482.1604999999995,23.978969962690783,0,69
20260330.0,2025,3,TT,TODAS CONSOLIDADAS,TT,TODAS CONSOLIDADAS,AREQUIPA,40000,1692.990222336,19552.022077,34046.296545,22.46,18.46,1.5492584923200001,1.51,1.62,147553.112264,98326,36706,229645.33059142402,151249,60138,3534.392907499999,Indicadores_ocupabilidad_2024.csv,2024-11-01,23.618345715258442,20.77,1.0,6.123233995736766e-17,23.1267645455472,23.21690988807234,23.96,147553.112264,229645.33059142402,3534.392907499999,23.434558144539846,0,70
20260330.0,2025,4,TT,TODAS CONSOLIDADAS,TT,TODAS CONSOLIDADAS,AREQUIPA,40000,1706.534144114688,19747.54229777,34386.75951045,22.46,18.46,1.5523570093046402,1.51,1.62,151979.70563192,98326,36706,236075.3998479839,151249,60138,3587.4088011124986,Indicadores_ocupabilidad_2024.csv,2024-11-01,23.745111786751572,20.77,0.8660254037844387,-0.4999999999999998,23.618345715258442,23.1267645455472,23.21690988807234,151979.70563192,236075.3998479839,3587.4088011124986,23.320673382959328,0,71
20260330.0,2025,5,TT,TODAS CONSOLIDADAS,TT,TODAS CONSOLIDADAS,AREQUIPA,40000,1720.1864172676055,19945.0177207477,34730.6271055545,22.46,18.46,1.5554617233232495,1.51,1.62,156539.0968008776,98326,36706,242685.51104372746,151249,60138,3641.219933129186,Indicadores_ocupabilidad_2024.csv,2024-11-01,24.183960033455904,20.77,0.49999999999999994,-0.8660254037844387,23.745111786751572,23.618345715258442,23.1267645455472,156539.0968008776,242685.51104372746,3641.219933129186,23.49674068251907,0,72
20260330.0,2025,6,TT,TODAS CONSOLIDADAS,TT,TODAS CONSOLIDADAS,AREQUIPA,40000,1733.9479086057463,20144.467897955175,35077.933376610046,22.46,18.46,1.558572646769896,1.51,1.62,161235.26970490394,98326,36706,249480.70535295183,151249,60138,3695.8382321261233,Indicadores_ocupabilidad_2024.csv,2024-11-01,25.57891055445513,20.77,1.2246467991473532e-16,-1.0,24.183960033455904,23.745111786751572,23.618345715258442,161235.26970490394,249480.70535295183,3695.8382321261233,23.849139178488638,0,73
20260330.0,2025,7,TT,TODAS CONSOLIDADAS,TT,TODAS CONSOLIDADAS,AREQUIPA,40000,1747.8194918745924,20345.912576934727,35428.712710376145,22.46,18.46,1.5616897920634358,1.51,1.62,166072.32779605107,98326,36706,256466.1651028345,151249,60138,3751.2758056080147,Indicadores_ocupabilidad_2024.csv,2024-11-01,25.643358240411576,20.77,-0.4999999999999997,-0.8660254037844388,25.57891055445513,24.183960033455904,23.745111786751572,166072.32779605107,256466.1651028345,3751.2758056080147,24.502660791554206,0,74
20260330.0,2025,8,TT,TODAS CONSOLIDADAS,TT,TODAS CONSOLIDADAS,AREQUIPA,40000,1761.802047809589,20549.371702704073,35782.9998374799,22.46,18.46,1.5648131716475626,1.51,1.62,171054.49762993262,98326,36706,263647.21772571385,151249,60138,3807.5449426921346,Indicadores_ocupabilidad_2024.csv,2024-11-01,25.430434372657782,20.77,-0.8660254037844385,-0.5000000000000004,25.643358240411576,25.57891055445513,24.183960033455904,171054.49762993262,263647.21772571385,3807.5449426921346,25.13540960944087,0,75
20260330.0,2025,9,TT,TODAS CONSOLIDADAS,TT,TODAS CONSOLIDADAS,AREQUIPA,40000,1775.8964641920659,20754.865419731115,36140.8298358547,22.46,18.46,1.5679427979908578,1.51,1.62,176186.1325588306,98326,36706,271029.3398220338,151249,60138,3864.658116832516,Indicadores_ocupabilidad_2024.csv,2024-11-01,25.03968560069433,20.77,-1.0,-1.8369701987210297e-16,25.430434372657782,25.643358240411576,25.57891055445513,176186.1325588306,271029.3398220338,3864.658116832516,25.550901055841496,0,76
20260330.0,2025,10,TT,TODAS CONSOLIDADAS,TT,TODAS CONSOLIDADAS,AREQUIPA,40000,1790.1036359056025,20962.414073928427,36502.23813421325,22.46,18.46,1.5710786835868396,1.51,1.62,181471.71653559554,98326,36706,278618.1613370508,151249,60138,3922.6279885850035,Indicadores_ocupabilidad_2024.csv,2024-11-01,24.12933994158875,20.77,-0.8660254037844386,0.5000000000000001,25.03968560069433,25.430434372657782,25.643358240411576,181471.71653559554,278618.1613370508,3922.6279885850035,25.371159404587896,0,77
20260330.0,2025,11,TT,TODAS CONSOLIDADAS,TT,TODAS CONSOLIDADAS,AREQUIPA,40000,1804.4244649928473,21172.03821466771,36867.26051555538,22.46,18.46,1.5742208409540133,1.51,1.62,186915.8680316634,98326,36706,286419.4698544882,151249,60138,3981.4674084137782,Indicadores_ocupabilidad_2024.csv,2024-11-01,23.81608785497026,20.77,-0.5000000000000004,0.8660254037844384,24.12933994158875,25.03968560069433,25.430434372657782,186915.8680316634,286419.4698544882,3981.4674084137782,24.86648663831362,0,78
20260330.0,2025,12,TT,TODAS CONSOLIDADAS,TT,TODAS CONSOLIDADAS,AREQUIPA,40000,1818.8598607127901,21383.758596814387,37235.933120710935,22.46,18.46,1.5773692826359214,1.51,1.62,192523.3440726133,98326,36706,294439.2150104139,151249,60138,4041.1894195399846,Indicadores_ocupabilidad_2024.csv,2024-11-01,23.366389114061402,20.77,-2.4492935982947064e-16,1.0,23.81608785497026,24.12933994158875,25.03968560069433,192523.3440726133,294439.2150104139,4041.1894195399846,24.328371132417782,0,79
20260330.0,2026,1,TT,TODAS CONSOLIDADAS,TT,TODAS CONSOLIDADAS,AREQUIPA,40000,1848.0780255152806,21813.572144610356,37984.37537643722,22.46,18.46,1.5836850692435953,1.51,1.62,204248.01572663547,98326,36706,311158.65139556525,151249,60138,4163.334369745579,Indicadores_ocupabilidad_2024.csv,2024-11-01,23.780308092843256,20.77,0.49999999999999994,0.8660254037844387,23.366389114061402,23.81608785497026,24.12933994158875,204248.01572663547,311158.65139556525,4163.334369745579,23.77060563687347,0,80
20260330.0,2026,2,TT,TODAS CONSOLIDADAS,TT,TODAS CONSOLIDADAS,AREQUIPA,40000,1877.7655509171582,22252.024944717024,38747.86132150361,22.46,18.46,1.5900261442608465,1.51,1.62,216686.71988438757,98326,36706,328827.48425641103,151249,60138,4289.171151071138,Indicadores_ocupabilidad_2024.csv,2024-11-01,22.9171230926295,20.77,0.8660254037844386,0.5000000000000001,23.780308092843256,23.366389114061402,23.81608785497026,216686.71988438757,328827.48425641103,4289.171151071138,23.65426168729164,0,81
20260330.0,2026,3,TT,TODAS CONSOLIDADAS,TT,TODAS CONSOLIDADAS,AREQUIPA,40000,1907.9299767270916,22699.290646105837,39526.69333406583,22.46,18.46,1.5963926089424667,1.51,1.62,229882.94112534676,98326,36706,347499.6241224271,151249,60138,4418.811349112262,Indicadores_ocupabilidad_2024.csv,2024-11-01,22.785700509553955,20.77,1.0,6.123233995736766e-17,22.9171230926295,23.780308092843256,23.366389114061402,229882.94112534676,347499.6241224271,4418.811349112262,23.354606766511385,0,82
20260330.0,2026,4,TT,TODAS CONSOLIDADAS,TT,TODAS CONSOLIDADAS,AREQUIPA,40000,1938.5789638732358,23155.546388092564,40321.17987008055,22.46,18.46,1.6027845649486723,1.51,1.62,243882.81223988035,98326,36706,367232.04277859494,151249,60138,4552.369922139179,Indicadores_ocupabilidad_2024.csv,2024-11-01,22.79829703287158,20.77,0.8660254037844387,-0.4999999999999998,22.785700509553955,22.9171230926295,23.780308092843256,243882.81223988035,367232.04277859494,4552.369922139179,23.16104389834224,0,83
20260330.0,2026,5,TT,TODAS CONSOLIDADAS,TT,TODAS CONSOLIDADAS,AREQUIPA,40000,1969.7202963488955,23620.972870493224,41131.63558546917,22.46,18.46,1.6092021143467266,1.51,1.62,258735.27550528906,98326,36706,388084.94709573465,151249,60138,4689.965303035834,Indicadores_ocupabilidad_2024.csv,2024-11-01,22.61533183590945,20.77,0.49999999999999994,-0.8660254037844387,22.79829703287158,22.785700509553955,22.9171230926295,258735.27550528906,388084.94709573465,4689.965303035834,22.833706878351677,0,84
20260330.0,2026,6,TT,TODAS CONSOLIDADAS,TT,TODAS CONSOLIDADAS,AREQUIPA,40000,2001.3618831894444,24095.754425190138,41958.3814607371,22.46,18.46,1.6156453596125706,1.51,1.62,274492.2537835612,98326,36706,410121.96273161884,151249,60138,4831.719504320091,Indicadores_ocupabilidad_2024.csv,2024-11-01,23.314067746214196,20.77,1.2246467991473532e-16,-1.0,22.61533183590945,22.79829703287158,22.785700509553955,274492.2537835612,410121.96273161884,4831.719504320091,22.733109792778333,0,85
20260330.0,2026,7,TT,TODAS CONSOLIDADAS,TT,TODAS CONSOLIDADAS,AREQUIPA,40000,2033.5117604809998,24580.07908913646,42801.74492809792,22.46,18.46,1.622114403632459,1.51,1.62,291208.83203898004,98326,36706,433410.3282633711,151249,60138,4977.758226338165,Indicadores_ocupabilidad_2024.csv,2024-11-01,23.723470849543062,20.77,-0.4999999999999997,-0.8660254037844388,23.314067746214196,22.61533183590945,22.79829703287158,291208.83203898004,433410.3282633711,4977.758226338165,22.909232204998414,0,86
20260330.0,2026,8,TT,TODAS CONSOLIDADAS,TT,TODAS CONSOLIDADAS,AREQUIPA,40000,2066.178093401367,25074.1386788281,43662.06000115269,22.46,18.46,1.6286093497046032,1.51,1.62,308943.4499101539,98326,36706,458021.1003434783,151249,60138,5128.210968729234,Indicadores_ocupabilidad_2024.csv,2024-11-01,23.782735481069416,20.77,-0.8660254037844385,-0.5000000000000004,23.723470849543062,23.314067746214196,22.61533183590945,308943.4499101539,458021.1003434783,5128.210968729234,23.217623477222237,0,87
20260330.0,2026,9,TT,TODAS CONSOLIDADAS,TT,TODAS CONSOLIDADAS,AREQUIPA,40000,2099.3691782937667,25578.128866272546,44539.66740717586,22.46,18.46,1.6351303015408203,1.51,1.62,327758.1060096823,98326,36706,484029.37050538237,151249,60138,5283.211145259073,Indicadores_ocupabilidad_2024.csv,2024-11-01,24.008619497302288,20.77,-1.0,-1.8369701987210297e-16,23.782735481069416,23.723470849543062,23.314067746214196,327758.1060096823,484029.37050538237,5283.211145259073,23.606758025608894,0,88
20260330.0,2026,10,TT,TODAS CONSOLIDADAS,TT,TODAS CONSOLIDADAS,AREQUIPA,40000,2133.0934447738778,26092.249256484625,45434.91472206009,22.46,18.46,1.6416773632681896,1.51,1.62,347718.5746656719,98326,36706,511514.49428016,151249,60138,5442.896202124527,Indicadores_ocupabilidad_2024.csv,2024-11-01,23.802228722327,20.77,-0.8660254037844386,0.5000000000000001,24.008619497302288,23.782735481069416,23.723470849543062,347718.5746656719,511514.49428016,5442.896202124527,23.838275275971586,0,89
20260330.0,2026,11,TT,TODAS CONSOLIDADAS,TT,TODAS CONSOLIDADAS,AREQUIPA,40000,2167.3594578707257,26616.703466539966,46348.1565079735,22.46,18.46,1.6482506394307153,1.51,1.62,368894.6358628113,98326,36706,540560.3333233646,151249,60138,5607.4077398337395,Indicadores_ocupabilidad_2024.csv,2024-11-01,23.210378165143467,20.77,-0.5000000000000004,0.8660254037844384,23.802228722327,24.008619497302288,23.782735481069416,368894.6358628113,540560.3333233646,5607.4077398337395,23.8645279002329,0,90
20260330.0,2026,12,TT,TODAS CONSOLIDADAS,TT,TODAS CONSOLIDADAS,AREQUIPA,40000,2202.175920201961,27151.69920621742,47279.75445378377,22.46,18.46,1.6548502349909957,1.51,1.62,391360.3191868565,98326,36706,571255.5112907985,151249,60138,5776.891638770213,Indicadores_ocupabilidad_2024.csv,2024-11-01,23.163964143629048,20.77,-2.4492935982947064e-16,1.0,23.210378165143467,23.802228722327,24.008619497302288,391360.3191868565,571255.5112907985,5776.891638770213,23.673742128257587,0,91
20260330.0,2027,1,TT,TODAS CONSOLIDADAS,TT,TODAS CONSOLIDADAS,AREQUIPA,40000,2255.452087577558,27974.42284386502,48712.37829348788,22.46,18.46,1.6647992078425633,1.51,1.62,427649.9875040962,98326,36706,620597.1074027654,151249,60138,6040.770661380321,Indicadores_ocupabilidad_2024.csv,2024-11-01,23.463088189013867,20.77,0.49999999999999994,0.8660254037844387,23.163964143629048,23.210378165143467,23.802228722327,427649.9875040962,620597.1074027654,6040.770661380321,23.392190343699838,0,92
20260330.0,2027,2,TT,TODAS CONSOLIDADAS,TT,TODAS CONSOLIDADAS,AREQUIPA,40000,2310.017139271703,28822.07583045698,50188.41206815886,22.46,18.46,1.6748079939985063,1.51,1.62,467304.6878953885,98326,36706,674200.5321689107,151249,60138,6316.703248939847,Indicadores_ocupabilidad_2024.csv,2024-11-01,22.781872546503426,20.77,0.8660254037844386,0.5000000000000001,23.463088189013867,23.163964143629048,23.210378165143467,467304.6878953885,674200.5321689107,6316.703248939847,23.27914349926213,0,93
20260330.0,2027,3,TT,TODAS CONSOLIDADAS,TT,TODAS CONSOLIDADAS,AREQUIPA,40000,2365.902256633739,29695.41355019566,51709.17114223615,22.46,18.46,1.6848769530568892,1.51,1.62,510636.4496898642,98326,36706,732433.8965728426,151249,60138,6605.239988708638,Indicadores_ocupabilidad_2024.csv,2024-11-01,22.673176247915798,20.77,1.0,6.123233995736766e-17,22.781872546503426,23.463088189013867,23.163964143629048,510636.4496898642,732433.8965728426,6605.239988708638,23.13630829304878,0,94
20260330.0,2027,4,TT,TODAS CONSOLIDADAS,TT,TODAS CONSOLIDADAS,AREQUIPA,40000,2423.1393753681778,30595.21427618014,53276.01073701705,22.46,18.46,1.6950064467776826,1.51,1.62,557986.2357602562,98326,36706,795697.1067985983,151249,60138,6906.956617877864,Indicadores_ocupabilidad_2024.csv,2024-11-01,22.436196803568517,20.77,0.8660254037844387,-0.4999999999999998,22.673176247915798,22.781872546503426,23.463088189013867,557986.2357602562,795697.1067985983,6906.956617877864,22.972712327811035,0,95
20260330.0,2027,5,TT,TODAS CONSOLIDADAS,TT,TODAS CONSOLIDADAS,AREQUIPA,40000,2481.7612037844447,31522.279863962678,54890.32713835941,22.46,18.46,1.7051968390957615,1.51,1.62,609726.6254435974,98326,36706,864424.6105077593,151249,60138,7222.455172378018,Indicadores_ocupabilidad_2024.csv,2024-11-01,22.290431223808383,20.77,0.49999999999999994,-0.8660254037844387,22.436196803568517,22.673176247915798,22.781872546503426,609726.6254435974,864424.6105077593,7222.455172378018,22.630415199329246,0,96
20260330.0,2027,6,TT,TODAS CONSOLIDADAS,TT,TODAS CONSOLIDADAS,AREQUIPA,40000,2541.801241488134,32477.436466120616,56553.558940978844,22.46,18.46,1.7154484961339798,1.51,1.62,666264.746241106,98326,36706,939088.3803233751,151249,60138,7552.365188162587,Indicadores_ocupabilidad_2024.csv,2024-11-01,23.17901961733937,20.77,1.2246467991473532e-16,-1.0,22.290431223808383,22.436196803568517,22.673176247915798,666264.746241106,939088.3803233751,7552.365188162587,22.466601425097565,0,97
20260330.0,2027,7,TT,TODAS CONSOLIDADAS,TT,TODAS CONSOLIDADAS,AREQUIPA,40000,2603.2937985244507,33461.53526848054,58267.188330449455,22.46,18.46,1.725761786216325,1.51,1.62,728045.477365805,98326,36706,1020201.155009184,151249,60138,7897.34495736442,Indicadores_ocupabilidad_2024.csv,2024-11-01,23.619818588436253,20.77,-0.4999999999999997,-0.8660254037844388,23.17901961733937,22.290431223808383,22.436196803568517,728045.477365805,1020201.155009184,7897.34495736442,22.63521588157209,0,98
20260330.0,2027,8,TT,TODAS CONSOLIDADAS,TT,TODAS CONSOLIDADAS,AREQUIPA,40000,2666.274014984779,34475.453248650774,60032.74240405041,22.46,18.46,1.7361370798811517,1.51,1.62,795554.950345504,98326,36706,1108319.9606022919,151249,60138,8258.082841831269,Indicadores_ocupabilidad_2024.csv,2024-11-01,23.680418098509122,20.77,-0.8660254037844385,-0.5000000000000004,23.619818588436253,23.17901961733937,22.290431223808383,795554.950345504,1108319.9606022919,8258.082841831269,23.029756476528004,0,99
20260330.0,2027,9,TT,TODAS CONSOLIDADAS,TT,TODAS CONSOLIDADAS,AREQUIPA,40000,2730.7778810875866,35520.09395753815,61851.794531635554,22.46,18.46,1.7465747498944937,1.51,1.62,869324.3742261915,98326,36706,1204049.9356799962,151249,60138,8635.2986466615,Indicadores_ocupabilidad_2024.csv,2024-11-01,23.968969722327863,20.77,-1.0,-1.8369701987210297e-16,23.680418098509122,23.619818588436253,23.17901961733937,869324.3742261915,1204049.9356799962,8635.2986466615,23.493085434761582,0,100
20260330.0,2027,10,TT,TODAS CONSOLIDADAS,TT,TODAS CONSOLIDADAS,AREQUIPA,40000,2796.8422577451324,36596.388324545514,63725.96575773865,22.46,18.46,1.7570751712634571,1.51,1.62,949934.2154750637,98326,36706,1308048.4870300232,151249,60138,9029.745056480693,Indicadores_ocupabilidad_2024.csv,2024-11-01,23.63701647003646,20.77,-0.8660254037844386,0.5000000000000001,23.968969722327863,23.680418098509122,23.619818588436253,949934.2154750637,1308048.4870300232,9029.745056480693,23.756402136424413,0,101
20260330.0,2027,11,TT,TODAS CONSOLIDADAS,TT,TODAS CONSOLIDADAS,AREQUIPA,40000,2864.5048976277385,37705.295487167576,65656.9262461639,22.46,18.46,1.7676387212496942,1.51,1.62,1038018.7654734199,98326,36706,1421029.8042624271,151249,60138,9442.209137325011,Indicadores_ocupabilidad_2024.csv,2024-11-01,23.151144344139016,20.77,-0.5000000000000004,0.8660254037844384,23.63701647003646,23.968969722327863,23.680418098509122,1038018.7654734199,1421029.8042624271,9442.209137325011,23.762134763624484,0,102
20260330.0,2027,12,TT,TODAS CONSOLIDADAS,TT,TODAS CONSOLIDADAS,AREQUIPA,40000,2933.804466737656,38847.80364572425,67646.39676834892,22.46,18.46,1.778265779382957,1.51,1.62,1134271.1315394738,98326,36706,1543769.7643663594,151249,60138,9873.513907128166,Indicadores_ocupabilidad_2024.csv,2024-11-01,23.0615263800053,20.77,-2.4492935982947064e-16,1.0,23.151144344139016,23.63701647003646,23.968969722327863,1134271.1315394738,1543769.7643663594,9873.513907128166,23.585710178834447,0,103
20260330.0,2028,1,TT,TODAS CONSOLIDADAS,TT,TODAS CONSOLIDADAS,AREQUIPA,40000,3028.818811036899,40425.180253433275,70393.11173919492,22.46,18.46,1.7925346409296832,1.51,1.62,1276632.1514763467,98326,36706,1724070.3751697892,151249,60138,10479.387777614864,Indicadores_ocupabilidad_2024.csv,2024-11-01,22.274608982457465,20.77,0.49999999999999994,0.8660254037844387,23.0615263800053,23.151144344139016,23.63701647003646,1276632.1514763467,1724070.3751697892,10479.387777614864,23.283229064726925,0,104
20260330.0,2028,2,TT,TODAS CONSOLIDADAS,TT,TODAS CONSOLIDADAS,AREQUIPA,40000,3126.9102948404848,42066.60467669548,73251.35435218431,22.46,18.46,1.8069179962782922,1.51,1.62,1436860.733615883,98326,36706,1925428.7311153081,151249,60138,11122.440220025535,Indicadores_ocupabilidad_2024.csv,2024-11-01,22.158106096367792,20.77,0.8660254037844386,0.5000000000000001,22.274608982457465,23.0615263800053,23.151144344139016,1436860.733615883,1925428.7311153081,11122.440220025535,22.82909323553393,0,105
20260330.0,2028,3,TT,TODAS CONSOLIDADAS,TT,TODAS CONSOLIDADAS,AREQUIPA,40000,3228.1785745487073,43774.677513654075,76225.65307681395,22.46,18.46,1.821416764130716,1.51,1.62,1617199.4144277396,98326,36706,2150304.2172737336,151249,60138,11804.952643540604,Indicadores_ocupabilidad_2024.csv,2024-11-01,22.394557003613,20.77,1.0,6.123233995736766e-17,22.158106096367792,22.274608982457465,23.0615263800053,1617199.4144277396,2150304.2172737336,11804.952643540604,22.49808048627685,0,106
20260330.0,2028,4,TT,TODAS CONSOLIDADAS,TT,TODAS CONSOLIDADAS,AREQUIPA,40000,3332.726534039233,45552.10495716526,79320.72025660143,22.46,18.46,1.83603187056058,1.51,1.62,1820172.1884652623,98326,36706,2401443.456256547,151249,60138,12529.346452708232,Indicadores_ocupabilidad_2024.csv,2024-11-01,22.501720979601558,20.77,0.8660254037844387,-0.4999999999999998,22.394557003613,22.158106096367792,22.274608982457465,1820172.1884652623,2401443.456256547,12529.346452708232,22.27575736081275,0,107
20260330.0,2028,5,TT,TODAS CONSOLIDADAS,TT,TODAS CONSOLIDADAS,AREQUIPA,40000,3440.6603891923487,47401.70308236705,82541.45957510768,22.46,18.46,1.8507642490723546,1.51,1.62,2048619.8338346332,98326,36706,2681913.8553841477,151249,60138,13298.191638057155,Indicadores_ocupabilidad_2024.csv,2024-11-01,22.32315564538943,20.77,0.49999999999999994,-0.8660254037844387,22.501720979601558,22.394557003613,22.158106096367792,2048619.8338346332,2681913.8553841477,13298.191638057155,22.35146135986078,0,108
20260330.0,2028,6,TT,TODAS CONSOLIDADAS,TT,TODAS CONSOLIDADAS,AREQUIPA,40000,3552.0897958013757,49326.40230834051,85892.97382510995,22.46,18.46,1.8656148406609796,1.51,1.62,2305739.671321616,98326,36706,2995141.071909156,151249,60138,14114.215893860022,Indicadores_ocupabilidad_2024.csv,2024-11-01,23.22980756054118,20.77,1.2246467991473532e-16,-1.0,22.32315564538943,22.501720979601558,22.394557003613,2305739.671321616,2995141.071909156,14114.215893860022,22.406477876201333,0,109
20260330.0,2028,7,TT,TODAS CONSOLIDADAS,TT,TODAS CONSOLIDADAS,AREQUIPA,40000,3667.127960977869,51329.25204093239,89380.57299323445,22.46,18.46,1.8805845938719683,1.51,1.62,2595130.3136389833,98326,36706,3344950.8538939157,151249,60138,14980.314295395077,Indicadores_ocupabilidad_2024.csv,2024-11-01,23.68520628225185,20.77,-0.4999999999999997,-0.8660254037844388,23.22980756054118,22.32315564538943,22.501720979601558,2595130.3136389833,3344950.8538939157,14980.314295395077,22.684894728510724,0,110
20260330.0,2028,8,TT,TODAS CONSOLIDADAS,TT,TODAS CONSOLIDADAS,AREQUIPA,40000,3785.8917581647966,53413.425504094936,93009.78267285747,22.46,18.46,1.8956744648619934,1.51,1.62,2920842.0310987392,98326,36706,3735615.7677854425,151249,60138,15899.559570038959,Indicadores_ocupabilidad_2024.csv,2024-11-01,23.865241379366076,20.77,-0.8660254037844385,-0.5000000000000004,23.68520628225185,23.22980756054118,22.32315564538943,2920842.0310987392,3735615.7677854425,15899.559570038959,23.079389829394156,0,111
20260330.0,2028,9,TT,TODAS CONSOLIDADAS,TT,TODAS CONSOLIDADAS,AREQUIPA,40000,3908.5018458745385,55582.22476739746,96786.352818604,22.46,18.46,1.9108854174599599,1.51,1.62,3287433.438619925,98326,36706,4171907.3834170587,151249,60138,16875.212998630243,Indicadores_ocupabilidad_2024.csv,2024-11-01,24.24355946649999,20.77,-1.0,-1.8369701987210297e-16,23.865241379366076,23.68520628225185,23.22980756054118,3287433.438619925,4171907.3834170587,16875.212998630243,23.593418407386366,0,112
20260330.0,2028,10,TT,TODAS CONSOLIDADAS,TT,TODAS CONSOLIDADAS,AREQUIPA,40000,4035.0827902723436,57839.08597767512,100716.26685631413,22.46,18.46,1.9262184232285664,1.51,1.62,3700035.2974553206,98326,36706,4659154.553822792,151249,60138,17910.73598577934,Indicadores_ocupabilidad_2024.csv,2024-11-01,24.1003215190833,20.77,-0.8660254037844386,0.5000000000000001,24.24355946649999,23.865241379366076,23.68520628225185,3700035.2974553206,4659154.553822792,17910.73598577934,23.931335709372636,0,113
20260330.0,2028,11,TT,TODAS CONSOLIDADAS,TT,TODAS CONSOLIDADAS,AREQUIPA,40000,4165.763191729777,60187.5848031035,104805.75116291059,22.46,18.46,1.9416744615263617,1.51,1.62,4164422.3245969345,98326,36706,5203308.501692492,151249,60138,19009.802340173715,Indicadores_ocupabilidad_2024.csv,2024-11-01,23.75280039166568,20.77,-0.5000000000000004,0.8660254037844384,24.1003215190833,24.24355946649999,23.865241379366076,4164422.3245969345,5203308.501692492,19009.802340173715,24.06970745498312,0,114
20260330.0,2028,12,TT,TODAS CONSOLIDADAS,TT,TODAS CONSOLIDADAS,AREQUIPA,40000,4300.675815476737,62631.442098324565,109061.28493118692,22.46,18.46,1.957254519570299,1.51,1.62,4687094.01489453,98326,36706,5811015.50743172,151249,60138,20176.311308446202,Indicadores_ocupabilidad_2024.csv,2024-11-01,23.491288005653832,20.77,-2.4492935982947064e-16,1.0,23.75280039166568,24.1003215190833,24.24355946649999,4687094.01489453,5811015.50743172,20176.311308446202,24.032227125749657,0,115
20260330.0,2029,1,TT,TODAS CONSOLIDADAS,TT,TODAS CONSOLIDADAS,AREQUIPA,40000,4475.477388296652,65826.27509759535,114624.50653949716,22.46,18.46,1.9769055116837895,1.51,1.62,5433626.575273927,98326,36706,6671409.633062072,151249,60138,21735.617429980506,Indicadores_ocupabilidad_2024.csv,2024-11-01,23.95845421620368,20.77,0.49999999999999994,0.8660254037844387,23.491288005653832,23.75280039166568,24.1003215190833,5433626.575273927,6671409.633062072,21735.617429980506,23.78146997213427,0,116
20260330.0,2029,2,TT,TODAS CONSOLIDADAS,TT,TODAS CONSOLIDADAS,AREQUIPA,40000,4657.383795605686,69184.07668822008,120471.50836076471,22.46,18.46,1.9967538013317514,1.51,1.62,6299062.418142562,98326,36706,7659195.958983832,151249,60138,23415.4329718684,Indicadores_ocupabilidad_2024.csv,2024-11-01,23.34509656660483,20.77,0.8660254037844386,0.5000000000000001,23.95845421620368,23.491288005653832,23.75280039166568,6299062.418142562,7659195.958983832,23415.4329718684,23.7341808711744,0,117
20260330.0,2029,3,TT,TODAS CONSOLIDADAS,TT,TODAS CONSOLIDADAS,AREQUIPA,40000,4846.6838143999685,72713.15990620844,126616.76603786991,22.46,18.46,2.0168013693972306,1.51,1.62,7302339.753750138,98326,36706,8793236.506928258,151249,60138,25225.071384620587,Indicadores_ocupabilidad_2024.csv,2024-11-01,23.97328742512155,20.77,1.0,6.123233995736766e-17,23.34509656660483,23.95845421620368,23.491288005653832,7302339.753750138,8793236.506928258,25225.071384620587,23.598279596154114,0,118
20260330.0,2029,4,TT,TODAS CONSOLIDADAS,TT,TODAS CONSOLIDADAS,AREQUIPA,40000,5043.677959057214,76422.26183595345,133075.49361696164,22.46,18.46,2.037050216651497,1.51,1.62,8465413.158252781,98326,36706,10095186.058803262,151249,60138,27174.565899493227,Indicadores_ocupabilidad_2024.csv,2024-11-01,24.204738555081367,20.77,0.8660254037844387,-0.4999999999999998,23.97328742512155,23.34509656660483,23.95845421620368,8465413.158252781,10095186.058803262,27174.565899493227,23.758946069310017,0,119
20260330.0,2029,5,TT,TODAS CONSOLIDADAS,TT,TODAS CONSOLIDADAS,AREQUIPA,40000,5248.678958404246,80320.56524096077,139863.68121344512,22.46,18.46,2.0575023639537244,1.51,1.62,9813734.002600534,98326,36706,11589905.660055645,151249,60138,29274.725156025852,Indicadores_ocupabilidad_2024.csv,2024-11-01,24.817677842755256,20.77,0.49999999999999994,-0.8660254037844387,24.204738555081367,23.97328742512155,23.34509656660483,9813734.002600534,11589905.660055645,29274.725156025852,23.841040848935915,0,120
20260330.0,2029,6,TT,TODAS CONSOLIDADAS,TT,TODAS CONSOLIDADAS,AREQUIPA,40000,5462.012252174996,84417.72129796252,146998.1345993134,22.46,18.46,2.078159852452675,1.51,1.62,11376807.40129117,98326,36706,13305937.347420577,151249,60138,31537.19312869815,Indicadores_ocupabilidad_2024.csv,2024-11-01,26.704258663350295,20.77,1.2246467991473532e-16,-1.0,24.817677842755256,24.204738555081367,23.97328742512155,11376807.40129117,13305937.347420577,31537.19312869815,24.331901274319392,0,121
20260330.0,2029,7,TT,TODAS CONSOLIDADAS,TT,TODAS CONSOLIDADAS,AREQUIPA,40000,5684.01650764711,88723.87349069944,154496.51680983094,22.46,18.46,2.0990247437904075,1.51,1.62,13188837.86862121,98326,36706,15276049.166100953,151249,60138,33974.51368495873,Indicadores_ocupabilidad_2024.csv,2024-11-01,26.875728643051065,20.77,-0.4999999999999997,-0.8660254037844388,26.704258663350295,24.817677842755256,24.204738555081367,13188837.86862121,15276049.166100953,33974.51368495873,25.242225020395637,0,122
20260330.0,2029,8,TT,TODAS CONSOLIDADAS,TT,TODAS CONSOLIDADAS,AREQUIPA,40000,5915.044157277321,93249.6827225261,162377.3918725759,22.46,18.46,2.1200991203080317,1.51,1.62,15289477.811238639,98326,36706,17537860.883613072,151249,60138,36600.20013255681,Indicadores_ocupabilidad_2024.csv,2024-11-01,26.578482139772273,20.77,-0.8660254037844385,-0.5000000000000004,26.875728643051065,26.704258663350295,24.817677842755256,15289477.811238639,17537860.883613072,36600.20013255681,26.132555049718874,0,123
20260330.0,2029,9,TT,TODAS CONSOLIDADAS,TT,TODAS CONSOLIDADAS,AREQUIPA,40000,6155.461958189086,98006.35371001127,170660.27076710336,22.46,18.46,2.1413850852535297,1.51,1.62,17724695.236154065,98326,36706,20134562.34845774,151249,60138,39428.81014177022,Indicadores_ocupabilidad_2024.csv,2024-11-01,26.421722721639092,20.77,-1.0,-1.8369701987210297e-16,26.578482139772273,26.875728643051065,26.704258663350295,17724695.236154065,20134562.34845774,39428.81014177022,26.71948981539121,0,124
20260330.0,2029,10,TT,TODAS CONSOLIDADAS,TT,TODAS CONSOLIDADAS,AREQUIPA,40000,6405.65157440068,103005.66272287728,179365.6597290129,22.46,18.46,2.1628847629916614,1.51,1.62,20547779.662142124,98326,36706,23115738.21085147,151249,60138,42476.02645792306,Indicadores_ocupabilidad_2024.csv,2024-11-01,25.268654613153206,20.77,-0.8660254037844386,0.5000000000000001,26.421722721639092,26.578482139772273,26.875728643051065,20547779.662142124,23115738.21085147,42476.02645792306,26.62531116815414,0,125
20260330.0,2029,11,TT,TODAS CONSOLIDADAS,TT,TODAS CONSOLIDADAS,AREQUIPA,40000,6666.010182718031,108259.98673895498,188515.11101800943,22.46,18.46,2.1846002992159788,1.51,1.62,23820508.24675018,98326,36706,26538314.75376209,151249,60138,45758.74385168998,Indicadores_ocupabilidad_2024.csv,2024-11-01,24.152127559698947,20.77,-0.5000000000000004,0.8660254037844384,25.268654613153206,26.421722721639092,26.578482139772273,23820508.24675018,26538314.75376209,45758.74385168998,26.08961982485486,0,126
20260330.0,2029,12,TT,TODAS CONSOLIDADAS,TT,TODAS CONSOLIDADAS,AREQUIPA,40000,6936.951103254148,113782.33408633442,198131.27627564518,22.46,18.46,2.2065338611629692,1.51,1.62,27614497.647106834,98326,36706,30467646.914219156,151249,60138,49295.162789268084,Indicadores_ocupabilidad_2024.csv,2024-11-01,24.2824234930848,20.77,-2.4492935982947064e-16,1.0,24.152127559698947,25.268654613153206,26.421722721639092,27614497.647106834,30467646.914219156,49295.162789268084,25.280834964830415,0,127
20260330.0,2030,1,TT,TODAS CONSOLIDADAS,TT,TODAS CONSOLIDADAS,AREQUIPA,40000,7276.6556912207225,120782.24041505903,210320.34223089126,22.46,18.46,2.233145013104004,1.51,1.62,32973154.333022587,98326,36706,35958171.7068887,151249,60138,53901.46369688107,Indicadores_ocupabilidad_2024.csv,2024-11-01,25.5498461208164,20.77,0.49999999999999994,0.8660254037844387,24.2824234930848,24.152127559698947,25.268654613153206,32973154.333022587,35958171.7068887,53901.46369688107,24.56773522197898,0,128
20260330.0,2030,2,TT,TODAS CONSOLIDADAS,TT,TODAS CONSOLIDADAS,AREQUIPA,40000,7632.995715327449,128212.78203531967,223259.28135938957,22.46,18.46,2.2600770998016237,1.51,1.62,39371670.65515077,98326,36706,42438134.98766314,151249,60138,58938.192396003345,Indicadores_ocupabilidad_2024.csv,2024-11-01,24.16623857989472,20.77,0.8660254037844386,0.5000000000000001,25.5498461208164,24.2824234930848,24.152127559698947,39371670.65515077,42438134.98766314,58938.192396003345,24.661465724533382,0,129
20260330.0,2030,3,TT,TODAS CONSOLIDADAS,TT,TODAS CONSOLIDADAS,AREQUIPA,40000,8006.785817899971,136100.45169510573,236994.2259716903,22.46,18.46,2.28733399178042,1.51,1.62,47011833.763966225,98326,36706,50085841.84735099,151249,60138,64445.56946436518,Indicadores_ocupabilidad_2024.csv,2024-11-01,24.70196642269061,20.77,1.0,6.123233995736766e-17,24.16623857989472,25.5498461208164,24.2824234930848,47011833.763966225,50085841.84735099,64445.56946436518,24.66616939793197,0,130
20260330.0,2030,4,TT,TODAS CONSOLIDADAS,TT,TODAS CONSOLIDADAS,AREQUIPA,40000,8398.880534544347,144473.3719802528,251574.14644503614,22.46,18.46,2.3149196062441297,1.51,1.62,56134588.06990346,98326,36706,59111729.44539408,151249,60138,70467.57382175759,Indicadores_ocupabilidad_2024.csv,2024-11-01,24.90002186493823,20.77,0.8660254037844387,-0.4999999999999998,24.70196642269061,24.16623857989472,25.5498461208164,56134588.06990346,59111729.44539408,70467.57382175759,24.80601704113391,0,131
20260330.0,2030,5,TT,TODAS CONSOLIDADAS,TT,TODAS CONSOLIDADAS,AREQUIPA,40000,8810.176247733021,153361.39558231225,267051.02582165285,22.46,18.46,2.342837907638596,1.51,1.62,67027633.799577646,98326,36706,69764157.47737451,151249,60138,77052.29392178154,Indicadores_ocupabilidad_2024.csv,2024-11-01,25.84530285130507,20.77,0.49999999999999994,-0.8660254037844387,24.90002186493823,24.70196642269061,24.16623857989472,67027633.799577646,69764157.47737451,77052.29392178154,24.58940895584119,0,132
20260330.0,2030,6,TT,TODAS CONSOLIDADAS,TT,TODAS CONSOLIDADAS,AREQUIPA,40000,9241.613236058496,162796.21173491565,283480.0451483525,22.46,18.46,2.3710929082215135,1.51,1.62,80034500.06929052,98326,36706,82336242.13319552,151249,60138,84252.31176010045,Indicadores_ocupabilidad_2024.csv,2024-11-01,27.573708602949694,20.77,1.2246467991473532e-16,-1.0,25.84530285130507,24.90002186493823,24.70196642269061,80034500.06929052,82336242.13319552,84252.31176010045,25.1490970463113,0,133
20260330.0,2030,7,TT,TODAS CONSOLIDADAS,TT,TODAS CONSOLIDADAS,AREQUIPA,40000,9694.177823839573,172811.45919811996,300919.78021825745,22.46,18.46,2.399688668639048,1.51,1.62,95565378.60928677,98326,36706,97173921.59168279,151249,60138,92125.1227656771,Indicadores_ocupabilidad_2024.csv,2024-11-01,27.735532508194247,20.77,-0.4999999999999997,-0.8660254037844388,27.573708602949694,25.84530285130507,24.90002186493823,95565378.60928677,97173921.59168279,92125.1227656771,26.106344439731,0,134
20260330.0,2030,8,TT,TODAS CONSOLIDADAS,TT,TODAS CONSOLIDADAS,AREQUIPA,40000,10168.904635994453,183442.8461935669,319432.41041610454,22.46,18.46,2.428629298509408,1.51,1.62,114110059.79708226,98326,36706,114685474.98476945,151249,60138,100733.59492801836,Indicadores_ocupabilidad_2024.csv,2024-11-01,27.113949768714907,20.77,-0.8660254037844385,-0.5000000000000004,27.735532508194247,27.573708602949694,25.84530285130507,114110059.79708226,114685474.98476945,100733.59492801836,27.05151465414967,0,135
20260330.0,2030,9,TT,TODAS CONSOLIDADAS,TT,TODAS CONSOLIDADAS,AREQUIPA,40000,10666.878963335668,194728.27771807121,339083.94041174377,22.46,18.46,2.4579189570134563,1.51,1.62,136253378.9577676,98326,36706,135352756.7586398,151249,60138,110146.47082676814,Indicadores_ocupabilidad_2024.csv,2024-11-01,26.64630174582914,20.77,-1.0,-1.8369701987210297e-16,27.113949768714907,27.735532508194247,27.573708602949694,136253378.9577676,135352756.7586398,110146.47082676814,27.47439695995295,0,136
20260330.0,2030,10,TT,TODAS CONSOLIDADAS,TT,TODAS CONSOLIDADAS,AREQUIPA,40000,11189.239243694201,206707.99068956033,359944.4354922548,22.46,18.46,2.487561853492444,1.51,1.62,162693660.05435854,98326,36706,159744455.56071082,151249,60138,120438.91657258413,Indicadores_ocupabilidad_2024.csv,2024-11-01,25.118251371367947,20.77,-0.8660254037844386,0.5000000000000001,26.64630174582914,27.113949768714907,27.735532508194247,162693660.05435854,159744455.56071082,120438.91657258413,27.165261340912764,0,137
20260330.0,2030,11,TT,TODAS CONSOLIDADAS,TT,TODAS CONSOLIDADAS,AREQUIPA,40000,11737.17966454501,219424.69740721222,382088.2713717303,22.46,18.46,2.517562248052952,1.51,1.62,194264738.41861528,98326,36706,188531742.48893926,151249,60138,131693.1220428417,Indicadores_ocupabilidad_2024.csv,2024-11-01,24.387061388412352,20.77,-0.5000000000000004,0.8660254037844384,25.118251371367947,26.64630174582914,27.113949768714907,194264738.41861528,188531742.48893926,131693.1220428417,26.292834295303994,0,138
20260330.0,2030,12,TT,TODAS CONSOLIDADAS,TT,TODAS CONSOLIDADAS,AREQUIPA,40000,12311.952893083917,232923.7378372828,405594.399369395,22.46,18.46,2.5479244521791284,1.51,1.62,231962257.04335305,98326,36706,222506739.28652966,151249,60138,143998.95720532123,Indicadores_ocupabilidad_2024.csv,2024-11-01,24.37020415096579,20.77,-2.4492935982947064e-16,1.0,24.387061388412352,25.118251371367947,26.64630174582914,231962257.04335305,222506739.28652966,143998.95720532123,25.38387150186981,0,139
20260330.0,2025,1,TT,TODAS CONSOLIDADAS,TT,TODAS CONSOLIDADAS,AYACUCHO,50000,662.256,6750.84,11075.66,18.22,14.1,1.29258,1.28,1.54,37212.87,35405,724,50282.564,47651,1262,872.8999999999999,Indicadores_ocupabilidad_2024.csv,2024-11-01,17.754079435838026,16.65,0.49999999999999994,0.8660254037844387,17.79,16.71,17.04,37212.87,50282.564,872.8999999999999,17.179999999999996,0,68
20260330.0,2025,2,TT,TODAS CONSOLIDADAS,TT,TODAS CONSOLIDADAS,AYACUCHO,50000,667.554048,6818.3484,11186.4166,18.22,14.1,1.29516516,1.28,1.54,38329.256100000006,35405,724,51690.475792,47651,1262,885.9934999999998,Indicadores_ocupabilidad_2024.csv,2024-11-01,17.737402185056734,16.65,0.8660254037844386,0.5000000000000001,17.754079435838026,17.79,16.71,38329.256100000006,51690.475792,885.9934999999998,17.418026478612678,0,69
20260330.0,2025,3,TT,TODAS CONSOLIDADAS,TT,TODAS CONSOLIDADAS,AYACUCHO,50000,672.894480384,6886.531884,11298.280766,18.22,14.1,1.2977554903200001,1.28,1.54,39479.133783000005,35405,724,53137.809114176,47651,1262,899.2834024999997,Indicadores_ocupabilidad_2024.csv,2024-11-01,18.378042230198513,16.65,1.0,6.123233995736766e-17,17.737402185056734,17.754079435838026,17.79,39479.133783000005,53137.809114176,899.2834024999997,17.760493873631585,0,70
20260330.0,2025,4,TT,TODAS CONSOLIDADAS,TT,TODAS CONSOLIDADAS,AYACUCHO,50000,678.277636227072,6955.39720284,11411.26357366,18.22,14.1,1.30035100130064,1.28,1.54,40663.507796490005,35405,724,54625.66776937293,47651,1262,912.7726535374997,Indicadores_ocupabilidad_2024.csv,2024-11-01,18.919627845791158,16.65,0.8660254037844387,-0.4999999999999998,18.378042230198513,17.737402185056734,17.754079435838026,40663.507796490005,54625.66776937293,912.7726535374997,17.956507950364426,0,71
20260330.0,2025,5,TT,TODAS CONSOLIDADAS,TT,TODAS CONSOLIDADAS,AYACUCHO,50000,683.7038573168886,7024.951174868401,11525.3762093966,18.22,14.1,1.3029517033032414,1.28,1.54,41883.413030384705,35405,724,56155.18646691537,47651,1262,926.464243340562,Indicadores_ocupabilidad_2024.csv,2024-11-01,19.424699767025277,16.65,0.49999999999999994,-0.8660254037844387,18.919627845791158,18.378042230198513,17.737402185056734,41883.413030384705,56155.18646691537,926.464243340562,18.34502408701547,0,72
20260330.0,2025,6,TT,TODAS CONSOLIDADAS,TT,TODAS CONSOLIDADAS,AYACUCHO,50000,689.1734881754237,7095.200686617085,11640.629971490565,18.22,14.1,1.3055576067098478,1.28,1.54,43139.915421296246,35405,724,57727.531687989,47651,1262,940.3612069906703,Indicadores_ocupabilidad_2024.csv,2024-11-01,20.33393422282024,16.65,1.2246467991473532e-16,-1.0,19.424699767025277,18.919627845791158,18.378042230198513,43139.915421296246,57727.531687989,940.3612069906703,18.907456614338315,0,73
20260330.0,2025,7,TT,TODAS CONSOLIDADAS,TT,TODAS CONSOLIDADAS,AYACUCHO,50000,694.6868760808271,7166.152693483256,11757.03627120547,18.22,14.1,1.3081687219232674,1.28,1.54,44434.11288393514,35405,724,59343.902575252694,47651,1262,954.4666250955303,Indicadores_ocupabilidad_2024.csv,2024-11-01,20.55589224310169,16.65,-0.4999999999999997,-0.8660254037844388,20.33393422282024,19.424699767025277,18.919627845791158,44434.11288393514,59343.902575252694,954.4666250955303,19.559420611878892,0,74
20260330.0,2025,8,TT,TODAS CONSOLIDADAS,TT,TODAS CONSOLIDADAS,AYACUCHO,50000,700.2443710894737,7237.814220418089,11874.606633917525,18.22,14.1,1.310785059367114,1.28,1.54,45767.13627045319,35405,724,61005.53184735977,47651,1262,968.7836244719631,Indicadores_ocupabilidad_2024.csv,2024-11-01,20.933171670255543,16.65,-0.8660254037844385,-0.5000000000000004,20.55589224310169,20.33393422282024,19.424699767025277,45767.13627045319,61005.53184735977,968.7836244719631,20.104842077649067,0,75
20260330.0,2025,9,TT,TODAS CONSOLIDADAS,TT,TODAS CONSOLIDADAS,AYACUCHO,50000,705.8463260581894,7310.19236262227,11993.3527002567,18.22,14.1,1.3134066294858482,1.28,1.54,47140.15035856679,35405,724,62713.686739085846,47651,1262,983.3153788390424,Indicadores_ocupabilidad_2024.csv,2024-11-01,21.10119825302402,16.65,-1.0,-1.8369701987210297e-16,20.933171670255543,20.55589224310169,20.33393422282024,47140.15035856679,62713.686739085846,983.3153788390424,20.60766604539249,0,76
20260330.0,2025,10,TT,TODAS CONSOLIDADAS,TT,TODAS CONSOLIDADAS,AYACUCHO,50000,711.493096666655,7383.294286248492,12113.286227259268,18.22,14.1,1.31603344274482,1.28,1.54,48554.3548693238,35405,724,64469.66996778025,47651,1262,998.065109521628,Indicadores_ocupabilidad_2024.csv,2024-11-01,20.752991366938407,16.65,-0.8660254037844386,0.5000000000000001,21.10119825302402,20.933171670255543,20.55589224310169,48554.3548693238,64469.66996778025,998.065109521628,20.863420722127085,0,77
20260330.0,2025,11,TT,TODAS CONSOLIDADAS,TT,TODAS CONSOLIDADAS,AYACUCHO,50000,717.1850414399883,7457.127229110977,12234.41908953186,18.22,14.1,1.3186655096303095,1.28,1.54,50010.98551540351,35405,724,66274.8207268781,47651,1262,1013.0360861644523,Indicadores_ocupabilidad_2024.csv,2024-11-01,20.168960728095392,16.65,-0.5000000000000004,0.8660254037844384,20.752991366938407,21.10119825302402,20.933171670255543,50010.98551540351,66274.8207268781,1013.0360861644523,20.929120430072658,0,78
20260330.0,2025,12,TT,TODAS CONSOLIDADAS,TT,TODAS CONSOLIDADAS,AYACUCHO,50000,722.9225217715082,7531.6985014020875,12356.76328042718,18.22,14.1,1.3213028406495702,1.28,1.54,51511.315080865614,35405,724,68130.51570723069,47651,1262,1028.2316274569189,Indicadores_ocupabilidad_2024.csv,2024-11-01,19.083893873746742,16.65,-2.4492935982947064e-16,1.0,20.168960728095392,20.752991366938407,21.10119825302402,51511.315080865614,68130.51570723069,1028.2316274569189,20.674383449352607,0,79
20260330.0,2026,1,TT,TODAS CONSOLIDADAS,TT,TODAS CONSOLIDADAS,AYACUCHO,50000,734.5355491612457,7683.08564128027,12605.134222363766,18.22,14.1,1.3265933372235308,1.28,1.54,54648.35416929032,35405,724,71999.23891115007,47651,1262,1059.309928396804,Indicadores_ocupabilidad_2024.csv,2024-11-01,18.91723065426636,16.65,0.49999999999999994,0.8660254037844387,19.083893873746742,20.168960728095392,20.752991366938407,54648.35416929032,71999.23891115007,1059.309928396804,20.00194865626018,0,80
20260330.0,2026,2,TT,TODAS CONSOLIDADAS,TT,TODAS CONSOLIDADAS,AYACUCHO,50000,746.335128222972,7837.515662670003,12858.497420233278,18.22,14.1,1.3319050169457736,1.28,1.54,57976.4389382001,35405,724,76087.64369348082,47651,1262,1091.327570982597,Indicadores_ocupabilidad_2024.csv,2024-11-01,18.703603951420703,16.65,0.8660254037844386,0.5000000000000001,18.91723065426636,19.083893873746742,20.168960728095392,57976.4389382001,76087.64369348082,1091.327570982597,19.39002841870283,0,81
20260330.0,2026,3,TT,TODAS CONSOLIDADAS,TT,TODAS CONSOLIDADAS,AYACUCHO,50000,758.3242557227459,7995.04972748967,13116.953218379967,18.22,14.1,1.3372379646336243,1.28,1.54,61507.204069536485,35405,724,80408.20445297142,47651,1262,1124.3129468155457,Indicadores_ocupabilidad_2024.csv,2024-11-01,19.24264139055883,16.65,1.0,6.123233995736766e-17,18.703603951420703,18.91723065426636,19.083893873746742,61507.204069536485,80408.20445297142,1124.3129468155457,18.90157615981127,0,82
20260330.0,2026,4,TT,TODAS CONSOLIDADAS,TT,TODAS CONSOLIDADAS,AYACUCHO,50000,770.5059765666762,8155.750227012212,13380.603978069405,18.22,14.1,1.3425922654440172,1.28,1.54,65252.992797371255,35405,724,84974.10393462895,47651,1262,1158.2953056330452,Indicadores_ocupabilidad_2024.csv,2024-11-01,19.635512554686898,16.65,0.8660254037844387,-0.4999999999999998,19.24264139055883,18.703603951420703,18.91723065426636,65252.992797371255,84974.10393462895,1158.2953056330452,18.954491998748633,0,83
20260330.0,2026,5,TT,TODAS CONSOLIDADAS,TT,TODAS CONSOLIDADAS,AYACUCHO,50000,782.8833845742433,8319.680806575157,13649.5541180286,18.22,14.1,1.347968004874855,1.28,1.54,69226.90005873116,35405,724,89799.27345245291,47651,1262,1193.3047812458037,Indicadores_ocupabilidad_2024.csv,2024-11-01,20.069848901392014,16.65,0.49999999999999994,-0.8660254037844387,19.635512554686898,19.24264139055883,18.703603951420703,69226.90005873116,89799.27345245291,1193.3047812458037,19.19391929888881,0,84
20260330.0,2026,6,TT,TODAS CONSOLIDADAS,TT,TODAS CONSOLIDADAS,AYACUCHO,50000,795.459623264044,8486.906390787319,13923.910155800975,18.22,14.1,1.3533652687663738,1.28,1.54,73442.81827230788,35405,724,94898.435396177,47651,1262,1229.3724182589579,Indicadores_ocupabilidad_2024.csv,2024-11-01,21.610521609915676,16.65,1.2246467991473532e-16,-1.0,20.069848901392014,19.635512554686898,19.24264139055883,73442.81827230788,94898.435396177,1229.3724182589579,19.649334282212582,0,85
20260330.0,2026,7,TT,TODAS CONSOLIDADAS,TT,TODAS CONSOLIDADAS,AYACUCHO,50000,808.2378866521577,8657.493209242144,14203.780749932575,18.22,14.1,1.358784143302514,1.28,1.54,77915.48590509142,35405,724,100287.14815171351,47651,1262,1266.5301996008345,Indicadores_ocupabilidad_2024.csv,2024-11-01,21.678654672012808,16.65,-0.4999999999999997,-0.8660254037844388,21.610521609915676,20.069848901392014,19.635512554686898,77915.48590509142,100287.14815171351,1266.5301996008345,20.438627688664862,0,86
20260330.0,2026,8,TT,TODAS CONSOLIDADAS,TT,TODAS CONSOLIDADAS,AYACUCHO,50000,821.2214200633381,8831.508822747912,14489.27674300622,18.22,14.1,1.3642247150122973,1.28,1.54,82660.53899671149,35405,724,105981.8535723604,47651,1262,1304.8110748837694,Indicadores_ocupabilidad_2024.csv,2024-11-01,21.589310982154455,16.65,-0.8660254037844385,-0.5000000000000004,21.678654672012808,21.610521609915676,20.069848901392014,82660.53899671149,105981.8535723604,1304.8110748837694,21.119675061106832,0,87
20260330.0,2026,9,TT,TODAS CONSOLIDADAS,TT,TODAS CONSOLIDADAS,AYACUCHO,50000,834.4135209552356,9009.022150085146,14780.511205540644,18.22,14.1,1.3696870707712063,1.28,1.54,87694.56582161122,35405,724,111999.92714561331,47651,1262,1344.248989622131,Indicadores_ocupabilidad_2024.csv,2024-11-01,21.49670242151926,16.65,-1.0,-1.8369701987210297e-16,21.589310982154455,21.678654672012808,21.610521609915676,87694.56582161122,111999.92714561331,1344.248989622131,21.626162421360977,0,88
20260330.0,2026,10,TT,TODAS CONSOLIDADAS,TT,TODAS CONSOLIDADAS,AYACUCHO,50000,847.8175397558606,9190.103495301857,15077.59948077201,18.22,14.1,1.375171297802574,1.28,1.54,93035.16488014733,35405,724,118359.73100864982,47651,1262,1384.8789153334594,Indicadores_ocupabilidad_2024.csv,2024-11-01,21.122626078369755,16.65,-0.8660254037844386,0.5000000000000001,21.49670242151926,21.589310982154455,21.678654672012808,93035.16488014733,118359.73100864982,1384.8789153334594,21.58822269189551,0,89
20260330.0,2026,11,TT,TODAS CONSOLIDADAS,TT,TODAS CONSOLIDADAS,AYACUCHO,50000,861.4368807144988,9374.824575557424,15380.659230335528,18.22,14.1,1.3806774836789755,1.28,1.54,98701.0064213483,35405,724,125080.66997424499,47651,1262,1426.736880549413,Indicadores_ocupabilidad_2024.csv,2024-11-01,20.13862870913106,16.65,-0.5000000000000004,0.8660254037844384,21.122626078369755,21.49670242151926,21.589310982154455,98701.0064213483,125080.66997424499,1426.736880549413,21.40287982734782,0,90
20260330.0,2026,12,TT,TODAS CONSOLIDADAS,TT,TODAS CONSOLIDADAS,AYACUCHO,50000,875.2750027662966,9563.258549526128,15689.810480865273,18.22,14.1,1.3862057163236259,1.28,1.54,104711.8977124084,35405,724,132183.25073806252,47651,1262,1469.8600027640186,Indicadores_ocupabilidad_2024.csv,2024-11-01,19.590112539535227,16.65,-2.4492935982947064e-16,1.0,20.13862870913106,21.122626078369755,21.49670242151926,104711.8977124084,132183.25073806252,1469.8600027640186,20.91931906967336,0,91
20260330.0,2027,1,TT,TODAS CONSOLIDADAS,TT,TODAS CONSOLIDADAS,AYACUCHO,50000,896.4501037740201,9853.03484683532,16165.227428245975,18.22,14.1,1.394539596179809,1.28,1.54,114421.5178515869,35405,724,143600.4404925159,47651,1262,1537.000819167774,Indicadores_ocupabilidad_2024.csv,2024-11-01,19.80652342576043,16.65,0.49999999999999994,0.8660254037844387,19.590112539535227,20.13862870913106,21.122626078369755,114421.5178515869,143600.4404925159,1537.000819167774,20.283789109012012,0,92
20260330.0,2027,2,TT,TODAS CONSOLIDADAS,TT,TODAS CONSOLIDADAS,AYACUCHO,50000,918.1374836669743,10151.591655729279,16655.04998454926,18.22,14.1,1.4029235793883588,1.28,1.54,125031.48193741101,35405,724,156003.7780467953,47651,1262,1607.2085189610261,Indicadores_ocupabilidad_2024.csv,2024-11-01,19.712196107221054,16.65,0.8660254037844386,0.5000000000000001,19.80652342576043,19.590112539535227,20.13862870913106,125031.48193741101,156003.7780467953,1607.2085189610261,19.845088224808904,0,93
20260330.0,2027,3,TT,TODAS CONSOLIDADAS,TT,TODAS CONSOLIDADAS,AYACUCHO,50000,940.3495357582373,10459.195034489532,17159.71465413109,18.22,14.1,1.4113579671710301,1.28,1.54,136625.2761630213,35405,724,169478.44088362786,47651,1262,1680.623192393322,Indicadores_ocupabilidad_2024.csv,2024-11-01,20.19436203091251,16.65,1.0,6.123233995736766e-17,19.712196107221054,19.80652342576043,19.590112539535227,136625.2761630213,169478.44088362786,1680.623192393322,19.702944024172236,0,94
20260330.0,2027,4,TT,TODAS CONSOLIDADAS,TT,TODAS CONSOLIDADAS,AYACUCHO,50000,963.0989531862627,10776.119103229601,17679.67116786592,18.22,14.1,1.419843062560526,1.28,1.54,149294.1281457898,35405,724,184116.96360154517,47651,1262,1757.3913288091605,Indicadores_ocupabilidad_2024.csv,2024-11-01,20.840193901326213,16.65,0.8660254037844387,-0.4999999999999998,20.19436203091251,19.712196107221054,19.80652342576043,149294.1281457898,184116.96360154517,1757.3913288091605,19.904360521298,0,95
20260330.0,2027,5,TT,TODAS CONSOLIDADAS,TT,TODAS CONSOLIDADAS,AYACUCHO,50000,986.3987361684088,11102.646288176562,18215.382883923427,18.22,14.1,1.4283791704113844,1.28,1.54,163137.72476636444,35405,724,200019.87337805078,47651,1262,1837.666108948253,Indicadores_ocupabilidad_2024.csv,2024-11-01,21.559821827759947,16.65,0.49999999999999994,-0.8660254037844387,20.840193901326213,20.19436203091251,19.712196107221054,163137.72476636444,200019.87337805078,1837.666108948253,20.248917346486593,0,96
20260330.0,2027,6,TT,TODAS CONSOLIDADAS,TT,TODAS CONSOLIDADAS,AYACUCHO,50000,1010.2621994299478,11439.067573354601,18767.327200689193,18.22,14.1,1.436966597410931,1.28,1.54,178264.9965707751,35405,724,217296.38032025262,47651,1262,1921.6077105975814,Indicadores_ocupabilidad_2024.csv,2024-11-01,22.739214167408036,16.65,1.2246467991473532e-16,-1.0,21.559821827759947,20.840193901326213,20.19436203091251,178264.9965707751,217296.38032025262,1921.6077105975814,20.864792586666226,0,97
20260330.0,2027,7,TT,TODAS CONSOLIDADAS,TT,TODAS CONSOLIDADAS,AYACUCHO,50000,1034.7029798128033,11785.68275989482,19335.995982197277,18.22,14.1,1.445605652090298,1.28,1.54,194794.97490779337,35405,724,236065.12744380787,47651,1262,2009.3836282051484,Indicadores_ocupabilidad_2024.csv,2024-11-01,22.556323674634797,16.65,-0.4999999999999997,-0.8660254037844388,22.739214167408036,21.559821827759947,20.840193901326213,194794.97490779337,236065.12744380787,2009.3836282051484,21.713076632164732,0,98
20260330.0,2027,8,TT,TODAS CONSOLIDADAS,TT,TODAS CONSOLIDADAS,AYACUCHO,50000,1059.7350440683601,12142.800733202395,19921.89599645384,18.22,14.1,1.45429664483551,1.28,1.54,212857.72854606833,35405,724,256455.0054305132,47651,1262,2101.169007093163,Indicadores_ocupabilidad_2024.csv,2024-11-01,22.365765635600706,16.65,-0.8660254037844385,-0.5000000000000004,22.556323674634797,22.739214167408036,21.559821827759947,212857.72854606833,256455.0054305132,2101.169007093163,22.28511988993426,0,99
20260330.0,2027,9,TT,TODAS CONSOLIDADAS,TT,TODAS CONSOLIDADAS,AYACUCHO,50000,1085.3726968388044,12510.739738219163,20525.549367042393,18.22,14.1,1.463039887898634,1.28,1.54,232595.38714095962,35405,724,278606.0377597281,47651,1262,2197.1469929375417,Indicadores_ocupabilidad_2024.csv,2024-11-01,22.32236610546311,16.65,-1.0,-1.8369701987210297e-16,22.365765635600706,22.556323674634797,22.739214167408036,232595.38714095962,278606.0377597281,2197.1469929375417,22.55376782588118,0,100
20260330.0,2027,10,TT,TODAS CONSOLIDADAS,TT,TODAS CONSOLIDADAS,AYACUCHO,50000,1111.6305888315494,12889.827663026943,21147.494038413148,18.22,14.1,1.4718356954089995,1.28,1.54,254163.2596043794,35405,724,302670.34229209705,47651,1262,2297.5090972110643,Indicadores_ocupabilidad_2024.csv,2024-11-01,21.727477985806438,16.65,-0.8660254037844386,0.5000000000000001,22.32236610546311,22.365765635600706,22.556323674634797,254163.2596043794,302670.34229209705,2297.5090972110643,22.414818471899537,0,101
20260330.0,2027,11,TT,TODAS CONSOLIDADAS,TT,TODAS CONSOLIDADAS,AYACUCHO,50000,1138.5237251914236,13280.402331044324,21788.284255271108,18.22,14.1,1.4806843833844838,1.28,1.54,277731.05617771466,35405,724,328813.1759090582,47651,1262,2402.4555793193817,Indicadores_ocupabilidad_2024.csv,2024-11-01,20.42567013258571,16.65,-0.5000000000000004,0.8660254037844384,21.727477985806438,22.32236610546311,22.365765635600706,277731.05617771466,328813.1759090582,2402.4555793193817,22.13853657562342,0,102
20260330.0,2027,12,TT,TODAS CONSOLIDADAS,TT,TODAS CONSOLIDADAS,AYACUCHO,50000,1166.0674740754018,13682.8118020773,22448.491056490082,18.22,14.1,1.4895862697428663,1.28,1.54,303484.22382390563,35405,724,357214.0693819947,47651,1262,2512.1958461923737,Indicadores_ocupabilidad_2024.csv,2024-11-01,20.40186942376209,16.65,-2.4492935982947064e-16,1.0,20.42567013258571,21.727477985806438,22.32236610546311,303484.22382390563,357214.0693819947,2512.1958461923737,21.491838074618425,0,103
20260330.0,2028,1,TT,TODAS CONSOLIDADAS,TT,TODAS CONSOLIDADAS,AYACUCHO,50000,1203.831796038259,14238.388829316966,23359.989811832715,18.22,14.1,1.5015387576618773,1.28,1.54,341574.1676098177,35405,724,398933.9659519264,47651,1262,2666.353103180113,Indicadores_ocupabilidad_2024.csv,2024-11-01,20.38037042303474,16.65,0.49999999999999994,0.8660254037844387,20.40186942376209,20.42567013258571,21.727477985806438,341574.1676098177,398933.9659519264,2666.353103180113,20.851672514051412,0,104
20260330.0,2028,2,TT,TODAS CONSOLIDADAS,TT,TODAS CONSOLIDADAS,AYACUCHO,50000,1242.8191552995752,14816.52451172644,24308.49907175227,18.22,14.1,1.5135871527266211,1.28,1.54,384444.7349132665,35405,724,445526.4303152182,47651,1262,2829.969996811231,Indicadores_ocupabilidad_2024.csv,2024-11-01,20.321660102861703,16.65,0.8660254037844386,0.5000000000000001,20.38037042303474,20.40186942376209,20.42567013258571,384444.7349132665,445526.4303152182,2829.969996811231,20.40263665979418,0,105
20260330.0,2028,3,TT,TODAS CONSOLIDADAS,TT,TODAS CONSOLIDADAS,AYACUCHO,50000,1283.0691612090138,15418.134821165826,25295.52161114669,18.22,14.1,1.525732224499106,1.28,1.54,432695.93610299606,35405,724,497560.5414690122,47651,1262,3003.627003977787,Indicadores_ocupabilidad_2024.csv,2024-11-01,20.810895432731854,16.65,1.0,6.123233995736766e-17,20.321660102861703,20.38037042303474,20.40186942376209,432695.93610299606,497560.5414690122,3003.627003977787,20.36796664988618,0,106
20260330.0,2028,4,TT,TODAS CONSOLIDADAS,TT,TODAS CONSOLIDADAS,AYACUCHO,50000,1324.6227059067,16044.172921625792,26322.62122360091,18.22,14.1,1.53797474871633,1.28,1.54,487003.0881351192,35405,724,555671.8425252094,47651,1262,3187.940221694994,Indicadores_ocupabilidad_2024.csv,2024-11-01,21.678744836926697,16.65,0.8660254037844387,-0.4999999999999998,20.810895432731854,20.321660102861703,20.38037042303474,487003.0881351192,555671.8425252094,3187.940221694994,20.504308652876098,0,107
20260330.0,2028,5,TT,TODAS CONSOLIDADAS,TT,TODAS CONSOLIDADAS,AYACUCHO,50000,1367.522005867739,16695.630679377216,27391.42519899021,18.22,14.1,1.5503155073398296,1.28,1.54,548126.2661932831,35405,724,620570.103215452,47651,1262,3383.5635528784474,Indicadores_ocupabilidad_2024.csv,2024-11-01,22.04236653651482,16.65,0.49999999999999994,-0.8660254037844387,21.678744836926697,20.810895432731854,20.321660102861703,548126.2661932831,620570.103215452,3383.5635528784474,20.937100124173416,0,108
20260330.0,2028,6,TT,TODAS CONSOLIDADAS,TT,TODAS CONSOLIDADAS,AYACUCHO,50000,1411.810644792198,17373.540234438955,28503.626901684263,18.22,14.1,1.5627552886056257,1.28,1.54,616920.9415929454,35405,724,693047.9889978688,47651,1262,3591.1910262484075,Indicadores_ocupabilidad_2024.csv,2024-11-01,23.06941543367138,16.65,1.2246467991473532e-16,-1.0,22.04236653651482,21.678744836926697,20.810895432731854,616920.9415929454,693047.9889978688,3591.1910262484075,21.510668935391124,0,109
20260330.0,2028,7,TT,TODAS CONSOLIDADAS,TT,TODAS CONSOLIDADAS,AYACUCHO,50000,1457.5336178841255,18078.975635853516,29660.98845343652,18.22,14.1,1.5752948870745707,1.28,1.54,694349.9548363555,35405,724,773990.742649799,47651,1262,3811.559258591646,Indicadores_ocupabilidad_2024.csv,2024-11-01,22.56858171965642,16.65,-0.4999999999999997,-0.8660254037844388,23.06941543367138,22.04236653651482,21.678744836926697,694349.9548363555,773990.742649799,3811.559258591646,22.263508935704298,0,110
20260330.0,2028,8,TT,TODAS CONSOLIDADAS,TT,TODAS CONSOLIDADAS,AYACUCHO,50000,1504.7373775645922,18813.054543361468,30865.34352520974,18.22,14.1,1.5879351036830982,1.28,1.54,781496.9913914204,35405,724,864386.9965971857,47651,1262,4045.450068116421,Indicadores_ocupabilidad_2024.csv,2024-11-01,22.326424746807554,16.65,-0.8660254037844385,-0.5000000000000004,22.56858171965642,23.06941543367138,22.04236653651482,781496.9913914204,864386.9965971857,4045.450068116421,22.56012122994754,0,111
20260330.0,2028,9,TT,TODAS CONSOLIDADAS,TT,TODAS CONSOLIDADAS,AYACUCHO,50000,1553.4698806651975,19576.939998170663,32118.600242360793,18.22,14.1,1.6006767457943818,1.28,1.54,879581.7487995379,35405,724,965340.8480421149,47651,1262,4293.6932481721915,Indicadores_ocupabilidad_2024.csv,2024-11-01,22.266686971524773,16.65,-1.0,-1.8369701987210297e-16,22.326424746807554,22.56858171965642,23.06941543367138,879581.7487995379,965340.8480421149,4293.6932481721915,22.65480730004512,0,112
20260330.0,2028,10,TT,TODAS CONSOLIDADAS,TT,TODAS CONSOLIDADAS,AYACUCHO,50000,1603.7806371499873,20371.842265625786,33422.74420778761,18.22,14.1,1.6135206272499028,1.28,1.54,989977.007389087,35405,724,1078085.3443737512,47651,1262,4557.169511174625,Indicadores_ocupabilidad_2024.csv,2024-11-01,21.717326932166422,16.65,-0.8660254037844386,0.5000000000000001,22.266686971524773,22.326424746807554,22.56858171965642,989977.007389087,1078085.3443737512,4557.169511174625,22.38723114599625,0,113
20260330.0,2028,11,TT,TODAS CONSOLIDADAS,TT,TODAS CONSOLIDADAS,AYACUCHO,50000,1655.720760415283,21199.020752697677,34779.84164782806,18.22,14.1,1.6264675684214325,1.28,1.54,1114227.8435138527,35405,724,1203997.5435730899,47651,1262,4836.813613180294,Indicadores_ocupabilidad_2024.csv,2024-11-01,20.639604896223783,16.65,-0.5000000000000004,0.8660254037844384,21.717326932166422,22.266686971524773,22.326424746807554,1114227.8435138527,1203997.5435730899,4836.813613180294,22.103479550166252,0,114
20260330.0,2028,12,TT,TODAS CONSOLIDADAS,TT,TODAS CONSOLIDADAS,AYACUCHO,50000,1709.343019218521,22059.78600333042,36192.04268589489,18.22,14.1,1.6395183962634319,1.28,1.54,1254073.2542221427,35405,724,1344615.3335588642,47651,1262,5133.61767019637,Indicadores_ocupabilidad_2024.csv,2024-11-01,20.52937535674093,16.65,-2.4492935982947064e-16,1.0,20.639604896223783,21.717326932166422,22.266686971524773,1254073.2542221427,1344615.3335588642,5133.61767019637,21.541206266638326,0,115
20260330.0,2029,1,TT,TODAS CONSOLIDADAS,TT,TODAS CONSOLIDADAS,AYACUCHO,50000,1778.819506419177,23185.056792555588,38038.20059652373,18.22,14.1,1.6559792922546024,1.28,1.54,1453814.6108927631,35405,724,1543702.5899509669,47651,1262,5530.364198160721,Indicadores_ocupabilidad_2024.csv,2024-11-01,21.380858905017714,16.65,0.49999999999999994,0.8660254037844387,20.52937535674093,20.639604896223783,21.717326932166422,1453814.6108927631,1543702.5899509669,5530.364198160721,20.96210239504371,0,116
20260330.0,2029,2,TT,TODAS CONSOLIDADAS,TT,TODAS CONSOLIDADAS,AYACUCHO,50000,1851.1198752044374,24367.727701115196,39978.531114666264,18.22,14.1,1.6726054569597133,1.28,1.54,1685369.5872465228,35405,724,1772267.2252398494,47651,1262,5957.77288633338,Indicadores_ocupabilidad_2024.csv,2024-11-01,21.475999594942785,16.65,0.8660254037844386,0.5000000000000001,21.380858905017714,20.52937535674093,20.639604896223783,1685369.5872465228,1772267.2252398494,5957.77288633338,20.849946385994144,0,117
20260330.0,2029,3,TT,TODAS CONSOLIDADAS,TT,TODAS CONSOLIDADAS,AYACUCHO,50000,1926.3589026380996,25610.726711972246,42017.8379897498,18.22,14.1,1.6893985496898873,1.28,1.54,1953805.2681085858,35405,724,2034673.7370953828,47651,1262,6418.213429222989,Indicadores_ocupabilidad_2024.csv,2024-11-01,21.994096658851134,16.65,1.0,6.123233995736766e-17,21.475999594942785,21.380858905017714,20.52937535674093,1953805.2681085858,2034673.7370953828,6418.213429222989,21.128744618900473,0,118
20260330.0,2029,4,TT,TODAS CONSOLIDADAS,TT,TODAS CONSOLIDADAS,AYACUCHO,50000,2004.656030913847,26917.131164647362,44161.170010700625,18.22,14.1,1.7063602464158638,1.28,1.54,2264995.7935490445,35405,724,2335932.842105918,47651,1262,6914.238660817803,Indicadores_ocupabilidad_2024.csv,2024-11-01,22.079613982415047,16.65,0.8660254037844387,-0.4999999999999998,21.994096658851134,21.475999594942785,21.380858905017714,2264995.7935490445,2335932.842105918,6914.238660817803,21.61698505293721,0,119
20260330.0,2029,5,TT,TODAS CONSOLIDADAS,TT,TODAS CONSOLIDADAS,AYACUCHO,50000,2086.135556970108,28290.175373904298,46413.83350542109,18.22,14.1,1.7234922399352621,1.28,1.54,2625750.901859963,35405,724,2681797.156638305,47651,1262,7448.598708337939,Indicadores_ocupabilidad_2024.csv,2024-11-01,22.0581413910113,16.65,0.49999999999999994,-0.8660254037844387,22.079613982415047,21.994096658851134,21.475999594942785,2625750.901859963,2681797.156638305,7448.598708337939,21.849903412069654,0,120
20260330.0,2029,6,TT,TODAS CONSOLIDADAS,TT,TODAS CONSOLIDADAS,AYACUCHO,50000,2170.92682981184,29733.258637064948,48781.40547786569,18.22,14.1,1.7407962400415258,1.28,1.54,3043964.946096099,35405,724,3078871.0444558193,47651,1262,8024.256239846275,Indicadores_ocupabilidad_2024.csv,2024-11-01,22.971227558690817,16.65,1.2246467991473532e-16,-1.0,22.0581413910113,22.079613982415047,21.994096658851134,3043964.946096099,3078871.0444558193,8024.256239846275,22.043950677425826,0,121
20260330.0,2029,7,TT,TODAS CONSOLIDADAS,TT,TODAS CONSOLIDADAS,AYACUCHO,50000,2259.1644558524804,31249.953649777894,51269.74741524004,18.22,14.1,1.7582739736945612,1.28,1.54,3528789.645087205,35405,724,3534736.7286611544,47651,1262,8644.402890255771,Indicadores_ocupabilidad_2024.csv,2024-11-01,22.464940603097595,16.65,-0.4999999999999997,-0.8660254037844388,22.971227558690817,22.0581413910113,22.079613982415047,3528789.645087205,3534736.7286611544,8644.402890255771,22.369660977372387,0,122
20260330.0,2029,8,TT,TODAS CONSOLIDADAS,TT,TODAS CONSOLIDADAS,AYACUCHO,50000,2350.988512602056,32844.015351075745,53885.01979950579,18.22,14.1,1.7759271851930907,1.28,1.54,4090834.3492078953,35405,724,4058099.076102909,47651,1262,9312.476956804396,Indicadores_ocupabilidad_2024.csv,2024-11-01,22.297198374276018,16.65,-0.8660254037844385,-0.5000000000000004,22.464940603097595,22.971227558690817,22.0581413910113,4090834.3492078953,4058099.076102909,9312.476956804396,22.498103184266572,0,123
20260330.0,2029,9,TT,TODAS CONSOLIDADAS,TT,TODAS CONSOLIDADAS,AYACUCHO,50000,2446.54477104067,34519.390219619294,56633.69735911808,18.22,14.1,1.793757636348735,1.28,1.54,4742398.203292626,35405,724,4658951.818939257,47651,1262,10032.182462107216,Indicadores_ocupabilidad_2024.csv,2024-11-01,22.25438101395092,16.65,-1.0,-1.8369701987210297e-16,22.297198374276018,22.464940603097595,22.971227558690817,4742398.203292626,4658951.818939257,10032.182462107216,22.577788845354807,0,124
20260330.0,2029,10,TT,TODAS CONSOLIDADAS,TT,TODAS CONSOLIDADAS,AYACUCHO,50000,2545.984927030396,36280.22604414353,59522.58509875494,18.22,14.1,1.8117671066618453,1.28,1.54,5497739.287084042,35405,724,5348768.387400253,47651,1262,10807.509690477464,Indicadores_ocupabilidad_2024.csv,2024-11-01,21.787778709170034,16.65,-0.8660254037844386,0.5000000000000001,22.25438101395092,22.297198374276018,22.464940603097595,5497739.287084042,5348768.387400253,10807.509690477464,22.33883999710818,0,125
20260330.0,2029,11,TT,TODAS CONSOLIDADAS,TT,TODAS CONSOLIDADAS,AYACUCHO,50000,2649.4668421329366,38130.88219229462,62558.835146723955,18.22,14.1,1.829957393499098,1.28,1.54,6373386.622777095,35405,724,6140720.997747091,47651,1262,11642.75731137674,Indicadores_ocupabilidad_2024.csv,2024-11-01,20.776206560234854,16.65,-0.5000000000000004,0.8660254037844384,21.787778709170034,22.25438101395092,22.297198374276018,6373386.622777095,6140720.997747091,11642.75731137674,22.11311936579899,0,126
20260330.0,2029,12,TT,TODAS CONSOLIDADAS,TT,TODAS CONSOLIDADAS,AYACUCHO,50000,2757.1547942153497,40075.94040328077,65749.964461756,18.22,14.1,1.8483303122728756,1.28,1.54,7388501.8772759205,35405,724,7049932.178966543,47651,1262,12542.55621265401,Indicadores_ocupabilidad_2024.csv,2024-11-01,20.504176512788447,16.65,-2.4492935982947064e-16,1.0,20.776206560234854,21.787778709170034,22.25438101395092,7388501.8772759205,7049932.178966543,12542.55621265401,21.606122094451933,0,127
20260330.0,2030,1,TT,TODAS CONSOLIDADAS,TT,TODAS CONSOLIDADAS,AYACUCHO,50000,2892.173496147618,42541.418292367314,69794.91217745363,18.22,14.1,1.8706214720156906,1.28,1.54,8822257.634470142,35405,724,8320388.920316981,47651,1262,13714.573603348437,Indicadores_ocupabilidad_2024.csv,2024-11-01,21.443249389767153,16.65,0.49999999999999994,0.8660254037844387,20.504176512788447,20.776206560234854,21.787778709170034,8822257.634470142,8320388.920316981,13714.573603348437,21.022720594064445,0,128
20260330.0,2030,2,TT,TODAS CONSOLIDADAS,TT,TODAS CONSOLIDADAS,AYACUCHO,50000,3033.804104640128,45158.57275249389,74088.70568579416,18.22,14.1,1.8931814667169435,1.28,1.54,10534236.989009578,35405,724,9819792.592030568,47651,1262,14996.108124426888,Indicadores_ocupabilidad_2024.csv,2024-11-01,21.464385030182413,16.65,0.8660254037844386,0.5000000000000001,21.443249389767153,20.504176512788447,20.776206560234854,10534236.989009578,9819792.592030568,14996.108124426888,20.907877487596817,0,129
20260330.0,2030,3,TT,TODAS CONSOLIDADAS,TT,TODAS CONSOLIDADAS,AYACUCHO,50000,3182.37040675153,47936.734949153535,78646.6540174174,18.22,14.1,1.9160135385693116,1.28,1.54,12578429.868907627,35405,724,11589401.34577565,47651,1262,16397.393414010076,Indicadores_ocupabilidad_2024.csv,2024-11-01,21.95297441154785,16.65,1.0,6.123233995736766e-17,21.464385030182413,21.443249389767153,20.504176512788447,12578429.868907627,11589401.34577565,16397.393414010076,21.137270310912672,0,130
20260330.0,2030,4,TT,TODAS CONSOLIDADAS,TT,TODAS CONSOLIDADAS,AYACUCHO,50000,3338.2120454904016,50885.810102545685,83485.00801683367,18.22,14.1,1.9391209688668347,1.28,1.54,15019303.071698122,35405,724,13677908.39721723,47651,1262,17929.619374766724,Indicadores_ocupabilidad_2024.csv,2024-11-01,22.10105114238744,16.65,0.8660254037844387,-0.4999999999999998,21.95297441154785,21.464385030182413,21.443249389767153,15019303.071698122,13677908.39721723,17929.619374766724,21.62020294383247,0,131
20260330.0,2030,5,TT,TODAS CONSOLIDADAS,TT,TODAS CONSOLIDADAS,AYACUCHO,50000,3501.6852962858998,54016.31280350819,88621.01828295499,18.22,14.1,1.962507078476485,1.28,1.54,17933833.325026207,35405,724,16142781.886732947,47651,1262,19605.021530394122,Indicadores_ocupabilidad_2024.csv,2024-11-01,22.134968473413057,16.65,0.49999999999999994,-0.8660254037844387,22.10105114238744,21.95297441154785,21.464385030182413,17933833.325026207,16142781.886732947,19605.021530394122,21.8394701947059,0,132
20260330.0,2030,6,TT,TODAS CONSOLIDADAS,TT,TODAS CONSOLIDADAS,AYACUCHO,50000,3673.163881482413,57339.40450209074,94072.99667413636,18.22,14.1,1.9861752283154226,1.28,1.54,21413934.867315855,35405,724,19051846.19423612,47651,1262,21436.97873185988,Indicadores_ocupabilidad_2024.csv,2024-11-01,23.208819733536597,16.65,1.2246467991473532e-16,-1.0,22.134968473413057,22.10105114238744,21.95297441154785,21413934.867315855,19051846.19423612,21436.97873185988,22.062998009116114,0,133
20260330.0,2030,7,TT,TODAS CONSOLIDADAS,TT,TODAS CONSOLIDADAS,AYACUCHO,50000,3853.0398247202634,60866.93330243103,99860.38159701662,18.22,14.1,2.0101288198340064,1.28,1.54,25569358.106040925,35405,724,22485148.220155343,47651,1262,23440.11999363382,Indicadores_ocupabilidad_2024.csv,2024-11-01,23.71921146217155,16.65,-0.4999999999999997,-0.8660254037844388,23.208819733536597,22.134968473413057,22.10105114238744,25569358.106040925,22485148.220155343,23440.11999363382,22.481613116445697,0,134
20260330.0,2030,8,TT,TODAS CONSOLIDADAS,TT,TODAS CONSOLIDADAS,AYACUCHO,50000,4041.7243471556876,64611.47620581762,106003.80731193842,18.22,14.1,2.0343712955046325,1.28,1.54,30531150.76729057,35405,724,26537159.985855445,47651,1262,25630.441313046096,Indicadores_ocupabilidad_2024.csv,2024-11-01,23.931082118862335,16.65,-0.8660254037844385,-0.5000000000000004,23.71921146217155,23.208819733536597,22.134968473413057,30531150.76729057,26537159.985855445,25630.441313046096,23.020999889707067,0,135
20260330.0,2030,9,TT,TODAS CONSOLIDADAS,TT,TODAS CONSOLIDADAS,AYACUCHO,50000,4239.648807568983,68586.38395255245,112525.17750204827,18.22,14.1,2.0589061393164654,1.28,1.54,36455790.689356446,35405,724,31319378.161075875,47651,1262,28025.433405627406,Indicadores_ocupabilidad_2024.csv,2024-11-01,24.2795767386283,16.65,-1.0,-1.8369701987210297e-16,23.931082118862335,23.71921146217155,23.208819733536597,36455790.689356446,31319378.161075875,28025.433405627406,23.61970443819016,0,136
20260330.0,2030,10,TT,TODAS CONSOLIDADAS,TT,TODAS CONSOLIDADAS,AYACUCHO,50000,4447.265688510033,72805.82862249149,119447.74336837855,18.22,14.1,2.083736877276137,1.28,1.54,43530120.594406605,35405,724,36963392.04795491,47651,1262,30644.221376456324,Indicadores_ocupabilidad_2024.csv,2024-11-01,24.20407537336049,16.65,-0.8660254037844386,0.5000000000000001,24.2795767386283,23.931082118862335,23.71921146217155,43530120.594406605,36963392.04795491,30644.221376456324,23.976623439887394,0,137
20260330.0,2030,11,TT,TODAS CONSOLIDADAS,TT,TODAS CONSOLIDADAS,AYACUCHO,50000,4665.0496307356725,77284.85416397777,126796.18652935082,18.22,14.1,2.1088670779144847,1.28,1.54,51977240.46393553,35405,724,43624504.441434346,47651,1262,33507.71744285322,Indicadores_ocupabilidad_2024.csv,2024-11-01,23.79928894314198,16.65,-0.5000000000000004,0.8660254037844384,24.20407537336049,24.2795767386283,23.931082118862335,51977240.46393553,43624504.441434346,33507.71744285322,24.13824474361704,0,138
20260330.0,2030,12,TT,TODAS CONSOLIDADAS,TT,TODAS CONSOLIDADAS,AYACUCHO,50000,4893.498518303768,82039.43003132202,134596.70702026898,18.22,14.1,2.1343003527993987,1.28,1.54,62063543.34320229,35405,724,51486004.998992465,47651,1262,36638.78792798115,Indicadores_ocupabilidad_2024.csv,2024-11-01,23.56788018492094,16.65,-2.4492935982947064e-16,1.0,23.79928894314198,24.20407537336049,24.2795767386283,62063543.34320229,51486004.998992465,36638.78792798115,24.09431368504359,0,139
20260330.0,2025,1,TT,TODAS CONSOLIDADAS,TT,TODAS CONSOLIDADAS,CAJAMARCA,60000,1092.672,14361.19,23162.33,12.14,8.82,1.21242,1.21,1.75,60226.16,57600,872,77532.788,73779,1642,2181.2349999999997,Indicadores_ocupabilidad_2024.csv,2024-11-01,13.626761114966483,10.66,0.49999999999999994,0.8660254037844387,15.09,15.73,15.5,60226.16,77532.788,2181.2349999999997,15.44,0,68
20260330.0,2025,2,TT,TODAS CONSOLIDADAS,TT,TODAS CONSOLIDADAS,CAJAMARCA,60000,1101.413376,14504.8019,23393.9533,12.14,8.82,1.21484484,1.21,1.75,62032.944800000005,57600,872,79703.706064,73779,1642,2213.9535249999994,Indicadores_ocupabilidad_2024.csv,2024-11-01,14.256874847729808,10.66,0.8660254037844386,0.5000000000000001,13.626761114966483,15.09,15.73,62032.944800000005,79703.706064,2213.9535249999994,14.815587038322159,0,69
20260330.0,2025,3,TT,TODAS CONSOLIDADAS,TT,TODAS CONSOLIDADAS,CAJAMARCA,60000,1110.224683008,14649.849919,23627.892833,12.14,8.82,1.21727452968,1.21,1.75,63893.93314400001,57600,872,81935.409833792,73779,1642,2247.162827874999,Indicadores_ocupabilidad_2024.csv,2024-11-01,14.978270938356605,10.66,1.0,6.123233995736766e-17,14.256874847729808,13.626761114966483,15.09,63893.93314400001,81935.409833792,2247.162827874999,14.324545320898764,0,70
20260330.0,2025,4,TT,TODAS CONSOLIDADAS,TT,TODAS CONSOLIDADAS,CAJAMARCA,60000,1119.106480472064,14796.34841819,23864.171761330002,12.14,8.82,1.21970907873936,1.21,1.75,65810.75113832002,57600,872,84229.60130913818,73779,1642,2280.8702702931237,Indicadores_ocupabilidad_2024.csv,2024-11-01,15.833643364149218,10.66,0.8660254037844387,-0.4999999999999998,14.978270938356605,14.256874847729808,13.626761114966483,65810.75113832002,84229.60130913818,2280.8702702931237,14.287302300350966,0,71
20260330.0,2025,5,TT,TODAS CONSOLIDADAS,TT,TODAS CONSOLIDADAS,CAJAMARCA,60000,1128.0593323158405,14944.311902371901,24102.813478943302,12.14,8.82,1.2221484968968388,1.21,1.75,67785.07367246962,57600,872,86588.03014579405,73779,1642,2315.0833243475204,Indicadores_ocupabilidad_2024.csv,2024-11-01,16.75889962716245,10.66,0.49999999999999994,-0.8660254037844387,15.833643364149218,14.978270938356605,14.256874847729808,67785.07367246962,86588.03014579405,2315.0833243475204,15.02292971674521,0,72
20260330.0,2025,6,TT,TODAS CONSOLIDADAS,TT,TODAS CONSOLIDADAS,CAJAMARCA,60000,1137.0838069743672,15093.75502139562,24343.841613732737,12.14,8.82,1.2245927938906325,1.21,1.75,69818.62588264371,57600,872,89012.49498987629,73779,1642,2349.809574212733,Indicadores_ocupabilidad_2024.csv,2024-11-01,17.908751521982914,10.66,1.2246467991473532e-16,-1.0,16.75889962716245,15.833643364149218,14.978270938356605,69818.62588264371,89012.49498987629,2349.809574212733,15.856937976556091,0,73
20260330.0,2025,7,TT,TODAS CONSOLIDADAS,TT,TODAS CONSOLIDADAS,CAJAMARCA,60000,1146.1804774301622,15244.692571609576,24587.280029870064,12.14,8.82,1.2270419794784138,1.21,1.75,71913.18465912303,57600,872,91504.84484959283,73779,1642,2385.056717825924,Indicadores_ocupabilidad_2024.csv,2024-11-01,18.330997064958652,10.66,-0.4999999999999997,-0.8660254037844388,17.908751521982914,16.75889962716245,15.833643364149218,71913.18465912303,91504.84484959283,2385.056717825924,16.83376483776486,0,74
20260330.0,2025,8,TT,TODAS CONSOLIDADAS,TT,TODAS CONSOLIDADAS,CAJAMARCA,60000,1155.3499212496035,15397.139497325672,24833.152830168765,12.14,8.82,1.2294960634373706,1.21,1.75,74070.58019889671,57600,872,94066.98050538143,73779,1642,2420.8325685933123,Indicadores_ocupabilidad_2024.csv,2024-11-01,18.951801235765206,10.66,-0.8660254037844385,-0.5000000000000004,18.330997064958652,17.908751521982914,16.75889962716245,74070.58019889671,94066.98050538143,2420.8325685933123,17.666216071368005,0,75
20260330.0,2025,9,TT,TODAS CONSOLIDADAS,TT,TODAS CONSOLIDADAS,CAJAMARCA,60000,1164.5927206196004,15551.11089229893,25081.484358470454,12.14,8.82,1.2319550555642453,1.21,1.75,76292.69760486361,57600,872,96700.85595953211,73779,1642,2457.1450571222117,Indicadores_ocupabilidad_2024.csv,2024-11-01,19.46982735144195,10.66,-1.0,-1.8369701987210297e-16,18.951801235765206,18.330997064958652,17.908751521982914,76292.69760486361,96700.85595953211,2457.1450571222117,18.39718327423559,0,76
20260330.0,2025,10,TT,TODAS CONSOLIDADAS,TT,TODAS CONSOLIDADAS,CAJAMARCA,60000,1173.9094623845572,15706.622001221918,25332.299202055157,12.14,8.82,1.234418965675374,1.21,1.75,78581.47853300952,57600,872,99408.47992639901,73779,1642,2494.0022329790445,Indicadores_ocupabilidad_2024.csv,2024-11-01,18.916060950601793,10.66,-0.8660254037844386,0.5000000000000001,19.46982735144195,18.951801235765206,18.330997064958652,78581.47853300952,99408.47992639901,2494.0022329790445,18.917541884055268,0,77
20260330.0,2025,11,TT,TODAS CONSOLIDADAS,TT,TODAS CONSOLIDADAS,CAJAMARCA,60000,1183.3007380836336,15863.688221234137,25585.62219407571,12.14,8.82,1.2368878036067246,1.21,1.75,80938.9228889998,57600,872,102191.9173643382,73779,1642,2531.41226647373,Indicadores_ocupabilidad_2024.csv,2024-11-01,18.604797965683648,10.66,-0.5000000000000004,0.8660254037844384,18.916060950601793,19.46982735144195,18.951801235765206,80938.9228889998,102191.9173643382,2531.41226647373,19.112563179269646,0,78
20260330.0,2025,12,TT,TODAS CONSOLIDADAS,TT,TODAS CONSOLIDADAS,CAJAMARCA,60000,1192.7671439883027,16022.32510344648,25841.478416016467,12.14,8.82,1.239361579213938,1.21,1.75,83367.0905756698,57600,872,105053.29105053967,73779,1642,2569.3834504708357,Indicadores_ocupabilidad_2024.csv,2024-11-01,18.388605179393306,10.66,-2.4492935982947064e-16,1.0,18.604797965683648,18.916060950601793,19.46982735144195,83367.0905756698,105053.29105053967,2569.3834504708357,18.996895422575797,0,79
20260330.0,2026,1,TT,TODAS CONSOLIDADAS,TT,TODAS CONSOLIDADAS,CAJAMARCA,60000,1211.927755389331,16344.373838025753,26360.8921321784,12.14,8.82,1.2443239829771107,1.21,1.75,88444.14639172809,57600,872,111018.6371295535,73779,1642,2647.043065261316,Indicadores_ocupabilidad_2024.csv,2024-11-01,18.323582739556898,10.66,0.49999999999999994,0.8660254037844387,18.388605179393306,18.604797965683648,18.916060950601793,88444.14639172809,111018.6371295535,2647.043065261316,18.636488031892913,0,80
20260330.0,2026,2,TT,TODAS CONSOLIDADAS,TT,TODAS CONSOLIDADAS,CAJAMARCA,60000,1231.3961628519053,16672.895752170072,26890.746064035186,12.14,8.82,1.2493062562049508,1.21,1.75,93830.39490698434,57600,872,117322.71942031807,73779,1642,2727.0499419088383,Indicadores_ocupabilidad_2024.csv,2024-11-01,18.239961295154842,10.66,0.8660254037844386,0.5000000000000001,18.323582739556898,18.388605179393306,18.604797965683648,93830.39490698434,117322.71942031807,2727.0499419088383,18.43899529487795,0,81
20260330.0,2026,3,TT,TODAS CONSOLIDADAS,TT,TODAS CONSOLIDADAS,CAJAMARCA,60000,1251.1773108119585,17008.020956788692,27431.25005992229,12.14,8.82,1.2543084784547953,1.21,1.75,99544.66595681968,57600,872,123984.77271988141,73779,1642,2809.475026403032,Indicadores_ocupabilidad_2024.csv,2024-11-01,18.793339552302925,10.66,1.0,6.123233995736766e-17,18.239961295154842,18.323582739556898,18.388605179393306,99544.66595681968,123984.77271988141,2809.475026403032,18.31738307136835,0,82
20260330.0,2026,4,TT,TODAS CONSOLIDADAS,TT,TODAS CONSOLIDADAS,CAJAMARCA,60000,1271.2762231328418,17349.882178020143,27982.61818612673,12.14,8.82,1.2593307296025282,1.21,1.75,105606.93611359,57600,872,131025.12405400714,73779,1642,2894.391409076063,Indicadores_ocupabilidad_2024.csv,2024-11-01,19.53567610503662,10.66,0.8660254037844387,-0.4999999999999998,18.793339552302925,18.239961295154842,18.323582739556898,105606.93611359,131025.12405400714,2894.391409076063,18.452294529004888,0,83
20260330.0,2026,5,TT,TODAS CONSOLIDADAS,TT,TODAS CONSOLIDADAS,CAJAMARCA,60000,1291.6980043812478,17698.61480979835,28545.068811667876,12.14,8.82,1.2643730898438565,1.21,1.75,112038.39852290762,57600,872,138465.25469828988,73779,1642,2981.8743894153863,Indicadores_ocupabilidad_2024.csv,2024-11-01,20.08639047447739,10.66,0.49999999999999994,-0.8660254037844387,19.53567610503662,18.793339552302925,18.239961295154842,112038.39852290762,138465.25469828988,2981.8743894153863,18.85632565083146,0,84
20260330.0,2026,6,TT,TODAS CONSOLIDADAS,TT,TODAS CONSOLIDADAS,CAJAMARCA,60000,1312.4478411236282,18054.356967475298,29118.8246947824,12.14,8.82,1.2694356396955913,1.21,1.75,118861.5369929527,57600,872,146327.86572107757,73779,1642,3072.0015428354654,Indicadores_ocupabilidad_2024.csv,2024-11-01,22.07642255072712,10.66,1.2246467991473532e-16,-1.0,20.08639047447739,19.53567610503662,18.793339552302925,118861.5369929527,146327.86572107757,3072.0015428354654,19.47180204393898,0,85
20260330.0,2026,7,TT,TODAS CONSOLIDADAS,TT,TODAS CONSOLIDADAS,CAJAMARCA,60000,1333.5310032434384,18417.249542521553,29704.113071147527,12.14,8.82,1.2745184599969324,1.21,1.75,126100.20459582351,57600,872,154636.94724818322,73779,1642,3164.8527894676668,Indicadores_ocupabilidad_2024.csv,2024-11-01,21.797011891002285,10.66,-0.4999999999999997,-0.8660254037844388,22.07642255072712,20.08639047447739,19.53567610503662,126100.20459582351,154636.94724818322,3164.8527894676668,20.566163043413713,0,86
20260330.0,2026,8,TT,TODAS CONSOLIDADAS,TT,TODAS CONSOLIDADAS,CAJAMARCA,60000,1354.952845279541,18787.436258326237,30301.16574387759,12.14,8.82,1.2796216319107598,1.21,1.75,133779.70705570915,57600,872,163417.85166072406,73779,1642,3260.510465029326,Indicadores_ocupabilidad_2024.csv,2024-11-01,21.555377791692926,10.66,-0.8660254037844385,-0.5000000000000004,21.797011891002285,22.07642255072712,20.08639047447739,133779.70705570915,163417.85166072406,3260.510465029326,21.319941638735596,0,87
20260330.0,2026,9,TT,TODAS CONSOLIDADAS,TT,TODAS CONSOLIDADAS,CAJAMARCA,60000,1376.7188077861117,19165.063727118595,30910.21917532953,12.14,8.82,1.2847452369249304,1.21,1.75,141926.89121540182,57600,872,172697.3709494266,73779,1642,3359.0593938348366,Indicadores_ocupabilidad_2024.csv,2024-11-01,21.494105392610713,10.66,-1.0,-1.8369701987210297e-16,21.555377791692926,21.797011891002285,22.07642255072712,141926.89121540182,172697.3709494266,3359.0593938348366,21.809604077807446,0,88
20260330.0,2026,10,TT,TODAS CONSOLIDADAS,TT,TODAS CONSOLIDADAS,CAJAMARCA,60000,1398.834418714388,19550.28150803368,31531.514580753654,12.14,8.82,1.2898893568535776,1.21,1.75,150570.23889041977,57600,872,182503.81846141885,73779,1642,3460.5869640134933,Indicadores_ocupabilidad_2024.csv,2024-11-01,21.06337768870496,10.66,-0.8660254037844386,0.5000000000000001,21.494105392610713,21.555377791692926,21.797011891002285,150570.23889041977,182503.81846141885,3460.5869640134933,21.615498358435307,0,89
20260330.0,2026,11,TT,TODAS CONSOLIDADAS,TT,TODAS CONSOLIDADAS,CAJAMARCA,60000,1421.305294816616,19943.242166345157,32165.298023826803,12.14,8.82,1.2950540738384193,1.21,1.75,159739.96643884634,57600,872,192867.11528893205,73779,1642,3565.1832050008,Indicadores_ocupabilidad_2024.csv,2024-11-01,20.11004201749568,10.66,-0.5000000000000004,0.8660254037844384,21.06337768870496,21.494105392610713,21.555377791692926,159739.96643884634,192867.11528893205,3565.1832050008,21.3709536243362,0,90
20260330.0,2026,12,TT,TODAS CONSOLIDADAS,TT,TODAS CONSOLIDADAS,CAJAMARCA,60000,1444.13714307255,20344.101333888695,32811.82051410572,12.14,8.82,1.3002394703500681,1.21,1.75,169468.13039497208,57600,872,203818.88156349875,73779,1642,3672.9408673719486,Indicadores_ocupabilidad_2024.csv,2024-11-01,19.325644998798495,10.66,-2.4492935982947064e-16,1.0,20.11004201749568,21.06337768870496,21.494105392610713,169468.13039497208,203818.88156349875,3672.9408673719486,20.889175032937118,0,91
20260330.0,2027,1,TT,TODAS CONSOLIDADAS,TT,TODAS CONSOLIDADAS,CAJAMARCA,60000,1479.0744482359785,20960.54794840686,33806.05148750364,12.14,8.82,1.3080565204477284,1.21,1.75,185182.40172210665,57600,872,221423.52385635808,73779,1642,3840.7148376645882,Indicadores_ocupabilidad_2024.csv,2024-11-01,19.013400141304622,10.66,0.49999999999999994,0.8660254037844387,19.325644998798495,20.11004201749568,21.06337768870496,185182.40172210665,221423.52385635808,3840.7148376645882,20.166354901666377,0,92
20260330.0,2027,2,TT,TODAS CONSOLIDADAS,TT,TODAS CONSOLIDADAS,CAJAMARCA,60000,1514.8569745738207,21595.673511791538,34830.40865362649,12.14,8.82,1.3159205667131122,1.21,1.75,202353.81028659243,57600,872,240548.748677598,73779,1642,4016.152450287494,Indicadores_ocupabilidad_2024.csv,2024-11-01,18.771672519210007,10.66,0.8660254037844386,0.5000000000000001,19.013400141304622,19.325644998798495,20.11004201749568,202353.81028659243,240548.748677598,4016.152450287494,19.48302905253293,0,93
20260330.0,2027,3,TT,TODAS CONSOLIDADAS,TT,TODAS CONSOLIDADAS,CAJAMARCA,60000,1551.5051701094815,22250.044014872336,35885.804866240025,12.14,8.82,1.3238318916875558,1.21,1.75,221117.4720530373,57600,872,261325.8947495369,73779,1642,4199.603767968893,Indicadores_ocupabilidad_2024.csv,2024-11-01,19.415019329126434,10.66,1.0,6.123233995736766e-17,18.771672519210007,19.013400141304622,19.325644998798495,221117.4720530373,261325.8947495369,4199.603767968893,19.036905886437708,0,94
20260330.0,2027,4,TT,TODAS CONSOLIDADAS,TT,TODAS CONSOLIDADAS,CAJAMARCA,60000,1589.039977555417,22924.242598566983,36973.18063949197,12.14,8.82,1.3317907796110364,1.21,1.75,241621.03188409927,57600,872,283897.6450389905,73779,1642,4391.4348437335875,Indicadores_ocupabilidad_2024.csv,2024-11-01,19.613838371869054,10.66,0.8660254037844387,-0.4999999999999998,19.415019329126434,18.771672519210007,19.013400141304622,241621.03188409927,283897.6450389905,4391.4348437335875,19.066697329880352,0,95
20260330.0,2027,5,TT,TODAS CONSOLIDADAS,TT,TODAS CONSOLIDADAS,CAJAMARCA,60000,1627.482846280906,23618.870073546164,38093.50498604922,12.14,8.82,1.339797516432384,1.21,1.75,264025.82530761615,57600,872,308419.0066045013,73779,1642,4592.028451313715,Indicadores_ocupabilidad_2024.csv,2024-11-01,20.008756633695647,10.66,0.49999999999999994,-0.8660254037844387,19.613838371869054,19.415019329126434,18.771672519210007,264025.82530761615,308419.0066045013,4592.028451313715,19.266843406735166,0,96
20260330.0,2027,6,TT,TODAS CONSOLIDADAS,TT,TODAS CONSOLIDADAS,CAJAMARCA,60000,1666.855744569351,24334.54545564469,39247.77628063151,12.14,8.82,1.3478523898195556,1.21,1.75,288508.1480109155,57600,872,335058.37507684616,73779,1642,4801.78484892349,Indicadores_ocupabilidad_2024.csv,2024-11-01,21.664645409643377,10.66,1.2246467991473532e-16,-1.0,20.008756633695647,19.613838371869054,19.415019329126434,288508.1480109155,335058.37507684616,4801.78484892349,19.679204778230382,0,97
20260330.0,2027,7,TT,TODAS CONSOLIDADAS,TT,TODAS CONSOLIDADAS,CAJAMARCA,60000,1707.1811721721137,25071.906517496183,40437.02314971093,12.14,8.82,1.3559556891699698,1.21,1.75,315260.64305152366,57600,872,363998.69108293165,73779,1642,5021.122577921934,Indicadores_ocupabilidad_2024.csv,2024-11-01,21.7203909317886,10.66,-0.4999999999999997,-0.8660254037844388,21.664645409643377,20.008756633695647,19.613838371869054,315260.64305152366,363998.69108293165,5021.122577921934,20.429080138402693,0,98
20260330.0,2027,8,TT,TODAS CONSOLIDADAS,TT,TODAS CONSOLIDADAS,CAJAMARCA,60000,1748.4821731660616,25831.61035688284,41662.30538817032,12.14,8.82,1.364107705620905,1.21,1.75,344493.8166997623,57600,872,395438.6965545916,73779,1642,5250.479297957217,Indicadores_ocupabilidad_2024.csv,2024-11-01,21.574893794904717,10.66,-0.8660254037844385,-0.5000000000000004,21.7203909317886,21.664645409643377,20.008756633695647,344493.8166997623,395438.6965545916,5250.479297957217,21.13126432504254,0,99
20260330.0,2027,9,TT,TODAS CONSOLIDADAS,TT,TODAS CONSOLIDADAS,CAJAMARCA,60000,1790.7823491221675,26614.33398230675,42924.71490373728,12.14,8.82,1.3723087320599594,1.21,1.75,376437.69484088116,57600,872,429594.29954974045,73779,1642,5490.312660259041,Indicadores_ocupabilidad_2024.csv,2024-11-01,21.43479297285478,10.66,-1.0,-1.8369701987210297e-16,21.574893794904717,21.7203909317886,21.664645409643377,376437.69484088116,429594.29954974045,5490.312660259041,21.653310045445565,0,100
20260330.0,2027,10,TT,TODAS CONSOLIDADAS,TT,TODAS CONSOLIDADAS,CAJAMARCA,60000,1834.1058725926937,27420.774916304632,44225.37669003543,12.14,8.82,1.3805590631355735,1.21,1.75,411343.63297039154,57600,872,466700.05695852335,73779,1642,5741.101220821599,Indicadores_ocupabilidad_2024.csv,2024-11-01,20.98619005001967,10.66,-0.8660254037844386,0.5000000000000001,21.43479297285478,21.574893794904717,21.7203909317886,411343.63297039154,466700.05695852335,5741.101220821599,21.576692566516034,0,101
20260330.0,2027,11,TT,TODAS CONSOLIDADAS,TT,TODAS CONSOLIDADAS,CAJAMARCA,60000,1878.4775009246628,28251.65181704358,45565.4498291202,12.14,8.82,1.388858995267617,1.21,1.75,449486.294024837,57600,872,507010.7852766561,73779,1642,6003.345395299243,Indicadores_ocupabilidad_2024.csv,2024-11-01,20.216547542410755,10.66,-0.5000000000000004,0.8660254037844384,20.98619005001967,21.43479297285478,21.574893794904717,449486.294024837,507010.7852766561,6003.345395299243,21.331958939259724,0,102
20260330.0,2027,12,TT,TODAS CONSOLIDADAS,TT,TODAS CONSOLIDADAS,CAJAMARCA,60000,1923.9225904075126,29107.705118751823,46946.12852439238,12.14,8.82,1.3972088266580376,1.21,1.75,491165.8096108781,57600,872,550803.3105076243,73779,1642,6277.568457520243,Indicadores_ocupabilidad_2024.csv,2024-11-01,19.496534247503007,10.66,-2.4492935982947064e-16,1.0,20.216547542410755,20.98619005001967,21.43479297285478,491165.8096108781,550803.3105076243,6277.568457520243,20.879176855095068,0,103
20260330.0,2028,1,TT,TODAS CONSOLIDADAS,TT,TODAS CONSOLIDADAS,CAJAMARCA,60000,1986.2308476491216,30289.594668470672,48852.32959645809,12.14,8.82,1.4084200750161797,1.21,1.75,552811.445887826,57600,872,615132.9635487549,73779,1642,6662.782347365188,Indicadores_ocupabilidad_2024.csv,2024-11-01,18.945063014048532,10.66,0.49999999999999994,0.8660254037844387,19.496534247503007,20.216547542410755,20.98619005001967,552811.445887826,615132.9635487549,6662.782347365188,20.233090613311145,0,104
20260330.0,2028,2,TT,TODAS CONSOLIDADAS,TT,TODAS CONSOLIDADAS,CAJAMARCA,60000,2050.5570233557683,31519.473673285203,50835.930075915974,12.14,8.82,1.419721282790087,1.21,1.75,622194.1526155865,57600,872,686975.832617179,73779,1642,7071.634329241086,Indicadores_ocupabilidad_2024.csv,2024-11-01,18.735308611437805,10.66,0.8660254037844386,0.5000000000000001,18.945063014048532,19.496534247503007,20.216547542410755,622194.1526155865,686975.832617179,7071.634329241086,19.552714934654094,0,105
20260330.0,2028,3,TT,TODAS CONSOLIDADAS,TT,TODAS CONSOLIDADAS,CAJAMARCA,60000,2116.966469939987,32799.29069751001,52900.072689077766,12.14,8.82,1.4311131718169914,1.21,1.75,700285.0002993273,57600,872,767209.4044146623,73779,1642,7505.574920404956,Indicadores_ocupabilidad_2024.csv,2024-11-01,19.29371191413087,10.66,1.0,6.123233995736766e-17,18.735308611437805,18.945063014048532,19.496534247503007,700285.0002993273,767209.4044146623,7505.574920404956,19.058968624329783,0,106
20260330.0,2028,4,TT,TODAS CONSOLIDADAS,TT,TODAS CONSOLIDADAS,CAJAMARCA,60000,2185.5266563209484,34131.073424984614,55048.027769545806,12.14,8.82,1.4425964697261704,1.21,1.75,788176.9373477456,57600,872,856813.6494407177,73779,1642,7966.143647002953,Indicadores_ocupabilidad_2024.csv,2024-11-01,19.55737305180286,10.66,0.8660254037844387,-0.4999999999999998,19.29371191413087,18.735308611437805,18.945063014048532,788176.9373477456,856813.6494407177,7966.143647002953,18.991361179872403,0,107
20260330.0,2028,5,TT,TODAS CONSOLIDADAS,TT,TODAS CONSOLIDADAS,CAJAMARCA,60000,2256.3072364697555,35516.93187164342,57283.19843958072,12.14,8.82,1.454171909985422,1.21,1.75,887100.0868237058,57600,872,956882.991323628,73779,1642,8454.974505971839,Indicadores_ocupabilidad_2024.csv,2024-11-01,19.79972298716064,10.66,0.49999999999999994,-0.8660254037844387,19.55737305180286,19.29371191413087,18.735308611437805,887100.0868237058,956882.991323628,8454.974505971839,19.195464525790513,0,108
20260330.0,2028,6,TT,TODAS CONSOLIDADAS,TT,TODAS CONSOLIDADAS,CAJAMARCA,60000,2329.380120174647,36959.06172852895,59609.126001853445,12.14,8.82,1.4658402319479131,1.21,1.75,998438.9630718459,57600,872,1068639.674078635,73779,1642,8973.801762102123,Indicadores_ocupabilidad_2024.csv,2024-11-01,21.29710258542758,10.66,1.2246467991473532e-16,-1.0,19.79972298716064,19.55737305180286,19.29371191413087,998438.9630718459,1068639.674078635,8973.801762102123,19.550269317698124,0,109
20260330.0,2028,7,TT,TODAS CONSOLIDADAS,TT,TODAS CONSOLIDADAS,CAJAMARCA,60000,2404.8195460980096,38459.747840544755,62029.49555012396,12.14,8.82,1.4776021808994042,1.21,1.75,1123751.8491846274,57600,872,1193448.6905605972,73779,1642,9524.466100829588,Indicadores_ocupabilidad_2024.csv,2024-11-01,21.61663020869705,10.66,-0.4999999999999997,-0.8660254037844388,21.29710258542758,19.79972298716064,19.55737305180286,1123751.8491846274,1193448.6905605972,9524.466100829588,20.218066208130356,0,110
20260330.0,2028,8,TT,TODAS CONSOLIDADAS,TT,TODAS CONSOLIDADAS,CAJAMARCA,60000,2482.7021571994187,40021.36782645971,64548.14180773615,12.14,8.82,1.4894585081058527,1.21,1.75,1264792.6065110897,57600,872,1332834.4544468005,73779,1642,10108.921158583937,Indicadores_ocupabilidad_2024.csv,2024-11-01,21.456408187641806,10.66,-0.8660254037844385,-0.5000000000000004,21.61663020869705,21.29710258542758,19.79972298716064,1264792.6065110897,1332834.4544468005,10108.921158583937,20.90448526042842,0,111
20260330.0,2028,9,TT,TODAS CONSOLIDADAS,TT,TODAS CONSOLIDADAS,CAJAMARCA,60000,2563.1070786013306,41646.39584589896,67169.0552031789,12.14,8.82,1.5014099708613977,1.21,1.75,1423535.221451095,57600,872,1488499.4193810306,73779,1642,10729.240453862833,Indicadores_ocupabilidad_2024.csv,2024-11-01,21.471119925897142,10.66,-1.0,-1.8369701987210297e-16,21.456408187641806,21.61663020869705,21.29710258542758,1423535.221451095,1488499.4193810306,10729.240453862833,21.456713660588814,0,112
20260330.0,2028,10,TT,TODAS CONSOLIDADAS,TT,TODAS CONSOLIDADAS,CAJAMARCA,60000,2646.11599797654,43337.4065192898,69896.38819233932,12.14,8.82,1.5134573325367313,1.21,1.75,1602201.4330885087,57600,872,1662344.8726925908,73779,1642,11387.624743621238,Indicadores_ocupabilidad_2024.csv,2024-11-01,21.05301566380074,10.66,-0.8660254037844386,0.5000000000000001,21.471119925897142,21.456408187641806,21.61663020869705,1602201.4330885087,1662344.8726925908,11387.624743621238,21.514719440745335,0,113
20260330.0,2028,11,TT,TODAS CONSOLIDADAS,TT,TODAS CONSOLIDADAS,CAJAMARCA,60000,2731.813248539067,45097.07900697311,72734.46183746494,12.14,8.82,1.5256013626278562,1.21,1.75,1803291.8283357422,57600,872,1856494.1576641388,73779,1642,12086.409831074938,Indicadores_ocupabilidad_2024.csv,2024-11-01,20.221729291623532,10.66,-0.5000000000000004,0.8660254037844384,21.05301566380074,21.471119925897142,21.456408187641806,1803291.8283357422,1856494.1576641388,12086.409831074938,21.326847925779894,0,114
20260330.0,2028,12,TT,TODAS CONSOLIDADAS,TT,TODAS CONSOLIDADAS,CAJAMARCA,60000,2820.285894722796,46928.201253943036,75687.77265325798,12.14,8.82,1.5378428368052355,1.21,1.75,2029620.8397928858,57600,872,2073318.607984444,73779,1642,12828.074852618598,Indicadores_ocupabilidad_2024.csv,2024-11-01,19.610685232952743,10.66,-2.4492935982947064e-16,1.0,20.221729291623532,21.05301566380074,21.471119925897142,2029620.8397928858,2073318.607984444,12828.074852618598,20.915288293773802,0,115
20260330.0,2029,1,TT,TODAS CONSOLIDADAS,TT,TODAS CONSOLIDADAS,CAJAMARCA,60000,2934.916811199982,49322.01115100956,79548.60972825809,12.14,8.82,1.5532829020372636,1.21,1.75,2352886.8202308863,57600,872,2380299.573460877,73779,1642,13819.47983935742,Indicadores_ocupabilidad_2024.csv,2024-11-01,19.339075706622776,10.66,0.49999999999999994,0.8660254037844387,19.610685232952743,20.221729291623532,21.05301566380074,2352886.8202308863,2380299.573460877,13819.47983935742,20.29514339612567,0,116
20260330.0,2029,2,TT,TODAS CONSOLIDADAS,TT,TODAS CONSOLIDADAS,CAJAMARCA,60000,3054.2069173844907,51837.92941085532,83606.38829588189,12.14,8.82,1.5688779867606621,1.21,1.75,2727640.6904558316,57600,872,2732732.942056604,73779,1642,14887.504572942355,Indicadores_ocupabilidad_2024.csv,2024-11-01,18.847724038253826,10.66,0.8660254037844386,0.5000000000000001,19.339075706622776,19.610685232952743,20.221729291623532,2727640.6904558316,2732732.942056604,14887.504572942355,19.72383007706635,0,117
20260330.0,2029,3,TT,TODAS CONSOLIDADAS,TT,TODAS CONSOLIDADAS,CAJAMARCA,60000,3178.3455866966515,54482.18478718332,87871.15435153489,12.14,8.82,1.5846296473835386,1.21,1.75,3162083.1364511973,57600,872,3137348.515230529,73779,1642,16038.070534186274,Indicadores_ocupabilidad_2024.csv,2024-11-01,19.32099036647146,10.66,1.0,6.123233995736766e-17,18.847724038253826,19.339075706622776,19.610685232952743,3162083.1364511973,3137348.515230529,16038.070534186274,19.265828325943115,0,118
20260330.0,2029,4,TT,TODAS CONSOLIDADAS,TT,TODAS CONSOLIDADAS,CAJAMARCA,60000,3307.5298896660734,57261.32376273501,92353.46633735154,12.14,8.82,1.6005394559404622,1.21,1.75,3665721.000869103,57600,872,3601872.526413642,73779,1642,17277.556839648198,Indicadores_ocupabilidad_2024.csv,2024-11-01,19.58406633718135,10.66,0.8660254037844387,-0.4999999999999998,19.32099036647146,18.847724038253826,19.339075706622776,3665721.000869103,3601872.526413642,17277.556839648198,19.169263370449354,0,119
20260330.0,2029,5,TT,TODAS CONSOLIDADAS,TT,TODAS CONSOLIDADAS,CAJAMARCA,60000,3441.9649067817313,60182.22675666445,97064.42128212852,12.14,8.82,1.6166090002493554,1.21,1.75,4249575.319924599,57600,872,4135175.175327983,73779,1642,18612.83560955607,Indicadores_ocupabilidad_2024.csv,2024-11-01,19.990812604236815,10.66,0.49999999999999994,-0.8660254037844387,19.58406633718135,19.32099036647146,18.847724038253826,4249575.319924599,4135175.175327983,18612.83560955607,19.25092691396888,0,120
20260330.0,2029,6,TT,TODAS CONSOLIDADAS,TT,TODAS CONSOLIDADAS,CAJAMARCA,60000,3581.8640540578917,63252.12515865148,102015.68227465742,12.14,8.82,1.6328398840699594,1.21,1.75,4926422.495173716,57600,872,4747440.00662201,73779,1642,20051.310069104227,Indicadores_ocupabilidad_2024.csv,2024-11-01,21.388337167900147,10.66,1.2246467991473532e-16,-1.0,19.990812604236815,19.58406633718135,19.32099036647146,4926422.495173716,4747440.00662201,20051.310069104227,19.631956435963207,0,121
20260330.0,2029,7,TT,TODAS CONSOLIDADAS,TT,TODAS CONSOLIDADAS,CAJAMARCA,60000,3727.449421832708,66478.61923192577,107219.50733847338,12.14,8.82,1.649233727263892,1.21,1.75,5711073.877703207,57600,872,5450358.367148875,73779,1642,21600.955594371677,Indicadores_ocupabilidad_2024.csv,2024-11-01,21.6915322541386,10.66,-0.4999999999999997,-0.8660254037844388,21.388337167900147,19.990812604236815,19.58406633718135,5711073.877703207,5450358.367148875,21600.955594371677,20.321072036439435,0,122
20260330.0,2029,8,TT,TODAS CONSOLIDADAS,TT,TODAS CONSOLIDADAS,CAJAMARCA,60000,3878.952127337335,69869.69692952513,112688.77977950625,12.14,8.82,1.665792165956311,1.21,1.75,6620699.882833296,57600,872,6257352.655096958,73779,1642,23270.363930433297,Indicadores_ocupabilidad_2024.csv,2024-11-01,21.590577993573,10.66,-0.8660254037844385,-0.5000000000000004,21.6915322541386,21.388337167900147,19.990812604236815,6620699.882833296,6257352.655096958,23270.363930433297,21.023560675425188,0,123
20260330.0,2029,9,TT,TODAS CONSOLIDADAS,TT,TODAS CONSOLIDADAS,CAJAMARCA,60000,4036.6126815952616,73433.75367037204,118437.04008176675,12.14,8.82,1.6825168526992025,1.21,1.75,7675205.727889689,57600,872,7183832.623969451,73779,1642,25068.79082682371,Indicadores_ocupabilidad_2024.csv,2024-11-01,21.475864562976394,10.66,-1.0,-1.8369701987210297e-16,21.590577993573,21.6915322541386,21.388337167900147,7675205.727889689,7183832.623969451,25068.79082682371,21.556815805203914,0,124
20260330.0,2029,10,TT,TODAS CONSOLIDADAS,TT,TODAS CONSOLIDADAS,CAJAMARCA,60000,4200.681371234323,77179.61312412878,124478.5194300334,12.14,8.82,1.6994094566363058,1.21,1.75,8897667.015261376,57600,872,8247489.635600239,73779,1642,27006.207354460526,Indicadores_ocupabilidad_2024.csv,2024-11-01,21.047657975462847,10.66,-0.8660254037844386,0.5000000000000001,21.475864562976394,21.590577993573,21.6915322541386,8897667.015261376,8247489.635600239,27006.207354460526,21.58599160356266,0,125
20260330.0,2029,11,TT,TODAS CONSOLIDADAS,TT,TODAS CONSOLIDADAS,CAJAMARCA,60000,4371.41865581751,81116.54905628922,130828.17494253324,12.14,8.82,1.716471663669698,1.21,1.75,10314834.692546777,57600,872,9468634.481039466,73779,1642,29093.355188544876,Indicadores_ocupabilidad_2024.csv,2024-11-01,20.234992244782198,10.66,-0.5000000000000004,0.8660254037844384,21.047657975462847,21.475864562976394,21.590577993573,10314834.692546777,9468634.481039466,29093.355188544876,21.371366844004076,0,126
20260330.0,2029,12,TT,TODAS CONSOLIDADAS,TT,TODAS CONSOLIDADAS,CAJAMARCA,60000,4549.095581323349,85254.30828758965,137501.72670084343,12.14,8.82,1.7337051766280474,1.21,1.75,11957720.43975969,57600,872,10870585.220081283,73779,1642,31341.806163945865,Indicadores_ocupabilidad_2024.csv,2024-11-01,19.618412965469442,10.66,-2.4492935982947064e-16,1.0,20.234992244782198,21.047657975462847,21.475864562976394,11957720.43975969,10870585.220081283,31341.806163945865,20.91950492774048,0,127
20260330.0,2030,1,TT,TODAS CONSOLIDADAS,TT,TODAS CONSOLIDADAS,CAJAMARCA,60000,4771.866164115706,90499.16617282626,145960.85363537687,12.14,8.82,1.754613938867432,1.21,1.75,14278143.552346824,57600,872,12829555.593793618,73779,1642,34270.486829762514,Indicadores_ocupabilidad_2024.csv,2024-11-01,19.505088612276474,10.66,0.49999999999999994,0.8660254037844387,19.618412965469442,20.234992244782198,21.047657975462847,14278143.552346824,12829555.593793618,34270.486829762514,20.300354395238163,0,128
20260330.0,2030,2,TT,TODAS CONSOLIDADAS,TT,TODAS CONSOLIDADAS,CAJAMARCA,60000,5005.545889543227,96066.68850504346,154940.3873328758,12.14,8.82,1.7757748641298476,1.21,1.75,17048850.098850463,57600,872,15141548.812862383,73779,1642,37472.83297603878,Indicadores_ocupabilidad_2024.csv,2024-11-01,18.910482878491713,10.66,0.8660254037844386,0.5000000000000001,19.505088612276474,19.618412965469442,20.234992244782198,17048850.098850463,15141548.812862383,37472.83297603878,19.78616460750937,0,129
20260330.0,2030,3,TT,TODAS CONSOLIDADAS,TT,TODAS CONSOLIDADAS,CAJAMARCA,60000,5250.668981611354,101976.7256496131,164472.34329577163,12.14,8.82,1.7971909935417587,1.21,1.75,20357218.613711067,57600,872,17870182.54655706,73779,1642,40974.41679849723,Indicadores_ocupabilidad_2024.csv,2024-11-01,19.292726044128187,10.66,1.0,6.123233995736766e-17,18.910482878491713,19.505088612276474,19.618412965469442,20357218.613711067,17870182.54655706,40974.41679849723,19.344661485412544,0,130
20260330.0,2030,4,TT,TODAS CONSOLIDADAS,TT,TODAS CONSOLIDADAS,CAJAMARCA,60000,5507.795825436219,108250.34916937417,174590.70662502688,12.14,8.82,1.8188654049061022,1.21,1.75,24307583.63664461,57600,872,21090538.90022123,73779,1642,44803.20004229494,Indicadores_ocupabilidad_2024.csv,2024-11-01,19.57175531936982,10.66,0.8660254037844387,-0.4999999999999998,19.292726044128187,18.910482878491713,19.505088612276474,24307583.63664461,21090538.90022123,44803.20004229494,19.23609917829879,0,131
20260330.0,2030,5,TT,TODAS CONSOLIDADAS,TT,TODAS CONSOLIDADAS,CAJAMARCA,60000,5777.514248362125,114909.92695288491,185331.55319013356,12.14,8.82,1.8408012131446114,1.21,1.75,29024526.064406242,57600,872,24891230.40253687,73779,1642,48989.757289322006,Indicadores_ocupabilidad_2024.csv,2024-11-01,19.96803790876514,10.66,0.49999999999999994,-0.8660254037844387,19.57175531936982,19.292726044128187,18.910482878491713,29024526.064406242,24891230.40253687,48989.757289322006,19.258321413996573,0,132
20260330.0,2030,6,TT,TODAS CONSOLIDADAS,TT,TODAS CONSOLIDADAS,CAJAMARCA,60000,6060.440863815733,121979.20296457631,196733.17825350785,12.14,8.82,1.8630015707454752,1.21,1.75,34656802.0028701,57600,872,29376838.3009728,73779,1642,53567.52011019399,Indicadores_ocupabilidad_2024.csv,2024-11-01,21.446431797299407,10.66,1.2246467991473532e-16,-1.0,19.96803790876514,19.57175531936982,19.292726044128187,34656802.0028701,29376838.3009728,53567.52011019399,19.61083975742105,0,133
20260330.0,2030,7,TT,TODAS CONSOLIDADAS,TT,TODAS CONSOLIDADAS,CAJAMARCA,60000,6357.222480969203,129483.381901147,208836.23300787705,12.14,8.82,1.885469668216395,1.21,1.75,41382034.02187789,57600,872,34670790.25846578,73779,1642,58573.044030603516,Indicadores_ocupabilidad_2024.csv,2024-11-01,21.69529090748431,10.66,-0.4999999999999997,-0.8660254037844388,21.446431797299407,19.96803790876514,19.57175531936982,41382034.02187789,34670790.25846578,58573.044030603516,20.32874167514479,0,134
20260330.0,2030,8,TT,TODAS CONSOLIDADAS,TT,TODAS CONSOLIDADAS,CAJAMARCA,60000,6668.537583434957,137449.2190560324,221683.8695134672,12.14,8.82,1.9082087345431062,1.21,1.75,49412312.758864515,57600,872,40918756.63511141,73779,1642,64046.30044387907,Indicadores_ocupabilidad_2024.csv,2024-11-01,21.59370914804841,10.66,-0.8660254037844385,-0.5000000000000004,21.69529090748431,21.446431797299407,19.96803790876514,49412312.758864515,40918756.63511141,64046.30044387907,21.03658687118295,0,135
20260330.0,2030,9,TT,TODAS CONSOLIDADAS,TT,TODAS CONSOLIDADAS,CAJAMARCA,60000,6995.097880372572,145905.11571234936,235321.89455174815,12.14,8.82,1.9312220376534301,1.21,1.75,59000885.52653139,57600,872,48292658.808220804,73779,1642,70030.99580080608,Indicadores_ocupabilidad_2024.csv,2024-11-01,21.47717410233153,10.66,-1.0,-1.8369701987210297e-16,21.59370914804841,21.69529090748431,21.446431797299407,59000885.52653139,48292658.808220804,70030.99580080608,21.57847728427738,0,136
20260330.0,2030,10,TT,TODAS CONSOLIDADAS,TT,TODAS CONSOLIDADAS,CAJAMARCA,60000,7337.649933553847,154881.22040442945,249798.93294428437,12.14,8.82,1.9545128848869207,1.21,1.75,70450142.86019945,57600,872,56995399.82517548,73779,1642,76574.9206255867,Indicadores_ocupabilidad_2024.csv,2024-11-01,21.0037828991075,10.66,-0.8660254037844386,0.5000000000000001,21.47717410233153,21.59370914804841,21.69529090748431,70450142.86019945,56995399.82517548,76574.9206255867,21.588724719288084,0,137
20260330.0,2030,11,TT,TODAS CONSOLIDADAS,TT,TODAS CONSOLIDADAS,CAJAMARCA,60000,7696.976864105739,164409.53640897665,265166.6009189859,12.14,8.82,1.9780846234701768,1.21,1.75,84121154.8730173,57600,872,67266447.55949177,73779,1642,83730.33114499011,Indicadores_ocupabilidad_2024.csv,2024-11-01,20.2245422243796,10.66,-0.5000000000000004,0.8660254037844384,21.0037828991075,21.47717410233153,21.59370914804841,84121154.8730173,67266447.55949177,83730.33114499011,21.35822204982915,0,138
20260330.0,2030,12,TT,TODAS CONSOLIDADAS,TT,TODAS CONSOLIDADAS,CAJAMARCA,60000,8073.9001428330075,174524.0358490975,281479.6901418772,12.14,8.82,2.001940640997887,1.21,1.75,100445058.16279799,57600,872,79388423.99830335,73779,1642,91554.36657817606,Indicadores_ocupabilidad_2024.csv,2024-11-01,19.535991715379662,10.66,-2.4492935982947064e-16,1.0,20.2245422243796,21.0037828991075,21.47717410233153,100445058.16279799,79388423.99830335,91554.36657817606,20.901833075272876,0,139
20260330.0,2025,1,TT,TODAS CONSOLIDADAS,TT,TODAS CONSOLIDADAS,CALLAO,70000,293.328,4796.49,8819.32,44.28,42.95,1.01202,1.01,1.02,182451.11000000002,165930,11207,188171.288,168629,14418,1321.53,Indicadores_ocupabilidad_2024.csv,2024-11-01,39.710912341547356,44.45,0.49999999999999994,0.8660254037844387,39.67,42.5,40.38,182451.11000000002,188171.288,1321.53,40.85,0,68
20260330.0,2025,2,TT,TODAS CONSOLIDADAS,TT,TODAS CONSOLIDADAS,CALLAO,70000,295.674624,4844.4549,8907.5132,44.28,42.95,1.01404404,1.01,1.02,187924.64330000003,165930,11207,193440.084064,168629,14418,1341.3529499999997,Indicadores_ocupabilidad_2024.csv,2024-11-01,35.579256669904204,44.45,0.8660254037844386,0.5000000000000001,39.710912341547356,39.67,42.5,187924.64330000003,193440.084064,1341.3529499999997,40.626970780515784,0,69
20260330.0,2025,3,TT,TODAS CONSOLIDADAS,TT,TODAS CONSOLIDADAS,CALLAO,70000,298.040020992,4892.899449,8996.588332,44.28,42.95,1.01607212808,1.01,1.02,193562.38259900003,165930,11207,198856.406417792,168629,14418,1361.4732442499997,Indicadores_ocupabilidad_2024.csv,2024-11-01,35.847593565693586,44.45,1.0,6.123233995736766e-17,35.579256669904204,39.710912341547356,39.67,193562.38259900003,198856.406417792,1361.4732442499997,38.32005633715052,0,70
20260330.0,2025,4,TT,TODAS CONSOLIDADAS,TT,TODAS CONSOLIDADAS,CALLAO,70000,300.424341159936,4941.82844349,9086.554215319999,44.28,42.95,1.01810427233616,1.01,1.02,199369.25407697004,165930,11207,204424.38579749016,168629,14418,1381.8953429137496,Indicadores_ocupabilidad_2024.csv,2024-11-01,34.24942166749429,44.45,0.8660254037844387,-0.4999999999999998,35.847593565693586,35.579256669904204,39.710912341547356,199369.25407697004,204424.38579749016,1381.8953429137496,37.04592085904838,0,71
20260330.0,2025,5,TT,TODAS CONSOLIDADAS,TT,TODAS CONSOLIDADAS,CALLAO,70000,302.8277358892155,4991.2467279248995,9177.419757473199,44.28,42.95,1.0201404808808323,1.01,1.02,205350.33169927914,165930,11207,210148.2685998199,168629,14418,1402.6237730574558,Indicadores_ocupabilidad_2024.csv,2024-11-01,34.584140240717744,44.45,0.49999999999999994,-0.8660254037844387,34.24942166749429,35.847593565693586,35.579256669904204,205350.33169927914,210148.2685998199,1402.6237730574558,35.22542396769736,0,72
20260330.0,2025,6,TT,TODAS CONSOLIDADAS,TT,TODAS CONSOLIDADAS,CALLAO,70000,305.2503577763292,5041.159195204148,9269.193955047931,44.28,42.95,1.022180761842594,1.01,1.02,211510.84165025753,165930,11207,216032.42012061484,168629,14418,1423.6631296533174,Indicadores_ocupabilidad_2024.csv,2024-11-01,34.59971994979178,44.45,1.2246467991473532e-16,-1.0,34.584140240717744,34.24942166749429,35.847593565693586,211510.84165025753,216032.42012061484,1423.6631296533174,34.893718491301875,0,73
20260330.0,2025,7,TT,TODAS CONSOLIDADAS,TT,TODAS CONSOLIDADAS,CALLAO,70000,307.69236063853987,5091.57078715619,9361.88589459841,44.28,42.95,1.0242251233662791,1.01,1.02,217856.16689976526,165930,11207,222081.32788399205,168629,14418,1445.018076598117,Indicadores_ocupabilidad_2024.csv,2024-11-01,34.9085987159755,44.45,-0.4999999999999997,-0.8660254037844388,34.59971994979178,34.584140240717744,34.24942166749429,217856.16689976526,222081.32788399205,1445.018076598117,34.47776061933461,0,74
20260330.0,2025,8,TT,TODAS CONSOLIDADAS,TT,TODAS CONSOLIDADAS,CALLAO,70000,310.1538995236482,5142.4864950277515,9455.504753544394,44.28,42.95,1.0262735736130117,1.01,1.02,224391.8519067582,165930,11207,228299.60506474384,168629,14418,1466.6933477470886,Indicadores_ocupabilidad_2024.csv,2024-11-01,34.845130559179275,44.45,-0.8660254037844385,-0.5000000000000004,34.9085987159755,34.59971994979178,34.584140240717744,224391.8519067582,228299.60506474384,1466.6933477470886,34.69748630216168,0,75
20260330.0,2025,9,TT,TODAS CONSOLIDADAS,TT,TODAS CONSOLIDADAS,CALLAO,70000,312.6351307198374,5193.911359978029,9550.059801079839,44.28,42.95,1.0283261207602379,1.01,1.02,231123.60746396097,165930,11207,234691.99400655666,168629,14418,1488.6937479632948,Indicadores_ocupabilidad_2024.csv,2024-11-01,34.82575957010131,44.45,-1.0,-1.8369701987210297e-16,34.845130559179275,34.9085987159755,34.59971994979178,231123.60746396097,234691.99400655666,1488.6937479632948,34.784483074982184,0,76
20260330.0,2025,10,TT,TODAS CONSOLIDADAS,TT,TODAS CONSOLIDADAS,CALLAO,70000,315.1362117655961,5245.85047357781,9645.560399090637,44.28,42.95,1.0303827730017583,1.01,1.02,238057.3156878798,165930,11207,241263.36983874027,168629,14418,1511.024154182744,Indicadores_ocupabilidad_2024.csv,2024-11-01,35.02783347591771,44.45,-0.8660254037844386,0.5000000000000001,34.82575957010131,34.845130559179275,34.9085987159755,238057.3156878798,241263.36983874027,1511.024154182744,34.85982961508537,0,77
20260330.0,2025,11,TT,TODAS CONSOLIDADAS,TT,TODAS CONSOLIDADAS,CALLAO,70000,317.6573014597209,5298.308978313587,9742.016003081542,44.28,42.95,1.0324435385477617,1.01,1.02,245199.0351585162,165930,11207,248018.744194225,168629,14418,1533.6895164954851,Indicadores_ocupabilidad_2024.csv,2024-11-01,35.37453513598964,44.45,-0.5000000000000004,0.8660254037844384,35.02783347591771,34.82575957010131,34.845130559179275,245199.0351585162,248018.744194225,1533.6895164954851,34.8995745350661,0,78
20260330.0,2025,12,TT,TODAS CONSOLIDADAS,TT,TODAS CONSOLIDADAS,CALLAO,70000,320.19855987139863,5351.292068096724,9839.436163112357,44.28,42.95,1.0345084256248573,1.01,1.02,252555.0062132717,165930,11207,254963.2690316633,168629,14418,1556.6948592429173,Indicadores_ocupabilidad_2024.csv,2024-11-01,35.69388339107715,44.45,-2.4492935982947064e-16,1.0,35.37453513598964,35.02783347591771,34.82575957010131,252555.0062132717,254963.2690316633,1556.6948592429173,35.07604272733622,0,79
20260330.0,2026,1,TT,TODAS CONSOLIDADAS,TT,TODAS CONSOLIDADAS,CALLAO,70000,325.3422295371728,5458.8530386654675,10037.208829990916,44.28,42.95,1.0386505973610591,1.01,1.02,267935.6060916599,165930,11207,269441.10330035724,168629,14418,1603.7459613635342,Indicadores_ocupabilidad_2024.csv,2024-11-01,35.85241918399565,44.45,0.49999999999999994,0.8660254037844387,35.69388339107715,35.37453513598964,35.02783347591771,267935.6060916599,269441.10330035724,1603.7459613635342,35.365417334328164,0,80
20260330.0,2026,2,TT,TODAS CONSOLIDADAS,TT,TODAS CONSOLIDADAS,CALLAO,70000,330.56852711245796,5568.575984742643,10238.956727473733,44.28,42.95,1.0428093543528927,1.01,1.02,284252.884502642,165930,11207,284741.0469101647,168629,14418,1652.2191830457466,Indicadores_ocupabilidad_2024.csv,2024-11-01,33.72004238224738,44.45,0.8660254037844386,0.5000000000000001,35.85241918399565,35.69388339107715,35.37453513598964,284252.884502642,284741.0469101647,1652.2191830457466,35.64027923702081,0,81
20260330.0,2026,3,TT,TODAS CONSOLIDADAS,TT,TODAS CONSOLIDADAS,CALLAO,70000,335.8787799319925,5680.50436203597,10444.759757695954,44.28,42.95,1.0469847630077216,1.01,1.02,301563.88516885287,165930,11207,300909.78251791146,168629,14418,1702.1575078533037,Indicadores_ocupabilidad_2024.csv,2024-11-01,33.399679289773154,44.45,1.0,6.123233995736766e-17,33.72004238224738,35.85241918399565,35.69388339107715,301563.88516885287,300909.78251791146,1702.1575078533037,35.088781652440055,0,82
20260330.0,2026,4,TT,TODAS CONSOLIDADAS,TT,TODAS CONSOLIDADAS,CALLAO,70000,341.27433665282,5794.682499712893,10654.699428825643,44.28,42.95,1.0511768899988043,1.01,1.02,319929.125775636,165930,11207,317996.6436084085,168629,14418,1753.6052185281694,Indicadores_ocupabilidad_2024.csv,2024-11-01,32.661624540710584,44.45,0.8660254037844387,-0.4999999999999998,33.399679289773154,33.72004238224738,35.85241918399565,319929.125775636,317996.6436084085,1753.6052185281694,34.324046952005396,0,83
20260330.0,2026,5,TT,TODAS CONSOLIDADAS,TT,TODAS CONSOLIDADAS,CALLAO,70000,346.75656759681095,5911.155617957123,10868.858887345039,44.28,42.95,1.0553858022663594,1.01,1.02,339412.80953537225,165930,11207,336053.7650190684,168629,14418,1806.607936258183,Indicadores_ocupabilidad_2024.csv,2024-11-01,33.79616698238166,44.45,0.49999999999999994,-0.8660254037844387,32.661624540710584,33.399679289773154,33.72004238224738,339412.80953537225,336053.7650190684,1806.607936258183,33.260448737577036,0,84
20260330.0,2026,6,TT,TODAS CONSOLIDADAS,TT,TODAS CONSOLIDADAS,CALLAO,70000,352.32686509868614,6029.96984587806,11087.322950980675,44.28,42.95,1.0596115670186337,1.01,1.02,360083.0496360764,165930,11207,355136.2420119111,168629,14418,1861.212661131586,Indicadores_ocupabilidad_2024.csv,2024-11-01,34.28530586121436,44.45,1.2246467991473532e-16,-1.0,33.79616698238166,32.661624540710584,33.399679289773154,360083.0496360764,355136.2420119111,1861.212661131586,33.285823604288474,0,85
20260330.0,2026,7,TT,TODAS CONSOLIDADAS,TT,TODAS CONSOLIDADAS,CALLAO,70000,357.98664385963144,6151.17223978021,11310.178142295386,44.28,42.95,1.063854251732976,1.01,1.02,382012.1073589134,165930,11207,375302.29837831546,168629,14418,1917.4678138142876,Indicadores_ocupabilidad_2024.csv,2024-11-01,34.033118051087556,44.45,-0.4999999999999997,-0.8660254037844388,34.28530586121436,33.79616698238166,32.661624540710584,382012.1073589134,375302.29837831546,1917.4678138142876,33.58103246143554,0,86
20260330.0,2026,8,TT,TODAS CONSOLIDADAS,TT,TODAS CONSOLIDADAS,CALLAO,70000,363.7373413065926,6274.810801799792,11537.512722955524,44.28,42.95,1.0681139241569149,1.01,1.02,405276.6446970712,165930,11207,396613.4640894297,168629,14418,1975.4232784868238,Indicadores_ocupabilidad_2024.csv,2024-11-01,33.899237141791595,44.45,-0.8660254037844385,-0.5000000000000004,34.033118051087556,34.28530586121436,33.79616698238166,405276.6446970712,396613.4640894297,1975.4232784868238,34.038196964894524,0,87
20260330.0,2026,9,TT,TODAS CONSOLIDADAS,TT,TODAS CONSOLIDADAS,CALLAO,70000,369.58041795734175,6400.934498915968,11769.41672868693,44.28,42.95,1.072390652309239,1.01,1.02,429957.99235912284,165930,11207,419134.7630342839,168629,14418,2035.1304470790876,Indicadores_ocupabilidad_2024.csv,2024-11-01,33.880955248083445,44.45,-1.0,-1.8369701987210297e-16,33.899237141791595,34.033118051087556,34.28530586121436,429957.99235912284,419134.7630342839,2035.1304470790876,34.072553684697844,0,88
20260330.0,2026,10,TT,TODAS CONSOLIDADAS,TT,TODAS CONSOLIDADAS,CALLAO,70000,375.51735779140853,6529.593282344179,12005.982004933538,44.28,42.95,1.076684504481085,1.01,1.02,456142.4340937934,165930,11207,442934.91141842265,168629,14418,2096.6422648420526,Indicadores_ocupabilidad_2024.csv,2024-11-01,34.276229169208634,44.45,-0.8660254037844386,0.5000000000000001,33.880955248083445,33.899237141791595,34.033118051087556,456142.4340937934,442934.91141842265,2096.6422648420526,33.93777014698753,0,89
20260330.0,2026,11,TT,TODAS CONSOLIDADAS,TT,TODAS CONSOLIDADAS,CALLAO,70000,381.5496686269697,6660.838107319297,12247.302243232702,44.28,42.95,1.0809955492370273,1.01,1.02,483921.5083301054,165930,11207,468086.52742840635,168629,14418,2160.013277296903,Indicadores_ocupabilidad_2024.csv,2024-11-01,34.489078703838935,44.45,-0.5000000000000004,0.8660254037844384,34.276229169208634,33.880955248083445,33.899237141791595,483921.5083301054,468086.52742840635,2160.013277296903,34.01880718636122,0,90
20260330.0,2026,12,TT,TODAS CONSOLIDADAS,TT,TODAS CONSOLIDADAS,CALLAO,70000,387.6788825037934,6794.720953276415,12493.47301832168,44.28,42.95,1.0853238554161724,1.01,1.02,513392.3281874088,165930,11207,494666.35280190094,168629,14418,2225.2996786032013,Indicadores_ocupabilidad_2024.csv,2024-11-01,35.03466695772395,44.45,-2.4492935982947064e-16,1.0,34.489078703838935,34.276229169208634,33.880955248083445,513392.3281874088,494666.35280190094,2225.2996786032013,34.215421040377,0,91
20260330.0,2027,1,TT,TODAS CONSOLIDADAS,TT,TODAS CONSOLIDADAS,CALLAO,70000,397.05780852091294,7000.607792881644,12872.037744249847,44.28,42.95,1.0918488311175252,1.01,1.02,560997.6586032426,165930,11207,537392.6406148274,168629,14418,2326.947751809817,Indicadores_ocupabilidad_2024.csv,2024-11-01,35.8244662914492,44.45,0.49999999999999994,0.8660254037844387,35.03466695772395,34.489078703838935,34.276229169208634,560997.6586032426,537392.6406148274,2326.947751809817,34.59999161025717,0,92
20260330.0,2027,2,TT,TODAS CONSOLIDADAS,TT,TODAS CONSOLIDADAS,CALLAO,70000,406.6636343182488,7212.733209613752,13262.073359938362,44.28,42.95,1.0984130350249943,1.01,1.02,613017.2884925455,165930,11207,583809.3667604458,168629,14418,2433.238943822392,Indicadores_ocupabilidad_2024.csv,2024-11-01,33.42887675289308,44.45,0.8660254037844386,0.5000000000000001,35.8244662914492,35.03466695772395,34.489078703838935,613017.2884925455,583809.3667604458,2433.238943822392,35.11607065100403,0,93
20260330.0,2027,3,TT,TODAS CONSOLIDADAS,TT,TODAS CONSOLIDADAS,CALLAO,70000,416.5018491714566,7431.286238598259,13663.927444817857,44.28,42.95,1.1050167029788687,1.01,1.02,669860.5426025938,165930,11207,634235.2889821628,168629,14418,2544.385344762914,Indicadores_ocupabilidad_2024.csv,2024-11-01,32.21819838706475,44.45,1.0,6.123233995736766e-17,33.42887675289308,35.8244662914492,35.03466695772395,669860.5426025938,634235.2889821628,2544.385344762914,34.762670000688736,0,94
20260330.0,2027,4,TT,TODAS CONSOLIDADAS,TT,TODAS CONSOLIDADAS,CALLAO,70000,426.57807515555925,7656.461642914026,14077.958110323285,44.28,42.95,1.1116600722373111,1.01,1.02,731974.7011365045,165930,11207,689016.6973894143,168629,14418,2660.6087326854977,Indicadores_ocupabilidad_2024.csv,2024-11-01,30.39351318308686,44.45,0.8660254037844387,-0.4999999999999998,32.21819838706475,33.42887675289308,35.8244662914492,731974.7011365045,689016.6973894143,2660.6087326854977,33.82384714380235,0,95
20260330.0,2027,5,TT,TODAS CONSOLIDADAS,TT,TODAS CONSOLIDADAS,CALLAO,70000,436.898070357697,7888.460087155965,14504.534319024193,44.28,42.95,1.1183433814848822,1.01,1.02,799848.5192487892,165930,11207,748529.7925369261,168629,14418,2782.1410161053795,Indicadores_ocupabilidad_2024.csv,2024-11-01,31.12145007782038,44.45,0.49999999999999994,-0.8660254037844387,30.39351318308686,32.21819838706475,33.42887675289308,799848.5192487892,748529.7925369261,2782.1410161053795,32.013529441014896,0,96
20260330.0,2027,6,TT,TODAS CONSOLIDADAS,TT,TODAS CONSOLIDADAS,CALLAO,70000,447.46773216760243,8127.488316256879,14944.036213424946,44.28,42.95,1.1250668708411162,1.01,1.02,874016.0728931717,165930,11207,813183.2689080805,168629,14418,2909.224696741921,Indicadores_ocupabilidad_2024.csv,2024-11-01,30.9879243041547,44.45,1.2246467991473532e-16,-1.0,31.12145007782038,30.39351318308686,32.21819838706475,874016.0728931717,813183.2689080805,2909.224696741921,31.244387215990667,0,97
20260330.0,2027,7,TT,TODAS CONSOLIDADAS,TT,TODAS CONSOLIDADAS,CALLAO,70000,458.2931006476799,8373.75933972778,15396.855454727938,44.28,42.95,1.131830781869148,1.01,1.02,955060.9612843369,165930,11207,883421.1215439502,168629,14418,3042.1133533989587,Indicadores_ocupabilidad_2024.csv,2024-11-01,31.027334504155284,44.45,-0.4999999999999997,-0.8660254037844388,30.9879243041547,31.12145007782038,30.39351318308686,955060.9612843369,883421.1215439502,3042.1133533989587,30.834295855020645,0,98
20260330.0,2027,8,TT,TODAS CONSOLIDADAS,TT,TODAS CONSOLIDADAS,CALLAO,70000,469.3803619846161,8627.492621480873,15863.39557186165,44.28,42.95,1.1386353575843915,1.01,1.02,1043620.8990413495,165930,11207,959725.6950919734,168629,14418,3181.0721479480226,Indicadores_ocupabilidad_2024.csv,2024-11-01,30.791357645246297,44.45,-0.8660254037844385,-0.5000000000000004,31.027334504155284,30.9879243041547,31.12145007782038,1043620.8990413495,959725.6950919734,3181.0721479480226,31.045569628710123,0,99
20260330.0,2027,9,TT,TODAS CONSOLIDADAS,TT,TODAS CONSOLIDADAS,CALLAO,70000,480.7358520244933,8888.914275404366,16344.072321084634,44.28,42.95,1.1454808424632716,1.01,1.02,1140392.7341467568,165930,11207,1042620.9962130141,168629,14418,3326.3783544240464,Indicadores_ocupabilidad_2024.csv,2024-11-01,30.664041612708854,44.45,-1.0,-1.8369701987210297e-16,30.791357645246297,31.027334504155284,30.9879243041547,1140392.7341467568,1042620.9962130141,3326.3783544240464,30.935538817852095,0,100
20260330.0,2027,10,TT,TODAS CONSOLIDADAS,TT,TODAS CONSOLIDADAS,CALLAO,70000,492.36605989342604,9158.257266863395,16839.314056485822,44.28,42.95,1.1523674824520074,1.01,1.02,1246137.931205983,165930,11207,1132676.292094109,168629,14418,3478.3219122893097,Indicadores_ocupabilidad_2024.csv,2024-11-01,30.54602147896551,44.45,-0.8660254037844386,0.5000000000000001,30.664041612708854,30.791357645246297,31.027334504155284,1246137.931205983,1132676.292094109,3478.3219122893097,30.827577920703476,0,101
20260330.0,2027,11,TT,TODAS CONSOLIDADAS,TT,TODAS CONSOLIDADAS,CALLAO,70000,504.27763170579044,9435.761620306625,17349.562111711402,44.28,42.95,1.1592955249754486,1.01,1.02,1361688.5631529202,165930,11207,1230510.0197789837,168629,14418,3637.2060049695765,Indicadores_ocupabilidad_2024.csv,2024-11-01,30.639463944539724,44.45,-0.5000000000000004,0.8660254037844384,30.54602147896551,30.664041612708854,30.791357645246297,1361688.5631529202,1230510.0197789837,3637.2060049695765,30.667140245640223,0,102
20260330.0,2027,12,TT,TODAS CONSOLIDADAS,TT,TODAS CONSOLIDADAS,CALLAO,70000,516.4773743621644,9721.674633163537,17875.271193258373,44.28,42.95,1.166265218945965,1.01,1.02,1487953.8585484012,165930,11207,1336794.0331628926,168629,14418,3803.347664816827,Indicadores_ocupabilidad_2024.csv,2024-11-01,30.983125006861513,44.45,-2.4492935982947064e-16,1.0,30.639463944539724,30.54602147896551,30.664041612708854,1487953.8585484012,1336794.0331628926,3803.347664816827,30.61650901207136,0,103
20260330.0,2028,1,TT,TODAS CONSOLIDADAS,TT,TODAS CONSOLIDADAS,CALLAO,70000,533.2040375146627,10116.413607185255,18601.078883542148,44.28,42.95,1.1756233684019348,1.01,1.02,1674705.1766697196,165930,11207,1492921.4468880722,168629,14418,4036.7345817912887,Indicadores_ocupabilidad_2024.csv,2024-11-01,29.26746042847514,44.45,0.49999999999999994,0.8660254037844387,30.983125006861513,30.639463944539724,30.54602147896551,1674705.1766697196,1492921.4468880722,4036.7345817912887,30.722870143455584,0,104
20260330.0,2028,2,TT,TODAS CONSOLIDADAS,TT,TODAS CONSOLIDADAS,CALLAO,70000,550.4724112514101,10527.180566455541,19356.357276540282,44.28,42.95,1.18505660794875,1.01,1.02,1884895.4304943762,165930,11207,1667283.3595052313,168629,14418,4284.442948660725,Indicadores_ocupabilidad_2024.csv,2024-11-01,27.876490235333375,44.45,0.8660254037844386,0.5000000000000001,29.26746042847514,30.983125006861513,30.639463944539724,1884895.4304943762,1667283.3595052313,4284.442948660725,30.296683126625457,0,105
20260330.0,2028,3,TT,TODAS CONSOLIDADAS,TT,TODAS CONSOLIDADAS,CALLAO,70000,568.300039439609,10954.626311447708,20142.303000960495,44.28,42.95,1.1945655401117032,1.01,1.02,2121466.4129501632,165930,11207,1862009.422315882,168629,14418,4547.35158044079,Indicadores_ocupabilidad_2024.csv,2024-11-01,27.495104392308235,44.45,1.0,6.123233995736766e-17,27.876490235333375,29.26746042847514,30.983125006861513,2121466.4129501632,1862009.422315882,4547.35158044079,29.37569189022334,0,106
20260330.0,2028,4,TT,TODAS CONSOLIDADAS,TT,TODAS CONSOLIDADAS,CALLAO,70000,586.705034123059,11399.428067743995,20960.161273434525,44.28,42.95,1.20415077225077,1.01,1.02,2387729.137894507,165930,11207,2079478.0137564533,168629,14418,4826.393219356841,Indicadores_ocupabilidad_2024.csv,2024-11-01,27.603482533100674,44.45,0.8660254037844387,-0.4999999999999998,27.495104392308235,27.876490235333375,29.26746042847514,2387729.137894507,2079478.0137564533,4826.393219356841,28.213018352038915,0,107
20260330.0,2028,5,TT,TODAS CONSOLIDADAS,TT,TODAS CONSOLIDADAS,CALLAO,70000,605.7060939231538,11862.290559000952,21811.227871382674,44.28,42.95,1.2138129165994014,1.01,1.02,2687410.180593973,165930,11207,2322345.288842957,168629,14418,5122.557844008999,Indicadores_ocupabilidad_2024.csv,2024-11-01,28.035837587247787,44.45,0.49999999999999994,-0.8660254037844387,27.603482533100674,27.495104392308235,27.876490235333375,2687410.180593973,2322345.288842957,5122.557844008999,27.658359053580764,0,108
20260330.0,2028,6,TT,TODAS CONSOLIDADAS,TT,TODAS CONSOLIDADAS,CALLAO,70000,625.3225230358138,12343.947123481534,22696.851185984575,44.28,42.95,1.2235525903036295,1.01,1.02,3024703.834342208,165930,11207,2593577.6213706746,168629,14418,5436.896181599334,Indicadores_ocupabilidad_2024.csv,2024-11-01,28.712355619000554,44.45,1.2246467991473532e-16,-1.0,28.035837587247787,27.603482533100674,27.495104392308235,3024703.834342208,2593577.6213706746,5436.896181599334,27.71147483755223,0,109
20260330.0,2028,7,TT,TODAS CONSOLIDADAS,TT,TODAS CONSOLIDADAS,CALLAO,70000,645.5742508436538,12845.16087592285,23618.434358508806,44.28,42.95,1.2333704154614857,1.01,1.02,3404330.813192936,165930,11207,2896487.835116942,168629,14418,5770.523435681773,Indicadores_ocupabilidad_2024.csv,2024-11-01,29.230804565194163,44.45,-0.4999999999999997,-0.8660254037844388,28.712355619000554,28.035837587247787,27.603482533100674,3404330.813192936,2896487.835116942,5770.523435681773,28.117225246449674,0,110
20260330.0,2028,8,TT,TODAS CONSOLIDADAS,TT,TODAS CONSOLIDADAS,CALLAO,70000,666.4818521633125,13366.72591658043,24577.43750338604,44.28,42.95,1.243267019162736,1.01,1.02,3831604.3224031143,165930,11207,3234775.666573883,168629,14418,6124.623242659978,Indicadores_ocupabilidad_2024.csv,2024-11-01,30.25939905530485,44.45,-0.8660254037844385,-0.5000000000000004,29.230804565194163,28.712355619000554,28.035837587247787,3831604.3224031143,3234775.666573883,6124.623242659978,28.65966592381417,0,111
20260330.0,2028,9,TT,TODAS CONSOLIDADAS,TT,TODAS CONSOLIDADAS,CALLAO,70000,688.0665681485121,13909.468589364522,25575.380021547902,44.28,42.95,1.2532430335289348,1.01,1.02,4312504.421298786,165930,11207,3612572.953421725,168629,14418,6500.451871069993,Indicadores_ocupabilidad_2024.csv,2024-11-01,30.30868746190771,44.45,-1.0,-1.8369701987210297e-16,30.25939905530485,29.230804565194163,28.712355619000554,4312504.421298786,3612572.953421725,6500.451871069993,29.400853079833194,0,112
20260330.0,2028,10,TT,TODAS CONSOLIDADAS,TT,TODAS CONSOLIDADAS,CALLAO,70000,710.3503278700858,14474.248791061766,26613.843007696632,44.28,42.95,1.2632990957538002,1.01,1.02,4853761.719335736,165930,11207,4034494.10067339,168629,14418,6899.3426785457705,Indicadores_ocupabilidad_2024.csv,2024-11-01,30.205880208838565,44.45,-0.8660254037844386,0.5000000000000001,30.30868746190771,30.25939905530485,29.230804565194163,4853761.719335736,4034494.10067339,6899.3426785457705,29.932963694135577,0,113
20260330.0,2028,11,TT,TODAS CONSOLIDADAS,TT,TODAS CONSOLIDADAS,CALLAO,70000,733.3557705948971,15061.961333716526,27694.471755319577,44.28,42.95,1.2734358481439128,1.01,1.02,5462951.576753119,165930,11207,4505692.440882376,168629,14418,7322.710842279935,Indicadores_ocupabilidad_2024.csv,2024-11-01,30.25266691835839,44.45,-0.5000000000000004,0.8660254037844384,30.205880208838565,30.30868746190771,30.25939905530485,5462951.576753119,4505692.440882376,7322.710842279935,30.25798890868371,0,114
20260330.0,2028,12,TT,TODAS CONSOLIDADAS,TT,TODAS CONSOLIDADAS,CALLAO,70000,757.1062687862857,15673.537362330366,28818.978363417293,44.28,42.95,1.2836539381597418,1.01,1.02,6148600.128239027,165930,11207,5031923.176795856,168629,14418,7772.058379762413,Indicadores_ocupabilidad_2024.csv,2024-11-01,30.424984078894905,44.45,-2.4492935982947064e-16,1.0,30.25266691835839,30.205880208838565,30.30868746190771,6148600.128239027,5031923.176795856,7772.058379762413,30.255744863034888,0,115
20260330.0,2029,1,TT,TODAS CONSOLIDADAS,TT,TODAS CONSOLIDADAS,CALLAO,70000,787.8789594642019,16473.045288427063,30289.03589356603,44.28,42.95,1.296541926493914,1.01,1.02,7127912.72190516,165930,11207,5776962.858139237,168629,14418,8372.714169773557,Indicadores_ocupabilidad_2024.csv,2024-11-01,28.95337020733722,44.45,0.49999999999999994,0.8660254037844387,30.424984078894905,30.25266691835839,30.205880208838565,7127912.72190516,5776962.858139237,8372.714169773557,30.29451040203062,0,116
20260330.0,2029,2,TT,TODAS CONSOLIDADAS,TT,TODAS CONSOLIDADAS,CALLAO,70000,819.9024104786779,17313.3361538893,31834.081131977535,44.28,42.95,1.3095593112630317,1.01,1.02,8263204.422377798,165930,11207,6632315.059621232,168629,14418,9019.791044193094,Indicadores_ocupabilidad_2024.csv,2024-11-01,27.566000387347685,44.45,0.8660254037844386,0.5000000000000001,28.95337020733722,30.424984078894905,30.25266691835839,8263204.422377798,6632315.059621232,9019.791044193094,29.877007068196836,0,117
20260330.0,2029,3,TT,TODAS CONSOLIDADAS,TT,TODAS CONSOLIDADAS,CALLAO,70000,853.227459159341,18196.490298497338,33457.93920540718,44.28,42.95,1.3227073916176642,1.01,1.02,9579318.657503689,165930,11207,7614312.940943333,168629,14418,9716.87661028876,Indicadores_ocupabilidad_2024.csv,2024-11-01,27.38190752563847,44.45,1.0,6.123233995736766e-17,27.566000387347685,28.95337020733722,30.424984078894905,9579318.657503689,7614312.940943333,9716.87661028876,28.981451557859938,0,118
20260330.0,2029,4,TT,TODAS CONSOLIDADAS,TT,TODAS CONSOLIDADAS,CALLAO,70000,887.9070091262246,19124.694180267852,35164.63036051776,44.28,42.95,1.3359874797519558,1.01,1.02,11105055.769102309,165930,11207,8741707.992069995,168629,14418,10467.835739982305,Indicadores_ocupabilidad_2024.csv,2024-11-01,27.548876096556246,44.45,0.8660254037844387,-0.4999999999999998,27.38190752563847,27.566000387347685,28.95337020733722,11105055.769102309,8741707.992069995,10467.835739982305,27.967092706774455,0,119
20260330.0,2029,5,TT,TODAS CONSOLIDADAS,TT,TODAS CONSOLIDADAS,CALLAO,70000,923.9961142744316,20100.245788550495,36958.37991695576,44.28,42.95,1.3494009010345855,1.01,1.02,12873803.246775955,165930,11207,10036028.097520392,168629,14418,11276.831997972093,Indicadores_ocupabilidad_2024.csv,2024-11-01,28.070521045579202,44.45,0.49999999999999994,-0.8660254037844387,27.548876096556246,27.38190752563847,27.566000387347685,12873803.246775955,10036028.097520392,11276.831997972093,27.498928003180804,0,120
20260330.0,2029,6,TT,TODAS CONSOLIDADAS,TT,TODAS CONSOLIDADAS,CALLAO,70000,961.5520661723676,21125.560333246773,38843.628728134514,44.28,42.95,1.3629489941410402,1.01,1.02,14924266.34162653,165930,11207,11521988.616593946,168629,14418,12148.350725906806,Indicadores_ocupabilidad_2024.csv,2024-11-01,28.746826148702286,44.45,1.2246467991473532e-16,-1.0,28.070521045579202,27.548876096556246,27.38190752563847,14924266.34162653,11521988.616593946,12148.350725906806,27.667101555924642,0,121
20260330.0,2029,7,TT,TODAS CONSOLIDADAS,TT,TODAS CONSOLIDADAS,CALLAO,70000,1000.6344850122861,22203.176224236267,40825.04417562246,44.28,42.95,1.3766331111872152,1.01,1.02,17301315.047795746,165930,11207,13227964.329207152,168629,14418,13087.223910596533,Indicadores_ocupabilidad_2024.csv,2024-11-01,29.08391869007614,44.45,-0.4999999999999997,-0.8660254037844388,28.746826148702286,28.070521045579202,27.548876096556246,17301315.047795746,13227964.329207152,13087.223910596533,28.122074430279245,0,122
20260330.0,2029,8,TT,TODAS CONSOLIDADAS,TT,TODAS CONSOLIDADAS,CALLAO,70000,1041.3054142575318,23335.76135581369,42907.53172435568,44.28,42.95,1.3904546178643584,1.01,1.02,20056965.986206077,165930,11207,15186531.259263035,168629,14418,14098.656974138754,Indicadores_ocupabilidad_2024.csv,2024-11-01,29.700051634161074,44.45,-0.8660254037844385,-0.5000000000000004,29.08391869007614,28.746826148702286,28.070521045579202,20056965.986206077,15186531.259263035,14098.656974138754,28.633755294785875,0,123
20260330.0,2029,9,TT,TODAS CONSOLIDADAS,TT,TODAS CONSOLIDADAS,CALLAO,70000,1083.6294191367354,24526.119711695395,45096.247067282406,44.28,42.95,1.4044148935753669,1.01,1.02,23251520.676925637,165930,11207,17435088.7218031,168629,14418,15188.257634492556,Indicadores_ocupabilidad_2024.csv,2024-11-01,29.55765891390637,44.45,-1.0,-1.8369701987210297e-16,29.700051634161074,29.08391869007614,28.746826148702286,23251520.676925637,17435088.7218031,15188.257634492556,29.1769321576465,0,124
20260330.0,2029,10,TT,TODAS CONSOLIDADAS,TT,TODAS CONSOLIDADAS,CALLAO,70000,1127.6736891413173,25777.19830694758,47396.60888950647,44.28,42.95,1.4185153315724532,1.01,1.02,26954885.10881028,165930,11207,20016573.472084444,168629,14418,16362.06699651356,Indicadores_ocupabilidad_2024.csv,2024-11-01,29.439127482711708,44.45,-0.8660254037844386,0.5000000000000001,29.55765891390637,29.700051634161074,29.08391869007614,26954885.10881028,20016573.472084444,16362.06699651356,29.44720974604786,0,125
20260330.0,2029,11,TT,TODAS CONSOLIDADAS,TT,TODAS CONSOLIDADAS,CALLAO,70000,1173.5081446890176,27092.094484022615,49814.31228353031,44.28,42.95,1.4327573390961938,1.01,1.02,31248099.482378893,165930,11207,22980279.593433518,168629,14418,17626.59304582851,Indicadores_ocupabilidad_2024.csv,2024-11-01,29.42665984867415,44.45,-0.5000000000000004,0.8660254037844384,29.439127482711708,29.55765891390637,29.700051634161074,31248099.482378893,22980279.593433518,17626.59304582851,29.56561267692638,0,126
20260330.0,2029,12,TT,TODAS CONSOLIDADAS,TT,TODAS CONSOLIDADAS,CALLAO,70000,1221.2055481227806,28474.063580966547,52355.34284881024,44.28,42.95,1.447142337515973,1.01,1.02,36225111.6010691,165930,11207,26382799.77983582,168629,14418,18988.84673125061,Indicadores_ocupabilidad_2024.csv,2024-11-01,29.709180971161707,44.45,-2.4492935982947064e-16,1.0,29.42665984867415,29.439127482711708,29.55765891390637,36225111.6010691,26382799.77983582,18988.84673125061,29.474482081764076,0,127
20260330.0,2030,1,TT,TODAS CONSOLIDADAS,TT,TODAS CONSOLIDADAS,CALLAO,70000,1281.0083521749725,30225.79226069006,55576.251425636045,44.28,42.95,1.4645951059967817,1.01,1.02,43254677.69927588,165930,11207,31137200.95492695,168629,14418,20763.226548325198,Indicadores_ocupabilidad_2024.csv,2024-11-01,29.072883656673483,44.45,0.49999999999999994,0.8660254037844387,29.709180971161707,29.42665984867415,29.439127482711708,43254677.69927588,31137200.95492695,20763.226548325198,29.52498943418252,0,128
20260330.0,2030,2,TT,TODAS CONSOLIDADAS,TT,TODAS CONSOLIDADAS,CALLAO,70000,1343.7397175803308,32085.287552602258,58995.31078318022,44.28,42.95,1.4822583576621038,1.01,1.02,51648347.242442094,165930,11207,36748384.98560356,168629,14418,22703.410206981178,Indicadores_ocupabilidad_2024.csv,2024-11-01,27.70552378612605,44.45,0.8660254037844386,0.5000000000000001,29.072883656673483,29.709180971161707,29.42665984867415,51648347.242442094,36748384.98560356,22703.410206981178,29.402908158836443,0,129
20260330.0,2030,3,TT,TODAS CONSOLIDADAS,TT,TODAS CONSOLIDADAS,CALLAO,70000,1409.5430568716822,34059.17927491474,62624.71118731427,44.28,42.95,1.5001346309728725,1.01,1.02,61670827.636765234,165930,11207,43370751.30821764,168629,14418,24824.890959350145,Indicadores_ocupabilidad_2024.csv,2024-11-01,27.23245872919671,44.45,1.0,6.123233995736766e-17,27.70552378612605,29.072883656673483,29.709180971161707,61670827.636765234,43370751.30821764,24824.890959350145,28.829196137987083,0,130
20260330.0,2030,4,TT,TODAS CONSOLIDADAS,TT,TODAS CONSOLIDADAS,CALLAO,70000,1478.5688055368444,36154.50511325396,66477.39285090199,44.28,42.95,1.5182264950042665,1.01,1.02,73638193.36852366,165930,11207,51186523.42888444,168629,14418,27144.609797611956,Indicadores_ocupabilidad_2024.csv,2024-11-01,27.12318968735606,44.45,0.8660254037844387,-0.4999999999999998,27.23245872919671,27.70552378612605,29.072883656673483,73638193.36852366,51186523.42888444,27144.609797611956,28.00362205733208,0,131
20260330.0,2030,5,TT,TODAS CONSOLIDADAS,TT,TODAS CONSOLIDADAS,CALLAO,70000,1550.9747659348504,38378.735712725975,70567.09207065133,44.28,42.95,1.536536549814923,1.01,1.02,87927853.90393226,165930,11207,60410763.05356283,168629,14418,29681.09073555018,Indicadores_ocupabilidad_2024.csv,2024-11-01,27.18483262545098,44.45,0.49999999999999994,-0.8660254037844387,27.12318968735606,27.23245872919671,27.70552378612605,87927853.90393226,60410763.05356283,29681.09073555018,27.353724067559607,0,132
20260330.0,2030,6,TT,TODAS CONSOLIDADAS,TT,TODAS CONSOLIDADAS,CALLAO,70000,1626.926468053854,40739.80131364886,74908.39020231244,44.28,42.95,1.5550674268206026,1.01,1.02,104990455.88285673,165930,11207,71297287.8063121,168629,14418,32454.58873125764,Indicadores_ocupabilidad_2024.csv,2024-11-01,28.006571113793253,44.45,1.2246467991473532e-16,-1.0,27.18483262545098,27.12318968735606,27.23245872919671,104990455.88285673,71297287.8063121,32454.58873125764,27.18016034733458,0,133
20260330.0,2030,7,TT,TODAS CONSOLIDADAS,TT,TODAS CONSOLIDADAS,CALLAO,70000,1706.597547935459,43246.12002591936,79516.76564883719,44.28,42.95,1.573821789172362,1.01,1.02,125364094.96055175,165930,11207,84145655.36987211,168629,14418,35487.25143222238,Indicadores_ocupabilidad_2024.csv,2024-11-01,27.89172305482852,44.45,-0.4999999999999997,-0.8660254037844388,28.006571113793253,27.18483262545098,27.12318968735606,125364094.96055175,84145655.36987211,35487.25143222238,27.438197808866764,0,134
20260330.0,2030,8,TT,TODAS CONSOLIDADAS,TT,TODAS CONSOLIDADAS,CALLAO,70000,1790.1701446306013,45906.62784282285,84408.64904685809,44.28,42.95,1.5928023321392863,1.01,1.02,149691285.4899265,165930,11207,99309406.22678827,168629,14418,38803.29603440236,Indicadores_ocupabilidad_2024.csv,2024-11-01,27.78129017287067,44.45,-0.8660254037844385,-0.5000000000000004,27.89172305482852,28.006571113793253,27.18483262545098,149691285.4899265,99309406.22678827,38803.29603440236,27.69437559802425,0,135
20260330.0,2030,9,TT,TODAS CONSOLIDADAS,TT,TODAS CONSOLIDADAS,CALLAO,70000,1877.8353165944811,48730.810501297376,89601.48184824777,44.28,42.95,1.6120117834958376,1.01,1.02,178739223.20962492,165930,11207,117205791.81142627,168629,14418,42429.20266758941,Indicadores_ocupabilidad_2024.csv,2024-11-01,27.488814391529104,44.45,-1.0,-1.8369701987210297e-16,27.78129017287067,27.89172305482852,28.006571113793253,178739223.20962492,117205791.81142627,42429.20266758941,27.89319478049748,0,136
20260330.0,2030,10,TT,TODAS CONSOLIDADAS,TT,TODAS CONSOLIDADAS,CALLAO,70000,1969.7934784724803,51728.73730224599,95113.77850562475,44.28,42.95,1.631452903913875,1.01,1.02,213423979.95326218,165930,11207,138327255.75634193,168629,14418,46393.92585133273,Indicadores_ocupabilidad_2024.csv,2024-11-01,25.964851321119806,44.45,-0.8660254037844386,0.5000000000000001,27.488814391529104,27.78129017287067,27.89172305482852,213423979.95326218,138327255.75634193,46393.92585133273,27.72060920640943,0,137
20260330.0,2030,11,TT,TODAS CONSOLIDADAS,TT,TODAS CONSOLIDADAS,CALLAO,70000,2066.254859275617,54911.09701147973,100965.19248352095,44.28,42.95,1.6511284873594028,1.01,1.02,254839393.39755198,165930,11207,163254984.15527138,168629,14418,50729.12570999408,Indicadores_ocupabilidad_2024.csv,2024-11-01,24.836962626574458,44.45,-0.5000000000000004,0.8660254037844384,25.964851321119806,27.488814391529104,27.78129017287067,254839393.39755198,163254984.15527138,50729.12570999408,27.078318628506526,0,138
20260330.0,2030,12,TT,TODAS CONSOLIDADAS,TT,TODAS CONSOLIDADAS,CALLAO,70000,2167.4399829929926,58289.235969292095,107176.58633056612,44.28,42.95,1.6710413614941029,1.01,1.02,304291562.9324043,165930,11207,192674897.69684076,168629,14418,55469.42079329241,Indicadores_ocupabilidad_2024.csv,2024-11-01,23.95779165354407,44.45,-2.4492935982947064e-16,1.0,24.836962626574458,25.964851321119806,27.488814391529104,304291562.9324043,192674897.69684076,55469.42079329241,26.096876113074455,0,139
20260330.0,2025,1,TT,TODAS CONSOLIDADAS,TT,TODAS CONSOLIDADAS,CUSCO,80000,2288.16,28496.14,51921.07,26.45,23.54,1.5531000000000001,1.4,1.65,281999.58,82002,191784,451811.14,118256,321249,7907.864999999999,Indicadores_ocupabilidad_2024.csv,2024-11-01,26.041938663704673,21.86,0.49999999999999994,0.8660254037844387,27.28,34.97,29.76,281999.58,451811.14,7907.864999999999,30.67,0,68
20260330.0,2025,2,TT,TODAS CONSOLIDADAS,TT,TODAS CONSOLIDADAS,CUSCO,80000,2306.46528,28781.1014,52440.2807,26.45,23.54,1.5562062,1.4,1.65,290459.5674,82002,191784,464461.85192000004,118256,321249,8026.482974999998,Indicadores_ocupabilidad_2024.csv,2024-11-01,25.065589168882237,21.86,0.8660254037844386,0.5000000000000001,26.041938663704673,27.28,34.97,290459.5674,464461.85192000004,8026.482974999998,29.43064622123489,0,69
20260330.0,2025,3,TT,TODAS CONSOLIDADAS,TT,TODAS CONSOLIDADAS,CUSCO,80000,2324.91700224,29068.912414,52964.683507,26.45,23.54,1.5593186124,1.4,1.65,299173.354422,82002,191784,477466.7837737601,118256,321249,8146.880219624997,Indicadores_ocupabilidad_2024.csv,2024-11-01,25.07548008110145,21.86,1.0,6.123233995736766e-17,25.065589168882237,26.041938663704673,27.28,299173.354422,477466.7837737601,8146.880219624997,26.129175944195637,0,70
20260330.0,2025,4,TT,TODAS CONSOLIDADAS,TT,TODAS CONSOLIDADAS,CUSCO,80000,2343.51633825792,29359.60153814,53494.33034207,26.45,23.54,1.5624372496248,1.4,1.65,308148.55505466,82002,191784,490835.8537194254,118256,321249,8269.083422919372,Indicadores_ocupabilidad_2024.csv,2024-11-01,25.139620525859165,21.86,0.8660254037844387,-0.4999999999999998,25.07548008110145,25.065589168882237,26.041938663704673,308148.55505466,490835.8537194254,8269.083422919372,25.394335971229452,0,71
20260330.0,2025,5,TT,TODAS CONSOLIDADAS,TT,TODAS CONSOLIDADAS,CUSCO,80000,2362.2644689639833,29653.1975535214,54029.273645490706,26.45,23.54,1.5655621241240496,1.4,1.65,317393.01170629985,82002,191784,504579.2576235693,118256,321249,8393.119674263162,Indicadores_ocupabilidad_2024.csv,2024-11-01,25.62327005263792,21.86,0.49999999999999994,-0.8660254037844387,25.139620525859165,25.07548008110145,25.065589168882237,317393.01170629985,504579.2576235693,8393.119674263162,25.093563258614285,0,72
20260330.0,2025,6,TT,TODAS CONSOLIDADAS,TT,TODAS CONSOLIDADAS,CUSCO,80000,2381.162584715695,29949.729529056614,54569.56638194562,26.45,23.54,1.5686932483722977,1.4,1.65,326914.8020574889,82002,191784,518707.4768370292,118256,321249,8519.016469377108,Indicadores_ocupabilidad_2024.csv,2024-11-01,27.13052049708971,21.86,1.2246467991473532e-16,-1.0,25.62327005263792,25.139620525859165,25.07548008110145,326914.8020574889,518707.4768370292,8519.016469377108,25.279456886532845,0,73
20260330.0,2025,7,TT,TODAS CONSOLIDADAS,TT,TODAS CONSOLIDADAS,CUSCO,80000,2400.2118853934207,30249.22682434718,55115.26204576507,26.45,23.54,1.5718306348690423,1.4,1.65,336722.2461192136,82002,191784,533231.286188466,118256,321249,8646.801716417764,Indicadores_ocupabilidad_2024.csv,2024-11-01,27.20210236182605,21.86,-0.4999999999999997,-0.8660254037844388,27.13052049708971,25.62327005263792,25.139620525859165,336722.2461192136,533231.286188466,8646.801716417764,25.964470358528928,0,74
20260330.0,2025,8,TT,TODAS CONSOLIDADAS,TT,TODAS CONSOLIDADAS,CUSCO,80000,2419.4135804765683,30551.719092590654,55666.41466622272,26.45,23.54,1.5749742961387805,1.4,1.65,346823.91350279,82002,191784,548161.7622017431,118256,321249,8776.50374216403,Indicadores_ocupabilidad_2024.csv,2024-11-01,26.704606887366165,21.86,-0.8660254037844385,-0.5000000000000004,27.20210236182605,27.13052049708971,25.62327005263792,346823.91350279,548161.7622017431,8776.50374216403,26.651964303851226,0,75
20260330.0,2025,9,TT,TODAS CONSOLIDADAS,TT,TODAS CONSOLIDADAS,CUSCO,80000,2438.7688891203807,30857.236283516562,56223.078812884945,26.45,23.54,1.578124244731058,1.4,1.65,357228.6309078737,82002,191784,563510.2915433919,118256,321249,8908.151298296489,Indicadores_ocupabilidad_2024.csv,2024-11-01,26.582462130861884,21.86,-1.0,-1.8369701987210297e-16,26.704606887366165,27.20210236182605,27.13052049708971,357228.6309078737,563510.2915433919,8908.151298296489,27.01240991542731,0,76
20260330.0,2025,10,TT,TODAS CONSOLIDADAS,TT,TODAS CONSOLIDADAS,CUSCO,80000,2458.279040233344,31165.80864635173,56785.309601013796,26.45,23.54,1.58128049322052,1.4,1.65,367945.4898351099,82002,191784,579288.5797066069,118256,321249,9041.773567770935,Indicadores_ocupabilidad_2024.csv,2024-11-01,25.095733914722754,21.86,-0.8660254037844386,0.5000000000000001,26.582462130861884,26.704606887366165,27.20210236182605,367945.4898351099,579288.5797066069,9041.773567770935,26.829723793351366,0,77
20260330.0,2025,11,TT,TODAS CONSOLIDADAS,TT,TODAS CONSOLIDADAS,CUSCO,80000,2477.9452725552105,31477.466732815246,57353.16269702394,26.45,23.54,1.584443054206961,1.4,1.65,378983.8545301632,82002,191784,595508.6599383919,118256,321249,9177.400171287498,Indicadores_ocupabilidad_2024.csv,2024-11-01,23.8056169488657,21.86,-0.5000000000000004,0.8660254037844384,25.095733914722754,26.582462130861884,26.704606887366165,378983.8545301632,595508.6599383919,9177.400171287498,26.12760097765027,0,78
20260330.0,2025,12,TT,TODAS CONSOLIDADAS,TT,TODAS CONSOLIDADAS,CUSCO,80000,2497.768834735652,31792.2414001434,57926.694323994176,26.45,23.54,1.5876119403153748,1.4,1.65,390353.37016606814,82002,191784,612182.9024166669,118256,321249,9315.06117385681,Indicadores_ocupabilidad_2024.csv,2024-11-01,23.716912976159257,21.86,-2.4492935982947064e-16,1.0,23.8056169488657,25.095733914722754,26.582462130861884,390353.37016606814,612182.9024166669,9315.06117385681,25.161270998150115,0,79
20260330.0,2026,1,TT,TODAS CONSOLIDADAS,TT,TODAS CONSOLIDADAS,CUSCO,80000,2537.892993296846,32431.265452286283,59091.02087990646,26.45,23.54,1.5939687385243975,1.4,1.65,414125.89040918165,82002,191784,646945.0963474949,118256,321249,9596.60889783663,Indicadores_ocupabilidad_2024.csv,2024-11-01,24.109185160207232,21.86,0.49999999999999994,0.8660254037844387,23.716912976159257,23.8056169488657,25.095733914722754,414125.89040918165,646945.0963474949,9596.60889783663,24.20608794658257,0,80
20260330.0,2026,2,TT,TODAS CONSOLIDADAS,TT,TODAS CONSOLIDADAS,CUSCO,80000,2578.6617063411663,33083.13388787724,60278.75039959258,26.45,23.54,1.6003509893534489,1.4,1.65,439346.1571351008,82002,191784,683681.226698491,118256,321249,9886.666401773738,Indicadores_ocupabilidad_2024.csv,2024-11-01,23.25548891553867,21.86,0.8660254037844386,0.5000000000000001,24.109185160207232,23.716912976159257,23.8056169488657,439346.1571351008,683681.226698491,9886.666401773738,23.877238361744062,0,81
20260330.0,2026,3,TT,TODAS CONSOLIDADAS,TT,TODAS CONSOLIDADAS,CUSCO,80000,2620.085327991831,33748.10487902357,61490.35328262439,26.45,23.54,1.6067587947148199,1.4,1.65,466102.33810462843,82002,191784,722503.3814753381,118256,321249,10185.490893767346,Indicadores_ocupabilidad_2024.csv,2024-11-01,23.82635327538717,21.86,1.0,6.123233995736766e-17,23.25548891553867,24.109185160207232,23.716912976159257,466102.33810462843,722503.3814753381,10185.490893767346,23.693862350635055,0,82
20260330.0,2026,4,TT,TODAS CONSOLIDADAS,TT,TODAS CONSOLIDADAS,CUSCO,80000,2662.174378700692,34426.44178709195,62726.30938360514,26.45,23.54,1.613192256928858,1.4,1.65,494487.9704952003,82002,191784,763530.0134890337,118256,321249,10493.347356031461,Indicadores_ocupabilidad_2024.csv,2024-11-01,24.020326330851645,21.86,0.8660254037844387,-0.4999999999999998,23.82635327538717,23.25548891553867,24.109185160207232,494487.9704952003,763530.0134890337,10493.347356031461,23.73034245037769,0,83
20260330.0,2026,5,TT,TODAS CONSOLIDADAS,TT,TODAS CONSOLIDADAS,CUSCO,80000,2704.9395479201403,35118.4132670125,63987.108202215604,26.45,23.54,1.619651478725601,1.4,1.65,524602.287898358,82002,191784,806886.3017749949,118256,321249,10810.50877986751,Indicadores_ocupabilidad_2024.csv,2024-11-01,24.573203430107657,21.86,0.49999999999999994,-0.8660254037844387,24.020326330851645,23.82635327538717,23.25548891553867,524602.287898358,806886.3017749949,10810.50877986751,23.700722840592494,0,84
20260330.0,2026,6,TT,TODAS CONSOLIDADAS,TT,TODAS CONSOLIDADAS,CUSCO,80000,2748.3916968179296,35824.29337367945,65273.24907708014,26.45,23.54,1.626136563246418,1.4,1.65,556550.5672313679,82002,191784,852704.5335349862,118256,321249,11137.256407739003,Indicadores_ocupabilidad_2024.csv,2024-11-01,26.165217081266125,21.86,1.2246467991473532e-16,-1.0,24.573203430107657,24.020326330851645,23.82635327538717,556550.5672313679,852704.5335349862,11137.256407739003,24.139961012115492,0,85
20260330.0,2026,7,TT,TODAS CONSOLIDADAS,TT,TODAS CONSOLIDADAS,CUSCO,80000,2792.5418610356132,36544.361670490405,66585.24138352944,26.45,23.54,1.6326476140456565,1.4,1.65,590444.4967757582,82002,191784,901124.5077672368,118256,321249,11473.879982662911,Indicadores_ocupabilidad_2024.csv,2024-11-01,27.087881168399626,21.86,-0.4999999999999997,-0.8660254037844388,26.165217081266125,24.573203430107657,24.020326330851645,590444.4967757582,901124.5077672368,11473.879982662911,24.91958228074181,0,86
20260330.0,2026,8,TT,TODAS CONSOLIDADAS,TT,TODAS CONSOLIDADAS,CUSCO,80000,2837.4012534912895,37278.90334006726,67923.60473533839,26.45,23.54,1.6391847350922952,1.4,1.65,626402.5666294019,82002,191784,952293.9618162916,118256,321249,11820.678005138894,Indicadores_ocupabilidad_2024.csv,2024-11-01,26.764593055897304,21.86,-0.8660254037844385,-0.5000000000000004,27.087881168399626,26.165217081266125,24.573203430107657,626402.5666294019,952293.9618162916,11820.678005138894,25.94210055992447,0,87
20260330.0,2026,9,TT,TODAS CONSOLIDADAS,TT,TODAS CONSOLIDADAS,CUSCO,80000,2882.981267227374,38028.209297202615,69288.86919051869,26.45,23.54,1.6457480307716046,1.4,1.65,664550.4829371325,82002,191784,1006369.0221440678,118256,321249,12177.957997844214,Indicadores_ocupabilidad_2024.csv,2024-11-01,26.667563205221814,21.86,-1.0,-1.8369701987210297e-16,26.764593055897304,27.087881168399626,26.165217081266125,664550.4829371325,1006369.0221440678,12177.957997844214,26.672563768521016,0,88
20260330.0,2026,10,TT,TODAS CONSOLIDADAS,TT,TODAS CONSOLIDADAS,CUSCO,80000,2929.2934783041146,38792.576304076385,70681.57546124811,26.45,23.54,1.652337605886814,1.4,1.65,705021.6073480038,82002,191784,1063514.6806974965,118256,321249,12546.036778329053,Indicadores_ocupabilidad_2024.csv,2024-11-01,25.1017984699458,21.86,-0.8660254037844386,0.5000000000000001,26.667563205221814,26.764593055897304,27.087881168399626,705021.6073480038,1063514.6806974965,12546.036778329053,26.840012476506246,0,89
20260330.0,2026,11,TT,TODAS CONSOLIDADAS,TT,TODAS CONSOLIDADAS,CUSCO,80000,2976.3496487395923,39572.30708778832,72102.2751280192,26.45,23.54,1.6589535656607846,1.4,1.65,747957.4232354972,82002,191784,1123905.2983262232,118256,321249,12925.240739954044,Indicadores_ocupabilidad_2024.csv,2024-11-01,23.82578062407938,21.86,-0.5000000000000004,0.8660254037844384,25.1017984699458,26.667563205221814,26.764593055897304,747957.4232354972,1123905.2983262232,12925.240739954044,26.177984910354976,0,90
20260330.0,2026,12,TT,TODAS CONSOLIDADAS,TT,TODAS CONSOLIDADAS,CUSCO,80000,3024.1617294969456,40367.71046025287,73551.53085809239,26.45,23.54,1.6655960157376901,1.4,1.65,793508.030310539,82002,191784,1187725.1367863794,118256,321249,13315.906141319152,Indicadores_ocupabilidad_2024.csv,2024-11-01,23.73103435661362,21.86,-2.4492935982947064e-16,1.0,23.82578062407938,25.1017984699458,26.667563205221814,793508.030310539,1187725.1367863794,13315.906141319152,25.198380766415664,0,91
20260330.0,2027,1,TT,TODAS CONSOLIDADAS,TT,TODAS CONSOLIDADAS,CUSCO,80000,3097.323798427741,41590.892454909,75780.21579462345,26.45,23.54,1.675609592309073,1.4,1.65,867087.6494371443,82002,191784,1290313.6507403594,118256,321249,13924.155095507125,Indicadores_ocupabilidad_2024.csv,2024-11-01,24.11884929419416,21.86,0.49999999999999994,0.8660254037844387,23.73103435661362,23.82578062407938,25.1017984699458,867087.6494371443,1290313.6507403594,13924.155095507125,24.219537816879598,0,92
20260330.0,2027,2,TT,TODAS CONSOLIDADAS,TT,TODAS CONSOLIDADAS,CUSCO,80000,3172.25584158909,42851.1380871852,78076.43211341635,26.45,23.54,1.6856833705829117,1.4,1.65,947490.0859065023,82002,191784,1401763.140074352,118256,321249,14560.187873517854,Indicadores_ocupabilidad_2024.csv,2024-11-01,23.263124863251083,21.86,0.8660254037844386,0.5000000000000001,24.11884929419416,23.73103435661362,23.82578062407938,947490.0859065023,1401763.140074352,14560.187873517854,23.891888091629056,0,93
20260330.0,2027,3,TT,TODAS CONSOLIDADAS,TT,TODAS CONSOLIDADAS,CUSCO,80000,3249.000679103804,44149.570422365,80442.22608288498,26.45,23.54,1.695817712492323,1.4,1.65,1035347.9991023545,82002,191784,1522838.9622505032,118256,321249,15225.27359527485,Indicadores_ocupabilidad_2024.csv,2024-11-01,23.821540418244314,21.86,1.0,6.123233995736766e-17,23.263124863251083,24.11884929419416,23.73103435661362,1035347.9991023545,1522838.9622505032,15225.27359527485,23.704336171352953,0,94
20260330.0,2027,4,TT,TODAS CONSOLIDADAS,TT,TODAS CONSOLIDADAS,CUSCO,80000,3327.6021670210307,45487.34655573309,82879.70597542249,26.45,23.54,1.7060129821463683,1.4,1.65,1131352.7130151186,82002,191784,1654372.581679658,118256,321249,15920.739352037406,Indicadores_ocupabilidad_2024.csv,2024-11-01,24.02032633085165,21.86,0.8660254037844387,-0.4999999999999998,23.821540418244314,23.263124863251083,24.11884929419416,1131352.7130151186,1654372.581679658,15920.739352037406,23.734504858563184,0,95
20260330.0,2027,5,TT,TODAS CONSOLIDADAS,TT,TODAS CONSOLIDADAS,CUSCO,80000,3408.105222377913,46865.658643718365,85391.04394618378,26.45,23.54,1.716269545843136,1.4,1.65,1236259.6560348715,82002,191784,1797267.2796397728,118256,321249,16647.972854437023,Indicadores_ocupabilidad_2024.csv,2024-11-01,24.598165233435044,21.86,0.49999999999999994,-0.8660254037844387,24.02032633085165,23.821540418244314,23.263124863251083,1236259.6560348715,1797267.2796397728,16647.972854437023,23.70166387078235,0,96
20260330.0,2027,6,TT,TODAS CONSOLIDADAS,TT,TODAS CONSOLIDADAS,CUSCO,80000,3490.555848867553,48285.734966281685,87978.4779687971,26.45,23.54,1.7265877720829013,1.4,1.65,1350894.305160017,82002,191784,1952504.3573825492,118256,321249,17408.42520147181,Indicadores_ocupabilidad_2024.csv,2024-11-01,26.19380772057235,21.86,1.2246467991473532e-16,-1.0,24.598165233435044,24.02032633085165,23.821540418244314,1350894.305160017,1952504.3573825492,17408.42520147181,24.146677327510336,0,97
20260330.0,2027,7,TT,TODAS CONSOLIDADAS,TT,TODAS CONSOLIDADAS,CUSCO,80000,3575.0011631279513,49748.84102149499,90644.31382972964,26.45,23.54,1.7369680315813656,1.4,1.65,1476158.6813945898,82002,191784,2121149.8750269003,118256,321249,18203.613775984086,Indicadores_ocupabilidad_2024.csv,2024-11-01,27.109486612334663,21.86,-0.4999999999999997,-0.8660254037844388,26.19380772057235,24.598165233435044,24.02032633085165,1476158.6813945898,2121149.8750269003,18203.613775984086,24.93743309495301,0,98
20260330.0,2027,8,TT,TODAS CONSOLIDADAS,TT,TODAS CONSOLIDADAS,CUSCO,80000,3661.489421666938,51256.280653287315,93390.92718308429,26.45,23.54,1.7474106972829768,1.4,1.65,1613038.447444266,82002,191784,2304361.97251728,118256,321249,19035.125272398647,Indicadores_ocupabilidad_2024.csv,2024-11-01,26.791905642689482,21.86,-0.8660254037844385,-0.5000000000000004,27.109486612334663,26.19380772057235,24.598165233435044,1613038.447444266,2304361.97251728,19035.125272398647,25.967153188780685,0,99
20260330.0,2027,9,TT,TODAS CONSOLIDADAS,TT,TODAS CONSOLIDADAS,CUSCO,80000,3750.0700484384884,52809.39721336258,96220.76566765894,26.45,23.54,1.7579161443743274,1.4,1.65,1762610.6635604303,82002,191784,2503398.822922113,118256,321249,19904.618862763244,Indicadores_ocupabilidad_2024.csv,2024-11-01,26.715596697057464,21.86,-1.0,-1.8369701987210297e-16,26.791905642689482,27.109486612334663,26.19380772057235,1762610.6635604303,2503398.822922113,19904.618862763244,26.6983999918655,0,100
20260330.0,2027,10,TT,TODAS CONSOLIDADAS,TT,TODAS CONSOLIDADAS,CUSCO,80000,3840.793663086177,54409.574758324685,99136.35108815468,26.45,23.54,1.7684847502976349,1.4,1.65,1926052.2625603983,82002,191784,2719627.272690044,118256,321249,20813.82950740861,Indicadores_ocupabilidad_2024.csv,2024-11-01,25.236068414633735,21.86,-0.8660254037844386,0.5000000000000001,26.715596697057464,26.791905642689482,27.109486612334663,1926052.2625603983,2719627.272690044,20813.82950740861,26.87232965069387,0,101
20260330.0,2027,11,TT,TODAS CONSOLIDADAS,TT,TODAS CONSOLIDADAS,CUSCO,80000,3933.712109869913,56058.23928307669,102140.28166247687,26.45,23.54,1.7791168947643021,1.4,1.65,2104649.310710836,82002,191784,2954532.2281992645,118256,321249,21764.57141683408,Indicadores_ocupabilidad_2024.csv,2024-11-01,23.94821463715112,21.86,-0.5000000000000004,0.8660254037844384,25.236068414633735,26.715596697057464,26.791905642689482,2104649.310710836,2954532.2281992645,21764.57141683408,26.247856918126896,0,102
20260330.0,2027,12,TT,TODAS CONSOLIDADAS,TT,TODAS CONSOLIDADAS,CUSCO,80000,4028.878487292486,57756.859991593206,105235.2343371316,26.45,23.54,1.7898129597685601,1.4,1.65,2299807.12734512,82002,191784,3209726.853060201,118256,321249,22758.741671726497,Indicadores_ocupabilidad_2024.csv,2024-11-01,23.845562603054702,21.86,-2.4492935982947064e-16,1.0,23.94821463715112,25.236068414633735,26.715596697057464,2299807.12734512,3209726.853060201,22758.741671726497,25.299959916280773,0,103
20260330.0,2028,1,TT,TODAS CONSOLIDADAS,TT,TODAS CONSOLIDADAS,CUSCO,80000,4159.357955870394,60102.020112260456,109508.20684450884,26.45,23.54,1.804174476260395,1.4,1.65,2588453.183127725,82002,191784,3584598.6282931212,118256,321249,24155.298868460774,Indicadores_ocupabilidad_2024.csv,2024-11-01,24.756801061325397,21.86,0.49999999999999994,0.8660254037844387,23.845562603054702,23.94821463715112,25.236068414633735,2588453.183127725,3584598.6282931212,24155.298868460774,24.34328188494652,0,104
20260330.0,2028,2,TT,TODAS CONSOLIDADAS,TT,TODAS CONSOLIDADAS,CUSCO,80000,4294.063139315124,62542.40313791888,113954.67917030535,26.45,23.54,1.8186512300203588,1.4,1.65,2913326.8618827984,82002,191784,4003252.58634085,118256,321249,25637.553773437565,Indicadores_ocupabilidad_2024.csv,2024-11-01,23.811645479747703,21.86,0.8660254037844386,0.5000000000000001,24.756801061325397,23.845562603054702,23.94821463715112,2913326.8618827984,4003252.58634085,25637.553773437565,24.183526100510406,0,105
20260330.0,2028,3,TT,TODAS CONSOLIDADAS,TT,TODAS CONSOLIDADAS,CUSCO,80000,4433.130891848497,65081.875500354974,118581.69610288322,26.45,23.54,1.83324414571598,1.4,1.65,3278975.049458743,82002,191784,4470802.1544034965,118256,321249,27210.76510231505,Indicadores_ocupabilidad_2024.csv,2024-11-01,24.317253794862978,21.86,1.0,6.123233995736766e-17,23.811645479747703,24.756801061325397,23.845562603054702,3278975.049458743,4470802.1544034965,27210.76510231505,24.138003048042602,0,106
20260330.0,2028,4,TT,TODAS CONSOLIDADAS,TT,TODAS CONSOLIDADAS,CUSCO,80000,4576.70249986029,67724.46062399015,123396.58847726166,26.45,23.54,1.84795415543435,1.4,1.65,3690515.3059360017,82002,191784,4992957.969231946,118256,321249,28880.514264215934,Indicadores_ocupabilidad_2024.csv,2024-11-01,24.444749187653816,21.86,0.8660254037844387,-0.4999999999999998,24.317253794862978,23.811645479747703,24.756801061325397,3690515.3059360017,4992957.969231946,28880.514264215934,24.295233445312025,0,107
20260330.0,2028,5,TT,TODAS CONSOLIDADAS,TT,TODAS CONSOLIDADAS,CUSCO,80000,4724.923825448659,70474.34530041125,128406.98478975828,26.45,23.54,1.8627821987416555,1.4,1.65,4153707.490270816,82002,191784,5576097.626678129,118256,321249,30652.725163344174,Indicadores_ocupabilidad_2024.csv,2024-11-01,25.04892455601261,21.86,0.49999999999999994,-0.8660254037844387,24.444749187653816,24.317253794862978,23.811645479747703,4153707.490270816,5576097.626678129,30652.725163344174,24.191216154088163,0,108
20260330.0,2028,6,TT,TODAS CONSOLIDADAS,TT,TODAS CONSOLIDADAS,CUSCO,80000,4877.945454609271,73335.8863217326,133620.82328423148,26.45,23.54,1.8777292227431936,1.4,1.65,4675034.374462793,82002,191784,6227343.577464241,118256,321249,32533.685215699246,Indicadores_ocupabilidad_2024.csv,2024-11-01,26.821197201835258,21.86,1.2246467991473532e-16,-1.0,25.04892455601261,24.444749187653816,24.317253794862978,4675034.374462793,6227343.577464241,32533.685215699246,24.603642512843134,0,109
20260330.0,2028,7,TT,TODAS CONSOLIDADAS,TT,TODAS CONSOLIDADAS,CUSCO,80000,5035.922850223693,76313.61738329909,139046.36452907266,26.45,23.54,1.8927961821438641,1.4,1.65,5261792.375510713,82002,191784,6954650.120587572,118256,321249,34530.067655450606,Indicadores_ocupabilidad_2024.csv,2024-11-01,27.175233671162378,21.86,-0.4999999999999997,-0.8660254037844388,26.821197201835258,25.04892455601261,24.444749187653816,5261792.375510713,6954650.120587572,34530.067655450606,25.438290315167226,0,110
20260330.0,2028,8,TT,TODAS CONSOLIDADAS,TT,TODAS CONSOLIDADAS,CUSCO,80000,5199.016510002474,79412.25626666674,144692.20450487477,26.45,23.54,1.9079840393091492,1.4,1.65,5922193.675028137,82002,191784,7766900.556895839,118256,321249,36648.955210110515,Indicadores_ocupabilidad_2024.csv,2024-11-01,26.829675132024274,21.86,-0.8660254037844385,-0.5000000000000004,27.175233671162378,26.821197201835258,25.04892455601261,5922193.675028137,7766900.556895839,36648.955210110515,26.34845180967008,0,111
20260330.0,2028,9,TT,TODAS CONSOLIDADAS,TT,TODAS CONSOLIDADAS,CUSCO,80000,5367.392129543378,82636.71231424104,150567.28822351276,26.45,23.54,1.923293764326583,1.4,1.65,6665481.155770446,82002,191784,8674015.689463941,118256,321249,38897.865228499475,Indicadores_ocupabilidad_2024.csv,2024-11-01,26.60848985957743,21.86,-1.0,-1.8369701987210297e-16,26.829675132024274,27.175233671162378,26.821197201835258,6665481.155770446,8674015.689463941,38897.865228499475,26.942035335007304,0,112
20260330.0,2028,10,TT,TODAS CONSOLIDADAS,TT,TODAS CONSOLIDADAS,CUSCO,80000,5541.22077067043,85992.0942074156,156680.92390021315,26.45,23.54,1.9387263350677129,1.4,1.65,7502057.76370862,82002,191784,9687074.995992592,118256,321249,41284.776350652915,Indicadores_ocupabilidad_2024.csv,2024-11-01,25.236480018472932,21.86,-0.8660254037844386,0.5000000000000001,26.60848985957743,26.829675132024274,27.175233671162378,7502057.76370862,9687074.995992592,41284.776350652915,26.87113288758803,0,113
20260330.0,2028,11,TT,TODAS CONSOLIDADAS,TT,TODAS CONSOLIDADAS,CUSCO,80000,5720.6790352248,89483.71806053445,163042.79770106665,26.45,23.54,1.9542827372505587,1.4,1.65,8443632.106182951,82002,191784,10818451.953224929,118256,321249,43818.15681428799,Indicadores_ocupabilidad_2024.csv,2024-11-01,24.092435310907966,21.86,-0.5000000000000004,0.8660254037844384,25.236480018472932,26.60848985957743,26.829675132024274,8443632.106182951,10818451.953224929,43818.15681428799,26.22488167002488,0,114
20260330.0,2028,12,TT,TODAS CONSOLIDADAS,TT,TODAS CONSOLIDADAS,CUSCO,80000,5905.949244484085,93117.11584350157,169662.98908934873,26.45,23.54,1.9699639645025735,1.4,1.65,9503382.323907768,82002,191784,12081965.166229606,118256,321249,46506.99449825573,Indicadores_ocupabilidad_2024.csv,2024-11-01,24.10880499057532,21.86,-2.4492935982947064e-16,1.0,24.092435310907966,25.236480018472932,26.60848985957743,9503382.323907768,12081965.166229606,46506.99449825573,25.312468396319442,0,115
20260330.0,2029,1,TT,TODAS CONSOLIDADAS,TT,TODAS CONSOLIDADAS,CUSCO,80000,6145.997381387418,97867.0245878461,178317.5066629122,26.45,23.54,1.9897425604609567,1.4,1.65,11017024.746267162,82002,191784,13870852.468595257,118256,321249,50101.24124170951,Indicadores_ocupabilidad_2024.csv,2024-11-01,25.17926570649839,21.86,0.49999999999999994,0.8660254037844387,24.10880499057532,24.092435310907966,25.236480018472932,11017024.746267162,13870852.468595257,50101.24124170951,24.47924010665207,0,116
20260330.0,2029,2,TT,TODAS CONSOLIDADAS,TT,TODAS CONSOLIDADAS,CUSCO,80000,6395.802308545014,102859.22641521007,187413.49161149445,26.45,23.54,2.0097197351066325,1.4,1.65,12771751.164269058,82002,191784,15924607.09482224,118256,321249,53973.26576444577,Indicadores_ocupabilidad_2024.csv,2024-11-01,24.132655563348226,21.86,0.8660254037844386,0.5000000000000001,25.17926570649839,24.10880499057532,24.092435310907966,12771751.164269058,15924607.09482224,53973.26576444577,24.46016866932722,0,117
20260330.0,2029,3,TT,TODAS CONSOLIDADAS,TT,TODAS CONSOLIDADAS,CUSCO,80000,6655.760592067713,108106.0807078972,196973.46320801275,26.45,23.54,2.0298974821855236,1.4,1.65,14805960.00814796,82002,191784,18282445.992315058,118256,321249,58144.535845437575,Indicadores_ocupabilidad_2024.csv,2024-11-01,24.53988325300946,21.86,1.0,6.123233995736766e-17,24.132655563348226,25.17926570649839,24.10880499057532,14805960.00814796,18282445.992315058,58144.535845437575,24.473575420140648,0,118
20260330.0,2029,4,TT,TODAS CONSOLIDADAS,TT,TODAS CONSOLIDADAS,CUSCO,80000,6926.28491655165,113620.5773009217,207021.089434624,26.45,23.54,2.0502778154609214,1.4,1.65,17164165.58256855,82002,191784,20989392.672086395,118256,321249,62638.178379571524,Indicadores_ocupabilidad_2024.csv,2024-11-01,24.712030703795605,21.86,0.8660254037844387,-0.4999999999999998,24.53988325300946,24.132655563348226,25.17926570649839,17164165.58256855,20989392.672086395,62638.178379571524,24.617268174285357,0,119
20260330.0,2029,5,TT,TODAS CONSOLIDADAS,TT,TODAS CONSOLIDADAS,CUSCO,80000,7207.804740216358,119416.36864143265,217581.24557844078,26.45,23.54,2.070862768914462,1.4,1.65,19897972.166864075,82002,191784,24097136.94372291,118256,321249,67479.10760076848,Indicadores_ocupabilidad_2024.csv,2024-11-01,25.40948824745562,21.86,0.49999999999999994,-0.8660254037844387,24.712030703795605,24.53988325300946,24.132655563348226,19897972.166864075,24097136.94372291,67479.10760076848,24.461523173384432,0,120
20260330.0,2029,6,TT,TODAS CONSOLIDADAS,TT,TODAS CONSOLIDADAS,CUSCO,80000,7500.766976671049,125507.80358859221,228680.0758162175,26.45,23.54,2.09165439694912,1.4,1.65,23067203.264188517,82002,191784,27665021.944954418,118256,321249,72694.1632147004,Indicadores_ocupabilidad_2024.csv,2024-11-01,26.86571391075753,21.86,1.2246467991473532e-16,-1.0,25.40948824745562,24.712030703795605,24.53988325300946,23067203.264188517,27665021.944954418,72694.1632147004,24.887134068086894,0,121
20260330.0,2029,7,TT,TODAS CONSOLIDADAS,TT,TODAS CONSOLIDADAS,CUSCO,80000,7805.636704391374,131909.9629375873,240345.05794047457,26.45,23.54,2.11265477459424,1.4,1.65,26741210.710782085,82002,191784,31761177.31339769,118256,321249,78312.25920695666,Indicadores_ocupabilidad_2024.csv,2024-11-01,27.13766749199569,21.86,-0.4999999999999997,-0.8660254037844388,26.86571391075753,25.40948824745562,24.712030703795605,26741210.710782085,31761177.31339769,78312.25920695666,25.66241095400292,0,122
20260330.0,2029,8,TT,TODAS CONSOLIDADAS,TT,TODAS CONSOLIDADAS,CUSCO,80000,8122.897905032982,138638.69675572278,252605.07138730562,26.45,23.54,2.133865997712628,1.4,1.65,31000392.292403147,82002,191784,36463820.13866681,118256,321249,84364.54415170124,Indicadores_ocupabilidad_2024.csv,2024-11-01,26.66990262150532,21.86,-0.8660254037844385,-0.5000000000000004,27.13766749199569,26.86571391075753,25.40948824745562,31000392.292403147,36463820.13866681,84364.54415170124,26.470956550069616,0,123
20260330.0,2029,9,TT,TODAS CONSOLIDADAS,TT,TODAS CONSOLIDADAS,CUSCO,80000,8453.054231753917,145710.6636230309,265490.4687342862,26.45,23.54,2.15529018320972,1.4,1.65,35937951.07771251,82002,191784,41862748.536849074,118256,321249,90884.5739096248,Indicadores_ocupabilidad_2024.csv,2024-11-01,26.430201269661037,21.86,-1.0,-1.8369701987210297e-16,26.66990262150532,27.13766749199569,26.86571391075753,35937951.07771251,41862748.536849074,90884.5739096248,26.891094674752846,0,124
20260330.0,2029,10,TT,TODAS CONSOLIDADAS,TT,TODAS CONSOLIDADAS,CUSCO,80000,8796.629808765603,153143.371874546,279033.15084549465,26.45,23.54,2.1769294692448526,1.4,1.65,41661934.96785387,82002,191784,48061056.367516786,118256,321249,97908.49767268596,Indicadores_ocupabilidad_2024.csv,2024-11-01,25.229984966318554,21.86,-0.8660254037844386,0.5000000000000001,26.430201269661037,26.66990262150532,27.13766749199569,41661934.96785387,48061056.367516786,97908.49767268596,26.74592379438735,0,125
20260330.0,2029,11,TT,TODAS CONSOLIDADAS,TT,TODAS CONSOLIDADAS,CUSCO,80000,9154.170063381685,160955.22294634953,293266.64584968425,26.45,23.54,2.1987860154446524,1.4,1.65,48297601.0934056,82002,191784,55177101.836216055,118256,321249,105475.2583871351,Indicadores_ocupabilidad_2024.csv,2024-11-01,24.125502542863924,21.86,-0.5000000000000004,0.8660254037844384,25.229984966318554,26.430201269661037,26.66990262150532,48297601.0934056,55177101.836216055,105475.2583871351,26.110029619161637,0,126
20260330.0,2029,12,TT,TODAS CONSOLIDADAS,TT,TODAS CONSOLIDADAS,CUSCO,80000,9526.24259188561,169165.55693269952,308226.1921471357,26.45,23.54,2.220862003118571,1.4,1.65,55990156.79846844,82002,191784,63346767.57337909,118256,321249,113626.80866603185,Indicadores_ocupabilidad_2024.csv,2024-11-01,24.27701040737689,21.86,-2.4492935982947064e-16,1.0,24.125502542863924,25.229984966318554,26.430201269661037,55990156.79846844,63346767.57337909,113626.80866603185,25.261896259614506,0,127
20260330.0,2030,1,TT,TODAS CONSOLIDADAS,TT,TODAS CONSOLIDADAS,CUSCO,80000,9992.745565076248,179572.64747170126,327188.3139072003,26.45,23.54,2.2476459547475347,1.4,1.65,66855175.30823005,82002,191784,74762384.89611997,118256,321249,124244.4685391717,Indicadores_ocupabilidad_2024.csv,2024-11-01,25.534335351585625,21.86,0.49999999999999994,0.8660254037844387,24.27701040737689,24.125502542863924,25.229984966318554,66855175.30823005,74762384.89611997,124244.4685391717,24.54416597218646,0,128
20260330.0,2030,2,TT,TODAS CONSOLIDADAS,TT,TODAS CONSOLIDADAS,CUSCO,80000,10482.093329578527,190619.98378798063,347316.9882536586,26.45,23.54,2.2747529251250094,1.4,1.65,79828575.61164099,82002,191784,88235191.93589427,118256,321249,135854.27720629054,Indicadores_ocupabilidad_2024.csv,2024-11-01,24.20361117248731,21.86,0.8660254037844386,0.5000000000000001,25.534335351585625,24.27701040737689,24.125502542863924,79828575.61164099,88235191.93589427,135854.27720629054,24.645616100608816,0,129
20260330.0,2030,3,TT,TODAS CONSOLIDADAS,TT,TODAS CONSOLIDADAS,CUSCO,80000,10995.404601713812,202346.9538981774,368683.98167730944,26.45,23.54,2.3021868099088625,1.4,1.65,95319494.03771886,82002,191784,104135911.48519062,118256,321249,148548.94428901453,Indicadores_ocupabilidad_2024.csv,2024-11-01,24.70196642269061,21.86,1.0,6.123233995736766e-17,24.20361117248731,25.534335351585625,24.27701040737689,95319494.03771886,104135911.48519062,148548.94428901453,24.671652310483278,0,130
20260330.0,2030,4,TT,TODAS CONSOLIDADAS,TT,TODAS CONSOLIDADAS,CUSCO,80000,11533.852881679166,214795.3689756469,391365.4757542739,26.45,23.54,2.3299515517392195,1.4,1.65,113816460.75972055,82002,191784,122902073.68427534,118256,321249,162429.84249861343,Indicadores_ocupabilidad_2024.csv,2024-11-01,24.90834628906673,21.86,0.8660254037844387,-0.4999999999999998,24.70196642269061,24.20361117248731,25.534335351585625,113816460.75972055,122902073.68427534,162429.84249861343,24.813304315587846,0,131
20260330.0,2030,5,TT,TODAS CONSOLIDADAS,TT,TODAS CONSOLIDADAS,CUSCO,80000,12098.669136330278,228009.6124234261,415442.3387627089,26.45,23.54,2.3580511408050784,1.4,1.65,135902806.35294715,82002,191784,145050055.2640109,118256,321249,177607.81714337278,Indicadores_ocupabilidad_2024.csv,2024-11-01,25.86975626039598,21.86,0.49999999999999994,-0.8660254037844387,24.90834628906673,24.70196642269061,24.20361117248731,135902806.35294715,145050055.2640109,177607.81714337278,24.60464129474822,0,132
20260330.0,2030,6,TT,TODAS CONSOLIDADAS,TT,TODAS CONSOLIDADAS,CUSCO,80000,12691.144613341063,242036.79811819093,441000.4140094225,26.45,23.54,2.386489615417755,1.4,1.65,162275058.03047252,82002,191784,171189288.36092138,118256,321249,194204.0712789771,Indicadores_ocupabilidad_2024.csv,2024-11-01,27.74470899486614,21.86,1.2246467991473532e-16,-1.0,25.86975626039598,24.90834628906673,24.70196642269061,162275058.03047252,171189288.36092138,194204.0712789771,25.160022990717778,0,133
20260330.0,2030,7,TT,TODAS CONSOLIDADAS,TT,TODAS CONSOLIDADAS,CUSCO,80000,13312.633793173514,256926.9383894059,468130.8258943856,26.45,23.54,2.4152710625912475,1.4,1.65,193764905.71066248,82002,191784,202039029.87956938,118256,321249,212351.1335702338,Indicadores_ocupabilidad_2024.csv,2024-11-01,27.512336890108635,21.86,-0.4999999999999997,-0.8660254037844388,27.74470899486614,25.86975626039598,24.90834628906673,193764905.71066248,202039029.87956938,212351.1335702338,26.174270514776282,0,134
20260330.0,2030,8,TT,TODAS CONSOLIDADAS,TT,TODAS CONSOLIDADAS,CUSCO,80000,13964.557485606412,272733.122332576,496930.3048043788,26.45,23.54,2.4443996186295966,1.4,1.65,231365430.65054172,82002,191784,238448152.83428538,118256,321249,232193.91659295594,Indicadores_ocupabilidad_2024.csv,2024-11-01,27.326953845210202,21.86,-0.8660254037844385,-0.5000000000000004,27.512336890108635,27.74470899486614,25.86975626039598,231365430.65054172,238448152.83428538,232193.91659295594,27.042267381790253,0,135
20260330.0,2030,9,TT,TODAS CONSOLIDADAS,TT,TODAS CONSOLIDADAS,CUSCO,80000,14648.406077901971,289511.70509235706,527501.531994145,26.45,23.54,2.4738794697213335,1.4,1.65,276262423.8057005,82002,191784,281418504.256203,118256,321249,253890.87402702685,Indicadores_ocupabilidad_2024.csv,2024-11-01,26.850901766876497,21.86,-1.0,-1.8369701987210297e-16,27.326953845210202,27.512336890108635,27.74470899486614,276262423.8057005,281418504.256203,253890.87402702685,27.527999910061663,0,136
20260330.0,2030,10,TT,TODAS CONSOLIDADAS,TT,TODAS CONSOLIDADAS,CUSCO,80000,15365.742942036191,307322.5087903912,559953.5056846831,26.45,23.54,2.503714852541094,1.4,1.65,329871781.58986455,82002,191784,332132472.390498,118256,321249,277615.26598136185,Indicadores_ocupabilidad_2024.csv,2024-11-01,25.384244459741456,21.86,-0.8660254037844386,0.5000000000000001,26.850901766876497,27.326953845210202,27.512336890108635,329871781.58986455,332132472.390498,277615.26598136185,27.23006416739845,0,137
20260330.0,2030,11,TT,TODAS CONSOLIDADAS,TT,TODAS CONSOLIDADAS,CUSCO,80000,16118.208008782312,326229.03581425326,594401.9296839628,26.45,23.54,2.5339100548584885,1.4,1.65,393884158.36749053,82002,191784,391985521.7331304,118256,321249,303556.5425549644,Indicadores_ocupabilidad_2024.csv,2024-11-01,24.38638614861128,21.86,-0.5000000000000004,0.8660254037844384,25.384244459741456,26.850901766876497,27.326953845210202,393884158.36749053,391985521.7331304,303556.5425549644,26.52070002394272,0,138
20260330.0,2030,12,TT,TODAS CONSOLIDADAS,TT,TODAS CONSOLIDADAS,CUSCO,80000,16907.521516818197,346298.6952279652,630969.6259156453,26.45,23.54,2.5644694161543153,1.4,1.65,470318283.8650944,82002,191784,462624591.1533169,118256,321249,331921.8566824432,Indicadores_ocupabilidad_2024.csv,2024-11-01,24.39999283615098,21.86,-2.4492935982947064e-16,1.0,24.38638614861128,25.384244459741456,26.850901766876497,470318283.8650944,462624591.1533169,331921.8566824432,25.540510791743078,0,139
20260330.0,2025,1,TT,TODAS CONSOLIDADAS,TT,TODAS CONSOLIDADAS,HUANCAVELICA,90000,248.976,2796.69,4303.61,15.98,13.14,1.1222400000000001,1.12,1.57,15320.220000000001,14829,45,17472.916,16924,73,326.83,Indicadores_ocupabilidad_2024.csv,2024-11-01,17.174247359261173,15.53,0.49999999999999994,0.8660254037844387,16.27,17.73,16.56,15320.220000000001,17472.916,326.83,16.853333333333335,0,68
20260330.0,2025,2,TT,TODAS CONSOLIDADAS,TT,TODAS CONSOLIDADAS,HUANCAVELICA,90000,250.967808,2824.6569,4346.6461,15.98,13.14,1.1244844800000002,1.12,1.57,15779.826600000002,14829,45,17962.157648,16924,73,331.73245,Indicadores_ocupabilidad_2024.csv,2024-11-01,16.865514838295372,15.53,0.8660254037844386,0.5000000000000001,17.174247359261173,16.27,17.73,15779.826600000002,17962.157648,331.73245,17.058082453087057,0,69
20260330.0,2025,3,TT,TODAS CONSOLIDADAS,TT,TODAS CONSOLIDADAS,HUANCAVELICA,90000,252.97555046399998,2852.903469,4390.112561,15.98,13.14,1.1267334489600003,1.12,1.57,16253.221398000003,14829,45,18465.098062144,16924,73,336.7084367499999,Indicadores_ocupabilidad_2024.csv,2024-11-01,17.27304162155069,15.53,1.0,6.123233995736766e-17,16.865514838295372,17.174247359261173,16.27,16253.221398000003,18465.098062144,336.7084367499999,16.769920732518845,0,70
20260330.0,2025,4,TT,TODAS CONSOLIDADAS,TT,TODAS CONSOLIDADAS,HUANCAVELICA,90000,254.999354867712,2881.43250369,4434.01368661,15.98,13.14,1.1289869158579202,1.12,1.57,16740.818039940004,14829,45,18982.120807884032,16924,73,341.7590633012499,Indicadores_ocupabilidad_2024.csv,2024-11-01,17.083156940828147,15.53,0.8660254037844387,-0.4999999999999998,17.27304162155069,16.865514838295372,17.174247359261173,16740.818039940004,18982.120807884032,341.7590633012499,17.10426793970241,0,71
20260330.0,2025,5,TT,TODAS CONSOLIDADAS,TT,TODAS CONSOLIDADAS,HUANCAVELICA,90000,257.0393497066537,2910.2468287269,4478.3538234761,15.98,13.14,1.131244889689636,1.12,1.57,17243.042581138205,14829,45,19513.620190504786,16924,73,346.8854492507686,Indicadores_ocupabilidad_2024.csv,2024-11-01,17.280341357825755,15.53,0.49999999999999994,-0.8660254037844387,17.083156940828147,17.27304162155069,16.865514838295372,17243.042581138205,19513.620190504786,346.8854492507686,17.073904466891403,0,72
20260330.0,2025,6,TT,TODAS CONSOLIDADAS,TT,TODAS CONSOLIDADAS,HUANCAVELICA,90000,259.0956645043069,2939.3492970141688,4523.137361710861,15.98,13.14,1.1335073794690154,1.12,1.57,17760.33385857235,14829,45,20060.00155583892,16924,73,352.0887309895301,Indicadores_ocupabilidad_2024.csv,2024-11-01,17.911700132586322,15.53,1.2246467991473532e-16,-1.0,17.280341357825755,17.083156940828147,17.27304162155069,17760.33385857235,20060.00155583892,352.0887309895301,17.21217997340153,0,73
20260330.0,2025,7,TT,TODAS CONSOLIDADAS,TT,TODAS CONSOLIDADAS,HUANCAVELICA,90000,261.1684298203414,2968.7427899843105,4568.36873532797,15.98,13.14,1.1357743942279535,1.12,1.57,18293.143874329522,14829,45,20621.68159940241,16924,73,357.37006195437306,Indicadores_ocupabilidad_2024.csv,2024-11-01,18.310958136362895,15.53,-0.4999999999999997,-0.8660254037844388,17.911700132586322,17.280341357825755,17.083156940828147,18293.143874329522,20621.68159940241,357.37006195437306,17.425066143746744,0,74
20260330.0,2025,8,TT,TODAS CONSOLIDADAS,TT,TODAS CONSOLIDADAS,HUANCAVELICA,90000,263.2577772589041,2998.4302178841535,4614.0524226812495,15.98,13.14,1.1380459430164094,1.12,1.57,18841.93819055941,14829,45,21199.088684185677,16924,73,362.7306128836886,Indicadores_ocupabilidad_2024.csv,2024-11-01,18.633929343956623,15.53,-0.8660254037844385,-0.5000000000000004,18.310958136362895,17.911700132586322,17.280341357825755,18841.93819055941,21199.088684185677,362.7306128836886,17.834333208924992,0,75
20260330.0,2025,9,TT,TODAS CONSOLIDADAS,TT,TODAS CONSOLIDADAS,HUANCAVELICA,90000,265.3638394769754,3028.414520062995,4660.192946908062,15.98,13.14,1.140322034902442,1.12,1.57,19407.196336276193,14829,45,21792.66316734288,16924,73,368.1715720769439,Indicadores_ocupabilidad_2024.csv,2024-11-01,19.117899377474572,15.53,-1.0,-1.8369701987210297e-16,18.633929343956623,18.310958136362895,17.911700132586322,19407.196336276193,21792.66316734288,368.1715720769439,18.285529204301948,0,76
20260330.0,2025,10,TT,TODAS CONSOLIDADAS,TT,TODAS CONSOLIDADAS,HUANCAVELICA,90000,267.4867501927912,3058.698665263625,4706.794876377143,15.98,13.14,1.142602678972247,1.12,1.57,19989.41222636448,14829,45,22402.85773602848,16924,73,373.694145658098,Indicadores_ocupabilidad_2024.csv,2024-11-01,18.51895066609319,15.53,-0.8660254037844386,0.5000000000000001,19.117899377474572,18.633929343956623,18.310958136362895,19989.41222636448,22402.85773602848,373.694145658098,18.687595619264698,0,77
20260330.0,2025,11,TT,TODAS CONSOLIDADAS,TT,TODAS CONSOLIDADAS,HUANCAVELICA,90000,269.62664419433355,3089.2856519162615,4753.8628251409145,15.98,13.14,1.1448878843301915,1.12,1.57,20589.094593155412,14829,45,23030.137752637278,16924,73,379.2995578429695,Indicadores_ocupabilidad_2024.csv,2024-11-01,18.236095523261643,15.53,-0.5000000000000004,0.8660254037844384,18.51895066609319,19.117899377474572,18.633929343956623,20589.094593155412,23030.137752637278,379.2995578429695,18.75692646250813,0,78
20260330.0,2025,12,TT,TODAS CONSOLIDADAS,TT,TODAS CONSOLIDADAS,HUANCAVELICA,90000,271.7836573478882,3120.178508435424,4801.401453392324,15.98,13.14,1.147177660098852,1.12,1.57,21206.767430950076,14829,45,23674.98160971112,16924,73,384.989051210614,Indicadores_ocupabilidad_2024.csv,2024-11-01,18.0295973096317,15.53,-2.4492935982947064e-16,1.0,18.236095523261643,18.51895066609319,19.117899377474572,21206.767430950076,23674.98160971112,384.989051210614,18.624315188943132,0,79
20260330.0,2026,1,TT,TODAS CONSOLIDADAS,TT,TODAS CONSOLIDADAS,HUANCAVELICA,90000,276.1495900195247,3182.894096454976,4897.90962260551,15.98,13.14,1.1517709594498875,1.12,1.57,22498.259567494933,14829,45,25019.341765436955,16924,73,396.6253452834547,Indicadores_ocupabilidad_2024.csv,2024-11-01,17.979882500218597,15.53,0.49999999999999994,0.8660254037844387,18.0295973096317,18.236095523261643,18.51895066609319,22498.259567494933,25019.341765436955,396.6253452834547,18.26154783299551,0,80
20260330.0,2026,2,TT,TODAS CONSOLIDADAS,TT,TODAS CONSOLIDADAS,HUANCAVELICA,90000,280.58565703359835,3246.8702677937213,4996.35760601988,15.98,13.14,1.1563826503715247,1.12,1.57,23868.403575155375,14829,45,26440.040068245526,16924,73,408.613346344647,Indicadores_ocupabilidad_2024.csv,2024-11-01,17.8343136001355,15.53,0.8660254037844386,0.5000000000000001,17.979882500218597,18.0295973096317,18.236095523261643,23868.403575155375,26440.040068245526,408.613346344647,18.08185844437065,0,81
20260330.0,2026,3,TT,TODAS CONSOLIDADAS,TT,TODAS CONSOLIDADAS,HUANCAVELICA,90000,285.0929850281861,3312.132360176375,5096.78439390088,15.98,13.14,1.161012806503612,1.12,1.57,25321.989352882338,14829,45,27941.411303480778,16924,73,420.96368473791387,Indicadores_ocupabilidad_2024.csv,2024-11-01,18.208236976985717,15.53,1.0,6.123233995736766e-17,17.8343136001355,17.979882500218597,18.0295973096317,25321.989352882338,27941.411303480778,420.96368473791387,17.947931136661932,0,82
20260330.0,2026,4,TT,TODAS CONSOLIDADAS,TT,TODAS CONSOLIDADAS,HUANCAVELICA,90000,289.6727187396789,3378.7062206159203,5199.229760218288,15.98,13.14,1.1656615017808525,1.12,1.57,26864.09850447287,14829,45,29528.03640293763,16924,73,433.6873121091172,Indicadores_ocupabilidad_2024.csv,2024-11-01,18.58631599963618,15.53,0.8660254037844387,-0.4999999999999998,18.208236976985717,17.8343136001355,17.979882500218597,26864.09850447287,29528.03640293763,433.6873121091172,18.007477692446603,0,83
20260330.0,2026,5,TT,TODAS CONSOLIDADAS,TT,TODAS CONSOLIDADAS,HUANCAVELICA,90000,294.3260212935131,3446.6182156503005,5303.734278398676,15.98,13.14,1.1703288104339828,1.12,1.57,28500.122103395264,14829,45,31204.75642204204,16924,73,446.79551111761515,Indicadores_ocupabilidad_2024.csv,2024-11-01,19.073384642718676,15.53,0.49999999999999994,-0.8660254037844387,18.58631599963618,18.208236976985717,17.8343136001355,28500.122103395264,31204.75642204204,446.79551111761515,18.209622192252468,0,84
20260330.0,2026,6,TT,TODAS CONSOLIDADAS,TT,TODAS CONSOLIDADAS,HUANCAVELICA,90000,299.05407449957215,3515.8952417848714,5410.339337394489,15.98,13.14,1.1750148069909605,1.12,1.57,30235.779539492036,14829,45,32976.68731071127,16924,73,460.299905441145,Indicadores_ocupabilidad_2024.csv,2024-11-01,19.918729598884248,15.53,1.2246467991473532e-16,-1.0,19.073384642718676,18.58631599963618,18.208236976985717,30235.779539492036,32976.68731071127,460.299905441145,18.622645873113523,0,85
20260330.0,2026,7,TT,TODAS CONSOLIDADAS,TT,TODAS CONSOLIDADAS,HUANCAVELICA,90000,303.8580791523333,3586.5647361447473,5519.087158076119,15.98,13.14,1.179719566278152,1.12,1.57,32077.1385134471,14829,45,34849.2355229627,16924,73,474.2124700831034,Indicadores_ocupabilidad_2024.csv,2024-11-01,20.06853020187143,15.53,-0.4999999999999997,-0.8660254037844388,19.918729598884248,19.073384642718676,18.58631599963618,32077.1385134471,34849.2355229627,474.2124700831034,19.192810080413036,0,86
20260330.0,2026,8,TT,TODAS CONSOLIDADAS,TT,TODAS CONSOLIDADAS,HUANCAVELICA,90000,308.7392553358364,3658.6546873412567,5630.020809953448,15.98,13.14,1.1844431634215298,1.12,1.57,34030.636248916024,14829,45,36828.11451289861,16924,73,488.5455419913651,Indicadores_ocupabilidad_2024.csv,2024-11-01,20.341498520105173,15.53,-0.8660254037844385,-0.5000000000000004,20.06853020187143,19.918729598884248,19.073384642718676,34030.636248916024,36828.11451289861,488.5455419913651,19.68688148115812,0,87
20260330.0,2026,9,TT,TODAS CONSOLIDADAS,TT,TODAS CONSOLIDADAS,HUANCAVELICA,90000,313.6988427335513,3732.193646556816,5743.184228233513,15.98,13.14,1.1891856738478694,1.12,1.57,36103.10199647501,14829,45,38919.36216739904,16924,73,503.31183099805395,Indicadores_ocupabilidad_2024.csv,2024-11-01,20.22688485800718,15.53,-1.0,-1.8369701987210297e-16,20.341498520105173,20.06853020187143,19.918729598884248,36103.10199647501,38919.36216739904,503.31183099805395,20.109586106953618,0,88
20260330.0,2026,10,TT,TODAS CONSOLIDADAS,TT,TODAS CONSOLIDADAS,HUANCAVELICA,90000,318.7381009432231,3807.210738852608,5858.622231221007,15.98,13.14,1.1939471732859561,1.12,1.57,38301.78090806033,14829,45,41129.35922871263,16924,73,518.52443108997,Indicadores_ocupabilidad_2024.csv,2024-11-01,19.686583719044787,15.53,-0.8660254037844386,0.5000000000000001,20.22688485800718,20.341498520105173,20.06853020187143,38301.78090806033,41129.35922871263,518.52443108997,20.21230452666126,0,89
20260330.0,2026,11,TT,TODAS CONSOLIDADAS,TT,TODAS CONSOLIDADAS,HUANCAVELICA,90000,323.8583097967751,3883.735674703545,5976.380538068549,15.98,13.14,1.198727737767793,1.12,1.57,40634.359365361204,14829,45,43464.848763155846,16924,73,534.1968320196642,Indicadores_ocupabilidad_2024.csv,2024-11-01,18.734305904259237,15.53,-0.5000000000000004,0.8660254037844384,19.686583719044787,20.22688485800718,20.341498520105173,40634.359365361204,43464.848763155846,534.1968320196642,20.08498903238571,0,90
20260330.0,2026,12,TT,TODAS CONSOLIDADAS,TT,TODAS CONSOLIDADAS,HUANCAVELICA,90000,329.0607696853505,3961.7987617650865,6096.505786883727,15.98,13.14,1.2035274436298151,1.12,1.57,43108.991850711696,14829,45,45932.956735322885,16924,73,550.3429312674583,Indicadores_ocupabilidad_2024.csv,2024-11-01,18.31422320172123,15.53,-2.4492935982947064e-16,1.0,18.734305904259237,19.686583719044787,20.22688485800718,43108.991850711696,45932.956735322885,550.3429312674583,19.549258160437066,0,91
20260330.0,2027,1,TT,TODAS CONSOLIDADAS,TT,TODAS CONSOLIDADAS,HUANCAVELICA,90000,337.0215763046926,4081.845226045331,6281.236008732091,15.98,13.14,1.210763060249137,1.12,1.57,47106.35933805264,14829,45,49900.36773559774,16924,73,575.4817020604922,Indicadores_ocupabilidad_2024.csv,2024-11-01,18.43701351367506,15.53,0.49999999999999994,0.8660254037844387,18.31422320172123,18.734305904259237,19.686583719044787,47106.35933805264,49900.36773559774,575.4817020604922,18.911704275008418,0,92
20260330.0,2027,2,TT,TODAS CONSOLIDADAS,TT,TODAS CONSOLIDADAS,HUANCAVELICA,90000,345.1749748337028,4205.529218239731,6471.5637410326835,15.98,13.14,1.2180421774534593,1.12,1.57,51474.39072039225,14829,45,54210.45970317461,16924,73,601.7687710528495,Indicadores_ocupabilidad_2024.csv,2024-11-01,18.31358886363208,15.53,0.8660254037844386,0.5000000000000001,18.43701351367506,18.31422320172123,18.734305904259237,51474.39072039225,54210.45970317461,601.7687710528495,18.49518087321851,0,93
20260330.0,2027,3,TT,TODAS CONSOLIDADAS,TT,TODAS CONSOLIDADAS,HUANCAVELICA,90000,353.5256245544668,4332.9609590816135,6667.658593949715,15.98,13.14,1.225365056768647,1.12,1.57,56247.45654872206,14829,45,58892.831347474545,16924,73,629.2565906402905,Indicadores_ocupabilidad_2024.csv,2024-11-01,18.735472166078146,15.53,1.0,6.123233995736766e-17,18.31358886363208,18.43701351367506,18.31422320172123,56247.45654872206,58892.831347474545,629.2565906402905,18.35494185967612,0,94
20260330.0,2027,4,TT,TODAS CONSOLIDADAS,TT,TODAS CONSOLIDADAS,HUANCAVELICA,90000,362.0782974688082,4464.254009102746,6869.6953170049865,15.98,13.14,1.2327319612928604,1.12,1.57,61463.11445211541,14829,45,63979.6379354254,16924,73,658.0000091587789,Indicadores_ocupabilidad_2024.csv,2024-11-01,19.20967135286848,15.53,0.8660254037844387,-0.4999999999999998,18.735472166078146,18.31358886363208,18.43701351367506,61463.11445211541,63979.6379354254,658.0000091587789,18.495358181128427,0,95
20260330.0,2027,5,TT,TODAS CONSOLIDADAS,TT,TODAS CONSOLIDADAS,HUANCAVELICA,90000,370.83788102526194,4599.525369832569,7077.853954805555,15.98,13.14,1.2401431557060087,1.12,1.57,67162.40466591672,14829,45,69505.81211143722,16924,73,688.0563803271367,Indicadores_ocupabilidad_2024.csv,2024-11-01,19.5772492193876,15.53,0.49999999999999994,-0.8660254037844387,19.20967135286848,18.735472166078146,18.31358886363208,67162.40466591672,69505.81211143722,688.0563803271367,18.7529107941929,0,96
20260330.0,2027,6,TT,TODAS CONSOLIDADAS,TT,TODAS CONSOLIDADAS,HUANCAVELICA,90000,379.8093809120201,4738.895588063866,7292.320007490119,15.98,13.14,1.2475989062792583,1.12,1.57,73390.17296337319,14829,45,75509.30379047152,16924,73,719.485677688862,Indicadores_ocupabilidad_2024.csv,2024-11-01,20.76145476809398,15.53,1.2246467991473532e-16,-1.0,19.5772492193876,19.20967135286848,18.735472166078146,73390.17296337319,75509.30379047152,719.485677688862,19.174130912778075,0,97
20260330.0,2027,7,TT,TODAS CONSOLIDADAS,TT,TODAS CONSOLIDADAS,HUANCAVELICA,90000,388.9979239174467,4882.48886327779,7513.284596037078,15.98,13.14,1.2550994808846003,1.12,1.57,80195.42353174789,14829,45,82031.34077162312,16924,73,752.3506142814626,Indicadores_ocupabilidad_2024.csv,2024-11-01,21.2532592389139,15.53,-0.4999999999999997,-0.8660254037844388,20.76145476809398,19.5772492193876,19.20967135286848,80195.42353174789,82031.34077162312,752.3506142814626,19.849458446783355,0,98
20260330.0,2027,8,TT,TODAS CONSOLIDADAS,TT,TODAS CONSOLIDADAS,HUANCAVELICA,90000,398.4087608597946,5030.433158323971,7740.944632581598,15.98,13.14,1.2626451490044743,1.12,1.57,87631.70456957628,14829,45,89116.71186192693,16924,73,786.7167677720913,Indicadores_ocupabilidad_2024.csv,2024-11-01,21.195208841703522,15.53,-0.8660254037844385,-0.5000000000000004,21.2532592389139,20.76145476809398,19.5772492193876,87631.70456957628,89116.71186192693,786.7167677720913,20.530654408798494,0,99
20260330.0,2027,9,TT,TODAS CONSOLIDADAS,TT,TODAS CONSOLIDADAS,HUANCAVELICA,90000,408.04726958780026,5182.860313454346,7975.502995893454,15.98,13.14,1.2702361817414503,1.12,1.57,95757.52963919938,14829,45,96814.07445468684,16924,73,822.6527113091726,Indicadores_ocupabilidad_2024.csv,2024-11-01,21.242175862264762,15.53,-1.0,-1.8369701987210297e-16,21.195208841703522,21.2532592389139,20.76145476809398,95757.52963919938,96814.07445468684,822.6527113091726,21.0699742829038,0,100
20260330.0,2027,10,TT,TODAS CONSOLIDADAS,TT,TODAS CONSOLIDADAS,HUANCAVELICA,90000,417.9189580538703,5339.906163812328,8217.168712172022,15.98,13.14,1.2778728518279692,1.12,1.57,104636.83809005341,14829,45,105176.28867456038,16924,73,860.2301503511194,Indicadores_ocupabilidad_2024.csv,2024-11-01,20.775183920399083,15.53,-0.8660254037844386,0.5000000000000001,21.242175862264762,21.195208841703522,21.2532592389139,104636.83809005341,105176.28867456038,860.2301503511194,21.230214647627395,0,101
20260330.0,2027,11,TT,TODAS CONSOLIDADAS,TT,TODAS CONSOLIDADAS,HUANCAVELICA,90000,428.02946746161604,5501.710660482006,8466.157141319549,15.98,13.14,1.2855554336361417,1.12,1.57,114339.4981756298,14829,45,114260.780384075,16924,73,899.5240657451639,Indicadores_ocupabilidad_2024.csv,2024-11-01,20.130200166725412,15.53,-0.5000000000000004,0.8660254037844384,20.775183920399083,21.242175862264762,21.195208841703522,114339.4981756298,114260.780384075,899.5240657451639,21.070856208122454,0,102
20260330.0,2027,12,TT,TODAS CONSOLIDADAS,TT,TODAS CONSOLIDADAS,HUANCAVELICA,90000,438.38457548953477,5668.417995205272,8722.690168858673,15.98,13.14,1.2932842031876055,1.12,1.57,124941.85682296142,14829,45,124129.93554445163,16924,73,940.6128633417958,Indicadores_ocupabilidad_2024.csv,2024-11-01,19.155739403041533,15.53,-2.4492935982947064e-16,1.0,20.130200166725412,20.775183920399083,21.242175862264762,124941.85682296142,124129.93554445163,940.6128633417958,20.715853316463086,0,103
20260330.0,2028,1,TT,TODAS CONSOLIDADAS,TT,TODAS CONSOLIDADAS,HUANCAVELICA,90000,452.5821211894217,5898.578496166767,9076.866367701912,15.98,13.14,1.30366155703977,1.12,1.57,140623.16059200172,14829,45,138627.37144082127,16924,73,998.3322083999959,Indicadores_ocupabilidad_2024.csv,2024-11-01,19.41215500527862,15.53,0.49999999999999994,0.8660254037844387,19.155739403041533,20.130200166725412,20.775183920399083,140623.16059200172,138627.37144082127,998.3322083999959,20.02037449672201,0,104
20260330.0,2028,2,TT,TODAS CONSOLIDADAS,TT,TODAS CONSOLIDADAS,HUANCAVELICA,90000,467.2394693439805,6138.084436410907,9445.423540464744,15.98,13.14,1.3141221791114857,1.12,1.57,158272.60613634277,14829,45,154817.997997828,16924,73,1059.5934174107167,Indicadores_ocupabilidad_2024.csv,2024-11-01,19.13315148087588,15.53,0.8660254037844386,0.5000000000000001,19.41215500527862,19.155739403041533,20.130200166725412,158272.60613634277,154817.997997828,1059.5934174107167,19.56603152501519,0,105
20260330.0,2028,3,TT,TODAS CONSOLIDADAS,TT,TODAS CONSOLIDADAS,HUANCAVELICA,90000,482.37151113946203,6387.31527824778,9828.94561235601,15.98,13.14,1.324666737549612,1.12,1.57,178137.21258811388,14829,45,172899.56705474612,16924,73,1124.6138317219156,Indicadores_ocupabilidad_2024.csv,2024-11-01,19.807444644793634,15.53,1.0,6.123233995736766e-17,19.13315148087588,19.41215500527862,19.155739403041533,178137.21258811388,172899.56705474612,1124.6138317219156,19.233681963065347,0,106
20260330.0,2028,4,TT,TODAS CONSOLIDADAS,TT,TODAS CONSOLIDADAS,HUANCAVELICA,90000,497.9936200288509,6646.665891678906,10228.04021828957,15.98,13.14,1.3352959058622405,1.12,1.57,200495.00215676508,14829,45,193092.9263672435,16924,73,1193.6241295183581,Indicadores_ocupabilidad_2024.csv,2024-11-01,20.203716960088133,15.53,0.8660254037844387,-0.4999999999999998,19.807444644793634,19.13315148087588,19.41215500527862,200495.00215676508,193092.9263672435,1193.6241295183581,19.45091704364938,0,107
20260330.0,2028,5,TT,TODAS CONSOLIDADAS,TT,TODAS CONSOLIDADAS,HUANCAVELICA,90000,514.1216673505809,6916.547180011295,10643.339665593403,15.98,13.14,1.3460103629617128,1.12,1.57,225658.89128840814,14829,45,215644.71703541052,16924,73,1266.869144217279,Indicadores_ocupabilidad_2024.csv,2024-11-01,20.910465751836988,15.53,0.49999999999999994,-0.8660254037844387,20.203716960088133,19.807444644793634,19.13315148087588,225658.89128840814,215644.71703541052,1266.869144217279,19.714771028585883,0,108
20260330.0,2028,6,TT,TODAS CONSOLIDADAS,TT,TODAS CONSOLIDADAS,HUANCAVELICA,90000,530.7720384530792,7197.386730873945,11075.501935808554,15.98,13.14,1.3568107932079856,1.12,1.57,253981.07019993564,14829,45,240830.38597094375,16924,73,1344.608733083706,Indicadores_ocupabilidad_2024.csv,2024-11-01,22.714424450914613,15.53,1.2246467991473532e-16,-1.0,20.910465751836988,20.203716960088133,19.807444644793634,253981.07019993564,240830.38597094375,1344.608733083706,20.307209118906254,0,109
20260330.0,2028,7,TT,TODAS CONSOLIDADAS,TT,TODAS CONSOLIDADAS,HUANCAVELICA,90000,547.9616493415207,7489.629493668219,11525.211727165144,15.98,13.14,1.367697886452341,1.12,1.57,285857.9320832561,14829,45,268957.5501976699,16924,73,1427.1186991471047,Indicadores_ocupabilidad_2024.csv,2024-11-01,22.584012983733015,15.53,-0.4999999999999997,-0.8660254037844388,22.714424450914613,20.910465751836988,20.203716960088133,285857.9320832561,268957.5501976699,1427.1186991471047,21.276202387613242,0,110
20260330.0,2028,8,TT,TODAS CONSOLIDADAS,TT,TODAS CONSOLIDADAS,HUANCAVELICA,90000,565.7079638637052,7793.738484525418,11993.181539387075,15.98,13.14,1.3786723380814503,1.12,1.57,321735.6209680864,14829,45,300369.75407687854,16924,73,1514.6917696901016,Indicadores_ocupabilidad_2024.csv,2024-11-01,22.438344470713517,15.53,-0.8660254037844385,-0.5000000000000004,22.584012983733015,22.714424450914613,20.910465751836988,321735.6209680864,300369.75407687854,1514.6917696901016,22.06963439549487,0,111
20260330.0,2028,9,TT,TODAS CONSOLIDADAS,TT,TODAS CONSOLIDADAS,HUANCAVELICA,90000,584.0290114525172,8110.195519888473,12480.152802544164,15.98,13.14,1.3897348490617896,1.12,1.57,362116.27589040203,14829,45,335450.6653481042,16924,73,1607.6386347807504,Indicadores_ocupabilidad_2024.csv,2024-11-01,22.356956947551915,15.53,-1.0,-1.8369701987210297e-16,22.438344470713517,22.584012983733015,22.714424450914613,362116.27589040203,335450.6653481042,1607.6386347807504,22.578927301787047,0,112
20260330.0,2028,10,TT,TODAS CONSOLIDADAS,TT,TODAS CONSOLIDADAS,HUANCAVELICA,90000,602.9434054429938,8439.50197987998,12986.897051740196,15.98,13.14,1.4008861259844125,1.12,1.57,407565.0587590381,14829,45,374628.7612356765,16924,73,1706.2890495328243,Indicadores_ocupabilidad_2024.csv,2024-11-01,21.76848134153319,15.53,-0.8660254037844386,0.5000000000000001,22.356956947551915,22.438344470713517,22.584012983733015,407565.0587590381,374628.7612356765,1706.2890495328243,22.459771467332814,0,113
20260330.0,2028,11,TT,TODAS CONSOLIDADAS,TT,TODAS CONSOLIDADAS,HUANCAVELICA,90000,622.4703619826103,8782.179602666047,13514.217149498025,15.98,13.14,1.4121268811100818,1.12,1.57,458718.06428146514,14829,45,418382.5618570074,16924,73,1810.9930040047143,Indicadores_ocupabilidad_2024.csv,2024-11-01,20.47759446571517,15.53,-0.5000000000000004,0.8660254037844384,21.76848134153319,22.356956947551915,22.438344470713517,458718.06428146514,418382.5618570074,1810.9930040047143,22.18792758659954,0,114
20260330.0,2028,12,TT,TODAS CONSOLIDADAS,TT,TODAS CONSOLIDADAS,HUANCAVELICA,90000,642.6297195539951,9138.771311074495,14062.948557778414,15.98,13.14,1.4234578324147635,1.12,1.57,516291.2226549354,14829,45,467246.47485331114,16924,73,1922.1219648874778,Indicadores_ocupabilidad_2024.csv,2024-11-01,20.38543969874838,15.53,-2.4492935982947064e-16,1.0,20.47759446571517,21.76848134153319,22.356956947551915,516291.2226549354,467246.47485331114,1922.1219648874778,21.53434425160009,0,115
20260330.0,2029,1,TT,TODAS CONSOLIDADAS,TT,TODAS CONSOLIDADAS,HUANCAVELICA,90000,668.749494802948,9604.94049350485,14780.300268264416,15.98,13.14,1.4377494630427565,1.12,1.57,598523.0292125155,14829,45,536428.2076625145,16924,73,2070.6712462880832,Indicadores_ocupabilidad_2024.csv,2024-11-01,20.34913101708074,15.53,0.49999999999999994,0.8660254037844387,20.38543969874838,20.47759446571517,21.76848134153319,598523.0292125155,536428.2076625145,2070.6712462880832,20.87717183533225,0,116
20260330.0,2029,2,TT,TODAS CONSOLIDADAS,TT,TODAS CONSOLIDADAS,HUANCAVELICA,90000,695.9309119870566,10094.888989286052,15534.24412544163,15.98,13.14,1.4521845827867288,1.12,1.57,693852.2306375707,14829,45,615853.1684296958,16924,73,2230.7010109294743,Indicadores_ocupabilidad_2024.csv,2024-11-01,19.997973725475603,15.53,0.8660254037844386,0.5000000000000001,20.34913101708074,20.38543969874838,20.47759446571517,693852.2306375707,615853.1684296958,2230.7010109294743,20.404055060514764,0,117
20260330.0,2029,3,TT,TODAS CONSOLIDADAS,TT,TODAS CONSOLIDADAS,HUANCAVELICA,90000,724.2171216919494,10609.829782383473,16326.64669654604,15.98,13.14,1.4667646322888954,1.12,1.57,804364.90237336,14829,45,707037.9962261609,16924,73,2403.098516523026,Indicadores_ocupabilidad_2024.csv,2024-11-01,20.426208985272662,15.53,1.0,6.123233995736766e-17,19.997973725475603,20.34913101708074,20.38543969874838,804364.90237336,707037.9962261609,2403.098516523026,20.244181480434907,0,118
20260330.0,2029,4,TT,TODAS CONSOLIDADAS,TT,TODAS CONSOLIDADAS,HUANCAVELICA,90000,753.6530283648711,11151.037731135328,17159.469762501856,15.98,13.14,1.4814910666556347,1.12,1.57,932479.3775982868,14829,45,811723.8876632854,16924,73,2588.819591608526,Indicadores_ocupabilidad_2024.csv,2024-11-01,21.70313096595004,15.53,0.8660254037844387,-0.4999999999999998,20.426208985272662,19.997973725475603,20.34913101708074,932479.3775982868,811723.8876632854,2588.819591608526,20.257771242609667,0,119
20260330.0,2029,5,TT,TODAS CONSOLIDADAS,TT,TODAS CONSOLIDADAS,HUANCAVELICA,90000,784.2853616006346,11719.852724467533,18034.775174776514,15.98,13.14,1.4963653556027092,1.12,1.57,1080999.1672690941,14829,45,931909.8454681018,16924,73,2788.893934982344,Indicadores_ocupabilidad_2024.csv,2024-11-01,21.985529166974693,15.53,0.49999999999999994,-0.8660254037844387,21.70313096595004,20.426208985272662,19.997973725475603,1080999.1672690941,931909.8454681018,2788.893934982344,20.709104558899437,0,120
20260330.0,2029,6,TT,TODAS CONSOLIDADAS,TT,TODAS CONSOLIDADAS,HUANCAVELICA,90000,816.1627503249996,12317.682999107245,18954.729959984103,15.98,13.14,1.511388983601946,1.12,1.57,1253174.30895495,14829,45,1069890.8499297847,16924,73,3004.430824686628,Indicadores_ocupabilidad_2024.csv,2024-11-01,22.951041634983255,15.53,1.2246467991473532e-16,-1.0,21.985529166974693,21.70313096595004,20.426208985272662,1253174.30895495,1069890.8499297847,3004.430824686628,21.371623039399136,0,121
20260330.0,2029,7,TT,TODAS CONSOLIDADAS,TT,TODAS CONSOLIDADAS,HUANCAVELICA,90000,849.3357999932465,12946.008626007626,19921.611684874864,15.98,13.14,1.5265634500293879,1.12,1.57,1452772.4869502918,14829,45,1228301.6821101473,16924,73,3236.625268212044,Indicadores_ocupabilidad_2024.csv,2024-11-01,22.61121150649531,15.53,-0.4999999999999997,-0.8660254037844388,22.951041634983255,21.985529166974693,21.70313096595004,1452772.4869502918,1228301.6821101473,3236.625268212044,22.213233922635997,0,122
20260330.0,2029,8,TT,TODAS CONSOLIDADAS,TT,TODAS CONSOLIDADAS,HUANCAVELICA,90000,883.8571729264963,13606.385174615309,20937.81409499308,15.98,13.14,1.5418902693149328,1.12,1.57,1684161.4799778084,14829,45,1410167.2356330862,16924,73,3486.7646280128083,Indicadores_ocupabilidad_2024.csv,2024-11-01,22.471001706583632,15.53,-0.8660254037844385,-0.5000000000000004,22.61121150649531,22.951041634983255,21.985529166974693,1684161.4799778084,1410167.2356330862,3486.7646280128083,22.515927436151088,0,123
20260330.0,2029,9,TT,TODAS CONSOLIDADAS,TT,TODAS CONSOLIDADAS,HUANCAVELICA,90000,919.7816719133118,14300.447564052334,22005.853040963164,15.98,13.14,1.5573709710934769,1.12,1.57,1952404.740672992,14829,45,1618960.2777689071,16924,73,3756.23575906805,Indicadores_ocupabilidad_2024.csv,2024-11-01,22.457260841038874,15.53,-1.0,-1.8369701987210297e-16,22.471001706583632,22.61121150649531,22.951041634983255,1952404.740672992,1618960.2777689071,3756.23575906805,22.677751616020732,0,124
20260330.0,2029,10,TT,TODAS CONSOLIDADAS,TT,TODAS CONSOLIDADAS,HUANCAVELICA,90000,957.1663272092972,15029.91411074707,23128.372707075934,15.98,13.14,1.5730071003575725,1.12,1.57,2263372.198402615,14829,45,1858667.7627755832,16924,73,4046.5326980624914,Indicadores_ocupabilidad_2024.csv,2024-11-01,21.9001454730993,15.53,-0.8660254037844386,0.5000000000000001,22.457260841038874,22.471001706583632,22.61121150649531,2263372.198402615,1858667.7627755832,4046.5326980624914,22.513158018039274,0,125
20260330.0,2029,11,TT,TODAS CONSOLIDADAS,TT,TODAS CONSOLIDADAS,HUANCAVELICA,90000,996.0704870728092,15796.590782534977,24308.152157595352,15.98,13.14,1.5888002176116214,1.12,1.57,2623868.710099547,14829,45,2133866.963766428,16924,73,4359.2649468178015,Indicadores_ocupabilidad_2024.csv,2024-11-01,20.823549675588346,15.53,-0.5000000000000004,0.8660254037844384,21.9001454730993,22.457260841038874,22.471001706583632,2623868.710099547,2133866.963766428,4359.2649468178015,22.27613600690727,0,126
20260330.0,2029,12,TT,TODAS CONSOLIDADAS,TT,TODAS CONSOLIDADAS,HUANCAVELICA,90000,1036.555911980505,16602.375669761288,25548.11221699272,15.98,13.14,1.6047518990276144,1.12,1.57,3041782.9699853878,14829,45,2449812.876860841,16924,73,4696.166395900686,Indicadores_ocupabilidad_2024.csv,2024-11-01,20.423087364036355,15.53,-2.4492935982947064e-16,1.0,20.823549675588346,21.9001454730993,22.457260841038874,3041782.9699853878,2449812.876860841,4696.166395900686,21.726985329908842,0,127
20260330.0,2030,1,TT,TODAS CONSOLIDADAS,TT,TODAS CONSOLIDADAS,HUANCAVELICA,90000,1087.3163676536713,17623.756321299385,27119.835928153363,15.98,13.14,1.6241054640756398,1.12,1.57,3632047.940853855,14829,45,2891289.646487186,16924,73,5134.99151195139,Indicadores_ocupabilidad_2024.csv,2024-11-01,21.528460629194747,15.53,0.49999999999999994,0.8660254037844387,20.423087364036355,20.823549675588346,21.9001454730993,3632047.940853855,2891289.646487186,5134.99151195139,21.048927504241334,0,128
20260330.0,2030,2,TT,TODAS CONSOLIDADAS,TT,TODAS CONSOLIDADAS,HUANCAVELICA,90000,1140.5625781523775,18707.97246434105,28788.252318727773,15.98,13.14,1.6436924362193635,1.12,1.57,4336855.184879972,14829,45,3412324.222328289,16924,73,5614.821879145879,Indicadores_ocupabilidad_2024.csv,2024-11-01,21.516114096073913,15.53,0.8660254037844386,0.5000000000000001,21.528460629194747,20.423087364036355,20.823549675588346,4336855.184879972,3412324.222328289,5614.821879145879,20.92503255627315,0,129
20260330.0,2030,3,TT,TODAS CONSOLIDADAS,TT,TODAS CONSOLIDADAS,HUANCAVELICA,90000,1196.4162716402257,19858.889747786678,30559.309936915495,15.98,13.14,1.6635156303857606,1.12,1.57,5178431.893219631,14829,45,4027253.5864524515,16924,73,6139.489161989817,Indicadores_ocupabilidad_2024.csv,2024-11-01,22.006420748892552,15.53,1.0,6.123233995736766e-17,21.516114096073913,21.528460629194747,20.423087364036355,5178431.893219631,4027253.5864524515,6139.489161989817,21.155887363101673,0,130
20260330.0,2030,4,TT,TODAS CONSOLIDADAS,TT,TODAS CONSOLIDADAS,HUANCAVELICA,90000,1255.005137345707,21080.61163583917,32439.323286497176,15.98,13.14,1.6835778954502767,1.12,1.57,6183318.494517919,14829,45,4752998.36500524,16924,73,6713.183068226609,Indicadores_ocupabilidad_2024.csv,2024-11-01,22.124087440979793,15.53,0.8660254037844387,-0.4999999999999998,22.006420748892552,21.516114096073913,21.528460629194747,6183318.494517919,4752998.36500524,6713.183068226609,21.68366515805374,0,131
20260330.0,2030,5,TT,TODAS CONSOLIDADAS,TT,TODAS CONSOLIDADAS,HUANCAVELICA,90000,1316.4631174773479,22377.49403843719,34434.99534047701,15.98,13.14,1.7038821146462522,1.12,1.57,7383205.64854936,14829,45,5609528.42248073,16924,73,7340.48480556617,Indicadores_ocupabilidad_2024.csv,2024-11-01,22.26031706646283,15.53,0.49999999999999994,-0.8660254037844387,22.124087440979793,22.006420748892552,21.516114096073913,7383205.64854936,5609528.42248073,7340.48480556617,21.88220742864875,0,132
20260330.0,2030,6,TT,TODAS CONSOLIDADAS,TT,TODAS CONSOLIDADAS,HUANCAVELICA,90000,1380.930713434028,23754.16084175483,36553.4414397679,15.98,13.14,1.724431205979283,1.12,1.57,8815933.66039625,14829,45,6620412.359974473,16924,73,8026.403664719627,Indicadores_ocupabilidad_2024.csv,2024-11-01,23.237437373752,15.53,1.2246467991473532e-16,-1.0,22.26031706646283,22.124087440979793,22.006420748892552,8815933.66039625,6620412.359974473,8026.403664719627,22.13027508544506,0,133
20260330.0,2030,7,TT,TODAS CONSOLIDADAS,TT,TODAS CONSOLIDADAS,HUANCAVELICA,90000,1448.5553070105104,25215.520394139967,38802.21466212726,15.98,13.14,1.7452281226465807,1.12,1.57,10526685.833243456,14829,45,7813466.037617412,16924,73,8776.417020872195,Indicadores_ocupabilidad_2024.csv,2024-11-01,23.655613751398267,15.53,-0.4999999999999997,-0.8660254037844388,23.237437373752,22.26031706646283,22.124087440979793,10526685.833243456,7813466.037617412,8776.417020872195,22.540613960398208,0,134
20260330.0,2030,8,TT,TODAS CONSOLIDADAS,TT,TODAS CONSOLIDADAS,HUANCAVELICA,90000,1519.4914973325042,26766.78300627005,41189.33275179367,15.98,13.14,1.7662758534613878,1.12,1.57,12569413.39402364,14829,45,9221517.966176378,16924,73,9596.514073024233,Indicadores_ocupabilidad_2024.csv,2024-11-01,23.845346918629684,15.53,-0.8660254037844385,-0.5000000000000004,23.655613751398267,23.237437373752,22.26031706646283,12569413.39402364,9221517.966176378,9596.514073024233,23.0511227305377,0,135
20260330.0,2030,9,TT,TODAS CONSOLIDADAS,TT,TODAS CONSOLIDADAS,HUANCAVELICA,90000,1593.9014542915363,28413.479527920073,43723.306705838724,15.98,13.14,1.787577423282514,1.12,1.57,15008536.929156302,14829,45,10883312.628622387,16924,73,10493.243670479094,Indicadores_ocupabilidad_2024.csv,2024-11-01,24.196071371261894,15.53,-1.0,-1.8369701987210297e-16,23.845346918629684,23.655613751398267,23.237437373752,15008536.929156302,10883312.628622387,10493.243670479094,23.57946601459332,0,136
20260330.0,2030,10,TT,TODAS CONSOLIDADAS,TT,TODAS CONSOLIDADAS,HUANCAVELICA,90000,1671.9552892876388,30161.48106757615,46413.17111915564,15.98,13.14,1.8091358934490505,1.12,1.57,17920977.987799387,14829,45,12844576.587800581,16924,73,11473.766608394108,Indicadores_ocupabilidad_2024.csv,2024-11-01,24.06362687255369,15.53,-0.8660254037844386,0.5000000000000001,24.196071371261894,23.845346918629684,23.655613751398267,17920977.987799387,12844576.587800581,11473.766608394108,23.89901068042995,0,137
20260330.0,2030,11,TT,TODAS CONSOLIDADAS,TT,TODAS CONSOLIDADAS,HUANCAVELICA,90000,1753.831444127415,32017.01992520265,49268.516396276085,15.98,13.14,1.8309543622203288,1.12,1.57,21398584.92237752,14829,45,15159276.715618748,16924,73,12545.912809998526,Indicadores_ocupabilidad_2024.csv,2024-11-01,23.71849546370476,15.53,-0.5000000000000004,0.8660254037844384,24.06362687255369,24.196071371261894,23.845346918629684,21398584.92237752,15159276.715618748,12545.912809998526,24.03501505414842,0,138
20260330.0,2030,12,TT,TODAS CONSOLIDADAS,TT,TODAS CONSOLIDADAS,HUANCAVELICA,90000,1839.717098966562,33986.71181279634,52299.52294486284,15.98,13.14,1.8530359652211845,1.12,1.57,25551029.469035715,14829,45,17891105.165658932,16924,73,13718.243852104566,Indicadores_ocupabilidad_2024.csv,2024-11-01,23.419820077082406,15.53,-2.4492935982947064e-16,1.0,23.71849546370476,24.06362687255369,24.196071371261894,25551029.469035715,17891105.165658932,13718.243852104566,23.992731235840115,0,139
20260330.0,2025,1,TT,TODAS CONSOLIDADAS,TT,TODAS CONSOLIDADAS,HUÁNUCO,100000,642.096,8789.02,13583.49,20.66,16.53,1.2525,1.25,1.27,60589.75,58406,419,79774.856,76846,756,1305.29,Indicadores_ocupabilidad_2024.csv,2024-11-01,21.024900053414843,19.77,0.49999999999999994,0.8660254037844387,23.06,20.08,23.91,60589.75,79774.856,1305.29,22.35,0,68
20260330.0,2025,2,TT,TODAS CONSOLIDADAS,TT,TODAS CONSOLIDADAS,HUÁNUCO,100000,647.232768,8876.9102,13719.3249,20.66,16.53,1.255005,1.25,1.27,62407.442500000005,58406,419,82008.551968,76846,756,1324.86935,Indicadores_ocupabilidad_2024.csv,2024-11-01,21.097570726926087,19.77,0.8660254037844386,0.5000000000000001,21.024900053414843,23.06,20.08,62407.442500000005,82008.551968,1324.86935,21.388300017804948,0,69
20260330.0,2025,3,TT,TODAS CONSOLIDADAS,TT,TODAS CONSOLIDADAS,HUÁNUCO,100000,652.4106301439999,8965.679302,13856.518149,20.66,16.53,1.2575150099999999,1.25,1.27,64279.66577500001,58406,419,84304.791423104,76846,756,1344.7423902499997,Indicadores_ocupabilidad_2024.csv,2024-11-01,21.28259520935836,19.77,1.0,6.123233995736766e-17,21.097570726926087,21.024900053414843,23.06,64279.66577500001,84304.791423104,1344.7423902499997,21.727490260113644,0,70
20260330.0,2025,4,TT,TODAS CONSOLIDADAS,TT,TODAS CONSOLIDADAS,HUÁNUCO,100000,657.629915185152,9055.33609502,13995.083330489999,20.66,16.53,1.26003004002,1.25,1.27,66208.05574825002,58406,419,86665.32558295091,76846,756,1364.9135261037495,Indicadores_ocupabilidad_2024.csv,2024-11-01,21.335002480943526,19.77,0.8660254037844387,-0.4999999999999998,21.28259520935836,21.097570726926087,21.024900053414843,66208.05574825002,86665.32558295091,1364.9135261037495,21.135021996566426,0,71
20260330.0,2025,5,TT,TODAS CONSOLIDADAS,TT,TODAS CONSOLIDADAS,HUÁNUCO,100000,662.8909545066332,9145.8894559702,14135.034163794899,20.66,16.53,1.2625501001000399,1.25,1.27,68194.29742069752,58406,419,89091.95469927354,76846,756,1385.3872289953056,Indicadores_ocupabilidad_2024.csv,2024-11-01,21.531865973969328,19.77,0.49999999999999994,-0.8660254037844387,21.335002480943526,21.28259520935836,21.097570726926087,68194.29742069752,89091.95469927354,1385.3872289953056,21.238389472409324,0,72
20260330.0,2025,6,TT,TODAS CONSOLIDADAS,TT,TODAS CONSOLIDADAS,HUÁNUCO,100000,668.1940821426863,9237.348350529903,14276.384505432849,20.66,16.53,1.26507520030024,1.25,1.27,70240.12634331845,58406,419,91586.5294308532,76846,756,1406.168037430235,Indicadores_ocupabilidad_2024.csv,2024-11-01,22.60495766014899,19.77,1.2246467991473532e-16,-1.0,21.531865973969328,21.335002480943526,21.28259520935836,70240.12634331845,91586.5294308532,1406.168037430235,21.38315455475707,0,73
20260330.0,2025,7,TT,TODAS CONSOLIDADAS,TT,TODAS CONSOLIDADAS,HUÁNUCO,100000,673.5396347998278,9329.721834035201,14419.148350487178,20.66,16.53,1.2676053507008405,1.25,1.27,72347.330133618,58406,419,94150.9522549171,76846,756,1427.2605579916883,Indicadores_ocupabilidad_2024.csv,2024-11-01,22.619634473589734,19.77,-0.4999999999999997,-0.8660254037844388,22.60495766014899,21.531865973969328,21.335002480943526,72347.330133618,94150.9522549171,1427.2605579916883,21.823942038353948,0,74
20260330.0,2025,8,TT,TODAS CONSOLIDADAS,TT,TODAS CONSOLIDADAS,HUÁNUCO,100000,678.9279518782264,9423.019052375554,14563.33983399205,20.66,16.53,1.270140561402242,1.25,1.27,74517.75003762654,58406,419,96787.17891805478,76846,756,1448.6694663615635,Indicadores_ocupabilidad_2024.csv,2024-11-01,22.52226812501925,19.77,-0.8660254037844385,-0.5000000000000004,22.619634473589734,22.60495766014899,21.531865973969328,74517.75003762654,96787.17891805478,1448.6694663615635,22.25215270256935,0,75
20260330.0,2025,9,TT,TODAS CONSOLIDADAS,TT,TODAS CONSOLIDADAS,HUÁNUCO,100000,684.3593754932522,9517.24924289931,14708.97323233197,20.66,16.53,1.2726808425250467,1.25,1.27,76753.28253875533,58406,419,99497.21992776032,76846,756,1470.3995083569869,Indicadores_ocupabilidad_2024.csv,2024-11-01,22.479933381028733,19.77,-1.0,-1.8369701987210297e-16,22.52226812501925,22.619634473589734,22.60495766014899,76753.28253875533,99497.21992776032,1470.3995083569869,22.582286752919327,0,76
20260330.0,2025,10,TT,TODAS CONSOLIDADAS,TT,TODAS CONSOLIDADAS,HUÁNUCO,100000,689.8342504971982,9612.421735328304,14856.06296465529,20.66,16.53,1.2752262042100968,1.25,1.27,79055.88101491799,58406,419,102283.1420857376,76846,756,1492.4555009823416,Indicadores_ocupabilidad_2024.csv,2024-11-01,21.914357159439607,19.77,-0.8660254037844386,0.5000000000000001,22.479933381028733,22.52226812501925,22.619634473589734,79055.88101491799,102283.1420857376,1492.4555009823416,22.540611993212575,0,77
20260330.0,2025,11,TT,TODAS CONSOLIDADAS,TT,TODAS CONSOLIDADAS,HUÁNUCO,100000,695.3529245011758,9708.545952681587,15004.623594301844,20.66,16.53,1.277776656618517,1.25,1.27,81427.55744536553,58406,419,105147.07006413826,76846,756,1514.8423334970767,Indicadores_ocupabilidad_2024.csv,2024-11-01,20.6837642786977,19.77,-0.5000000000000004,0.8660254037844384,21.914357159439607,22.479933381028733,22.52226812501925,81427.55744536553,105147.07006413826,1514.8423334970767,22.30551955516253,0,78
20260330.0,2025,12,TT,TODAS CONSOLIDADAS,TT,TODAS CONSOLIDADAS,HUÁNUCO,100000,700.9157478971853,9805.631412208402,15154.669830244862,20.66,16.53,1.280332209931754,1.25,1.27,83870.3841687265,58406,419,108091.18802593413,76846,756,1537.5649684995326,Indicadores_ocupabilidad_2024.csv,2024-11-01,20.491360254796824,19.77,-2.4492935982947064e-16,1.0,20.6837642786977,21.914357159439607,22.479933381028733,83870.3841687265,108091.18802593413,1537.5649684995326,21.692684939722014,0,79
20260330.0,2026,1,TT,TODAS CONSOLIDADAS,TT,TODAS CONSOLIDADAS,HUÁNUCO,100000,712.1752584714058,10002.724603593791,15459.278693832784,20.66,16.53,1.2854586601003206,1.25,1.27,88978.09056460194,58406,419,114229.03804679877,76846,756,1584.0378696724306,Indicadores_ocupabilidad_2024.csv,2024-11-01,20.96118278920958,19.77,0.49999999999999994,0.8660254037844387,20.491360254796824,20.6837642786977,21.914357159439607,88978.09056460194,114229.03804679877,1584.0378696724306,21.029827230978043,0,80
20260330.0,2026,2,TT,TODAS CONSOLIDADAS,TT,TODAS CONSOLIDADAS,HUÁNUCO,100000,723.6156418234905,10203.779368126026,15770.010195578823,20.66,16.53,1.2906056365753622,1.25,1.27,94396.8562799862,58406,419,120715.41974324819,76846,756,1631.9154142832795,Indicadores_ocupabilidad_2024.csv,2024-11-01,21.132854369688122,19.77,0.8660254037844386,0.5000000000000001,20.96118278920958,20.491360254796824,20.6837642786977,94396.8562799862,120715.41974324819,1631.9154142832795,20.71210244090137,0,81
20260330.0,2026,3,TT,TODAS CONSOLIDADAS,TT,TODAS CONSOLIDADAS,HUÁNUCO,100000,735.2398034937431,10408.87533342536,16086.987400509957,20.66,16.53,1.29577322154421,1.25,1.27,100145.62482743735,58406,419,127570.12413794879,76846,756,1681.2400576799912,Indicadores_ocupabilidad_2024.csv,2024-11-01,21.5006163403791,19.77,1.0,6.123233995736766e-17,21.132854369688122,20.96118278920958,20.491360254796824,100145.62482743735,127570.12413794879,1681.2400576799912,20.861799137898178,0,82
20260330.0,2026,4,TT,TODAS CONSOLIDADAS,TT,TODAS CONSOLIDADAS,HUÁNUCO,100000,747.0506956970667,10618.093727627209,16410.33584726021,20.66,16.53,1.3009614975232728,1.25,1.27,106244.49337942828,58406,419,134814.06606699806,76846,756,1732.0555384233685,Indicadores_ocupabilidad_2024.csv,2024-11-01,21.78781126099345,19.77,0.8660254037844387,-0.4999999999999998,21.5006163403791,21.132854369688122,20.96118278920958,106244.49337942828,134814.06606699806,1732.0555384233685,21.19821783309227,0,83
20260330.0,2026,5,TT,TODAS CONSOLIDADAS,TT,TODAS CONSOLIDADAS,HUÁNUCO,100000,759.0513180727444,10831.517411552515,16740.18359779014,20.66,16.53,1.306170547359356,1.25,1.27,112714.78302623547,58406,419,142469.34799454646,76846,756,1784.4069170722144,Indicadores_ocupabilidad_2024.csv,2024-11-01,21.99414474708708,19.77,0.49999999999999994,-0.8660254037844387,21.78781126099345,21.5006163403791,21.132854369688122,112714.78302623547,142469.34799454646,1784.4069170722144,21.47376065702022,0,84
20260330.0,2026,6,TT,TODAS CONSOLIDADAS,TT,TODAS CONSOLIDADAS,HUÁNUCO,100000,771.244718446265,11049.23091152472,17076.661288105723,20.66,16.53,1.3114004542309827,1.25,1.27,119579.1133125332,58406,419,150559.3274510688,76846,756,1838.3406161407215,Indicadores_ocupabilidad_2024.csv,2024-11-01,22.826981863173504,19.77,1.2246467991473532e-16,-1.0,21.99414474708708,21.78781126099345,21.5006163403791,119579.1133125332,150559.3274510688,1838.3406161407215,21.76085744948654,0,85
20260330.0,2026,7,TT,TODAS CONSOLIDADAS,TT,TODAS CONSOLIDADAS,HUÁNUCO,100000,783.6339936033859,11271.320452846368,17419.902179996647,20.66,16.53,1.3166513016497234,1.25,1.27,126861.48131326647,58406,419,159108.68830105028,76846,756,1893.9044612635744,Indicadores_ocupabilidad_2024.csv,2024-11-01,22.476438608504097,19.77,-0.4999999999999997,-0.8660254037844388,22.826981863173504,21.99414474708708,21.78781126099345,126861.48131326647,159108.68830105028,1893.9044612635744,22.20297929041801,0,86
20260330.0,2026,8,TT,TODAS CONSOLIDADAS,TT,TODAS CONSOLIDADAS,HUÁNUCO,100000,796.2222900766308,11497.87399394858,17770.04221381458,20.66,16.53,1.3219231734615289,1.25,1.27,134587.3455252444,58406,419,168143.5160575371,76846,756,1951.1477236052654,Indicadores_ocupabilidad_2024.csv,2024-11-01,22.306871460355694,19.77,-0.8660254037844385,-0.5000000000000004,22.476438608504097,22.826981863173504,21.99414474708708,134587.3455252444,168143.5160575371,1951.1477236052654,22.432521739588225,0,87
20260330.0,2026,9,TT,TODAS CONSOLIDADAS,TT,TODAS CONSOLIDADAS,HUÁNUCO,100000,809.0128049444219,11728.981261226947,18127.220062312255,20.66,16.53,1.3272161538480687,1.25,1.27,142783.71486773176,58406,419,177691.3774733483,76846,756,2010.121163551234,Indicadores_ocupabilidad_2024.csv,2024-11-01,22.36355916085681,19.77,-1.0,-1.8369701987210297e-16,22.306871460355694,22.476438608504097,22.826981863173504,142783.71486773176,177691.3774733483,2010.121163551234,22.53676397734443,0,88
20260330.0,2026,10,TT,TODAS CONSOLIDADAS,TT,TODAS CONSOLIDADAS,HUÁNUCO,100000,822.0087866430491,11964.73378457761,18491.577185564733,20.66,16.53,1.3325303273280762,1.25,1.27,151479.24310317662,58406,419,187781.40465179487,76846,756,2070.8770757195693,Indicadores_ocupabilidad_2024.csv,2024-11-01,21.72838828220323,19.77,-0.8660254037844386,0.5000000000000001,22.36355916085681,22.306871460355694,22.476438608504097,151479.24310317662,187781.40465179487,2070.8770757195693,22.382289743238868,0,89
20260330.0,2026,11,TT,TODAS CONSOLIDADAS,TT,TODAS CONSOLIDADAS,HUÁNUCO,100000,835.2135357916832,12205.22493364762,18863.257886994583,20.66,16.53,1.3378657787586976,1.25,1.27,160704.32900816007,58406,419,198444.38393354238,76846,756,2133.4693353331927,Indicadores_ocupabilidad_2024.csv,2024-11-01,20.382298584821125,19.77,-0.5000000000000004,0.8660254037844384,21.72838828220323,22.36355916085681,22.306871460355694,160704.32900816007,198444.38393354238,2133.4693353331927,22.13293963447191,0,90
20260330.0,2026,12,TT,TODAS CONSOLIDADAS,TT,TODAS CONSOLIDADAS,HUÁNUCO,100000,848.6304060306409,12450.549954813938,19242.409370523175,20.66,16.53,1.3432225933368473,1.25,1.27,170491.222644757,58406,419,209712.84983082465,76846,756,2197.953445993638,Indicadores_ocupabilidad_2024.csv,2024-11-01,19.711689664711997,19.77,-2.4492935982947064e-16,1.0,20.382298584821125,21.72838828220323,22.36355916085681,170491.222644757,209712.84983082465,2197.953445993638,21.491415342627054,0,91
20260330.0,2027,1,TT,TODAS CONSOLIDADAS,TT,TODAS CONSOLIDADAS,HUÁNUCO,100000,869.1609073121019,12827.814068994756,19825.4736168594,20.66,16.53,1.351298058313769,1.25,1.27,186300.3622469374,58406,419,227826.5774558955,76846,756,2298.352387732277,Indicadores_ocupabilidad_2024.csv,2024-11-01,19.752019775753915,19.77,0.49999999999999994,0.8660254037844387,19.711689664711997,20.382298584821125,21.72838828220323,186300.3622469374,227826.5774558955,2298.352387732277,20.607458843912116,0,92
20260330.0,2027,2,TT,TODAS CONSOLIDADAS,TT,TODAS CONSOLIDADAS,HUÁNUCO,100000,890.1880929921808,13216.509663099368,20426.20529292386,20.66,16.53,1.3594220730507358,1.25,1.27,203575.43593700917,58406,419,247504.85932139528,76846,756,2403.3373899812564,Indicadores_ocupabilidad_2024.csv,2024-11-01,19.65728850469667,19.77,0.8660254037844386,0.5000000000000001,19.752019775753915,19.711689664711997,20.382298584821125,203575.43593700917,247504.85932139528,2403.3373899812564,19.948669341762344,0,93
20260330.0,2027,3,TT,TODAS CONSOLIDADAS,TT,TODAS CONSOLIDADAS,HUÁNUCO,100000,911.7239791141512,13616.983122400945,21045.13973950475,20.66,16.53,1.3675949294292933,1.25,1.27,222452.3753851402,58406,419,268882.83216018823,76846,756,2513.1179365323405,Indicadores_ocupabilidad_2024.csv,2024-11-01,20.08090494111787,19.77,1.0,6.123233995736766e-17,19.65728850469667,19.752019775753915,19.711689664711997,222452.3753851402,268882.83216018823,2513.1179365323405,19.706999315054194,0,94
20260330.0,2027,4,TT,TODAS CONSOLIDADAS,TT,TODAS CONSOLIDADAS,HUÁNUCO,100000,933.780872419558,14029.591327992817,21682.828518751485,20.66,16.53,1.3758169210857816,1.25,1.27,243079.71679747812,58406,419,292107.3049988164,76846,756,2627.91308005649,Indicadores_ocupabilidad_2024.csv,2024-11-01,20.813691272675253,19.77,0.8660254037844387,-0.4999999999999998,20.08090494111787,19.65728850469667,19.752019775753915,243079.71679747812,292107.3049988164,2627.91308005649,19.83007107385615,0,95
20260330.0,2027,5,TT,TODAS CONSOLIDADAS,TT,TODAS CONSOLIDADAS,HUÁNUCO,100000,956.3713773809386,14454.70197482233,22339.839905698176,20.66,16.53,1.3840883434218845,1.25,1.27,265619.7696969579,58406,419,317337.76733963354,76846,756,2747.9518791947144,Indicadores_ocupabilidad_2024.csv,2024-11-01,21.579255190020277,19.77,0.49999999999999994,-0.8660254037844387,20.813691272675253,20.08090494111787,19.65728850469667,265619.7696969579,317337.76733963354,2747.9518791947144,20.18396157282993,0,96
20260330.0,2027,6,TT,TODAS CONSOLIDADAS,TT,TODAS CONSOLIDADAS,HUÁNUCO,100000,979.5084034046835,14892.693899361424,23016.75939468074,20.66,16.53,1.3924094936152434,1.25,1.27,290249.89408164774,58406,419,344747.4844236142,76846,756,2873.473855614524,Indicadores_ocupabilidad_2024.csv,2024-11-01,22.99036063122306,19.77,1.2246467991473532e-16,-1.0,21.579255190020277,20.813691272675253,20.08090494111787,290249.89408164774,344747.4844236142,2873.473855614524,20.824617134604466,0,97
20260330.0,2027,7,TT,TODAS CONSOLIDADAS,TT,TODAS CONSOLIDADAS,HUÁNUCO,100000,1003.205172208152,15343.957417205977,23714.190221098965,20.66,16.53,1.400780670630134,1.25,1.27,317163.8960101567,58406,419,374524.6870953402,76846,756,3004.7294719439788,Indicadores_ocupabilidad_2024.csv,2024-11-01,22.540563546828817,19.77,-0.4999999999999997,-0.8660254037844388,22.99036063122306,21.579255190020277,20.813691272675253,317163.8960101567,374524.6870953402,3004.7294719439788,21.79443569797286,0,98
20260330.0,2027,8,TT,TODAS CONSOLIDADAS,TT,TODAS CONSOLIDADAS,HUÁNUCO,100000,1027.4752253752597,15808.894670904738,24432.75389898849,20.66,16.53,1.4092021752282076,1.25,1.27,346573.55259549053,58406,419,406873.86444132816,76846,756,3141.9806315369865,Indicadores_ocupabilidad_2024.csv,2024-11-01,22.360414067737544,19.77,-0.8660254037844385,-0.5000000000000004,22.540563546828817,22.99036063122306,21.579255190020277,346573.55259549053,406873.86444132816,3141.9806315369865,22.370059789357384,0,99
20260330.0,2027,9,TT,TODAS CONSOLIDADAS,TT,TODAS CONSOLIDADAS,HUÁNUCO,100000,1052.3324320948534,16287.919988327825,25173.09077488174,20.66,16.53,1.4176743099792968,1.25,1.27,378710.2784070126,58406,419,442017.1680786379,76846,756,3285.5012010670685,Indicadores_ocupabilidad_2024.csv,2024-11-01,22.34345474886805,19.77,-1.0,-1.8369701987210297e-16,22.360414067737544,22.540563546828817,22.99036063122306,378710.2784070126,442017.1680786379,3285.5012010670685,22.630446081929804,0,100
20260330.0,2027,10,TT,TODAS CONSOLIDADAS,TT,TODAS CONSOLIDADAS,HUÁNUCO,100000,1077.7909970862972,16781.46025189415,25935.860598451436,20.66,16.53,1.4261973792722866,1.25,1.27,413826.9463928596,58406,419,480195.93773743813,76846,756,3435.577556992359,Indicadores_ocupabilidad_2024.csv,2024-11-01,21.81537860196417,19.77,-0.8660254037844386,0.5000000000000001,22.34345474886805,22.360414067737544,22.540563546828817,413826.9463928596,480195.93773743813,3435.577556992359,22.414810787811472,0,101
20260330.0,2027,11,TT,TODAS CONSOLIDADAS,TT,TODAS CONSOLIDADAS,HUÁNUCO,100000,1103.8654687167993,17289.955278986796,26721.743110445117,20.66,16.53,1.4347716893260505,1.25,1.27,452199.8776510303,58406,419,521672.35861416656,76846,756,3592.5091569822384,Indicadores_ocupabilidad_2024.csv,2024-11-01,20.753754952218934,19.77,-0.5000000000000004,0.8660254037844384,21.81537860196417,22.34345474886805,22.360414067737544,452199.8776510303,521672.35861416656,3592.5091569822384,22.17308247285659,0,102
20260330.0,2027,12,TT,TODAS CONSOLIDADAS,TT,TODAS CONSOLIDADAS,HUÁNUCO,100000,1130.570747315116,17813.858213895375,27531.43864843472,20.66,16.53,1.443397548200452,1.25,1.27,494131.0157059774,58406,419,566731.2618768334,76846,756,3756.6091374458056,Indicadores_ocupabilidad_2024.csv,2024-11-01,20.448947572415936,19.77,-2.4492935982947064e-16,1.0,20.753754952218934,21.81537860196417,22.34345474886805,494131.0157059774,566731.2618768334,3756.6091374458056,21.637529434350384,0,103
20260330.0,2028,1,TT,TODAS CONSOLIDADAS,TT,TODAS CONSOLIDADAS,HUÁNUCO,100000,1167.185470435877,18537.172290950966,28649.325458630152,20.66,16.53,1.4549794163390284,1.25,1.27,556148.811471326,58406,419,632921.1789463209,76846,756,3987.1280124297978,Indicadores_ocupabilidad_2024.csv,2024-11-01,21.29191041411691,19.77,0.49999999999999994,0.8660254037844387,20.448947572415936,20.753754952218934,21.81537860196417,556148.811471326,632921.1789463209,3987.1280124297978,21.00602704219968,0,104
20260330.0,2028,2,TT,TODAS CONSOLIDADAS,TT,TODAS CONSOLIDADAS,HUÁNUCO,100000,1204.9859998871077,19289.855820024462,29812.602956045626,20.66,16.53,1.466654217758354,1.25,1.27,625950.3869820066,58406,419,706841.5767857536,76846,756,4231.792344068888,Indicadores_ocupabilidad_2024.csv,2024-11-01,21.46680855938497,19.77,0.8660254037844386,0.5000000000000001,21.29191041411691,20.448947572415936,20.753754952218934,625950.3869820066,706841.5767857536,4231.792344068888,20.83153764625059,0,105
20260330.0,2028,3,TT,TODAS CONSOLIDADAS,TT,TODAS CONSOLIDADAS,HUÁNUCO,100000,1244.0107392544023,20073.101318639296,31023.114184598933,20.66,16.53,1.4784226981580486,1.25,1.27,704512.6751711578,58406,419,789395.316972549,76846,756,4491.470147808645,Indicadores_ocupabilidad_2024.csv,2024-11-01,21.958689700476697,19.77,1.0,6.123233995736766e-17,21.46680855938497,21.29191041411691,20.448947572415936,704512.6751711578,789395.316972549,4491.470147808645,21.069222181972606,0,106
20260330.0,2028,4,TT,TODAS CONSOLIDADAS,TT,TODAS CONSOLIDADAS,HUÁNUCO,100000,1284.299335863879,20888.149725312338,32282.77702318153,20.66,16.53,1.49028560922125,1.25,1.27,792935.2226618065,58406,419,881590.7084750741,76846,756,4767.082703604376,Indicadores_ocupabilidad_2024.csv,2024-11-01,22.069122164666112,19.77,0.8660254037844387,-0.4999999999999998,21.958689700476697,21.46680855938497,21.29191041411691,792935.2226618065,881590.7084750741,4767.082703604376,21.57246955799286,0,107
20260330.0,2028,5,TT,TODAS CONSOLIDADAS,TT,TODAS CONSOLIDADAS,HUÁNUCO,100000,1325.8927210620247,21736.292365640416,33593.58722425856,20.66,16.53,1.5022437086626255,1.25,1.27,892455.578865175,58406,419,984553.8231088977,76846,756,5059.607824420563,Indicadores_ocupabilidad_2024.csv,2024-11-01,22.074360070267517,19.77,0.49999999999999994,-0.8660254037844387,22.069122164666112,21.958689700476697,21.46680855938497,892455.578865175,984553.8231088977,5059.607824420563,21.83154014150926,0,108
20260330.0,2028,6,TT,TODAS CONSOLIDADAS,TT,TODAS CONSOLIDADAS,HUÁNUCO,100000,1368.8331518000466,22618.872998217805,34957.62157584823,20.66,16.53,1.514297760276769,1.25,1.27,1004466.6165464044,58406,419,1099542.249345013,76846,756,5370.083325297039,Indicadores_ocupabilidad_2024.csv,2024-11-01,22.976404696448533,19.77,1.2246467991473532e-16,-1.0,22.074360070267517,22.069122164666112,21.958689700476697,1004466.6165464044,1099542.249345013,5370.083325297039,22.03405731180344,0,109
20260330.0,2028,7,TT,TODAS CONSOLIDADAS,TT,TODAS CONSOLIDADAS,HUÁNUCO,100000,1413.1642535649748,23537.289943626172,36377.04119189019,20.66,16.53,1.526448533986987,1.25,1.27,1130536.0262738701,58406,419,1227960.4524586448,76846,756,5699.61070528937,Indicadores_ocupabilidad_2024.csv,2024-11-01,22.4175050051215,19.77,-0.4999999999999997,-0.8660254037844388,22.976404696448533,22.074360070267517,22.069122164666112,1130536.0262738701,1227960.4524586448,5699.61070528937,22.37329564379405,0,110
20260330.0,2028,8,TT,TODAS CONSOLIDADAS,TT,TODAS CONSOLIDADAS,HUÁNUCO,100000,1458.931064701135,24492.99829987007,37854.09493621611,20.66,16.53,1.5386968058944752,1.25,1.27,1272428.2575936324,58406,419,1371376.928627048,76846,756,6049.3590553461845,Indicadores_ocupabilidad_2024.csv,2024-11-01,22.234616363810535,19.77,-0.8660254037844385,-0.5000000000000004,22.4175050051215,22.976404696448533,22.074360070267517,1272428.2575936324,1371376.928627048,6049.3590553461845,22.489423257279185,0,111
20260330.0,2028,9,TT,TODAS CONSOLIDADAS,TT,TODAS CONSOLIDADAS,HUÁNUCO,100000,1506.1800821670188,25487.512247767976,39391.12298554718,20.66,16.53,1.5510433583278895,1.25,1.27,1432129.2140145828,58406,419,1531543.3624959455,76846,756,6420.56920598772,Indicadores_ocupabilidad_2024.csv,2024-11-01,22.21543167257318,19.77,-1.0,-1.8369701987210297e-16,22.234616363810535,22.4175050051215,22.976404696448533,1432129.2140145828,1531543.3624959455,6420.56920598772,22.542842021793522,0,112
20260330.0,2028,10,TT,TODAS CONSOLIDADAS,TT,TODAS CONSOLIDADAS,HUÁNUCO,100000,1554.9593087740375,26522.40744995147,40990.56053716357,20.66,16.53,1.563488979893317,1.25,1.27,1611874.0474317886,58406,419,1710416.0222045637,76846,756,6814.558129500661,Indicadores_ocupabilidad_2024.csv,2024-11-01,21.741273581326958,19.77,-0.8660254037844386,0.5000000000000001,22.21543167257318,22.234616363810535,22.4175050051215,1611874.0474317886,1710416.0222045637,6814.558129500661,22.289184347168405,0,113
20260330.0,2028,11,TT,TODAS CONSOLIDADAS,TT,TODAS CONSOLIDADAS,HUÁNUCO,100000,1605.3183019551536,27599.323547273376,42654.94166712016,20.66,16.53,1.5760344655246443,1.25,1.27,1814178.4409948362,58406,419,1910179.6531874738,76846,756,7232.723612267278,Indicadores_ocupabilidad_2024.csv,2024-11-01,20.739584570740895,19.77,-0.5000000000000004,0.8660254037844384,21.741273581326958,22.21543167257318,22.234616363810535,1814178.4409948362,1910179.6531874738,7232.723612267278,22.063773872570223,0,114
20260330.0,2028,12,TT,TODAS CONSOLIDADAS,TT,TODAS CONSOLIDADAS,HUÁNUCO,100000,1657.3082241129355,28719.9667565801,44386.903345121325,20.66,16.53,1.5886806165343337,1.25,1.27,2041873.8182517535,58406,419,2133274.162591437,76846,756,7676.549213805272,Indicadores_ocupabilidad_2024.csv,2024-11-01,20.51327092295133,19.77,-2.4492935982947064e-16,1.0,20.739584570740895,21.741273581326958,22.21543167257318,2041873.8182517535,2133274.162591437,7676.549213805272,21.565429941547013,0,115
20260330.0,2029,1,TT,TODAS CONSOLIDADAS,TT,TODAS CONSOLIDADAS,HUÁNUCO,100000,1724.669749754972,30184.973699703587,46651.08150853983,20.66,16.53,1.604631097145933,1.25,1.27,2367091.3804912083,58406,419,2449132.303996379,76846,756,8269.82367306359,Indicadores_ocupabilidad_2024.csv,2024-11-01,21.39979310096848,19.77,0.49999999999999994,0.8660254037844387,20.51327092295133,20.739584570740895,21.741273581326958,2367091.3804912083,2449132.303996379,8269.82367306359,20.998043025006393,0,116
20260330.0,2029,2,TT,TODAS CONSOLIDADAS,TT,TODAS CONSOLIDADAS,HUÁNUCO,100000,1794.7691940718835,31724.710720392653,49030.75551350963,20.66,16.53,1.6207417218601878,1.25,1.27,2744107.668902455,58406,419,2811757.2263623727,76846,756,8908.94875793573,Indicadores_ocupabilidad_2024.csv,2024-11-01,21.48263914184939,19.77,0.8660254037844386,0.5000000000000001,21.39979310096848,20.51327092295133,20.739584570740895,2744107.668902455,2811757.2263623727,8908.94875793573,20.884216198220237,0,117
20260330.0,2029,3,TT,TODAS CONSOLIDADAS,TT,TODAS CONSOLIDADAS,HUÁNUCO,100000,1867.7178401529227,33342.98980364789,51531.81680869462,20.66,16.53,1.637014098536713,1.25,1.27,3181172.8776464243,58406,419,3228073.3413627427,76846,756,9597.467988349728,Indicadores_ocupabilidad_2024.csv,2024-11-01,21.994792349998054,19.77,1.0,6.123233995736766e-17,21.48263914184939,21.39979310096848,20.51327092295133,3181172.8776464243,3228073.3413627427,9597.467988349728,21.131901055256403,0,118
20260330.0,2029,4,TT,TODAS CONSOLIDADAS,TT,TODAS CONSOLIDADAS,HUÁNUCO,100000,1943.631494204142,35043.81738401576,54160.45736585016,20.66,16.53,1.653449851178163,1.25,1.27,3687851.242921826,58406,419,3706030.3071392756,76846,756,10339.198741641509,Indicadores_ocupabilidad_2024.csv,2024-11-01,22.09716076247445,19.77,0.8660254037844387,-0.4999999999999998,21.994792349998054,21.48263914184939,21.39979310096848,3687851.242921826,3706030.3071392756,10339.198741641509,21.62574153093864,0,119
20260330.0,2029,5,TT,TODAS CONSOLIDADAS,TT,TODAS CONSOLIDADAS,HUÁNUCO,100000,2022.6306693911108,36831.40426446966,56923.1850095211,20.66,16.53,1.6700506200923086,1.25,1.27,4275230.3357943045,58406,419,4254754.828970738,76846,756,11138.25341735185,Indicadores_ocupabilidad_2024.csv,2024-11-01,22.085270230645257,19.77,0.49999999999999994,-0.8660254037844387,22.09716076247445,21.994792349998054,21.48263914184939,4275230.3357943045,4254754.828970738,11138.25341735185,21.858197418107295,0,120
20260330.0,2029,6,TT,TODAS CONSOLIDADAS,TT,TODAS CONSOLIDADAS,HUÁNUCO,100000,2104.840777153947,38710.17604125362,59826.83952870835,20.66,16.53,1.6868180620557425,1.25,1.27,4956163.6899472205,58406,419,4884724.935944645,76846,756,11999.06223772362,Indicadores_ocupabilidad_2024.csv,2024-11-01,22.98856650728474,19.77,1.2246467991473532e-16,-1.0,22.085270230645257,22.09716076247445,21.994792349998054,4956163.6899472205,4884724.935944645,11999.06223772362,22.05907444770592,0,121
20260330.0,2029,7,TT,TODAS CONSOLIDADAS,TT,TODAS CONSOLIDADAS,HUÁNUCO,100000,2190.392326298373,40684.78406049779,62878.60961039243,20.66,16.53,1.7037538504792265,1.25,1.27,5745552.073742837,58406,419,5607970.061488005,76846,756,12926.397810312703,Indicadores_ocupabilidad_2024.csv,2024-11-01,22.457444641898302,19.77,-0.4999999999999997,-0.8660254037844388,22.98856650728474,22.085270230645257,22.09716076247445,5745552.073742837,5607970.061488005,12926.397810312703,22.390332500134814,0,122
20260330.0,2029,8,TT,TODAS CONSOLIDADAS,TT,TODAS CONSOLIDADAS,HUÁNUCO,100000,2279.4211301788596,42760.11693373147,66086.0506368369,20.66,16.53,1.7208596755747008,1.25,1.27,6660669.561630673,58406,419,6438300.74834375,76846,756,13925.40158889588,Indicadores_ocupabilidad_2024.csv,2024-11-01,22.30107097784529,19.77,-0.8660254037844385,-0.5000000000000004,22.457444641898302,22.98856650728474,22.085270230645257,6660669.561630673,6438300.74834375,13925.40158889588,22.510427126609432,0,123
20260330.0,2029,9,TT,TODAS CONSOLIDADAS,TT,TODAS CONSOLIDADAS,HUÁNUCO,100000,2372.068522302752,44941.31264080298,69457.10339073309,20.66,16.53,1.7381372445239687,1.25,1.27,7721541.540277585,58406,419,7391572.364265616,76846,756,15001.612379383585,Indicadores_ocupabilidad_2024.csv,2024-11-01,22.257376781062188,19.77,-1.0,-1.8369701987210297e-16,22.30107097784529,22.457444641898302,22.98856650728474,7721541.540277585,7391572.364265616,15001.612379383585,22.582360709009446,0,124
20260330.0,2029,10,TT,TODAS CONSOLIDADAS,TT,TODAS CONSOLIDADAS,HUÁNUCO,100000,2468.4815806976617,47233.77125017011,73000.11371449527,20.66,16.53,1.7555882816490755,1.25,1.27,8951382.921274295,58406,419,8485987.864147246,76846,756,16160.997048783747,Indicadores_ocupabilidad_2024.csv,2024-11-01,21.781012906700898,19.77,-0.8660254037844386,0.5000000000000001,22.257376781062188,22.30107097784529,22.457444641898302,8951382.921274295,8485987.864147246,16160.997048783747,22.338630800268593,0,125
20260330.0,2029,11,TT,TODAS CONSOLIDADAS,TT,TODAS CONSOLIDADAS,HUÁNUCO,100000,2568.813361398298,49643.16828805323,76723.85317237738,20.66,16.53,1.773214528584398,1.25,1.27,10377106.14976509,58406,419,9742445.37990247,76846,756,17409.983607477316,Indicadores_ocupabilidad_2024.csv,2024-11-01,20.776206560234854,19.77,-0.5000000000000004,0.8660254037844384,21.781012906700898,22.257376781062188,22.30107097784529,10377106.14976509,9742445.37990247,17409.983607477316,22.11315355520279,0,126
20260330.0,2029,12,TT,TODAS CONSOLIDADAS,TT,TODAS CONSOLIDADAS,HUÁNUCO,100000,2673.2231414234084,52175.468789549566,80637.5407665654,20.66,16.53,1.7910177444504616,1.25,1.27,12029910.125681762,58406,419,11184937.275410658,76846,756,18755.496848224488,Indicadores_ocupabilidad_2024.csv,2024-11-01,20.504820957232894,19.77,-2.4492935982947064e-16,1.0,20.776206560234854,21.781012906700898,22.257376781062188,12029910.125681762,11184937.275410658,18755.496848224488,21.604865415999313,0,127
20260330.0,2030,1,TT,TODAS CONSOLIDADAS,TT,TODAS CONSOLIDADAS,HUÁNUCO,100000,2804.131685001574,55385.31148716044,85598.3744186188,20.66,16.53,1.8126177054415613,1.25,1.27,14364341.81260778,58406,419,13200556.518603198,76846,756,20508.07169058848,Indicadores_ocupabilidad_2024.csv,2024-11-01,21.43272566427696,19.77,0.49999999999999994,0.8660254037844387,20.504820957232894,20.776206560234854,21.781012906700898,14364341.81260778,13200556.518603198,20508.07169058848,21.020680141389548,0,128
20260330.0,2030,2,TT,TODAS CONSOLIDADAS,TT,TODAS CONSOLIDADAS,HUÁNUCO,100000,2941.450859445606,58792.62419093386,90864.39930405302,20.66,16.53,1.8344781654233957,1.25,1.27,17151775.32947186,58406,419,15579407.207220085,76846,756,22424.41284652672,Indicadores_ocupabilidad_2024.csv,2024-11-01,21.457581293122374,19.77,0.8660254037844386,0.5000000000000001,21.43272566427696,20.504820957232894,20.776206560234854,17151775.32947186,15579407.207220085,22424.41284652672,20.904584393914902,0,129
20260330.0,2030,3,TT,TODAS CONSOLIDADAS,TT,TODAS CONSOLIDADAS,HUÁNUCO,100000,3085.4945952826884,62409.55528538811,96454.39083350777,20.66,16.53,1.8566022660555352,1.25,1.27,20480116.72170532,58406,419,18386946.685643528,76846,756,24519.823174903442,Indicadores_ocupabilidad_2024.csv,2024-11-01,21.942095090072222,19.77,1.0,6.123233995736766e-17,21.457581293122374,21.43272566427696,20.504820957232894,20480116.72170532,18386946.685643528,24519.823174903442,21.131709304877408,0,130
20260330.0,2030,4,TT,TODAS CONSOLIDADAS,TT,TODAS CONSOLIDADAS,HUÁNUCO,100000,3236.592196312614,66249.00052548663,102388.2794837129,20.66,16.53,1.8789931868864684,1.25,1.27,24454330.404734217,58406,419,21700428.25917141,76846,756,26811.035483662803,Indicadores_ocupabilidad_2024.csv,2024-11-01,22.08832707904874,19.77,0.8660254037844387,-0.4999999999999998,21.942095090072222,21.457581293122374,21.43272566427696,24454330.404734217,21700428.25917141,26811.035483662803,21.61080068249052,0,131
20260330.0,2030,5,TT,TODAS CONSOLIDADAS,TT,TODAS CONSOLIDADAS,HUÁNUCO,100000,3395.0890924415826,70324.6490149803,108687.22185732822,20.66,16.53,1.9016541458105483,1.25,1.27,29199749.379851844,58406,419,25611026.92483082,76846,756,29316.34614893819,Indicadores_ocupabilidad_2024.csv,2024-11-01,22.1047154689716,19.77,0.49999999999999994,-0.8660254037844387,22.08832707904874,21.942095090072222,21.457581293122374,29199749.379851844,25611026.92483082,29316.34614893819,21.829334487414446,0,132
20260330.0,2030,6,TT,TODAS CONSOLIDADAS,TT,TODAS CONSOLIDADAS,HUÁNUCO,100000,3561.3476293824942,74651.03201334436,115373.67611439536,20.66,16.53,1.924588399530449,1.25,1.27,34866027.80508334,58406,419,30226348.17666287,76846,756,32055.76121996722,Indicadores_ocupabilidad_2024.csv,2024-11-01,22.99713362299067,19.77,1.2246467991473532e-16,-1.0,22.1047154689716,22.08832707904874,21.942095090072222,34866027.80508334,30226348.17666287,32055.76121996722,22.045045879364192,0,133
20260330.0,2030,7,TT,TODAS CONSOLIDADAS,TT,TODAS CONSOLIDADAS,HUÁNUCO,100000,3735.7478970271072,79243.57474532539,122471.48204434398,20.66,16.53,1.9477992440252008,1.25,1.27,41631860.571503736,58406,419,35673388.91870248,76846,756,35051.156176526856,Indicadores_ocupabilidad_2024.csv,2024-11-01,22.565930798826482,19.77,-0.4999999999999997,-0.8660254037844388,22.99713362299067,22.1047154689716,22.08832707904874,41631860.571503736,35673388.91870248,35051.156176526856,22.396725390337007,0,134
20260330.0,2030,8,TT,TODAS CONSOLIDADAS,TT,TODAS CONSOLIDADAS,HUÁNUCO,100000,3918.688598383828,84118.65139781941,130005.9460640397,20.66,16.53,1.9712900150238695,1.25,1.27,49710618.72417917,58406,419,42102031.95924097,76846,756,38326.45061462475,Indicadores_ocupabilidad_2024.csv,2024-11-01,22.295388980161526,19.77,-0.8660254037844385,-0.5000000000000004,22.565930798826482,22.99713362299067,22.1047154689716,49710618.72417917,42102031.95924097,38326.45061462475,22.555926630262917,0,135
20260330.0,2030,9,TT,TODAS CONSOLIDADAS,TT,TODAS CONSOLIDADAS,HUÁNUCO,100000,4110.5879610676475,89293.64350016629,138003.93144492494,20.66,16.53,1.9950640884849478,1.25,1.27,59357078.449483655,58406,419,49689170.242181204,76846,756,41907.799255391685,Indicadores_ocupabilidad_2024.csv,2024-11-01,22.234322549568528,19.77,-1.0,-1.8369701987210297e-16,22.295388980161526,22.565930798826482,22.99713362299067,59357078.449483655,49689170.242181204,41907.799255391685,22.619484467326227,0,136
20260330.0,2030,10,TT,TODAS CONSOLIDADAS,TT,TODAS CONSOLIDADAS,HUÁNUCO,100000,4311.884693426017,94787.00189600854,146493.95409094682,20.66,16.53,2.0191248810815288,1.25,1.27,70875455.83785798,58406,419,58643574.29937636,76846,756,45823.80080246842,Indicadores_ocupabilidad_2024.csv,2024-11-01,21.749725638660102,19.77,-0.8660254037844386,0.5000000000000001,22.234322549568528,22.295388980161526,22.565930798826482,70875455.83785798,58643574.29937636,45823.80080246842,22.365214109518845,0,137
20260330.0,2030,11,TT,TODAS CONSOLIDADAS,TT,TODAS CONSOLIDADAS,HUÁNUCO,100000,4523.038987486492,100618.31252766827,155506.28420875786,20.66,16.53,2.0434758506923307,1.25,1.27,84629000.81073405,58406,419,69211636.85858947,76846,756,50105.72631570843,Indicadores_ocupabilidad_2024.csv,2024-11-01,20.746379830829643,19.77,-0.5000000000000004,0.8660254037844384,21.749725638660102,22.234322549568528,22.295388980161526,84629000.81073405,69211636.85858947,50105.72631570843,22.09314572279672,0,138
20260330.0,2030,12,TT,TODAS CONSOLIDADAS,TT,TODAS CONSOLIDADAS,HUÁNUCO,100000,4744.533571019029,106808.36626758892,165073.05423268257,20.66,16.53,2.0681204968986426,1.25,1.27,101051452.7710116,58406,419,81684152.67785275,76846,756,54787.76892486485,Indicadores_ocupabilidad_2024.csv,2024-11-01,20.476532525860346,19.77,-2.4492935982947064e-16,1.0,20.746379830829643,21.749725638660102,22.234322549568528,101051452.7710116,81684152.67785275,54787.76892486485,21.576809339686093,0,139
20260330.0,2025,1,TT,TODAS CONSOLIDADAS,TT,TODAS CONSOLIDADAS,ICA,110000,1095.696,15861.04,28179.0,25.26,18.66,1.3326600000000002,1.36,1.17,140293.21,111621,24586,192063.296,155053,31779,3734.1849999999995,Indicadores_ocupabilidad_2024.csv,2024-11-01,24.619929455424355,23.0,0.49999999999999994,0.8660254037844387,27.94,23.55,24.08,140293.21,192063.296,3734.1849999999995,25.19,0,68
20260330.0,2025,2,TT,TODAS CONSOLIDADAS,TT,TODAS CONSOLIDADAS,ICA,110000,1104.461568,16019.6504,28460.79,25.26,18.66,1.3353253200000001,1.36,1.17,144502.0063,111621,24586,197441.068288,155053,31779,3790.197774999999,Indicadores_ocupabilidad_2024.csv,2024-11-01,23.56102073948446,23.0,0.8660254037844386,0.5000000000000001,24.619929455424355,27.94,23.55,144502.0063,197441.068288,3790.197774999999,25.36997648514145,0,69
20260330.0,2025,3,TT,TODAS CONSOLIDADAS,TT,TODAS CONSOLIDADAS,ICA,110000,1113.297260544,16179.846904,28745.3979,25.26,18.66,1.3379959706400002,1.36,1.17,148837.06648900002,111621,24586,202969.418200064,155053,31779,3847.050741624999,Indicadores_ocupabilidad_2024.csv,2024-11-01,23.51024098827649,23.0,1.0,6.123233995736766e-17,23.56102073948446,24.619929455424355,27.94,148837.06648900002,202969.418200064,3847.050741624999,25.373650064969606,0,70
20260330.0,2025,4,TT,TODAS CONSOLIDADAS,TT,TODAS CONSOLIDADAS,ICA,110000,1122.2036386283519,16341.64537304,29032.851879,25.26,18.66,1.3406719625812802,1.36,1.17,153302.17848367002,111621,24586,208652.56190966582,155053,31779,3904.7565027493733,Indicadores_ocupabilidad_2024.csv,2024-11-01,23.47447806909445,23.0,0.8660254037844387,-0.4999999999999998,23.51024098827649,23.56102073948446,24.619929455424355,153302.17848367002,208652.56190966582,3904.7565027493733,23.897063727728437,0,71
20260330.0,2025,5,TT,TODAS CONSOLIDADAS,TT,TODAS CONSOLIDADAS,ICA,110000,1131.1812677373787,16505.0618267704,29323.18039779,25.26,18.66,1.3433533065064427,1.36,1.17,157901.24383818012,111621,24586,214494.83364313646,155053,31779,3963.3278502906137,Indicadores_ocupabilidad_2024.csv,2024-11-01,23.674587742908326,23.0,0.49999999999999994,-0.8660254037844387,23.47447806909445,23.51024098827649,23.56102073948446,157901.24383818012,214494.83364313646,3963.3278502906137,23.5152465989518,0,72
20260330.0,2025,6,TT,TODAS CONSOLIDADAS,TT,TODAS CONSOLIDADAS,ICA,110000,1140.2307178792778,16670.112445038107,29616.412201767904,25.26,18.66,1.3460400131194556,1.36,1.17,162638.28115332552,111621,24586,220500.68898514428,155053,31779,4022.7777680449726,Indicadores_ocupabilidad_2024.csv,2024-11-01,24.863696962813222,23.0,1.2246467991473532e-16,-1.0,23.674587742908326,23.47447806909445,23.51024098827649,162638.28115332552,220500.68898514428,4022.7777680449726,23.553102266759755,0,73
20260330.0,2025,7,TT,TODAS CONSOLIDADAS,TT,TODAS CONSOLIDADAS,ICA,110000,1149.3525636223121,16836.813569488488,29912.576323785583,25.26,18.66,1.3487320931456945,1.36,1.17,167517.4295879253,111621,24586,226674.70827672834,155053,31779,4083.1194345656468,Indicadores_ocupabilidad_2024.csv,2024-11-01,24.729780423579633,23.0,-0.4999999999999997,-0.8660254037844388,24.863696962813222,23.674587742908326,23.47447806909445,167517.4295879253,226674.70827672834,4083.1194345656468,24.004254258272,0,74
20260330.0,2025,8,TT,TODAS CONSOLIDADAS,TT,TODAS CONSOLIDADAS,ICA,110000,1158.5473841312905,17005.18170518337,30211.702087023437,25.26,18.66,1.3514295573319859,1.36,1.17,172542.95247556304,111621,24586,233021.60010847673,155053,31779,4144.366226084131,Indicadores_ocupabilidad_2024.csv,2024-11-01,24.3474674876497,23.0,-0.8660254037844385,-0.5000000000000004,24.729780423579633,24.863696962813222,23.674587742908326,172542.95247556304,233021.60010847673,4144.366226084131,24.422688376433726,0,75
20260330.0,2025,9,TT,TODAS CONSOLIDADAS,TT,TODAS CONSOLIDADAS,ICA,110000,1167.8157632043408,17175.233522235205,30513.819107893672,25.26,18.66,1.35413241644665,1.36,1.17,177719.24104982993,111621,24586,239546.2049115141,155053,31779,4206.5317194753925,Indicadores_ocupabilidad_2024.csv,2024-11-01,23.910155062620642,23.0,-1.0,-1.8369701987210297e-16,24.3474674876497,24.729780423579633,24.863696962813222,177719.24104982993,239546.2049115141,4206.5317194753925,24.64698162468085,0,76
20260330.0,2025,10,TT,TODAS CONSOLIDADAS,TT,TODAS CONSOLIDADAS,ICA,110000,1177.1582893099755,17346.985857457556,30818.95729897261,25.26,18.66,1.3568406812795433,1.36,1.17,183050.81828132484,111621,24586,246253.4986490365,155053,31779,4269.629695267523,Indicadores_ocupabilidad_2024.csv,2024-11-01,23.182540214459042,23.0,-0.8660254037844386,0.5000000000000001,23.910155062620642,24.3474674876497,24.729780423579633,183050.81828132484,246253.4986490365,4269.629695267523,24.32913432461666,0,77
20260330.0,2025,11,TT,TODAS CONSOLIDADAS,TT,TODAS CONSOLIDADAS,ICA,110000,1186.5755556244553,17520.45571603213,31127.146871962337,25.26,18.66,1.3595543626421023,1.36,1.17,188542.3428297646,111621,24586,253148.59661120953,155053,31779,4333.674140696536,Indicadores_ocupabilidad_2024.csv,2024-11-01,22.59034241729697,23.0,-0.5000000000000004,0.8660254037844384,23.182540214459042,23.910155062620642,24.3474674876497,188542.3428297646,253148.59661120953,4333.674140696536,23.813387588243128,0,78
20260330.0,2025,12,TT,TODAS CONSOLIDADAS,TT,TODAS CONSOLIDADAS,ICA,110000,1196.0681600694509,17695.660273192454,31438.41834068196,25.26,18.66,1.3622734713673865,1.36,1.17,194198.61311465752,111621,24586,260236.7573163234,155053,31779,4398.679252806984,Indicadores_ocupabilidad_2024.csv,2024-11-01,21.231456446541433,23.0,-2.4492935982947064e-16,1.0,22.59034241729697,23.182540214459042,23.910155062620642,194198.61311465752,260236.7573163234,4398.679252806984,23.227679231458882,0,79
20260330.0,2026,1,TT,TODAS CONSOLIDADAS,TT,TODAS CONSOLIDADAS,ICA,110000,1215.2817989928067,18051.34304468362,32070.33054932967,25.26,18.66,1.3677280143467414,1.36,1.17,206025.30865334015,111621,24586,275014.0413437735,155053,31779,4531.629333223073,Indicadores_ocupabilidad_2024.csv,2024-11-01,21.78832179245876,23.0,0.49999999999999994,0.8660254037844387,21.231456446541433,22.59034241729697,23.182540214459042,206025.30865334015,275014.0413437735,4531.629333223073,22.334779692765817,0,80
20260330.0,2026,2,TT,TODAS CONSOLIDADAS,TT,TODAS CONSOLIDADAS,ICA,110000,1234.8040858118272,18414.17503988176,32714.944193371193,25.26,18.66,1.3732043973161856,1.36,1.17,218572.24995032855,111621,24586,290630.4386674383,155053,31779,4668.59782981974,Indicadores_ocupabilidad_2024.csv,2024-11-01,22.043989992709896,23.0,0.8660254037844386,0.5000000000000001,21.78832179245876,21.231456446541433,22.59034241729697,218572.24995032855,290630.4386674383,4668.59782981974,21.87004021876572,0,81
20260330.0,2026,3,TT,TODAS CONSOLIDADAS,TT,TODAS CONSOLIDADAS,ICA,110000,1254.6399786463085,18784.299958183383,33372.51457165796,25.26,18.66,1.3787027077230394,1.36,1.17,231883.29997230356,111621,24586,307133.5974967301,155053,31779,4809.70619922604,Indicadores_ocupabilidad_2024.csv,2024-11-01,22.646228489725118,23.0,1.0,6.123233995736766e-17,22.043989992709896,21.78832179245876,21.231456446541433,231883.29997230356,307133.5974967301,4809.70619922604,21.68792274390336,0,82
20260330.0,2026,4,TT,TODAS CONSOLIDADAS,TT,TODAS CONSOLIDADAS,ICA,110000,1274.7945152632828,19161.86438734287,34043.302114548285,25.26,18.66,1.3842230333647623,1.36,1.17,246004.99294061682,111621,24586,324573.8716969844,155053,31779,4955.079569097646,Indicadores_ocupabilidad_2024.csv,2024-11-01,22.73057818993704,23.0,0.8660254037844387,-0.4999999999999998,22.646228489725118,22.043989992709896,21.78832179245876,246004.99294061682,324573.8716969844,4955.079569097646,22.15951342496459,0,83
20260330.0,2026,5,TT,TODAS CONSOLIDADAS,TT,TODAS CONSOLIDADAS,ICA,110000,1295.2728143564723,19547.01786152846,34727.572487050704,25.26,18.66,1.3897654623903546,1.36,1.17,260986.6970107004,111621,24586,343004.47442742594,155053,31779,5104.84684907362,Indicadores_ocupabilidad_2024.csv,2024-11-01,22.824526537237066,23.0,0.49999999999999994,-0.8660254037844387,22.73057818993704,22.646228489725118,22.043989992709896,260986.6970107004,343004.47442742594,5104.84684907362,22.473598890790687,0,84
20260330.0,2026,6,TT,TODAS CONSOLIDADAS,TT,TODAS CONSOLIDADAS,ICA,110000,1316.0800768462948,19939.912920545183,35425.596694040425,25.26,18.66,1.3953300833017654,1.36,1.17,276880.786858652,111621,24586,362481.64050331287,155053,31779,5259.140845086869,Indicadores_ocupabilidad_2024.csv,2024-11-01,23.781730631449573,23.0,1.2246467991473532e-16,-1.0,22.824526537237066,22.73057818993704,22.646228489725118,276880.786858652,362481.64050331287,5259.140845086869,22.73377773896641,0,85
20260330.0,2026,7,TT,TODAS CONSOLIDADAS,TT,TODAS CONSOLIDADAS,ICA,110000,1337.2215872007537,20340.70517024814,36137.651187590636,25.26,18.66,1.4009169849553056,1.36,1.17,293742.82677834394,111621,24586,383064.797977653,155053,31779,5418.098377129619,Indicadores_ocupabilidad_2024.csv,2024-11-01,23.599457193318937,23.0,-0.4999999999999997,-0.8660254037844388,23.781730631449573,22.824526537237066,22.73057818993704,293742.82677834394,383064.797977653,5418.098377129619,23.112278452874563,0,86
20260330.0,2026,8,TT,TODAS CONSOLIDADAS,TT,TODAS CONSOLIDADAS,ICA,110000,1358.7027147775466,20749.553344170126,36864.01797646121,25.26,18.66,1.4065262565630665,1.36,1.17,311631.76492914505,111621,24586,404816.749466016,155053,31779,5581.86040057836,Indicadores_ocupabilidad_2024.csv,2024-11-01,23.492327127551103,23.0,-0.8660254037844385,-0.5000000000000004,23.599457193318937,23.781730631449573,22.824526537237066,311631.76492914505,404816.749466016,5581.86040057836,23.401904787335194,0,87
20260330.0,2026,9,TT,TODAS CONSOLIDADAS,TT,TODAS CONSOLIDADAS,ICA,110000,1380.5289151877332,21166.619366387946,37604.98473778808,25.26,18.66,1.4121579876943449,1.36,1.17,330610.13941332995,111621,24586,427803.8637676943,155053,31779,5750.57213118584,Indicadores_ocupabilidad_2024.csv,2024-11-01,23.60928348727295,23.0,-1.0,-1.8369701987210297e-16,23.492327127551103,23.599457193318937,23.781730631449573,330610.13941332995,427803.8637676943,5750.57213118584,23.624504984106537,0,88
20260330.0,2026,10,TT,TODAS CONSOLIDADAS,TT,TODAS CONSOLIDADAS,ICA,110000,1402.705731681309,21592.068415652342,38360.84493101762,25.26,18.66,1.4178122682770729,1.36,1.17,350744.29690360173,111621,24586,452096.278367879,155053,31779,5924.38317385093,Indicadores_ocupabilidad_2024.csv,2024-11-01,22.844652742237077,23.0,-0.8660254037844386,0.5000000000000001,23.60928348727295,23.492327127551103,23.599457193318937,350744.29690360173,452096.278367879,5924.38317385093,23.56702260271433,0,89
20260330.0,2026,11,TT,TODAS CONSOLIDADAS,TT,TODAS CONSOLIDADAS,ICA,110000,1425.2387965550377,22026.068990806954,39131.89791413108,25.26,18.66,1.423489188599254,1.36,1.17,372104.62458503107,111621,24586,477768.1134387206,155053,31779,6103.447655280573,Indicadores_ocupabilidad_2024.csv,2024-11-01,21.421624815996683,23.0,-0.5000000000000004,0.8660254037844384,22.844652742237077,23.60928348727295,23.492327127551103,372104.62458503107,477768.1134387206,6103.447655280573,23.315421119020375,0,90
20260330.0,2026,12,TT,TODAS CONSOLIDADAS,TT,TODAS CONSOLIDADAS,ICA,110000,1448.1338325828979,22468.792977522175,39918.44906220511,25.26,18.66,1.4291888393104053,1.36,1.17,394765.79622225947,111621,24586,504897.6979922249,155053,31779,6287.924360661426,Indicadores_ocupabilidad_2024.csv,2024-11-01,20.653258007409192,23.0,-2.4492935982947064e-16,1.0,21.421624815996683,22.844652742237077,23.60928348727295,394765.79622225947,504897.6979922249,6287.924360661426,22.625187015168905,0,91
20260330.0,2027,1,TT,TODAS CONSOLIDADAS,TT,TODAS CONSOLIDADAS,ICA,110000,1483.1678277052656,23149.619873534077,41128.01798723899,25.26,18.66,1.43778113404585,1.36,1.17,431371.2442085609,111621,24586,548507.7075235158,155053,31779,6575.146527579352,Indicadores_ocupabilidad_2024.csv,2024-11-01,21.691395416501365,23.0,0.49999999999999994,0.8660254037844387,20.653258007409192,21.421624815996683,22.844652742237077,431371.2442085609,548507.7075235158,6575.146527579352,21.63984518854765,0,92
20260330.0,2027,2,TT,TODAS CONSOLIDADAS,TT,TODAS CONSOLIDADAS,ICA,110000,1519.049383175039,23851.076505322035,42374.23806027033,25.26,18.66,1.4464250857259826,1.36,1.17,471371.0055702881,111621,24586,595884.485924782,155053,31779,6875.488536346066,Indicadores_ocupabilidad_2024.csv,2024-11-01,22.08523153980004,23.0,0.8660254037844386,0.5000000000000001,21.691395416501365,20.653258007409192,21.421624815996683,471371.0055702881,595884.485924782,6875.488536346066,21.25542607996908,0,93
20260330.0,2027,3,TT,TODAS CONSOLIDADAS,TT,TODAS CONSOLIDADAS,ICA,110000,1555.7990036060937,24573.7879745098,43658.21984773458,25.26,18.66,1.4551210049127679,1.36,1.17,515079.8248038042,111621,24586,647353.3839095938,155053,31779,7189.549680017481,Indicadores_ocupabilidad_2024.csv,2024-11-01,22.62987883566387,23.0,1.0,6.123233995736766e-17,22.08523153980004,21.691395416501365,20.653258007409192,515079.8248038042,647353.3839095938,7189.549680017481,21.47662832123687,0,94
20260330.0,2027,4,TT,TODAS CONSOLIDADAS,TT,TODAS CONSOLIDADAS,ICA,110000,1593.437689670422,25318.398323925423,44981.10756734079,25.26,18.66,1.4638692040352712,1.36,1.17,562841.6317183865,111621,24586,703267.8540184386,155053,31779,7517.956626382446,Indicadores_ocupabilidad_2024.csv,2024-11-01,22.72729536766672,23.0,0.8660254037844387,-0.4999999999999998,22.62987883566387,22.08523153980004,21.691395416501365,562841.6317183865,703267.8540184386,7517.956626382446,22.135501930655092,0,95
20260330.0,2027,5,TT,TODAS CONSOLIDADAS,TT,TODAS CONSOLIDADAS,ICA,110000,1631.986950099026,26085.57111153869,46344.08010773879,25.26,18.66,1.4726699974008848,1.36,1.17,615032.2477027373,111621,24586,764011.8778845702,155053,31779,7861.364668396076,Indicadores_ocupabilidad_2024.csv,2024-11-01,22.819459851846993,23.0,0.49999999999999994,-0.8660254037844387,22.72729536766672,22.62987883566387,22.08523153980004,615032.2477027373,764011.8778845702,7861.364668396076,22.480801914376872,0,96
20260330.0,2027,6,TT,TODAS CONSOLIDADAS,TT,TODAS CONSOLIDADAS,ICA,110000,1671.46881397314,26875.99000178943,47748.352079083386,25.26,18.66,1.4815237012066187,1.36,1.17,672062.3429354691,111621,24586,830002.6031524019,155053,31779,8220.45903173082,Indicadores_ocupabilidad_2024.csv,2024-11-01,23.751277511791457,23.0,1.2246467991473532e-16,-1.0,22.819459851846993,22.72729536766672,22.62987883566387,672062.3429354691,830002.6031524019,8220.45903173082,22.725544685059194,0,97
20260330.0,2027,7,TT,TODAS CONSOLIDADAS,TT,TODAS CONSOLIDADAS,ICA,110000,1711.905843312811,27690.359374833653,49195.1748954317,25.26,18.66,1.4904306335504625,1.36,1.17,734380.6678088463,111621,24586,901693.2081569624,155053,31779,8595.956242054353,Indicadores_ocupabilidad_2024.csv,2024-11-01,23.710733128245433,23.0,-0.4999999999999997,-0.8660254037844388,23.751277511791457,22.819459851846993,22.72729536766672,734380.6678088463,901693.2081569624,8595.956242054353,23.09934424376839,0,98
20260330.0,2027,8,TT,TODAS CONSOLIDADAS,TT,TODAS CONSOLIDADAS,ICA,110000,1753.3211459700262,28529.40495425049,50685.837889938186,25.26,18.66,1.4993911144428127,1.36,1.17,802477.5839927573,111621,24586,979576.0140370379,155053,31779,8988.6055547625,Indicadores_ocupabilidad_2024.csv,2024-11-01,23.618997910560687,23.0,-0.8660254037844385,-0.5000000000000004,23.710733128245433,23.751277511791457,22.819459851846993,802477.5839927573,979576.0140370379,8988.6055547625,23.42715683062796,0,99
20260330.0,2027,9,TT,TODAS CONSOLIDADAS,TT,TODAS CONSOLIDADAS,ICA,110000,1795.7383888337597,29393.87445376924,52221.66946384121,25.26,18.66,1.5084054658179717,1.36,1.17,876888.9229236536,111621,24586,1064185.8656538243,155053,31779,9399.190450020022,Indicadores_ocupabilidad_2024.csv,2024-11-01,23.72312523918729,23.0,-1.0,-1.8369701987210297e-16,23.618997910560687,23.710733128245433,23.751277511791457,876888.9229236536,1064185.8656538243,9399.190450020022,23.693669516865857,0,100
20260330.0,2027,10,TT,TODAS CONSOLIDADAS,TT,TODAS CONSOLIDADAS,ICA,110000,1839.181811354481,30284.538243592906,53804.03827026507,25.26,18.66,1.517474011545713,1.36,1.17,958200.2020795953,111621,24586,1156103.8045328862,155053,31779,9828.530196092452,Indicadores_ocupabilidad_2024.csv,2024-11-01,23.30634010898777,23.0,-0.8660254037844386,0.5000000000000001,23.72312523918729,23.618997910560687,23.710733128245433,958200.2020795953,1156103.8045328862,9828.530196092452,23.684285425997803,0,101
20260330.0,2027,11,TT,TODAS CONSOLIDADAS,TT,TODAS CONSOLIDADAS,ICA,110000,1883.6762393958559,31202.19003691202,55434.354433892375,25.26,18.66,1.5265970774429178,1.36,1.17,1047051.2322178299,111621,24586,1255961.059052627,155053,31779,10277.481484088383,Indicadores_ocupabilidad_2024.csv,2024-11-01,22.933362365960967,23.0,-0.5000000000000004,0.8660254037844384,23.30634010898777,23.72312523918729,23.618997910560687,1047051.2322178299,1255961.059052627,10277.481484088383,23.549487752911915,0,102
20260330.0,2027,12,TT,TODAS CONSOLIDADAS,TT,TODAS CONSOLIDADAS,ICA,110000,1929.2470994215548,32147.647597220493,57114.07080759376,25.26,18.66,1.5357749912852812,1.36,1.17,1144141.1518276925,111621,24586,1364443.3792811078,155053,31779,10746.940137374124,Indicadores_ocupabilidad_2024.csv,2024-11-01,21.54737998375945,23.0,-2.4492935982947064e-16,1.0,22.933362365960967,23.30634010898777,23.72312523918729,1144141.1518276925,1364443.3792811078,10746.940137374124,23.320942571378676,0,103
20260330.0,2028,1,TT,TODAS CONSOLIDADAS,TT,TODAS CONSOLIDADAS,ICA,110000,1991.7277964894781,33452.97100173451,59433.131109806,25.26,18.66,1.5480980989847266,1.36,1.17,1287740.9462656158,111621,24586,1523800.027124288,155053,31779,11406.410542557722,Indicadores_ocupabilidad_2024.csv,2024-11-01,21.848303452099238,23.0,0.49999999999999994,0.8660254037844387,21.54737998375945,22.933362365960967,23.30634010898777,1287740.9462656158,1523800.027124288,11406.410542557722,22.595694152902727,0,104
20260330.0,2028,2,TT,TODAS CONSOLIDADAS,TT,TODAS CONSOLIDADAS,ICA,110000,2056.2319966676378,34811.29577081865,61846.354559719875,25.26,18.66,1.560520087694889,1.36,1.17,1449363.7800196873,111621,24586,1701768.3239354123,155053,31779,12106.348393335493,Indicadores_ocupabilidad_2024.csv,2024-11-01,22.15104424341225,23.0,0.8660254037844386,0.5000000000000001,21.848303452099238,21.54737998375945,22.933362365960967,1449363.7800196873,1701768.3239354123,12106.348393335493,22.109681933939886,0,105
20260330.0,2028,3,TT,TODAS CONSOLIDADAS,TT,TODAS CONSOLIDADAS,ICA,110000,2122.825233233178,36224.77397240993,64357.56455872629,25.26,18.66,1.5730417508401642,1.36,1.17,1631271.7033070603,111621,24586,1900521.96928707,155053,31779,12849.236915853819,Indicadores_ocupabilidad_2024.csv,2024-11-01,22.795312783438074,23.0,1.0,6.123233995736766e-17,22.15104424341225,21.848303452099238,21.54737998375945,1631271.7033070603,1900521.96928707,12849.236915853819,21.848909226423643,0,106
20260330.0,2028,4,TT,TODAS CONSOLIDADAS,TT,TODAS CONSOLIDADAS,ICA,110000,2191.575161827371,37695.645057033405,66970.73975364446,25.26,18.66,1.5856638882114105,1.36,1.17,1836010.6735758027,111621,24586,2122488.534391059,155053,31779,13637.711715832429,Indicadores_ocupabilidad_2024.csv,2024-11-01,22.9854757941554,23.0,0.8660254037844387,-0.4999999999999998,22.795312783438074,22.15104424341225,21.848303452099238,1836010.6735758027,2122488.534391059,13637.711715832429,22.264886826316523,0,107
20260330.0,2028,5,TT,TODAS CONSOLIDADAS,TT,TODAS CONSOLIDADAS,ICA,110000,2262.551629190612,39226.239405885644,69690.02034030884,25.26,18.66,1.598387306017034,1.36,1.17,2066446.1883636003,111621,24586,2370379.112382174,155053,31779,14474.570129116064,Indicadores_ocupabilidad_2024.csv,2024-11-01,22.849922743221068,23.0,0.49999999999999994,-0.8660254037844387,22.9854757941554,22.795312783438074,22.15104424341225,2066446.1883636003,2370379.112382174,14474.570129116064,22.64394427366857,0,108
20260330.0,2028,6,TT,TODAS CONSOLIDADAS,TT,TODAS CONSOLIDADAS,ICA,110000,2335.826744123469,40818.98202298462,72519.71462310695,25.26,18.66,1.6112128169344828,1.36,1.17,2325803.3903941517,111621,24586,2647221.4315304677,155053,31779,15362.781146009185,Indicadores_ocupabilidad_2024.csv,2024-11-01,23.815582190161678,23.0,1.2246467991473532e-16,-1.0,22.849922743221068,22.9854757941554,22.795312783438074,2325803.3903941517,2647221.4315304677,15362.781146009185,22.876903773604848,0,109
20260330.0,2028,7,TT,TODAS CONSOLIDADAS,TT,TODAS CONSOLIDADAS,ICA,110000,2411.4749507458814,42476.39637723571,75464.30584086073,25.26,18.66,1.6241412401621549,1.36,1.17,2617712.2062164876,111621,24586,2956396.835825796,155053,31779,16305.49594460311,Indicadores_ocupabilidad_2024.csv,2024-11-01,24.18711909365316,23.0,-0.4999999999999997,-0.8660254037844388,23.815582190161678,22.849922743221068,22.9854757941554,2617712.2062164876,2956396.835825796,16305.49594460311,23.21699357584605,0,110
20260330.0,2028,8,TT,TODAS CONSOLIDADAS,TT,TODAS CONSOLIDADAS,ICA,110000,2489.5731041289364,44201.108400500954,78528.4592698661,25.26,18.66,1.637173401471722,1.36,1.17,2946258.150141194,111621,24586,3301681.5846144236,155053,31779,17306.05907046549,Indicadores_ocupabilidad_2024.csv,2024-11-01,24.222669096931273,23.0,-0.8660254037844385,-0.5000000000000004,24.18711909365316,23.815582190161678,22.849922743221068,2946258.150141194,3301681.5846144236,17306.05907046549,23.6175413423453,0,111
20260330.0,2028,9,TT,TODAS CONSOLIDADAS,TT,TODAS CONSOLIDADAS,ICA,110000,2570.2005483760563,45995.85064800598,81717.02961534433,25.26,18.66,1.650310133260875,1.36,1.17,3316039.504518217,111621,24586,3687292.975720244,155053,31779,18368.020302355235,Indicadores_ocupabilidad_2024.csv,2024-11-01,24.474525425786066,23.0,-1.0,-1.8369701987210297e-16,24.222669096931273,24.18711909365316,23.815582190161678,3316039.504518217,3687292.975720244,18368.020302355235,24.075123460248705,0,112
20260330.0,2028,10,TT,TODAS CONSOLIDADAS,TT,TODAS CONSOLIDADAS,ICA,110000,2653.439197232931,47863.46662767612,85035.06870301608,25.26,18.66,1.6635522746064897,1.36,1.17,3732231.676643288,111621,24586,4117940.8553970633,155053,31779,19495.14724605983,Indicadores_ocupabilidad_2024.csv,2024-11-01,24.302200699745537,23.0,-0.8660254037844386,0.5000000000000001,24.474525425786066,24.222669096931273,24.18711909365316,3732231.676643288,4117940.8553970633,19495.14724605983,24.29477120545683,0,113
20260330.0,2028,11,TT,TODAS CONSOLIDADAS,TT,TODAS CONSOLIDADAS,ICA,110000,2739.3736173080847,49806.91530526095,88487.83348298403,25.26,18.66,1.676900671318222,1.36,1.17,4200659.6330230925,111621,24586,4598885.144253008,155053,31779,20691.438701035244,Indicadores_ocupabilidad_2024.csv,2024-11-01,23.784094467106954,23.0,-0.5000000000000004,0.8660254037844384,24.302200699745537,24.474525425786066,24.222669096931273,4200659.6330230925,4598885.144253008,20691.438701035244,24.33313174082096,0,114
20260330.0,2028,12,TT,TODAS CONSOLIDADAS,TT,TODAS CONSOLIDADAS,ICA,110000,2828.091113988632,51829.27579238492,92080.79435860545,25.26,18.66,1.6903561759925314,1.36,1.17,4727879.424778858,111621,24586,5136000.081767006,155053,31779,21961.138847270297,Indicadores_ocupabilidad_2024.csv,2024-11-01,23.43983431041919,23.0,-2.4492935982947064e-16,1.0,23.784094467106954,24.302200699745537,24.474525425786066,4727879.424778858,5136000.081767006,21961.138847270297,24.18694019754619,0,115
20260330.0,2029,1,TT,TODAS CONSOLIDADAS,TT,TODAS CONSOLIDADAS,ICA,110000,2943.039274699611,54473.0897472012,96777.84029208572,25.26,18.66,1.707327487363273,1.36,1.17,5480908.043562528,111621,24586,5896449.661352173,155053,31779,23658.383587248023,Indicadores_ocupabilidad_2024.csv,2024-11-01,24.099628204228537,23.0,0.49999999999999994,0.8660254037844387,23.43983431041919,23.784094467106954,24.302200699745537,5480908.043562528,5896449.661352173,23658.383587248023,23.84204315909056,0,116
20260330.0,2029,2,TT,TODAS CONSOLIDADAS,TT,TODAS CONSOLIDADAS,ICA,110000,3062.659519554372,57251.764784307736,101714.48277395482,25.26,18.66,1.72446919205924,1.36,1.17,6353874.598524374,111621,24586,6769493.390837024,155053,31779,25486.79819630292,Indicadores_ocupabilidad_2024.csv,2024-11-01,23.424791586478246,23.0,0.8660254037844386,0.5000000000000001,24.099628204228537,23.43983431041919,23.784094467106954,6353874.598524374,6769493.390837024,25486.79819630292,23.774518993918225,0,117
20260330.0,2029,3,TT,TODAS CONSOLIDADAS,TT,TODAS CONSOLIDADAS,ICA,110000,3187.141746069426,60172.180174268695,106902.94363614985,25.26,18.66,1.741783000843063,1.36,1.17,7365882.093422628,111621,24586,7771802.253981648,155053,31779,27456.520007106265,Indicadores_ocupabilidad_2024.csv,2024-11-01,23.958551033351398,23.0,1.0,6.123233995736766e-17,23.424791586478246,24.099628204228537,23.43983431041919,7365882.093422628,7771802.253981648,27456.520007106265,23.654751367041992,0,118
20260330.0,2029,4,TT,TODAS CONSOLIDADAS,TT,TODAS CONSOLIDADAS,ICA,110000,3316.683570172527,63241.56609958438,112356.06814686734,25.26,18.66,1.7592706416535657,1.36,1.17,8539076.145255463,111621,24586,8922515.5839211,155053,31779,29578.46980598687,Indicadores_ocupabilidad_2024.csv,2024-11-01,24.210209209739723,23.0,0.8660254037844387,-0.4999999999999998,23.958551033351398,23.424791586478246,24.099628204228537,8539076.145255463,8922515.5839211,29578.46980598687,23.82765694135273,0,119
20260330.0,2029,5,TT,TODAS CONSOLIDADAS,TT,TODAS CONSOLIDADAS,ICA,110000,3451.490639918579,66467.52155472666,118087.35681207808,25.26,18.66,1.7769338597782167,1.36,1.17,9899129.59366824,111621,24586,10243606.533417448,155053,31779,31864.412381366616,Indicadores_ocupabilidad_2024.csv,2024-11-01,24.752237181400425,23.0,0.49999999999999994,-0.8660254037844387,24.210209209739723,23.958551033351398,23.424791586478246,9899129.59366824,10243606.533417448,31864.412381366616,23.86451727652312,0,120
20260330.0,2029,6,TT,TODAS CONSOLIDADAS,TT,TODAS CONSOLIDADAS,ICA,110000,3591.7769619565734,69858.0331592561,124110.99879923878,25.26,18.66,1.7947744180273104,1.36,1.17,11475804.296075484,111621,24586,11760301.657591427,155053,31779,34327.02175162146,Indicadores_ocupabilidad_2024.csv,2024-11-01,26.61846239766159,23.0,1.2246467991473532e-16,-1.0,24.752237181400425,24.210209209739723,23.958551033351398,11475804.296075484,11760301.657591427,34327.02175162146,24.306999141497183,0,121
20260330.0,2029,7,TT,TODAS CONSOLIDADAS,TT,TODAS CONSOLIDADAS,ICA,110000,3737.7652412658217,73421.49493059723,130441.90706594901,25.26,18.66,1.8127940969098975,1.36,1.17,13303602.402180871,111621,24586,13501562.621168617,155053,31779,36979.951434012786,Indicadores_ocupabilidad_2024.csv,2024-11-01,27.02115602375695,23.0,-0.4999999999999997,-0.8660254037844388,26.61846239766159,24.752237181400425,24.210209209739723,13303602.402180871,13501562.621168617,36979.951434012786,25.19363626293391,0,122
20260330.0,2029,8,TT,TODAS CONSOLIDADAS,TT,TODAS CONSOLIDADAS,ICA,110000,3889.6872347008116,77166.7290654239,137095.75528052263,25.26,18.66,1.8309946948114821,1.36,1.17,15422521.359643487,111621,24586,15500639.22855802,155053,31779,39837.910144283014,Indicadores_ocupabilidad_2024.csv,2024-11-01,26.812099424354898,23.0,-0.8660254037844385,-0.5000000000000004,27.02115602375695,26.61846239766159,24.752237181400425,15422521.359643487,15500639.22855802,39837.910144283014,26.130618534272987,0,123
20260330.0,2029,9,TT,TODAS CONSOLIDADAS,TT,TODAS CONSOLIDADAS,ICA,110000,4047.784118905947,81103.00778110432,144089.01662587945,25.26,18.66,1.849378028173503,1.36,1.17,17878929.172572684,111621,24586,17795704.337007727,155053,31779,42916.74334661914,Indicadores_ocupabilidad_2024.csv,2024-11-01,26.624989954314913,23.0,-1.0,-1.8369701987210297e-16,26.812099424354898,27.02115602375695,26.61846239766159,17878929.172572684,17795704.337007727,42916.74334661914,26.817239281924483,0,124
20260330.0,2029,10,TT,TODAS CONSOLIDADAS,TT,TODAS CONSOLIDADAS,ICA,110000,4212.30687318423,85240.07627127915,151439.00458282532,25.26,18.66,1.8679459316746168,1.36,1.17,20726579.066009466,111621,24586,20430582.776659857,155053,31779,46233.52110612396,Indicadores_ocupabilidad_2024.csv,2024-11-01,25.296020733287595,23.0,-0.8660254037844386,0.5000000000000001,26.624989954314913,26.812099424354898,27.02115602375695,20726579.066009466,20430582.776659857,46233.52110612396,26.819415134142258,0,125
20260330.0,2029,11,TT,TODAS CONSOLIDADAS,TT,TODAS CONSOLIDADAS,ICA,110000,4383.516677927702,89588.17683240493,159163.9157936894,25.26,18.66,1.8867002584138,1.36,1.17,24027785.760153882,111621,24586,23455588.19641167,155053,31779,49806.63273087796,Indicadores_ocupabilidad_2024.csv,2024-11-01,24.164582371393777,23.0,-0.5000000000000004,0.8660254037844384,25.296020733287595,26.624989954314913,26.812099424354898,24027785.760153882,23455588.19641167,49806.63273087796,26.244370037319133,0,126
20260330.0,2029,12,TT,TODAS CONSOLIDADAS,TT,TODAS CONSOLIDADAS,ICA,110000,4561.6853292421365,94158.07422099359,167282.8751124377,25.26,18.66,1.9056428800952916,1.36,1.17,27854789.094581116,111621,24586,26928483.815359447,155053,31779,53655.88872831874,Indicadores_ocupabilidad_2024.csv,2024-11-01,24.148927476162495,23.0,-2.4492935982947064e-16,1.0,24.164582371393777,25.296020733287595,26.624989954314913,27854789.094581116,26928483.815359447,53655.88872831874,25.36186435299876,0,127
20260330.0,2030,1,TT,TODAS CONSOLIDADAS,TT,TODAS CONSOLIDADAS,ICA,110000,4785.072435787609,99950.69312736926,177574.14278232318,25.26,18.66,1.9286252385898217,1.36,1.17,33260074.88771553,111621,24586,31781221.817526255,155053,31779,58669.67010083595,Indicadores_ocupabilidad_2024.csv,2024-11-01,25.159436399316764,23.0,0.49999999999999994,0.8660254037844387,24.148927476162495,24.164582371393777,25.296020733287595,33260074.88771553,31781221.817526255,58669.67010083595,24.53651019361462,0,128
20260330.0,2030,2,TT,TODAS CONSOLIDADAS,TT,TODAS CONSOLIDADAS,ICA,110000,5019.398876322401,106099.67482123937,188498.5307891352,25.26,18.66,1.9518847680104934,1.36,1.17,39714268.80240326,111621,24586,37508463.79396591,155053,31779,64151.95556949598,Indicadores_ocupabilidad_2024.csv,2024-11-01,24.059604964379922,23.0,0.8660254037844386,0.5000000000000001,25.159436399316764,24.148927476162495,24.164582371393777,39714268.80240326,37508463.79396591,64151.95556949598,24.490982082291012,0,129
20260330.0,2030,3,TT,TODAS CONSOLIDADAS,TT,TODAS CONSOLIDADAS,ICA,110000,5265.200353331676,112626.94279495916,200094.98879135004,25.26,18.66,1.9754248110830899,1.36,1.17,47420913.86847963,111621,24586,44267802.674829915,155053,31779,70146.5236862129,Indicadores_ocupabilidad_2024.csv,2024-11-01,24.56014054865462,23.0,1.0,6.123233995736766e-17,24.059604964379922,25.159436399316764,24.148927476162495,47420913.86847963,44267802.674829915,70146.5236862129,24.455989613286395,0,130
20260330.0,2030,4,TT,TODAS CONSOLIDADAS,TT,TODAS CONSOLIDADAS,ICA,110000,5523.038802812883,119555.76927743528,212404.86263629934,25.26,18.66,1.9992487508472028,1.36,1.17,56623051.108162016,111621,24586,52245230.9543248,155053,31779,76701.24381368233,Indicadores_ocupabilidad_2024.csv,2024-11-01,24.730312300772038,23.0,0.8660254037844387,-0.4999999999999998,24.56014054865462,24.059604964379922,25.159436399316764,56623051.108162016,52245230.9543248,76701.24381368233,24.593060637450435,0,131
20260330.0,2030,5,TT,TODAS CONSOLIDADAS,TT,TODAS CONSOLIDADAS,ICA,110000,5793.503678938768,126910.85820860152,225472.04177406922,25.26,18.66,2.0233600111424237,1.36,1.17,67610884.2121798,111621,24586,61660258.52967696,155053,31779,83868.45838409303,Indicadores_ocupabilidad_2024.csv,2024-11-01,25.424640368937943,23.0,0.49999999999999994,-0.8660254037844387,24.730312300772038,24.56014054865462,24.059604964379922,67610884.2121798,61660258.52967696,83868.45838409303,24.45001927126886,0,132
20260330.0,2030,6,TT,TODAS CONSOLIDADAS,TT,TODAS CONSOLIDADAS,ICA,110000,6077.213301630716,134718.43331849686,239343.11574032495,25.26,18.66,2.047762057100398,1.36,1.17,80730931.5639096,111621,24586,72771952.8174825,155053,31779,91705.40087734014,Indicadores_ocupabilidad_2024.csv,2024-11-01,26.831252813822427,23.0,1.2246467991473532e-16,-1.0,25.424640368937943,24.730312300772038,24.56014054865462,80730931.5639096,72771952.8174825,91705.40087734014,24.9050310727882,0,133
20260330.0,2030,7,TT,TODAS CONSOLIDADAS,TT,TODAS CONSOLIDADAS,ICA,110000,6374.816270123171,143006.33162498157,254067.54026598236,25.26,18.66,2.0724583956428138,1.36,1.17,96396954.23481181,111621,24586,85886067.34954025,155053,31779,100274.65285648704,Indicadores_ocupabilidad_2024.csv,2024-11-01,27.096695079169333,23.0,-0.4999999999999997,-0.8660254037844388,26.831252813822427,25.424640368937943,24.730312300772038,96396954.23481181,85886067.34954025,100274.65285648704,25.662068494510805,0,134
20260330.0,2030,8,TT,TODAS CONSOLIDADAS,TT,TODAS CONSOLIDADAS,ICA,110000,6686.9929457507305,151804.102683447,269697.8136059713,25.26,18.66,2.0974525759853972,1.36,1.17,115103004.58247797,111621,24586,101363455.00127457,155053,31779,109644.64371011234,Indicadores_ocupabilidad_2024.csv,2024-11-01,26.66300242405462,23.0,-0.8660254037844385,-0.5000000000000004,27.096695079169333,26.831252813822427,25.424640368937943,115103004.58247797,101363455.00127457,109644.64371011234,26.450862753976566,0,135
20260330.0,2030,9,TT,TODAS CONSOLIDADAS,TT,TODAS CONSOLIDADAS,ICA,110000,7014.457007347766,161143.11394238236,286289.6637157711,25.26,18.66,2.1227481901479845,1.36,1.17,137439006.95909584,111621,24586,119629997.35428467,155053,31779,119890.19709221309,Indicadores_ocupabilidad_2024.csv,2024-11-01,26.449322738877004,23.0,-1.0,-1.8369701987210297e-16,26.66300242405462,27.096695079169333,26.831252813822427,137439006.95909584,119629997.35428467,119890.19709221309,26.863650105682126,0,136
20260330.0,2030,10,TT,TODAS CONSOLIDADAS,TT,TODAS CONSOLIDADAS,ICA,110000,7357.957082816443,171056.66258043185,303902.24694307504,25.26,18.66,2.1483488734707468,1.36,1.17,164109361.89217362,111621,24586,141188323.41307035,155053,31779,131093.12842323587,Indicadores_ocupabilidad_2024.csv,2024-11-01,25.29230831227815,23.0,-0.8660254037844386,0.5000000000000001,26.449322738877004,26.66300242405462,27.096695079169333,164109361.89217362,141188323.41307035,131093.12842323587,26.73634008070032,0,137
20260330.0,2030,11,TT,TODAS CONSOLIDADAS,TT,TODAS CONSOLIDADAS,ICA,110000,7718.278460593109,181580.0942236845,322598.3589429954,25.26,18.66,2.17425830513664,1.36,1.17,195955160.4492587,111621,24586,166631640.13252223,155053,31779,143342.8982235547,Indicadores_ocupabilidad_2024.csv,2024-11-01,24.178048809698943,23.0,-0.5000000000000004,0.8660254037844384,25.29230831227815,26.449322738877004,26.66300242405462,195955160.4492587,166631640.13252223,143342.8982235547,26.134877825069925,0,138
20260330.0,2030,12,TT,TODAS CONSOLIDADAS,TT,TODAS CONSOLIDADAS,ICA,110000,8096.244884925712,192750.92896646936,342444.6585688039,25.26,18.66,2.200480208700156,1.36,1.17,233980709.35114604,111621,24586,196660055.32213846,155053,31779,156737.3264965613,Indicadores_ocupabilidad_2024.csv,2024-11-01,24.291776970023218,23.0,-2.4492935982947064e-16,1.0,24.178048809698943,25.29230831227815,26.449322738877004,233980709.35114604,196660055.32213846,156737.3264965613,25.30655995361803,0,139
20260330.0,2025,1,TT,TODAS CONSOLIDADAS,TT,TODAS CONSOLIDADAS,JUNÍN,120000,1623.888,18092.13,30235.36,25.4,20.29,1.1522999999999999,1.14,2.6,158240.96,152819,813,183412.676,176411,2006,3348.4849999999997,Indicadores_ocupabilidad_2024.csv,2024-11-01,23.765862613252274,27.19,0.49999999999999994,0.8660254037844387,21.77,22.25,25.88,158240.96,183412.676,3348.4849999999997,23.3,0,68
20260330.0,2025,2,TT,TODAS CONSOLIDADAS,TT,TODAS CONSOLIDADAS,JUNÍN,120000,1636.8791039999999,18273.051300000003,30537.7136,25.4,20.29,1.1546045999999999,1.14,2.6,162988.1888,152819,813,188548.230928,176411,2006,3398.7122749999994,Indicadores_ocupabilidad_2024.csv,2024-11-01,22.32106924266508,27.19,0.8660254037844386,0.5000000000000001,23.765862613252274,21.77,22.25,162988.1888,188548.230928,3398.7122749999994,22.59528753775076,0,69
20260330.0,2025,3,TT,TODAS CONSOLIDADAS,TT,TODAS CONSOLIDADAS,JUNÍN,120000,1649.9741368319999,18455.781813,30843.090736,25.4,20.29,1.1569138092,1.14,2.6,167877.834464,152819,813,193827.581393984,176411,2006,3449.692959124999,Indicadores_ocupabilidad_2024.csv,2024-11-01,22.3730129034592,27.19,1.0,6.123233995736766e-17,22.32106924266508,23.765862613252274,21.77,167877.834464,193827.581393984,3449.692959124999,22.618977285305785,0,70
20260330.0,2025,4,TT,TODAS CONSOLIDADAS,TT,TODAS CONSOLIDADAS,JUNÍN,120000,1663.173929926656,18640.339631130002,31151.52164336,25.4,20.29,1.1592276368184,1.14,2.6,172914.16949792003,152819,813,199254.75367301557,176411,2006,3501.4383535118736,Indicadores_ocupabilidad_2024.csv,2024-11-01,22.37103787354694,27.19,0.8660254037844387,-0.4999999999999998,22.3730129034592,22.32106924266508,23.765862613252274,172914.16949792003,199254.75367301557,3501.4383535118736,22.81998158645885,0,71
20260330.0,2025,5,TT,TODAS CONSOLIDADAS,TT,TODAS CONSOLIDADAS,JUNÍN,120000,1676.4793213660694,18826.743027441302,31463.0368597936,25.4,20.29,1.1615460920920369,1.14,2.6,178101.59458285762,152819,813,204833.88677586,176411,2006,3553.9599288145514,Indicadores_ocupabilidad_2024.csv,2024-11-01,22.288178758009145,27.19,0.49999999999999994,-0.8660254037844387,22.37103787354694,22.3730129034592,22.32106924266508,178101.59458285762,204833.88677586,3553.9599288145514,22.355040006557072,0,72
20260330.0,2025,6,TT,TODAS CONSOLIDADAS,TT,TODAS CONSOLIDADAS,JUNÍN,120000,1689.8911559369978,19015.010457715714,31777.667228391536,25.4,20.29,1.163869184276221,1.14,2.6,183444.64242034336,152819,813,210569.2356055841,176411,2006,3607.2693277467692,Indicadores_ocupabilidad_2024.csv,2024-11-01,23.11435484637,27.19,1.2246467991473532e-16,-1.0,22.288178758009145,22.37103787354694,22.3730129034592,183444.64242034336,210569.2356055841,3607.2693277467692,22.344076511671762,0,73
20260330.0,2025,7,TT,TODAS CONSOLIDADAS,TT,TODAS CONSOLIDADAS,JUNÍN,120000,1703.410285184494,19205.160562292873,32095.44390067545,25.4,20.29,1.1661969226447735,1.14,2.6,188947.98169295368,152819,813,216465.17420254048,176411,2006,3661.3783676629705,Indicadores_ocupabilidad_2024.csv,2024-11-01,23.24415264931491,27.19,-0.4999999999999997,-0.8660254037844388,23.11435484637,22.288178758009145,22.37103787354694,188947.98169295368,216465.17420254048,3661.3783676629705,22.591190492642028,0,74
20260330.0,2025,8,TT,TODAS CONSOLIDADAS,TT,TODAS CONSOLIDADAS,JUNÍN,120000,1717.03756746597,19397.2121679158,32416.398339682204,25.4,20.29,1.168529316490063,1.14,2.6,194616.42114374228,152819,813,222526.19908021163,176411,2006,3716.299043177915,Indicadores_ocupabilidad_2024.csv,2024-11-01,23.142955684132865,27.19,-0.8660254037844385,-0.5000000000000004,23.24415264931491,23.11435484637,22.288178758009145,194616.42114374228,222526.19908021163,3716.299043177915,22.88222875123135,0,75
20260330.0,2025,9,TT,TODAS CONSOLIDADAS,TT,TODAS CONSOLIDADAS,JUNÍN,120000,1730.7738680056978,19591.18428959496,32740.562323079026,25.4,20.29,1.170866375123043,1.14,2.6,200454.91377805456,152819,813,228756.93265445757,176411,2006,3772.043528825583,Indicadores_ocupabilidad_2024.csv,2024-11-01,23.278879247714674,27.19,-1.0,-1.8369701987210297e-16,23.142955684132865,23.24415264931491,23.11435484637,200454.91377805456,228756.93265445757,3772.043528825583,23.167154393272586,0,76
20260330.0,2025,10,TT,TODAS CONSOLIDADAS,TT,TODAS CONSOLIDADAS,JUNÍN,120000,1744.6200589497435,19787.096132490908,33067.967946309815,25.4,20.29,1.1732081078732892,1.14,2.6,206468.5611913962,152819,813,235162.1267687824,176411,2006,3828.6241817579667,Indicadores_ocupabilidad_2024.csv,2024-11-01,22.60833858248799,27.19,-0.8660254037844386,0.5000000000000001,23.278879247714674,23.142955684132865,23.24415264931491,206468.5611913962,235162.1267687824,3828.6241817579667,23.221995860387484,0,77
20260330.0,2025,11,TT,TODAS CONSOLIDADAS,TT,TODAS CONSOLIDADAS,JUNÍN,120000,1758.5770194213414,19984.967093815816,33398.647625772915,25.4,20.29,1.1755545240890357,1.14,2.6,212662.6180271381,152819,813,241746.6663183083,176411,2006,3886.053544484336,Indicadores_ocupabilidad_2024.csv,2024-11-01,21.10624040020827,27.19,-0.5000000000000004,0.8660254037844384,22.60833858248799,23.278879247714674,23.142955684132865,212662.6180271381,241746.6663183083,3886.053544484336,23.010057838111845,0,78
20260330.0,2025,12,TT,TODAS CONSOLIDADAS,TT,TODAS CONSOLIDADAS,JUNÍN,120000,1772.6456355767123,20184.816764753974,33732.63410203064,25.4,20.29,1.1779056331372137,1.14,2.6,219042.49656795224,152819,813,248515.57297522094,176411,2006,3944.3443476516004,Indicadores_ocupabilidad_2024.csv,2024-11-01,20.576684149903176,27.19,-2.4492935982947064e-16,1.0,21.10624040020827,22.60833858248799,23.278879247714674,219042.49656795224,248515.57297522094,3944.3443476516004,22.331152743470312,0,79
20260330.0,2026,1,TT,TODAS CONSOLIDADAS,TT,TODAS CONSOLIDADAS,JUNÍN,120000,1801.1214150666167,20590.53158172553,34410.66004748146,25.4,20.29,1.182621967292295,1.14,2.6,232382.18460894053,152819,813,262627.28127104585,176411,2006,4063.562155559369,Indicadores_ocupabilidad_2024.csv,2024-11-01,21.3223178089212,27.19,0.49999999999999994,0.8660254037844387,20.576684149903176,21.10624040020827,22.60833858248799,232382.18460894053,262627.28127104585,4063.562155559369,21.430421044199814,0,80
20260330.0,2026,2,TT,TODAS CONSOLIDADAS,TT,TODAS CONSOLIDADAS,JUNÍN,120000,1830.0546294782469,21004.401266518213,35102.31431443584,25.4,20.29,1.1873571856493332,1.14,2.6,246534.259651625,152819,813,277540.3088107409,176411,2006,4186.38332171115,Indicadores_ocupabilidad_2024.csv,2024-11-01,21.408296113520034,27.19,0.8660254037844386,0.5000000000000001,21.3223178089212,20.576684149903176,21.10624040020827,246534.259651625,277540.3088107409,4186.38332171115,21.001747453010882,0,81
20260330.0,2026,3,TT,TODAS CONSOLIDADAS,TT,TODAS CONSOLIDADAS,JUNÍN,120000,1859.4526270461856,21426.58973197523,35807.870832156,25.4,20.29,1.192111363820673,1.14,2.6,261548.19606440896,152819,813,293300.15770625,176411,2006,4312.916757609868,Indicadores_ocupabilidad_2024.csv,2024-11-01,21.954700392622723,27.19,1.0,6.123233995736766e-17,21.408296113520034,21.3223178089212,20.576684149903176,261548.19606440896,293300.15770625,4312.916757609868,21.10243269078147,0,82
20260330.0,2026,4,TT,TODAS CONSOLIDADAS,TT,TODAS CONSOLIDADAS,JUNÍN,120000,1889.3228740470556,21857.26418558793,36527.609035882335,25.4,20.29,1.196884577721411,1.14,2.6,277476.48120473145,152819,813,309954.91386144166,176411,2006,4443.274666608625,Indicadores_ocupabilidad_2024.csv,2024-11-01,22.116032282872712,27.19,0.8660254037844387,-0.4999999999999998,21.954700392622723,21.408296113520034,21.3223178089212,277476.48120473145,309954.91386144166,4443.274666608625,21.56177143835465,0,83
20260330.0,2026,5,TT,TODAS CONSOLIDADAS,TT,TODAS CONSOLIDADAS,JUNÍN,120000,1919.6729566957476,22296.595195718248,37261.81397750357,25.4,20.29,1.2016769035706074,1.14,2.6,294374.7989100996,152819,813,327555.39369014977,176411,2006,4577.572643406869,Indicadores_ocupabilidad_2024.csv,2024-11-01,22.18446103121469,27.19,0.49999999999999994,-0.8660254037844387,22.116032282872712,21.954700392622723,21.408296113520034,294374.7989100996,327555.39369014977,4577.572643406869,21.826342929671824,0,84
20260330.0,2026,6,TT,TODAS CONSOLIDADAS,TT,TODAS CONSOLIDADAS,JUNÍN,120000,1950.5105830721084,22744.756759152184,38010.77643845139,25.4,20.29,1.206488417892504,1.14,2.6,312302.22416372463,152819,813,346155.2991654512,176411,2006,4715.92977655384,Indicadores_ocupabilidad_2024.csv,2024-11-01,23.085877211088608,27.19,1.2246467991473532e-16,-1.0,22.18446103121469,22.116032282872712,21.954700392622723,312302.22416372463,346155.2991654512,4715.92977655384,22.085064568903377,0,85
20260330.0,2026,7,TT,TODAS CONSOLIDADAS,TT,TODAS CONSOLIDADAS,JUNÍN,120000,1981.8435850785788,23201.926370011144,38774.79304486426,25.4,20.29,1.2113191975177453,1.14,2.6,331321.42961529543,152819,813,365811.38167326216,176411,2006,4858.468754050179,Indicadores_ocupabilidad_2024.csv,2024-11-01,23.18397860956087,27.19,-0.4999999999999997,-0.8660254037844388,23.085877211088608,22.18446103121469,22.116032282872712,331321.42961529543,365811.38167326216,4858.468754050179,22.462123508392,0,86
20260330.0,2026,8,TT,TODAS CONSOLIDADAS,TT,TODAS CONSOLIDADAS,JUNÍN,120000,2013.6799204292813,23668.285090048368,39554.16638506603,25.4,20.29,1.2161693195846062,1.14,2.6,351498.9046788669,152819,813,386583.6151701967,176411,2006,5005.315972141344,Indicadores_ocupabilidad_2024.csv,2024-11-01,23.10500703108393,27.19,-0.8660254037844385,-0.5000000000000004,23.18397860956087,23.085877211088608,22.18446103121469,351498.9046788669,386583.6151701967,5005.315972141344,22.818105617288058,0,87
20260330.0,2026,9,TT,TODAS CONSOLIDADAS,TT,TODAS CONSOLIDADAS,JUNÍN,120000,2046.0276746710574,24144.01762035834,40349.20512940586,25.4,20.29,1.2210388615402228,1.14,2.6,372905.1879738099,152819,813,408535.37917402113,176411,2006,5156.601647399315,Indicadores_ocupabilidad_2024.csv,2024-11-01,23.261823224138578,27.19,-1.0,-1.8369701987210297e-16,23.10500703108393,23.18397860956087,23.085877211088608,372905.1879738099,408535.37917402113,5156.601647399315,23.124954283911137,0,88
20260330.0,2026,10,TT,TODAS CONSOLIDADAS,TT,TODAS CONSOLIDADAS,JUNÍN,120000,2078.8950632369733,24629.31237452754,41160.22415250692,25.4,20.29,1.2259279011418298,1.14,2.6,395615.1139214149,152819,813,431733.6521450387,176411,2006,5312.459932191958,Indicadores_ocupabilidad_2024.csv,2024-11-01,22.524518097756683,27.19,-0.8660254037844386,0.5000000000000001,23.261823224138578,23.10500703108393,23.18397860956087,395615.1139214149,431733.6521450387,5312.459932191958,23.183602954927792,0,89
20260330.0,2026,11,TT,TODAS CONSOLIDADAS,TT,TODAS CONSOLIDADAS,JUNÍN,120000,2112.290433532812,25124.361553255545,41987.54465797231,25.4,20.29,1.2308365164580015,1.14,2.6,419708.074359229,152819,813,456249.2158484426,176411,2006,5473.029033642458,Indicadores_ocupabilidad_2024.csv,2024-11-01,20.925855498194945,27.19,-0.5000000000000004,0.8660254037844384,22.524518097756683,23.261823224138578,23.10500703108393,419708.074359229,456249.2158484426,5473.029033642458,22.963782784326398,0,90
20260330.0,2026,12,TT,TODAS CONSOLIDADAS,TT,TODAS CONSOLIDADAS,JUNÍN,120000,2146.222267057083,25629.36122047598,42831.49430559755,25.4,20.29,1.2357647858698992,1.14,2.6,445268.29608770605,152819,813,482156.8713211805,176411,2006,5638.451336184299,Indicadores_ocupabilidad_2024.csv,2024-11-01,20.52910968686326,27.19,-2.4492935982947064e-16,1.0,20.925855498194945,22.524518097756683,23.261823224138578,445268.29608770605,482156.8713211805,5638.451336184299,22.237398940030072,0,91
20260330.0,2027,1,TT,TODAS CONSOLIDADAS,TT,TODAS CONSOLIDADAS,JUNÍN,120000,2198.1447750075286,26405.956494817627,44129.33141455147,25.4,20.29,1.2431942136486673,1.14,2.6,486556.6893790308,152819,813,523802.6657811463,176411,2006,5896.006630737775,Indicadores_ocupabilidad_2024.csv,2024-11-01,21.304448707081846,27.19,0.49999999999999994,0.8660254037844387,20.52910968686326,20.925855498194945,22.524518097756683,486556.6893790308,523802.6657811463,5896.006630737775,21.326494427604963,0,92
20260330.0,2027,2,TT,TODAS CONSOLIDADAS,TT,TODAS CONSOLIDADAS,JUNÍN,120000,2251.3234188546353,27206.0833825671,45466.4942857438,25.4,20.29,1.2506683072066767,1.14,2.6,531673.6315150802,152819,813,569045.5720927991,176411,2006,6165.326632619099,Indicadores_ocupabilidad_2024.csv,2024-11-01,21.469655342328224,27.19,0.8660254037844386,0.5000000000000001,21.304448707081846,20.52910968686326,20.925855498194945,531673.6315150802,569045.5720927991,6165.326632619099,20.919804630713354,0,93
20260330.0,2027,3,TT,TODAS CONSOLIDADAS,TT,TODAS CONSOLIDADAS,JUNÍN,120000,2305.788587681157,28030.45491514227,46844.174529096126,25.4,20.29,1.2581873350749495,1.14,2.6,580974.1323445791,152819,813,618196.2870225551,176411,2006,6446.948734541359,Indicadores_ocupabilidad_2024.csv,2024-11-01,22.05129098798001,27.19,1.0,6.123233995736766e-17,21.469655342328224,21.304448707081846,20.52910968686326,580974.1323445791,618196.2870225551,6446.948734541359,21.101071245424446,0,94
20260330.0,2027,4,TT,TODAS CONSOLIDADAS,TT,TODAS CONSOLIDADAS,JUNÍN,120000,2361.5714057580963,28879.805729525997,48263.599861502276,25.4,20.29,1.2657515673989186,1.14,2.6,634846.1207144948,152819,813,671592.3434444196,176411,2006,6741.434876443512,Indicadores_ocupabilidad_2024.csv,2024-11-01,22.133519357268874,27.19,0.8660254037844387,-0.4999999999999998,22.05129098798001,21.469655342328224,21.304448707081846,634846.1207144948,671592.3434444196,6741.434876443512,21.60846501246336,0,95
20260330.0,2027,5,TT,TODAS CONSOLIDADAS,TT,TODAS CONSOLIDADAS,JUNÍN,120000,2418.7037503307556,29754.89272293637,49726.035200905666,25.4,20.29,1.2733612759481332,1.14,2.6,693713.4969499878,152819,813,729600.4282806553,176411,2006,7049.372666767775,Indicadores_ocupabilidad_2024.csv,2024-11-01,22.286900426601047,27.19,0.49999999999999994,-0.8660254037844387,22.133519357268874,22.05129098798001,21.469655342328224,693713.4969499878,729600.4282806553,7049.372666767775,21.884821895859034,0,96
20260330.0,2027,6,TT,TODAS CONSOLIDADAS,TT,TODAS CONSOLIDADAS,JUNÍN,120000,2477.218269835077,30656.495727334066,51232.78379352832,25.4,20.29,1.2810167341260235,1.14,2.6,758039.4683816694,152819,813,792618.9006521481,176411,2006,7371.376554955141,Indicadores_ocupabilidad_2024.csv,2024-11-01,23.23962539738277,27.19,1.2246467991473532e-16,-1.0,22.286900426601047,22.133519357268874,22.05129098798001,758039.4683816694,792618.9006521481,7371.376554955141,22.157236923949977,0,97
20260330.0,2027,7,TT,TODAS CONSOLIDADAS,TT,TODAS CONSOLIDADAS,JUNÍN,120000,2537.148402554681,31585.41820436802,52785.188375256024,25.4,20.29,1.2887182169797229,1.14,2.6,828330.1941662964,152819,813,861080.5275313695,176411,2006,7708.089057498587,Indicadores_ocupabilidad_2024.csv,2024-11-01,23.16284907315237,27.19,-0.4999999999999997,-0.8660254037844388,23.23962539738277,22.286900426601047,22.133519357268874,828330.1941662964,861080.5275313695,7708.089057498587,22.553348393750895,0,98
20260330.0,2027,8,TT,TODAS CONSOLIDADAS,TT,TODAS CONSOLIDADAS,JUNÍN,120000,2598.528395729266,32542.487961378578,54384.63236821466,25.4,20.29,1.2964660012099505,1.14,2.6,905138.7680807546,152819,813,935455.4556844987,176411,2006,8060.182040000401,Indicadores_ocupabilidad_2024.csv,2024-11-01,23.110285205687106,27.19,-0.8660254037844385,-0.5000000000000004,23.16284907315237,23.23962539738277,22.286900426601047,905138.7680807546,935455.4556844987,8060.182040000401,22.896458299045396,0,99
20260330.0,2027,9,TT,TODAS CONSOLIDADAS,TT,TODAS CONSOLIDADAS,JUNÍN,120000,2661.3933251252865,33528.557889096315,56032.54111360394,25.4,20.29,1.3042603651809526,1.14,2.6,989069.5706285787,152819,813,1016254.4403119297,176411,2006,8428.3580577918,Indicadores_ocupabilidad_2024.csv,2024-11-01,23.273018692189044,27.19,-1.0,-1.8369701987210297e-16,23.110285205687106,23.16284907315237,23.23962539738277,989069.5706285787,1016254.4403119297,8428.3580577918,23.17091989207408,0,100
20260330.0,2027,10,TT,TODAS CONSOLIDADAS,TT,TODAS CONSOLIDADAS,JUNÍN,120000,2725.7791150801,34544.506721693826,57730.38314188726,25.4,20.29,1.3121015889305032,1.14,2.6,1080783.024704255,152819,813,1104032.352559219,176411,2006,8813.351757789882,Indicadores_ocupabilidad_2024.csv,2024-11-01,22.546486801460386,27.19,-0.8660254037844386,0.5000000000000001,23.273018692189044,23.110285205687106,23.16284907315237,1080783.024704255,1104032.352559219,8813.351757789882,23.18205099034284,0,101
20260330.0,2027,11,TT,TODAS CONSOLIDADAS,TT,TODAS CONSOLIDADAS,JUNÍN,120000,2791.7225590310245,35591.23981986788,59479.67148146959,25.4,20.29,1.319989954179966,1.14,2.6,1181000.7922360064,152819,813,1199391.9899856162,176411,2006,9215.931344389113,Indicadores_ocupabilidad_2024.csv,2024-11-01,20.939552167737034,27.19,-0.5000000000000004,0.8660254037844384,22.546486801460386,23.273018692189044,23.110285205687106,1181000.7922360064,1199391.9899856162,9215.931344389113,22.976596899778844,0,102
20260330.0,2027,12,TT,TODAS CONSOLIDADAS,TT,TODAS CONSOLIDADAS,JUNÍN,120000,2859.261340541053,36669.6899776497,61281.965007029605,25.4,20.29,1.3279257443444155,1.14,2.6,1290511.4526976745,152819,813,1302988.2161578182,176411,2006,9636.900112312369,Indicadores_ocupabilidad_2024.csv,2024-11-01,20.46917439161089,27.19,-2.4492935982947064e-16,1.0,20.939552167737034,22.546486801460386,23.273018692189044,1290511.4526976745,1302988.2161578182,9636.900112312369,22.253019220462154,0,103
20260330.0,2028,1,TT,TODAS CONSOLIDADAS,TT,TODAS CONSOLIDADAS,JUNÍN,120000,2951.8615272718944,38158.62643619909,63770.25852699469,25.4,20.29,1.3385810630319057,1.14,2.6,1452482.009417131,152819,813,1455167.3666151098,176411,2006,10228.254520222314,Indicadores_ocupabilidad_2024.csv,2024-11-01,21.311167173649054,27.19,0.49999999999999994,0.8660254037844387,20.46917439161089,20.939552167737034,22.546486801460386,1452482.009417131,1455167.3666151098,10228.254520222314,21.31840445360277,0,104
20260330.0,2028,2,TT,TODAS CONSOLIDADAS,TT,TODAS CONSOLIDADAS,JUNÍN,120000,3047.4606684743,39708.01968560078,66359.58674192737,25.4,20.29,1.3493218803376852,1.14,2.6,1634781.2979654842,152819,813,1625119.8887320405,176411,2006,10855.896534279356,Indicadores_ocupabilidad_2024.csv,2024-11-01,21.446075188569147,27.19,0.8660254037844386,0.5000000000000001,21.311167173649054,20.46917439161089,20.939552167737034,1634781.2979654842,1625119.8887320405,10855.896534279356,20.906631244332328,0,105
20260330.0,2028,3,TT,TODAS CONSOLIDADAS,TT,TODAS CONSOLIDADAS,JUNÍN,120000,3146.1558884440196,41320.32451399512,69054.05206559246,25.4,20.29,1.3601488823054042,1.14,2.6,1839960.7532833877,152819,813,1814921.577643505,176411,2006,11522.052890840367,Indicadores_ocupabilidad_2024.csv,2024-11-01,21.986868650747425,27.19,1.0,6.123233995736766e-17,21.446075188569147,21.311167173649054,20.46917439161089,1839960.7532833877,1814921.577643505,11522.052890840367,21.075472251276363,0,106
20260330.0,2028,4,TT,TODAS CONSOLIDADAS,TT,TODAS CONSOLIDADAS,JUNÍN,120000,3248.047456949305,42998.09538376462,71857.92348620431,25.4,20.29,1.3710627604835495,1.14,2.6,2070892.0378746896,152819,813,2026890.66562714,176411,2006,12229.086966711373,Indicadores_ocupabilidad_2024.csv,2024-11-01,22.129931465549003,27.19,0.8660254037844387,-0.4999999999999998,21.986868650747425,21.446075188569147,21.311167173649054,2070892.0378746896,2026890.66562714,12229.086966711373,21.581370337655205,0,107
20260330.0,2028,5,TT,TODAS CONSOLIDADAS,TT,TODAS CONSOLIDADAS,JUNÍN,120000,3353.2388911003454,44743.99047870796,74775.64333001738,25.4,20.29,1.382064211969615,1.14,2.6,2330807.2331868173,152819,813,2263616.1369245667,176411,2006,12979.50716389069,Indicadores_ocupabilidad_2024.csv,2024-11-01,22.262826539525154,27.19,0.49999999999999994,-0.8660254037844387,22.129931465549003,21.986868650747425,21.446075188569147,2330807.2331868173,2263616.1369245667,12979.50716389069,21.854291768288522,0,108
20260330.0,2028,6,TT,TODAS CONSOLIDADAS,TT,TODAS CONSOLIDADAS,JUNÍN,120000,3461.8370605178543,46560.775915545324,77811.83429954584,25.4,20.29,1.393153939454627,1.14,2.6,2623344.0753634875,152819,813,2527989.349519203,176411,2006,13775.975808829642,Indicadores_ocupabilidad_2024.csv,2024-11-01,23.217236913100166,27.19,1.2246467991473532e-16,-1.0,22.262826539525154,22.129931465549003,21.986868650747425,2623344.0753634875,2527989.349519203,13775.975808829642,22.126542218607195,0,109
20260330.0,2028,7,TT,TODAS CONSOLIDADAS,TT,TODAS CONSOLIDADAS,JUNÍN,120000,3573.952295907649,48451.330126427885,80971.30679756294,25.4,20.29,1.4043326512680276,1.14,2.6,2952596.8684829096,152819,813,2823239.350098117,176411,2006,14621.318597783531,Indicadores_ocupabilidad_2024.csv,2024-11-01,23.23053925487442,27.19,-0.4999999999999997,-0.8660254037844388,23.217236913100166,22.262826539525154,22.129931465549003,2952596.8684829096,2823239.350098117,14621.318597783531,22.536664972724775,0,110
20260330.0,2028,8,TT,TODAS CONSOLIDADAS,TT,TODAS CONSOLIDADAS,JUNÍN,120000,3689.6985011515326,50418.64841939467,84259.06654848425,25.4,20.29,1.4156010614229166,1.14,2.6,3323173.7878559264,152819,813,3152972.313533827,176411,2006,15518.53462176287,Indicadores_ocupabilidad_2024.csv,2024-11-01,23.36068540685223,27.19,-0.8660254037844385,-0.5000000000000004,23.23053925487442,23.217236913100166,22.262826539525154,3323173.7878559264,3152972.313533827,15518.53462176287,22.903534235833245,0,111
20260330.0,2028,9,TT,TODAS CONSOLIDADAS,TT,TODAS CONSOLIDADAS,JUNÍN,120000,3809.1932690283593,52465.847724002255,87680.32252920957,25.4,20.29,1.4269598896616578,1.14,2.6,3740261.3753929166,152819,813,3521215.5885987366,176411,2006,16470.807006651226,Indicadores_ocupabilidad_2024.csv,2024-11-01,23.525325424846258,27.19,-1.0,-1.8369701987210297e-16,23.36068540685223,23.23053925487442,23.217236913100166,3740261.3753929166,3521215.5885987366,16470.807006651226,23.269487191608942,0,112
20260330.0,2028,10,TT,TODAS CONSOLIDADAS,TT,TODAS CONSOLIDADAS,JUNÍN,120000,3932.558000682844,54596.17152964612,91240.49522198882,25.4,20.29,1.4384098615018508,1.14,2.6,4209697.129707445,152819,813,3932466.8878852567,176411,2006,17481.51420623847,Indicadores_ocupabilidad_2024.csv,2024-11-01,22.84786986807273,27.19,-0.8660254037844386,0.5000000000000001,23.525325424846258,23.36068540685223,23.23053925487442,4209697.129707445,3932466.8878852567,17481.51420623847,23.372183362190967,0,113
20260330.0,2028,11,TT,TODAS CONSOLIDADAS,TT,TODAS CONSOLIDADAS,JUNÍN,120000,4059.9180289635,56812.99502439758,94945.22520238742,25.4,20.29,1.4499517082826718,1.14,2.6,4738051.206917443,152819,813,4391749.222735877,176411,2006,18554.241988234633,Indicadores_ocupabilidad_2024.csv,2024-11-01,21.17088123580144,27.19,-0.5000000000000004,0.8660254037844384,22.84786986807273,23.525325424846258,23.36068540685223,4738051.206917443,4391749.222735877,18554.241988234633,23.24462689992374,0,114
20260330.0,2028,12,TT,TODAS CONSOLIDADAS,TT,TODAS CONSOLIDADAS,JUNÍN,120000,4191.402745755002,59119.830442498176,98800.38207595742,25.4,20.29,1.461586167211586,1.14,2.6,5332718.375616716,152819,813,4904672.2541568065,176411,2006,19692.796155788164,Indicadores_ocupabilidad_2024.csv,2024-11-01,20.422219190555793,27.19,-2.4492935982947064e-16,1.0,21.17088123580144,22.84786986807273,23.525325424846258,5332718.375616716,4904672.2541568065,19692.796155788164,22.514692176240143,0,115
20260330.0,2029,1,TT,TODAS CONSOLIDADAS,TT,TODAS CONSOLIDADAS,JUNÍN,120000,4361.762899301816,62135.535955273524,103840.19451555116,25.4,20.29,1.4762606093742574,1.14,2.6,6182082.1583956685,152819,813,5630870.831706942,176411,2006,21214.734290386292,Indicadores_ocupabilidad_2024.csv,2024-11-01,21.41569610171222,27.19,0.49999999999999994,0.8660254037844387,20.422219190555793,21.17088123580144,22.84786986807273,6182082.1583956685,5630870.831706942,21214.734290386292,21.480323431476652,0,116
20260330.0,2029,2,TT,TODAS CONSOLIDADAS,TT,TODAS CONSOLIDADAS,JUNÍN,120000,4539.047365227318,65305.07275734239,109137.0880401832,25.4,20.29,1.4910823841113718,1.14,2.6,7166727.571420685,152819,813,6464592.266383543,176411,2006,22854.29389769048,Indicadores_ocupabilidad_2024.csv,2024-11-01,21.51963632842957,27.19,0.8660254037844386,0.5000000000000001,21.41569610171222,20.422219190555793,21.17088123580144,7166727.571420685,6464592.266383543,22854.29389769048,21.00293217602315,0,117
20260330.0,2029,3,TT,TODAS CONSOLIDADAS,TT,TODAS CONSOLIDADAS,JUNÍN,120000,4723.537583181092,68636.28779047857,114704.17636888108,25.4,20.29,1.506052970653775,1.14,2.6,8308201.471119002,152819,813,7421756.673100135,176411,2006,24620.56523605423,Indicadores_ocupabilidad_2024.csv,2024-11-01,22.065399157628427,27.19,1.0,6.123233995736766e-17,21.51963632842957,21.41569610171222,20.422219190555793,8308201.471119002,7421756.673100135,24620.56523605423,21.119183873565863,0,118
20260330.0,2029,4,TT,TODAS CONSOLIDADAS,TT,TODAS CONSOLIDADAS,JUNÍN,120000,4915.526431966829,72137.42826934891,120555.24215213695,25.4,20.29,1.5211738630839091,1.14,2.6,9631482.56952938,152819,813,8520641.340543652,176411,2006,26523.34109539294,Indicadores_ocupabilidad_2024.csv,2024-11-01,22.172061119246234,27.19,0.8660254037844387,-0.4999999999999998,22.065399157628427,21.51963632842957,21.41569610171222,9631482.56952938,8520641.340543652,26523.34109539294,21.66691052925674,0,119
20260330.0,2029,5,TT,TODAS CONSOLIDADAS,TT,TODAS CONSOLIDADAS,JUNÍN,120000,5115.318694488346,75817.16209945356,126704.77109413511,25.4,20.29,1.5364465704849233,1.14,2.6,11165528.039927758,152819,813,9782229.740476696,176411,2006,28573.17109163588,Indicadores_ocupabilidad_2024.csv,2024-11-01,22.355499950045587,27.19,0.49999999999999994,-0.8660254037844387,22.172061119246234,22.065399157628427,21.51963632842957,11165528.039927758,9782229.740476696,28573.17109163588,21.919032201768076,0,120
20260330.0,2029,6,TT,TODAS CONSOLIDADAS,TT,TODAS CONSOLIDADAS,JUNÍN,120000,5323.2315415934145,79684.59933658651,133167.987815556,25.4,20.29,1.5518726170912824,1.14,2.6,12943907.182557946,152819,813,11230612.212268192,176411,2006,30781.420157270764,Indicadores_ocupabilidad_2024.csv,2024-11-01,23.270731188379763,27.19,1.2246467991473532e-16,-1.0,22.355499950045587,22.172061119246234,22.065399157628427,12943907.182557946,11230612.212268192,30781.420157270764,22.197653408973412,0,121
20260330.0,2029,7,TT,TODAS CONSOLIDADAS,TT,TODAS CONSOLIDADAS,JUNÍN,120000,5539.595035583478,83749.31474094423,139960.89354574372,25.4,20.29,1.5674535424408877,1.14,2.6,15005536.016884984,152819,813,12893445.973821629,176411,2006,33160.33155227184,Indicadores_ocupabilidad_2024.csv,2024-11-01,23.667499753586164,27.19,-0.4999999999999997,-0.8660254037844388,23.270731188379763,22.355499950045587,22.172061119246234,15005536.016884984,12893445.973821629,33160.33155227184,22.599430752557197,0,122
20260330.0,2029,8,TT,TODAS CONSOLIDADAS,TT,TODAS CONSOLIDADAS,JUNÍN,120000,5764.752654188602,88021.37148172047,147100.3057375529,25.4,20.29,1.583190901528724,1.14,2.6,17395528.875349652,152819,813,14802483.242922187,176411,2006,35723.09474476476,Indicadores_ocupabilidad_2024.csv,2024-11-01,23.764434962921342,27.19,-0.8660254037844385,-0.5000000000000004,23.667499753586164,23.270731188379763,22.355499950045587,17395528.875349652,14802483.242922187,35723.09474476476,23.09791029733717,0,123
20260330.0,2029,9,TT,TODAS CONSOLIDADAS,TT,TODAS CONSOLIDADAS,JUNÍN,120000,5999.06183583945,92511.34605087376,154603.89970295082,25.4,20.29,1.5990862649620505,1.14,2.6,20166185.63392989,152819,813,16994177.553609177,176411,2006,38483.91853778104,Indicadores_ocupabilidad_2024.csv,2024-11-01,23.976373703889006,27.19,-1.0,-1.8369701987210297e-16,23.764434962921342,23.667499753586164,23.270731188379763,20166185.63392989,16994177.553609177,38483.91853778104,23.56755530162909,0,124
20260330.0,2029,10,TT,TODAS CONSOLIDADAS,TT,TODAS CONSOLIDADAS,JUNÍN,120000,6242.89454710193,97230.35444774729,162490.25237245375,25.4,20.29,1.6151412191171488,1.14,2.6,23378136.18293603,152819,813,19510379.84533337,176411,2006,41458.109847540865,Indicadores_ocupabilidad_2024.csv,2024-11-01,23.733648258100807,27.19,-0.8660254037844386,0.5000000000000001,23.976373703889006,23.764434962921342,23.667499753586164,23378136.18293603,19510379.84533337,41458.109847540865,23.802769473465503,0,125
20260330.0,2029,11,TT,TODAS CONSOLIDADAS,TT,TODAS CONSOLIDADAS,JUNÍN,120000,6496.637873175281,102190.07969936765,170778.8882867343,25.4,20.29,1.6313573662976455,1.14,2.6,27101667.182332505,152819,813,22399137.616892096,176411,2006,44662.15857003704,Indicadores_ocupabilidad_2024.csv,2024-11-01,23.114626671352287,27.19,-0.5000000000000004,0.8660254037844384,23.733648258100807,23.976373703889006,23.764434962921342,27101667.182332505,22399137.616892096,44662.15857003704,23.824818974970384,0,126
20260330.0,2029,12,TT,TODAS CONSOLIDADAS,TT,TODAS CONSOLIDADAS,JUNÍN,120000,6760.6946323910615,107402.8007845554,179490.32793426292,25.4,20.29,1.647736324894424,1.14,2.6,31418260.134785205,152819,813,25715612.40518214,176411,2006,48113.82900644834,Indicadores_ocupabilidad_2024.csv,2024-11-01,23.06642575132219,27.19,-2.4492935982947064e-16,1.0,23.114626671352287,23.733648258100807,23.976373703889006,31418260.134785205,25715612.40518214,48113.82900644834,23.608216211114037,0,127
20260330.0,2030,1,TT,TODAS CONSOLIDADAS,TT,TODAS CONSOLIDADAS,JUNÍN,120000,7091.7678878140205,114010.23726379046,190532.59994020168,25.4,20.29,1.6676082890062356,1.14,2.6,37515045.66688581,152819,813,30349780.83528296,176411,2006,52609.742229588934,Indicadores_ocupabilidad_2024.csv,2024-11-01,22.287257994484342,27.19,0.49999999999999994,0.8660254037844387,23.06642575132219,23.114626671352287,23.733648258100807,37515045.66688581,30349780.83528296,52609.742229588934,23.304900226925096,0,128
20260330.0,2030,2,TT,TODAS CONSOLIDADAS,TT,TODAS CONSOLIDADAS,JUNÍN,120000,7439.053900418942,121024.1642303146,202254.194182923,25.4,20.29,1.6877199121895232,1.14,2.6,44794926.43293531,152819,813,35819065.174745336,176411,2006,57525.768258702665,Indicadores_ocupabilidad_2024.csv,2024-11-01,22.10193873760101,27.19,0.8660254037844386,0.5000000000000001,22.287257994484342,23.06642575132219,23.114626671352287,44794926.43293531,35819065.174745336,57525.768258702665,22.82277013905294,0,129
20260330.0,2030,3,TT,TODAS CONSOLIDADAS,TT,TODAS CONSOLIDADAS,JUNÍN,120000,7803.346613815393,128469.58904012374,214696.90266874037,25.4,20.29,1.7080740847710916,1.14,2.6,53487484.78009402,152819,813,42273960.29499836,176411,2006,62901.163805603755,Indicadores_ocupabilidad_2024.csv,2024-11-01,22.176625348284748,27.19,1.0,6.123233995736766e-17,22.10193873760101,22.287257994484342,23.06642575132219,53487484.78009402,42273960.29499836,62901.163805603755,22.48520749446918,0,130
20260330.0,2030,4,TT,TODAS CONSOLIDADAS,TT,TODAS CONSOLIDADAS,JUNÍN,120000,8185.478851270981,136373.05750552076,227905.08845448954,25.4,20.29,1.72867373193555,1.14,2.6,63866854.03723121,152819,813,49892081.50197917,176411,2006,68778.85385739002,Indicadores_ocupabilidad_2024.csv,2024-11-01,22.460521223697057,27.19,0.8660254037844387,-0.4999999999999998,22.176625348284748,22.10193873760101,22.287257994484342,63866854.03723121,49892081.50197917,68778.85385739002,22.18860736012337,0,131
20260330.0,2030,5,TT,TODAS CONSOLIDADAS,TT,TODAS CONSOLIDADAS,JUNÍN,120000,8586.324219659942,144762.74854117926,241925.843818944,25.4,20.29,1.7495218141457034,1.14,2.6,76260363.73523837,152819,813,58883051.86525531,176411,2006,75205.77445205837,Indicadores_ocupabilidad_2024.csv,2024-11-01,22.34204131908166,27.19,0.49999999999999994,-0.8660254037844387,22.460521223697057,22.176625348284748,22.10193873760101,76260363.73523837,58883051.86525531,75205.77445205837,22.246361769860936,0,132
20260330.0,2030,6,TT,TODAS CONSOLIDADAS,TT,TODAS CONSOLIDADAS,JUNÍN,120000,9006.799106648652,153668.57463284733,256809.1581649595,25.4,20.29,1.7706213275680118,1.14,2.6,91058862.45219825,152819,813,69494270.28473057,176411,2006,82233.2474841927,Indicadores_ocupabilidad_2024.csv,2024-11-01,23.23199105703499,27.19,1.2246467991473532e-16,-1.0,22.34204131908166,22.460521223697057,22.176625348284748,91058862.45219825,69494270.28473057,82233.2474841927,22.32639596368782,0,133
20260330.0,2030,7,TT,TODAS CONSOLIDADAS,TT,TODAS CONSOLIDADAS,JUNÍN,120000,9447.86477568393,163122.28848690112,272608.0962509839,25.4,20.29,1.7919753045031834,1.14,2.6,108729043.83036566,152819,813,82017719.01121292,176411,2006,89917.39053371856,Indicadores_ocupabilidad_2024.csv,2024-11-01,23.60814727827415,27.19,-0.4999999999999997,-0.8660254037844388,23.23199105703499,22.34204131908166,22.460521223697057,108729043.83036566,82017719.01121292,89917.39053371856,22.678184533271235,0,134
20260330.0,2030,8,TT,TODAS CONSOLIDADAS,TT,TODAS CONSOLIDADAS,JUNÍN,120000,9910.529563573531,173157.59624099507,289378.98738739634,25.4,20.29,1.8135868138219586,1.14,2.6,129828164.48505042,152819,813,96797997.939124,176411,2006,98319.56499039425,Indicadores_ocupabilidad_2024.csv,2024-11-01,23.683008602338376,27.19,-0.8660254037844385,-0.5000000000000004,23.60814727827415,23.23199105703499,22.34204131908166,129828164.48505042,96797997.939124,98319.56499039425,23.0607265514636,0,135
20260330.0,2030,9,TT,TODAS CONSOLIDADAS,TT,TODAS CONSOLIDADAS,JUNÍN,120000,10395.851185682846,183810.27763944826,307181.6262722339,25.4,20.29,1.8354589614061507,1.14,2.6,155021617.95751923,152819,813,114241806.74595048,176411,2006,107506.8660525172,Indicadores_ocupabilidad_2024.csv,2024-11-01,23.96962266612455,27.19,-1.0,-1.8369701987210297e-16,23.683008602338376,23.60814727827415,23.23199105703499,155021617.95751923,114241806.74595048,107506.8660525172,23.507715645882502,0,136
20260330.0,2030,10,TT,TODAS CONSOLIDADAS,TT,TODAS CONSOLIDADAS,JUNÍN,120000,10904.93915401775,195118.31360183877,326079.4861823619,25.4,20.29,1.8575948905950053,1.14,2.6,185103918.93381712,152819,813,134829135.79252905,176411,2006,117552.6585127086,Indicadores_ocupabilidad_2024.csv,2024-11-01,23.70205106526043,27.19,-0.8660254037844386,0.5000000000000001,23.96962266612455,23.683008602338376,23.60814727827415,185103918.93381712,134829135.79252905,117552.6585127086,23.75359284891236,0,137
20260330.0,2030,11,TT,TODAS CONSOLIDADAS,TT,TODAS CONSOLIDADAS,JUNÍN,120000,11438.957313721714,207122.02163963707,346139.94528019754,25.4,20.29,1.879997782636943,1.14,2.6,221023759.4994422,152819,813,159126473.7171589,176411,2006,128537.16260927064,Indicadores_ocupabilidad_2024.csv,2024-11-01,23.18548107421129,27.19,-0.5000000000000004,0.8660254037844384,23.70205106526043,23.96962266612455,23.683008602338376,221023759.4994422,159126473.7171589,128537.16260927064,23.78489411124112,0,138
20260330.0,2030,12,TT,TODAS CONSOLIDADAS,TT,TODAS CONSOLIDADAS,JUNÍN,120000,11999.126503785948,219864.19960369114,367434.52684285725,25.4,20.29,1.90267085714675,1.14,2.6,263913927.61778235,152819,813,187802395.1486362,176411,2006,140548.09462140675,Indicadores_ocupabilidad_2024.csv,2024-11-01,23.07336923829969,27.19,-2.4492935982947064e-16,1.0,23.18548107421129,23.70205106526043,23.96962266612455,263913927.61778235,187802395.1486362,140548.09462140675,23.619051601865422,0,139
20260330.0,2025,1,TT,TODAS CONSOLIDADAS,TT,TODAS CONSOLIDADAS,LA LIBERTAD,130000,1303.344,14100.61,24642.99,14.25,10.92,1.14228,1.13,1.27,86968.05,80614,3821,115848.40400000001,105914,6779,2250.2549999999997,Indicadores_ocupabilidad_2024.csv,2024-11-01,15.160049567631,14.26,0.49999999999999994,0.8660254037844387,14.87,15.59,14.61,86968.05,115848.40400000001,2250.2549999999997,15.023333333333335,0,68
20260330.0,2025,2,TT,TODAS CONSOLIDADAS,TT,TODAS CONSOLIDADAS,LA LIBERTAD,130000,1313.7707520000001,14241.616100000001,24889.4199,14.25,10.92,1.14456456,1.13,1.27,89577.09150000001,80614,3821,119092.15931200002,105914,6779,2284.0088249999994,Indicadores_ocupabilidad_2024.csv,2024-11-01,16.18447736435561,14.26,0.8660254037844386,0.5000000000000001,15.160049567631,14.87,15.59,89577.09150000001,119092.15931200002,2284.0088249999994,15.206683189210333,0,69
20260330.0,2025,3,TT,TODAS CONSOLIDADAS,TT,TODAS CONSOLIDADAS,LA LIBERTAD,130000,1324.2809180160002,14384.032261000002,25138.314099,14.25,10.92,1.14685368912,1.13,1.27,92264.40424500001,80614,3821,122426.73977273602,105914,6779,2318.268957374999,Indicadores_ocupabilidad_2024.csv,2024-11-01,17.087547272087846,14.26,1.0,6.123233995736766e-17,16.18447736435561,15.160049567631,14.87,92264.40424500001,122426.73977273602,2318.268957374999,15.404842310662204,0,70
20260330.0,2025,4,TT,TODAS CONSOLIDADAS,TT,TODAS CONSOLIDADAS,LA LIBERTAD,130000,1334.8751653601282,14527.872583610002,25389.69723999,14.25,10.92,1.1491473964982402,1.13,1.27,95032.33637235002,80614,3821,125854.68848637263,105914,6779,2353.0429917356237,Indicadores_ocupabilidad_2024.csv,2024-11-01,17.23537423245222,14.26,0.8660254037844387,-0.4999999999999998,17.087547272087846,16.18447736435561,15.160049567631,95032.33637235002,125854.68848637263,2353.0429917356237,16.144024734691488,0,71
20260330.0,2025,5,TT,TODAS CONSOLIDADAS,TT,TODAS CONSOLIDADAS,LA LIBERTAD,130000,1345.5541666830093,14673.151309446102,25643.5942123899,14.25,10.92,1.1514456912912368,1.13,1.27,97883.30646352052,80614,3821,129378.61976399107,105914,6779,2388.338636611658,Indicadores_ocupabilidad_2024.csv,2024-11-01,17.64806339539327,14.26,0.49999999999999994,-0.8660254037844387,17.23537423245222,17.087547272087846,16.18447736435561,97883.30646352052,129378.61976399107,2388.338636611658,16.835799622965226,0,72
20260330.0,2025,6,TT,TODAS CONSOLIDADAS,TT,TODAS CONSOLIDADAS,LA LIBERTAD,130000,1356.3186000164733,14819.882822540563,25900.0301545138,14.25,10.92,1.1537485826738192,1.13,1.27,100819.80565742614,80614,3821,133001.2211173828,105914,6779,2424.1637161608323,Indicadores_ocupabilidad_2024.csv,2024-11-01,19.281077270373153,14.26,1.2246467991473532e-16,-1.0,17.64806339539327,17.23537423245222,17.087547272087846,100819.80565742614,133001.2211173828,2424.1637161608323,17.32366163331111,0,73
20260330.0,2025,7,TT,TODAS CONSOLIDADAS,TT,TODAS CONSOLIDADAS,LA LIBERTAD,130000,1367.169148816605,14968.08165076597,26159.030456058936,14.25,10.92,1.1560560798391668,1.13,1.27,103844.39982714893,80614,3821,136725.25530866953,105914,6779,2460.5261719032446,Indicadores_ocupabilidad_2024.csv,2024-11-01,20.045054014120367,14.26,-0.4999999999999997,-0.8660254037844388,19.281077270373153,17.64806339539327,17.23537423245222,103844.39982714893,136725.25530866953,2460.5261719032446,18.054838299406214,0,74
20260330.0,2025,8,TT,TODAS CONSOLIDADAS,TT,TODAS CONSOLIDADAS,LA LIBERTAD,130000,1378.1065020071378,15117.76246727363,26420.620760619524,14.25,10.92,1.158368191998845,1.13,1.27,106959.73182196339,80614,3821,140553.56245731228,105914,6779,2497.434064481793,Indicadores_ocupabilidad_2024.csv,2024-11-01,20.901388808045784,14.26,-0.8660254037844385,-0.5000000000000004,20.045054014120367,19.281077270373153,17.64806339539327,106959.73182196339,140553.56245731228,2497.434064481793,18.99139822662893,0,75
20260330.0,2025,9,TT,TODAS CONSOLIDADAS,TT,TODAS CONSOLIDADAS,LA LIBERTAD,130000,1389.131354023195,15268.940091946366,26684.82696822572,14.25,10.92,1.1606849283828429,1.13,1.27,110168.5237766223,80614,3821,144489.06220611703,105914,6779,2534.89557544902,Indicadores_ocupabilidad_2024.csv,2024-11-01,21.317246346226998,14.26,-1.0,-1.8369701987210297e-16,20.901388808045784,20.045054014120367,19.281077270373153,110168.5237766223,144489.06220611703,2534.89557544902,20.075840030846432,0,76
20260330.0,2025,10,TT,TODAS CONSOLIDADAS,TT,TODAS CONSOLIDADAS,LA LIBERTAD,130000,1400.2444048553805,15421.62949286583,26951.675237907977,14.25,10.92,1.1630062982396085,1.13,1.27,113473.57948992097,80614,3821,148534.7559478883,105914,6779,2572.9190090807547,Indicadores_ocupabilidad_2024.csv,2024-11-01,21.04821479976501,14.26,-0.8660254037844386,0.5000000000000001,21.317246346226998,20.901388808045784,20.045054014120367,113473.57948992097,148534.7559478883,2572.9190090807547,20.75456305613105,0,77
20260330.0,2025,11,TT,TODAS CONSOLIDADAS,TT,TODAS CONSOLIDADAS,LA LIBERTAD,130000,1411.4463600942236,15575.845787794487,27221.191990287058,14.25,10.92,1.1653323108360878,1.13,1.27,116877.7868746186,80614,3821,152693.72911442918,105914,6779,2611.5127942169656,Indicadores_ocupabilidad_2024.csv,2024-11-01,20.305573651897515,14.26,-0.5000000000000004,0.8660254037844384,21.04821479976501,21.317246346226998,20.901388808045784,116877.7868746186,152693.72911442918,2611.5127942169656,21.088949984679264,0,78
20260330.0,2025,12,TT,TODAS CONSOLIDADAS,TT,TODAS CONSOLIDADAS,LA LIBERTAD,130000,1422.7379309749774,15731.604245672432,27493.40391018993,14.25,10.92,1.1676629754577599,1.13,1.27,120384.12048085716,80614,3821,156969.15352963321,105914,6779,2650.68548613022,Indicadores_ocupabilidad_2024.csv,2024-11-01,19.705754495465285,14.26,-2.4492935982947064e-16,1.0,20.305573651897515,21.04821479976501,21.317246346226998,120384.12048085716,156969.15352963321,2650.68548613022,20.89034493262984,0,79
20260330.0,2026,1,TT,TODAS CONSOLIDADAS,TT,TODAS CONSOLIDADAS,LA LIBERTAD,130000,1445.5927930981595,16047.809491010448,28046.021328784747,14.25,10.92,1.1723382980114927,1.13,1.27,127715.51341814136,80614,3821,165882.4899436599,105914,6779,2730.8024549485053,Indicadores_ocupabilidad_2024.csv,2024-11-01,19.842824376048334,14.26,0.49999999999999994,0.8660254037844387,19.705754495465285,20.305573651897515,21.04821479976501,127715.51341814136,165882.4899436599,2730.8024549485053,20.353180982375935,0,80
20260330.0,2026,2,TT,TODAS CONSOLIDADAS,TT,TODAS CONSOLIDADAS,LA LIBERTAD,130000,1468.8147957264885,16370.370461779758,28609.74635749332,14.25,10.92,1.1770323405567307,1.13,1.27,135493.38818530616,80614,3821,175301.96125262068,105914,6779,2813.340959149323,Indicadores_ocupabilidad_2024.csv,2024-11-01,19.751378834047415,14.26,0.8660254037844386,0.5000000000000001,19.842824376048334,19.705754495465285,20.305573651897515,135493.38818530616,175301.96125262068,2813.340959149323,19.951384174470377,0,81
20260330.0,2026,3,TT,TODAS CONSOLIDADAS,TT,TODAS CONSOLIDADAS,LA LIBERTAD,130000,1492.409836605039,16699.41490806153,29184.80225927894,14.25,10.92,1.1817451780483197,1.13,1.27,143744.9355257913,80614,3821,185256.30782038948,105914,6779,2898.374189639611,Indicadores_ocupabilidad_2024.csv,2024-11-01,20.244083524820923,14.26,1.0,6.123233995736766e-17,19.751378834047415,19.842824376048334,19.705754495465285,143744.9355257913,185256.30782038948,2898.374189639611,19.766652568520346,0,82
20260330.0,2026,4,TT,TODAS CONSOLIDADAS,TT,TODAS CONSOLIDADAS,LA LIBERTAD,130000,1516.3839082202624,17035.073147713567,29771.416784690446,14.25,10.92,1.1864768857412251,1.13,1.27,152499.002099312,80614,3821,195775.90200366246,105914,6779,2985.977549521467,Indicadores_ocupabilidad_2024.csv,2024-11-01,20.899342167376393,14.26,0.8660254037844387,-0.4999999999999998,20.244083524820923,19.751378834047415,19.842824376048334,152499.002099312,195775.90200366246,2985.977549521467,19.946095578305556,0,83
20260330.0,2026,5,TT,TODAS CONSOLIDADAS,TT,TODAS CONSOLIDADAS,LA LIBERTAD,130000,1540.7430993219127,17377.47811798261,30369.822262062724,14.25,10.92,1.1912275391917329,1.13,1.27,161786.19132716008,80614,3821,206892.84082303842,105914,6779,3076.2287209557526,Indicadores_ocupabilidad_2024.csv,2024-11-01,21.669553412767428,14.26,0.49999999999999994,-0.8660254037844387,20.899342167376393,20.244083524820923,19.751378834047415,161786.19132716008,206892.84082303842,3076.2287209557526,20.298268175414908,0,84
20260330.0,2026,6,TT,TODAS CONSOLIDADAS,TT,TODAS CONSOLIDADAS,LA LIBERTAD,130000,1565.49359646942,17726.76542815406,30980.255689530186,14.25,10.92,1.1959972142586563,1.13,1.27,171638.97037898412,80614,3821,218641.04389633384,105914,6779,3169.2077340466394,Indicadores_ocupabilidad_2024.csv,2024-11-01,22.81066224398009,14.26,1.2246467991473532e-16,-1.0,21.669553412767428,20.899342167376393,20.244083524820923,171638.97037898412,218641.04389633384,3169.2077340466394,20.937659701654912,0,85
20260330.0,2026,7,TT,TODAS CONSOLIDADAS,TT,TODAS CONSOLIDADAS,LA LIBERTAD,130000,1590.6416856031049,18083.073413259957,31602.958828889743,14.25,10.92,1.2007859871045479,1.13,1.27,182091.78367506425,80614,3821,231056.35693294325,105914,6779,3264.997037808198,Indicadores_ocupabilidad_2024.csv,2024-11-01,22.201930219213843,14.26,-0.4999999999999997,-0.8660254037844388,22.81066224398009,21.669553412767428,20.899342167376393,182091.78367506425,231056.35693294325,3264.997037808198,21.793185941374634,0,86
20260330.0,2026,8,TT,TODAS CONSOLIDADAS,TT,TODAS CONSOLIDADAS,LA LIBERTAD,130000,1616.1937536406333,18446.543188866483,32238.17830135043,14.25,10.92,1.2055939341969144,1.13,1.27,193181.17330087564,80614,3821,244176.6611050235,105914,6779,3363.68157327595,Indicadores_ocupabilidad_2024.csv,2024-11-01,22.034799597146407,14.26,-0.8660254037844385,-0.5000000000000004,22.201930219213843,22.81066224398009,21.669553412767428,193181.17330087564,244176.6611050235,3363.68157327595,22.22738195865379,0,87
20260330.0,2026,9,TT,TODAS CONSOLIDADAS,TT,TODAS CONSOLIDADAS,LA LIBERTAD,130000,1642.1562900991166,18817.3187069627,32886.16568520757,14.25,10.92,1.2104211323094387,1.13,1.27,204945.90675489896,80614,3821,258041.98862921115,105914,6779,3465.3488488282146,Indicadores_ocupabilidad_2024.csv,2024-11-01,21.95499420616079,14.26,-1.0,-1.8369701987210297e-16,22.034799597146407,22.201930219213843,22.81066224398009,204945.90675489896,258041.98862921115,3465.3488488282146,22.349130686780114,0,88
20260330.0,2026,10,TT,TODAS CONSOLIDADAS,TT,TODAS CONSOLIDADAS,LA LIBERTAD,130000,1668.535888743269,19195.54681297265,33547.17761548024,14.25,10.92,1.2152676585232056,1.13,1.27,217427.1124762723,80614,3821,272694.64491153223,105914,6779,3570.0890177840465,Indicadores_ocupabilidad_2024.csv,2024-11-01,21.543306680154185,14.26,-0.8660254037844386,0.5000000000000001,21.95499420616079,22.034799597146407,22.201930219213843,217427.1124762723,272694.64491153223,3570.0890177840465,22.063908007507013,0,89
20260330.0,2026,11,TT,TODAS CONSOLIDADAS,TT,TODAS CONSOLIDADAS,LA LIBERTAD,130000,1695.339249260041,19581.3773039134,34221.475885551394,14.25,10.92,1.2201335902279324,1.13,1.27,230668.42362607727,80614,3821,288179.33762818866,105914,6779,3677.994958346568,Indicadores_ocupabilidad_2024.csv,2024-11-01,20.452460324632376,14.26,-0.5000000000000004,0.8660254037844384,21.543306680154185,21.95499420616079,22.034799597146407,230668.42362607727,288179.33762818866,3677.994958346568,21.844366827820462,0,90
20260330.0,2026,12,TT,TODAS CONSOLIDADAS,TT,TODAS CONSOLIDADAS,LA LIBERTAD,130000,1722.5731789601543,19974.962987722058,34909.327550850976,14.25,10.92,1.225019005123205,1.13,1.27,244716.13062490537,80614,3821,304543.3131360677,105914,6779,3789.1623559625923,Indicadores_ocupabilidad_2024.csv,2024-11-01,20.550979303424572,14.26,-2.4492935982947064e-16,1.0,20.452460324632376,21.543306680154185,21.95499420616079,244716.13062490537,304543.3131360677,3789.1623559625923,21.316920403649117,0,91
20260330.0,2027,1,TT,TODAS CONSOLIDADAS,TT,TODAS CONSOLIDADAS,LA LIBERTAD,130000,1764.2465512630258,20580.224341213026,35967.115084969315,14.25,10.92,1.2323838291821576,1.13,1.27,267407.92326936097,80614,3821,330847.9226468034,105914,6779,3962.2451349941334,Indicadores_ocupabilidad_2024.csv,2024-11-01,21.34676333075753,14.26,0.49999999999999994,0.8660254037844387,20.550979303424572,20.452460324632376,21.543306680154185,267407.92326936097,330847.9226468034,3962.2451349941334,20.84891543607038,0,92
20260330.0,2027,2,TT,TODAS CONSOLIDADAS,TT,TODAS CONSOLIDADAS,LA LIBERTAD,130000,1806.9281071254152,21203.825718976124,37056.954639158976,14.25,10.92,1.2397929306222712,1.13,1.27,292203.857770359,80614,3821,359424.5652367981,105914,6779,4143.234054112319,Indicadores_ocupabilidad_2024.csv,2024-11-01,21.4324132803621,14.26,0.8660254037844386,0.5000000000000001,21.34676333075753,20.550979303424572,20.452460324632376,292203.857770359,359424.5652367981,4143.234054112319,20.78340098627149,0,93
20260330.0,2027,3,TT,TODAS CONSOLIDADAS,TT,TODAS CONSOLIDADAS,LA LIBERTAD,130000,1850.642237040184,21846.32284208682,38179.817421680134,14.25,10.92,1.2472465756395157,1.13,1.27,319299.0448898311,80614,3821,390469.4853821821,105914,6779,4332.490252948831,Indicadores_ocupabilidad_2024.csv,2024-11-01,21.844567329676277,14.26,1.0,6.123233995736766e-17,21.4324132803621,21.34676333075753,20.550979303424572,319299.0448898311,390469.4853821821,4332.490252948831,21.110051971514732,0,94
20260330.0,2027,4,TT,TODAS CONSOLIDADAS,TT,TODAS CONSOLIDADAS,LA LIBERTAD,130000,1895.4139215674854,22508.288270524896,39336.70406937447,14.25,10.92,1.254745032030233,1.13,1.27,348906.68742533046,80614,3821,424195.8779700474,105914,6779,4530.391367406871,Indicadores_ocupabilidad_2024.csv,2024-11-01,22.027501644551158,14.26,0.8660254037844387,-0.4999999999999998,21.844567329676277,21.4324132803621,21.34676333075753,348906.68742533046,424195.8779700474,4530.391367406871,21.5412479802653,0,95
20260330.0,2027,5,TT,TODAS CONSOLIDADAS,TT,TODAS CONSOLIDADAS,LA LIBERTAD,130000,1941.2687456099738,23190.311913410074,40528.645539380595,14.25,10.92,1.2622885692007588,1.13,1.27,381259.75783021905,80614,3821,460835.35237243015,105914,6779,4737.332283184043,Indicadores_ocupabilidad_2024.csv,2024-11-01,22.057446439722817,14.26,0.49999999999999994,-0.8660254037844387,22.027501644551158,21.844567329676277,21.4324132803621,381259.75783021905,460835.35237243015,4737.332283184043,21.768160751529845,0,96
20260330.0,2027,6,TT,TODAS CONSOLIDADAS,TT,TODAS CONSOLIDADAS,LA LIBERTAD,130000,1988.232913033368,23893.001554698316,41756.704027869375,14.25,10.92,1.2698774581771022,1.13,1.27,416612.8313945418,80614,3821,500639.5229781495,105914,6779,4953.725923714928,Indicadores_ocupabilidad_2024.csv,2024-11-01,22.969508317254697,14.26,1.2246467991473532e-16,-1.0,22.057446439722817,22.027501644551158,21.844567329676277,416612.8313945418,500639.5229781495,4953.725923714928,21.97650513798342,0,97
20260330.0,2027,7,TT,TODAS CONSOLIDADAS,TT,TODAS CONSOLIDADAS,LA LIBERTAD,130000,2036.3332616407226,24616.983394807234,43021.97391661785,14.25,10.92,1.2775119716146826,1.13,1.27,455244.08941126347,80614,3821,543881.7371051671,105914,6779,5180.004074105598,Indicadores_ocupabilidad_2024.csv,2024-11-01,22.16611812943207,14.26,-0.4999999999999997,-0.8660254037844388,22.969508317254697,22.057446439722817,22.027501644551158,455244.08941126347,543881.7371051671,5180.004074105598,22.35148546717623,0,98
20260330.0,2027,8,TT,TODAS CONSOLIDADAS,TT,TODAS CONSOLIDADAS,LA LIBERTAD,130000,2085.597278508965,25362.90260865329,44325.58274826529,14.25,10.92,1.2851923838081256,1.13,1.27,497457.5080901017,80614,3821,590858.9521595654,105914,6779,5416.618242704119,Indicadores_ocupabilidad_2024.csv,2024-11-01,22.027947998766386,14.26,-0.8660254037844385,-0.5000000000000004,22.16611812943207,22.969508317254697,22.057446439722817,497457.5080901017,590858.9521595654,5416.618242704119,22.397690962136533,0,99
20260330.0,2027,9,TT,TODAS CONSOLIDADAS,TT,TODAS CONSOLIDADAS,LA LIBERTAD,130000,2136.0531156964603,26131.423920598096,45668.69223112048,14.25,10.92,1.292918970701119,1.13,1.27,543585.2504427725,80614,3821,641893.774932166,105914,6779,5664.040562026197,Indicadores_ocupabilidad_2024.csv,2024-11-01,21.933049137134297,14.26,-1.0,-1.8369701987210297e-16,22.027947998766386,22.16611812943207,22.969508317254697,543585.2504427725,641893.774932166,5664.040562026197,22.387858148484383,0,100
20260330.0,2027,10,TT,TODAS CONSOLIDADAS,TT,TODAS CONSOLIDADAS,LA LIBERTAD,130000,2187.7296063305844,26923.23219681614,47052.49927441567,14.25,10.92,1.3006920098963257,1.13,1.27,593990.2799605795,80614,3821,697336.6770372557,105914,6779,5922.764730833638,Indicadores_ocupabilidad_2024.csv,2024-11-01,21.555846729889033,14.26,-0.8660254037844386,0.5000000000000001,21.933049137134297,22.027947998766386,22.16611812943207,593990.2799605795,697336.6770372557,5922.764730833638,22.042371755110917,0,101
20260330.0,2027,11,TT,TODAS CONSOLIDADAS,TT,TODAS CONSOLIDADAS,LA LIBERTAD,130000,2240.656281084492,27739.03305561187,48478.23705492975,14.25,10.92,1.3085117806653583,1.13,1.27,649069.2166504841,80614,3821,757568.4017075112,105914,6779,6193.306999245428,Indicadores_ocupabilidad_2024.csv,2024-11-01,20.49062720410214,14.26,-0.5000000000000004,0.8660254037844384,21.555846729889033,21.933049137134297,22.027947998766386,649069.2166504841,757568.4017075112,6193.306999245428,21.83894795526324,0,102
20260330.0,2027,12,TT,TODAS CONSOLIDADAS,TT,TODAS CONSOLIDADAS,LA LIBERTAD,130000,2294.863385052504,28579.55349622997,49947.17611593118,14.25,10.92,1.3163785639588126,1.13,1.27,709255.4579028336,80614,3821,823002.5784733124,105914,6779,6476.207198847083,Indicadores_ocupabilidad_2024.csv,2024-11-01,20.551772999628817,14.26,-2.4492935982947064e-16,1.0,20.49062720410214,21.555846729889033,21.933049137134297,709255.4579028336,823002.5784733124,6476.207198847083,21.326507690375156,0,103
20260330.0,2028,1,TT,TODAS CONSOLIDADAS,TT,TODAS CONSOLIDADAS,LA LIBERTAD,130000,2369.1849501940173,29739.99797218643,51975.23175441421,14.25,10.92,1.3269412277011943,1.13,1.27,798273.2664102234,80614,3821,919123.0434653455,105914,6779,6873.610267151524,Indicadores_ocupabilidad_2024.csv,2024-11-01,21.333851239226806,14.26,0.49999999999999994,0.8660254037844387,20.551772999628817,20.49062720410214,21.555846729889033,798273.2664102234,919123.0434653455,6873.610267151524,20.866082311206664,0,104
20260330.0,2028,2,TT,TODAS CONSOLIDADAS,TT,TODAS CONSOLIDADAS,LA LIBERTAD,130000,2445.9134974160597,30947.561147249067,54085.63458432277,14.25,10.92,1.337588646595619,1.13,1.27,898463.5941321837,80614,3821,1026469.6504306194,105914,6779,7295.399398756394,Indicadores_ocupabilidad_2024.csv,2024-11-01,21.43722509016969,14.26,0.8660254037844386,0.5000000000000001,21.333851239226806,20.551772999628817,20.49062720410214,898463.5941321837,1026469.6504306194,7295.399398756394,20.792083814319255,0,105
20260330.0,2028,3,TT,TODAS CONSOLIDADAS,TT,TODAS CONSOLIDADAS,LA LIBERTAD,130000,2525.1269793656857,32204.15622954758,56281.728231840956,14.25,10.92,1.3483215007201406,1.13,1.27,1011228.6906600372,80614,3821,1146353.527687269,105914,6779,7743.071009091574,Indicadores_ocupabilidad_2024.csv,2024-11-01,21.8690860767521,14.26,1.0,6.123233995736766e-17,21.43722509016969,21.333851239226806,20.551772999628817,1011228.6906600372,1146353.527687269,7743.071009091574,21.107616443008435,0,106
20260330.0,2028,4,TT,TODAS CONSOLIDADAS,TT,TODAS CONSOLIDADAS,LA LIBERTAD,130000,2606.905873268438,33511.774111133695,58566.99208778391,14.25,10.92,1.3591404756097802,1.13,1.27,1138146.8002626367,80614,3821,1280238.9334061174,105914,6779,8218.21333895093,Indicadores_ocupabilidad_2024.csv,2024-11-01,22.007604788768045,14.26,0.8660254037844387,-0.4999999999999998,21.8690860767521,21.43722509016969,21.333851239226806,1138146.8002626367,1280238.9334061174,8218.21333895093,21.54672080204953,0,107
20260330.0,2028,5,TT,TODAS CONSOLIDADAS,TT,TODAS CONSOLIDADAS,LA LIBERTAD,130000,2691.333262689478,34872.48652225991,60945.04682018621,14.25,10.92,1.3700462623003147,1.13,1.27,1280994.250768908,80614,3821,1429761.1400171516,105914,6779,8722.512089222693,Indicadores_ocupabilidad_2024.csv,2024-11-01,22.026533402381613,14.26,0.49999999999999994,-0.8660254037844387,22.007604788768045,21.8690860767521,21.43722509016969,1280994.250768908,1429761.1400171516,8722.512089222693,21.77130531856328,0,108
20260330.0,2028,6,TT,TODAS CONSOLIDADAS,TT,TODAS CONSOLIDADAS,LA LIBERTAD,130000,2778.494921942637,36288.44931373462,63419.66011072352,14.25,10.92,1.3810395573724137,1.13,1.27,1441770.3147997556,80614,3821,1596746.4073791595,105914,6779,9257.756401386881,Indicadores_ocupabilidad_2024.csv,2024-11-01,22.98620176963565,14.26,1.2246467991473532e-16,-1.0,22.026533402381613,22.007604788768045,21.8690860767521,1441770.3147997556,1596746.4073791595,9257.756401386881,21.96774142263392,0,109
20260330.0,2028,7,TT,TODAS CONSOLIDADAS,TT,TODAS CONSOLIDADAS,LA LIBERTAD,130000,2868.479403233143,37761.905872553994,65994.75262405594,14.25,10.92,1.3921210629961325,1.13,1.27,1622725.1913035985,80614,3821,1783234.2886642362,105914,6779,9825.8452049973,Indicadores_ocupabilidad_2024.csv,2024-11-01,22.176384412461157,14.26,-0.4999999999999997,-0.8660254037844388,22.98620176963565,22.026533402381613,22.007604788768045,1622725.1913035985,1783234.2886642362,9825.8452049973,22.340113320261768,0,110
20260330.0,2028,8,TT,TODAS CONSOLIDADAS,TT,TODAS CONSOLIDADAS,LA LIBERTAD,130000,2961.378126622554,39295.190676222235,68674.40421955063,14.25,10.92,1.4032914869757616,1.13,1.27,1826391.4990211357,80614,3821,1991502.5414005816,105914,6779,10428.793954667563,Indicadores_ocupabilidad_2024.csv,2024-11-01,22.028566986718623,14.26,-0.8660254037844385,-0.5000000000000004,22.176384412461157,22.98620176963565,22.026533402381613,1826391.4990211357,1991502.5414005816,10428.793954667563,22.39637319482614,0,111
20260330.0,2028,9,TT,TODAS CONSOLIDADAS,TT,TODAS CONSOLIDADAS,LA LIBERTAD,130000,3057.285472907307,40890.73299139147,71462.86041522531,14.25,10.92,1.4145515427950355,1.13,1.27,2055619.7226573948,80614,3821,2224094.947936337,105914,6779,11068.741780462497,Indicadores_ocupabilidad_2024.csv,2024-11-01,21.885693639475633,14.26,-1.0,-1.8369701987210297e-16,22.028566986718623,22.176384412461157,22.98620176963565,2055619.7226573948,2224094.947936337,11068.741780462497,22.397051056271806,0,112
20260330.0,2028,10,TT,TODAS CONSOLIDADAS,TT,TODAS CONSOLIDADAS,LA LIBERTAD,130000,3156.298879505227,42551.060722681264,74364.53911415373,14.25,10.92,1.4259019496627052,1.13,1.27,2313618.1078606546,80614,3821,2483852.3851227923,105914,6779,11747.959077062957,Indicadores_ocupabilidad_2024.csv,2024-11-01,21.535297669248155,14.26,-0.8660254037844386,0.5000000000000001,21.885693639475633,22.028566986718623,22.176384412461157,2313618.1078606546,2483852.3851227923,11747.959077062957,22.030215012885137,0,113
20260330.0,2028,11,TT,TODAS CONSOLIDADAS,TT,TODAS CONSOLIDADAS,LA LIBERTAD,130000,3258.5189394474296,44278.804417775624,77384.03760399022,14.25,10.92,1.4373434325584757,1.13,1.27,2603997.563372697,80614,3821,2773947.5227011675,105914,6779,12468.855558628733,Indicadores_ocupabilidad_2024.csv,2024-11-01,20.454640463467772,14.26,-0.5000000000000004,0.8660254037844384,21.535297669248155,21.885693639475633,22.028566986718623,2603997.563372697,2773947.5227011675,12468.855558628733,21.81651943181414,0,114
20260330.0,2028,12,TT,TODAS CONSOLIDADAS,TT,TODAS CONSOLIDADAS,LA LIBERTAD,130000,3364.0495035761764,46076.70143514303,80526.13984070302,14.25,10.92,1.4488767222793124,1.13,1.27,2930822.198794504,80614,3821,3097923.574198047,105914,6779,13233.988807936455,Indicadores_ocupabilidad_2024.csv,2024-11-01,20.456621283518892,14.26,-2.4492935982947064e-16,1.0,20.454640463467772,21.535297669248155,21.885693639475633,2930822.198794504,3097923.574198047,13233.988807936455,21.291877257397186,0,115
20260330.0,2029,1,TT,TODAS CONSOLIDADAS,TT,TODAS CONSOLIDADAS,LA LIBERTAD,130000,3500.781768340938,48427.07628379243,84633.7822683369,14.25,10.92,1.4634235605970909,1.13,1.27,3397626.1914453898,80614,3821,3556610.225693462,105914,6779,14256.764450374785,Indicadores_ocupabilidad_2024.csv,2024-11-01,21.33686236305587,14.26,0.49999999999999994,0.8660254037844387,20.456621283518892,20.454640463467772,21.535297669248155,3397626.1914453898,3556610.225693462,14256.764450374785,20.815519805411608,0,116
20260330.0,2029,2,TT,TODAS CONSOLIDADAS,TT,TODAS CONSOLIDADAS,LA LIBERTAD,130000,3643.071535219692,50897.34387122521,88950.95574199727,14.25,10.92,1.4781164503364912,1.13,1.27,3938779.9579052893,80614,3821,4083211.2202063734,105914,6779,15358.584289536162,Indicadores_ocupabilidad_2024.csv,2024-11-01,21.467960784070172,14.26,0.8660254037844386,0.5000000000000001,21.33686236305587,20.456621283518892,20.454640463467772,3938779.9579052893,4083211.2202063734,15358.584289536162,20.749374703347513,0,117
20260330.0,2029,3,TT,TODAS CONSOLIDADAS,TT,TODAS CONSOLIDADAS,LA LIBERTAD,130000,3791.1446896667626,53493.61993205334,93488.34845083945,14.25,10.92,1.4929568578654822,1.13,1.27,4566125.489572047,80614,3821,4687782.132653691,105914,6779,16545.557177427167,Indicadores_ocupabilidad_2024.csv,2024-11-01,21.91288753343009,14.26,1.0,6.123233995736766e-17,21.467960784070172,21.33686236305587,20.456621283518892,4566125.489572047,4687782.132653691,16545.557177427167,21.087148143548312,0,118
20260330.0,2029,4,TT,TODAS CONSOLIDADAS,TT,TODAS CONSOLIDADAS,LA LIBERTAD,130000,3945.236298282503,56222.33216481775,98257.19378908304,14.25,10.92,1.5079462642744845,1.13,1.27,5293390.900061269,80614,3821,5381867.392624502,105914,6779,17824.26408259659,Indicadores_ocupabilidad_2024.csv,2024-11-01,22.018927140703205,14.26,0.8660254037844387,-0.4999999999999998,21.91288753343009,21.467960784070172,21.33686236305587,5293390.900061269,5381867.392624502,17824.26408259659,21.572570226852047,0,119
20260330.0,2029,5,TT,TODAS CONSOLIDADAS,TT,TODAS CONSOLIDADAS,LA LIBERTAD,130000,4105.590981982268,59090.236145283954,103269.2981669496,14.25,10.92,1.5230861655241854,1.13,1.27,6136490.835576572,80614,3821,6178720.728089477,105914,6779,19201.7945771921,Indicadores_ocupabilidad_2024.csv,2024-11-01,22.029350569930713,14.26,0.49999999999999994,-0.8660254037844387,22.018927140703205,21.91288753343009,21.467960784070172,6136490.835576572,6178720.728089477,19201.7945771921,21.799925152734488,0,120
20260330.0,2029,6,TT,TODAS CONSOLIDADAS,TT,TODAS CONSOLIDADAS,LA LIBERTAD,130000,4272.463304332891,62104.43205147573,108537.07024023755,14.25,10.92,1.538378072594837,1.13,1.27,7113874.732863465,80614,3821,7093558.248581354,105914,6779,20685.786143882775,Indicadores_ocupabilidad_2024.csv,2024-11-01,22.979501169524262,14.26,1.2246467991473532e-16,-1.0,22.029350569930713,22.018927140703205,21.91288753343009,7113874.732863465,7093558.248581354,20685.786143882775,21.98705508135467,0,121
20260330.0,2029,7,TT,TODAS CONSOLIDADAS,TT,TODAS CONSOLIDADAS,LA LIBERTAD,130000,4446.118175673148,65272.38224185356,114073.5516308993,14.25,10.92,1.5538235116370545,1.13,1.27,8246930.545626454,80614,3821,8143849.000531793,105914,6779,22284.466520577953,Indicadores_ocupabilidad_2024.csv,2024-11-01,22.37112323030799,14.26,-0.4999999999999997,-0.8660254037844388,22.979501169524262,22.029350569930713,22.018927140703205,8246930.545626454,8143849.000531793,22284.466520577953,22.342592960052727,0,122
20260330.0,2029,8,TT,TODAS CONSOLIDADAS,TT,TODAS CONSOLIDADAS,LA LIBERTAD,130000,4626.8312736597545,68601.92973015687,119892.44921467642,14.25,10.92,1.569424024124127,1.13,1.27,9560452.774097502,80614,3821,9349648.542989906,105914,6779,24006.699317715513,Indicadores_ocupabilidad_2024.csv,2024-11-01,22.154085859453325,14.26,-0.8660254037844385,-0.5000000000000004,22.37112323030799,22.979501169524262,22.029350569930713,9560452.774097502,9349648.542989906,24006.699317715513,22.459991656587658,0,123
20260330.0,2029,9,TT,TODAS CONSOLIDADAS,TT,TODAS CONSOLIDADAS,LA LIBERTAD,130000,4814.889480906525,72101.31760264887,126008.1690557288,14.25,10.92,1.5851811670058593,1.13,1.27,11083185.03958075,80614,3821,10733981.913432458,105914,6779,25862.03316103685,Indicadores_ocupabilidad_2024.csv,2024-11-01,22.09016537475542,14.26,-1.0,-1.8369701987210297e-16,22.154085859453325,22.37112323030799,22.979501169524262,11083185.03958075,10733981.913432458,25862.03316103685,22.50157008642853,0,124
20260330.0,2029,10,TT,TODAS CONSOLIDADAS,TT,TODAS CONSOLIDADAS,LA LIBERTAD,130000,5010.59134041142,75779.209425836,132435.85207227082,14.25,10.92,1.6010965128639567,1.13,1.27,12848449.077055583,80614,3821,12323283.296491666,105914,6779,27860.754632312244,Indicadores_ocupabilidad_2024.csv,2024-11-01,21.563171236620303,14.26,-0.8660254037844386,0.5000000000000001,22.09016537475542,22.154085859453325,22.37112323030799,12848449.077055583,12323283.296491666,27860.754632312244,22.205124821505578,0,125
20260330.0,2029,11,TT,TODAS CONSOLIDADAS,TT,TODAS CONSOLIDADAS,LA LIBERTAD,130000,5214.247529494502,79644.7106951863,139191.41152151357,14.25,10.92,1.6171716500689708,1.13,1.27,14894873.9099943,80614,3821,14147900.791182572,105914,6779,30013.945301537467,Indicadores_ocupabilidad_2024.csv,2024-11-01,20.468028846039303,14.26,-0.5000000000000004,0.8660254037844384,21.563171236620303,22.09016537475542,22.154085859453325,14894873.9099943,14147900.791182572,30013.945301537467,21.935807490276346,0,126
20260330.0,2029,12,TT,TODAS CONSOLIDADAS,TT,TODAS CONSOLIDADAS,LA LIBERTAD,130000,5426.18135299916,83707.39137794776,146291.57239671572,14.25,10.92,1.6334081829388207,1.13,1.27,17267241.163823865,80614,3821,16242675.915283808,105914,6779,32333.543166806892,Indicadores_ocupabilidad_2024.csv,2024-11-01,20.497602300002406,14.26,-2.4492935982947064e-16,1.0,20.468028846039303,21.563171236620303,22.09016537475542,17267241.163823865,16242675.915283808,32333.543166806892,21.373788485805008,0,127
20260330.0,2030,1,TT,TODAS CONSOLIDADAS,TT,TODAS CONSOLIDADAS,LA LIBERTAD,130000,5691.903090591888,88857.08270193597,155291.4519622188,14.25,10.92,1.6531073473627036,1.13,1.27,20617988.96638397,80614,3821,19169741.962203953,105914,6779,35354.89497514357,Indicadores_ocupabilidad_2024.csv,2024-11-01,21.43774583352179,14.26,0.49999999999999994,0.8660254037844387,20.497602300002406,20.468028846039303,21.563171236620303,20617988.96638397,19169741.962203953,35354.89497514357,20.842934127554003,0,128
20260330.0,2030,2,TT,TODAS CONSOLIDADAS,TT,TODAS CONSOLIDADAS,LA LIBERTAD,130000,5970.637301826006,94323.5838117246,164845.00547398248,14.25,10.92,1.6730440868661365,1.13,1.27,24618957.075120367,80614,3821,22624289.791542154,105914,6779,38658.571757970225,Indicadores_ocupabilidad_2024.csv,2024-11-01,21.50331456006361,14.26,0.8660254037844386,0.5000000000000001,21.43774583352179,20.497602300002406,20.468028846039303,24618957.075120367,22624289.791542154,38658.571757970225,20.801125659854502,0,129
20260330.0,2030,3,TT,TODAS CONSOLIDADAS,TT,TODAS CONSOLIDADAS,LA LIBERTAD,130000,6263.021211460773,100126.38489304796,174986.29503656458,14.25,10.92,1.6932212666426478,1.13,1.27,29396322.23369635,80614,3821,26701376.03212839,105914,6779,42270.95488239572,Indicadores_ocupabilidad_2024.csv,2024-11-01,21.9263002939031,14.26,1.0,6.123233995736766e-17,21.50331456006361,21.43774583352179,20.497602300002406,29396322.23369635,26701376.03212839,42270.95488239572,21.1462208978626,0,130
20260330.0,2030,4,TT,TODAS CONSOLIDADAS,TT,TODAS CONSOLIDADAS,LA LIBERTAD,130000,6569.723249344122,106286.17517080197,185751.47826032506,14.25,10.92,1.713641786440459,1.13,1.27,35100746.07265163,80614,3821,31513187.312321916,105914,6779,46220.89087657885,Indicadores_ocupabilidad_2024.csv,2024-11-01,22.04231351924967,14.26,0.8660254037844387,-0.4999999999999998,21.9263002939031,21.50331456006361,21.43774583352179,35100746.07265163,31513187.312321916,46220.89087657885,21.622453562496165,0,131
20260330.0,2030,5,TT,TODAS CONSOLIDADAS,TT,TODAS CONSOLIDADAS,LA LIBERTAD,130000,6891.444578535263,112824.91667411399,197178.93717725866,14.25,10.92,1.7343085809792198,1.13,1.27,41912126.45793097,80614,3821,37192127.229194626,105914,6779,50539.92178242296,Indicadores_ocupabilidad_2024.csv,2024-11-01,22.024340743898847,14.26,0.49999999999999994,-0.8660254037844387,22.04231351924967,21.9263002939031,21.50331456006361,41912126.45793097,37192127.229194626,50539.92178242296,21.823976124405462,0,132
20260330.0,2030,6,TT,TODAS CONSOLIDADAS,TT,TODAS CONSOLIDADAS,LA LIBERTAD,130000,7228.920698259908,119765.92253945078,209309.41508774876,14.25,10.92,1.7552246203717692,1.13,1.27,50045270.84950634,80614,3821,43894459.615379386,105914,6779,55262.53703317829,Indicadores_ocupabilidad_2024.csv,2024-11-01,22.966110585711792,14.26,1.2246467991473532e-16,-1.0,22.024340743898847,22.04231351924967,21.9263002939031,50045270.84950634,43894459.615379386,55262.53703317829,21.997651519017207,0,133
20260330.0,2030,7,TT,TODAS CONSOLIDADAS,TT,TODAS CONSOLIDADAS,LA LIBERTAD,130000,7582.9231253627095,127133.94013094551,222186.1618261543,14.25,10.92,1.7763929105509828,1.13,1.27,59756670.58826887,80614,3821,51804608.35307521,105914,6779,60426.44886730948,Indicadores_ocupabilidad_2024.csv,2024-11-01,22.256841715104,14.26,-0.4999999999999997,-0.8660254037844388,22.966110585711792,22.024340743898847,22.04231351924967,59756670.58826887,51804608.35307521,60426.44886730948,22.344254949620105,0,134
20260330.0,2030,8,TT,TODAS CONSOLIDADAS,TT,TODAS CONSOLIDADAS,LA LIBERTAD,130000,7954.261158100919,134955.23927429982,235855.0879631575,14.25,10.92,1.7978164937017687,1.13,1.27,71352589.7488494,80614,3821,61140232.05049801,105914,6779,66072.89347793392,Indicadores_ocupabilidad_2024.csv,2024-11-01,22.122276082743664,14.26,-0.8660254037844385,-0.5000000000000004,22.256841715104,22.966110585711792,22.024340743898847,71352589.7488494,61140232.05049801,66072.89347793392,22.415764348238213,0,135
20260330.0,2030,9,TT,TODAS CONSOLIDADAS,TT,TODAS CONSOLIDADAS,LA LIBERTAD,130000,8343.78372631156,143257.70591884875,250364.9284946631,14.25,10.92,1.8194984486982722,1.13,1.27,85198723.65290523,80614,3821,72158213.2174703,105914,6779,72246.96030264643,Indicadores_ocupabilidad_2024.csv,2024-11-01,22.01242481441411,14.26,-1.0,-1.8369701987210297e-16,22.122276082743664,22.256841715104,22.966110585711792,85198723.65290523,72158213.2174703,72246.96030264643,22.448409461186486,0,136
20260330.0,2030,10,TT,TODAS CONSOLIDADAS,TT,TODAS CONSOLIDADAS,LA LIBERTAD,130000,8752.381332181845,152070.9415617301,265767.4166008634,14.25,10.92,1.841441891546354,1.13,1.27,101731731.63909113,80614,3821,85161726.7405431,105914,6779,78997.95208326005,Indicadores_ocupabilidad_2024.csv,2024-11-01,21.595214978133228,14.26,-0.8660254037844386,0.5000000000000001,22.01242481441411,22.122276082743664,22.256841715104,101731731.63909113,85161726.7405431,78997.95208326005,22.13051420408726,0,137
20260330.0,2030,11,TT,TODAS CONSOLIDADAS,TT,TODAS CONSOLIDADAS,LA LIBERTAD,130000,9180.9880860597,161426.36878864365,282117.46809498727,14.25,10.92,1.8636499758314051,1.13,1.27,121473007.7935287,80614,3821,100508582.15645254,105914,6779,86379.77857070415,Indicadores_ocupabilidad_2024.csv,2024-11-01,20.497866292057655,14.26,-0.5000000000000004,0.8660254037844384,21.595214978133228,22.01242481441411,22.122276082743664,121473007.7935287,100508582.15645254,86379.77857070415,21.909971958430333,0,138
20260330.0,2030,12,TT,TODAS CONSOLIDADAS,TT,TODAS CONSOLIDADAS,LA LIBERTAD,130000,9630.583841958554,171357.3433074936,299473.37721936376,14.25,10.92,1.8861258931715617,1.13,1.27,145045123.92214808,80614,3821,118621069.27302477,105914,6779,94451.38701899325,Indicadores_ocupabilidad_2024.csv,2024-11-01,20.57689425644983,14.26,-2.4492935982947064e-16,1.0,20.497866292057655,21.595214978133228,22.01242481441411,145045123.92214808,118621069.27302477,94451.38701899325,21.368502028201664,0,139
20260330.0,2025,1,TT,TODAS CONSOLIDADAS,TT,TODAS CONSOLIDADAS,LAMBAYEQUE,140000,760.032,11025.16,16357.960000000001,20.56,17.12,1.1122200000000002,1.11,1.19,83515.49,78952,2131,99398.348,93219,3472,1937.6349999999998,Indicadores_ocupabilidad_2024.csv,2024-11-01,20.957060123705425,19.75,0.49999999999999994,0.8660254037844387,20.06,19.67,20.25,83515.49,99398.348,1937.6349999999998,19.99333333333333,0,68
20260330.0,2025,2,TT,TODAS CONSOLIDADAS,TT,TODAS CONSOLIDADAS,LAMBAYEQUE,140000,766.112256,11135.4116,16521.5396,20.56,17.12,1.1144444400000002,1.11,1.19,86020.9547,78952,2131,102181.501744,93219,3472,1966.6995249999995,Indicadores_ocupabilidad_2024.csv,2024-11-01,21.09807817788392,19.75,0.8660254037844386,0.5000000000000001,20.957060123705425,20.06,19.67,86020.9547,102181.501744,1966.6995249999995,20.22902004123514,0,69
20260330.0,2025,3,TT,TODAS CONSOLIDADAS,TT,TODAS CONSOLIDADAS,LAMBAYEQUE,140000,772.241154048,11246.765716,16686.754996,20.56,17.12,1.1166733288800001,1.11,1.19,88601.583341,78952,2131,105042.583792832,93219,3472,1996.2000178749993,Indicadores_ocupabilidad_2024.csv,2024-11-01,21.42904635251585,19.75,1.0,6.123233995736766e-17,21.09807817788392,20.957060123705425,20.06,88601.583341,105042.583792832,1996.2000178749993,20.70504610052978,0,70
20260330.0,2025,4,TT,TODAS CONSOLIDADAS,TT,TODAS CONSOLIDADAS,LAMBAYEQUE,140000,778.419083280384,11359.23337316,16853.62254596,20.56,17.12,1.1189066755377601,1.11,1.19,91259.63084123001,78952,2131,107983.7761390313,93219,3472,2026.143018143124,Indicadores_ocupabilidad_2024.csv,2024-11-01,21.551586343754668,19.75,0.8660254037844387,-0.4999999999999998,21.42904635251585,21.09807817788392,20.957060123705425,91259.63084123001,107983.7761390313,2026.143018143124,21.161394884701732,0,71
20260330.0,2025,5,TT,TODAS CONSOLIDADAS,TT,TODAS CONSOLIDADAS,LAMBAYEQUE,140000,784.6464359466271,11472.8257068916,17022.1587714196,20.56,17.12,1.1211444888888356,1.11,1.19,93997.41976646692,78952,2131,111007.32187092418,93219,3472,2056.5351634152707,Indicadores_ocupabilidad_2024.csv,2024-11-01,21.708307745025778,19.75,0.49999999999999994,-0.8660254037844387,21.551586343754668,21.42904635251585,21.09807817788392,93997.41976646692,111007.32187092418,2056.5351634152707,21.359570291384813,0,72
20260330.0,2025,6,TT,TODAS CONSOLIDADAS,TT,TODAS CONSOLIDADAS,LAMBAYEQUE,140000,790.9236074342001,11587.553963960516,17192.380359133796,20.56,17.12,1.1233867778666131,1.11,1.19,96817.34235946093,78952,2131,114115.52688331006,93219,3472,2087.3831908664997,Indicadores_ocupabilidad_2024.csv,2024-11-01,22.205707546417624,19.75,1.2246467991473532e-16,-1.0,21.708307745025778,21.551586343754668,21.42904635251585,96817.34235946093,114115.52688331006,2087.3831908664997,21.562980147098767,0,73
20260330.0,2025,7,TT,TODAS CONSOLIDADAS,TT,TODAS CONSOLIDADAS,LAMBAYEQUE,140000,797.2509962936737,11703.42950360012,17364.304162725133,20.56,17.12,1.1256335514223463,1.11,1.19,99721.86263024477,78952,2131,117310.76163604273,93219,3472,2118.693938729497,Indicadores_ocupabilidad_2024.csv,2024-11-01,22.481428179882155,19.75,-0.4999999999999997,-0.8660254037844388,22.205707546417624,21.708307745025778,21.551586343754668,99721.86263024477,117310.76163604273,2118.693938729497,21.82186721173269,0,74
20260330.0,2025,8,TT,TODAS CONSOLIDADAS,TT,TODAS CONSOLIDADAS,LAMBAYEQUE,140000,803.629004264023,11820.463798636121,17537.947204352386,20.56,17.12,1.127884818525191,1.11,1.19,102713.51850915211,78952,2131,120595.46296185194,93219,3472,2150.474347810439,Indicadores_ocupabilidad_2024.csv,2024-11-01,22.486907068114178,19.75,-0.8660254037844385,-0.5000000000000004,22.481428179882155,22.205707546417624,21.708307745025778,102713.51850915211,120595.46296185194,2150.474347810439,22.131814490441855,0,75
20260330.0,2025,9,TT,TODAS CONSOLIDADAS,TT,TODAS CONSOLIDADAS,LAMBAYEQUE,140000,810.0580362981352,11938.668436622482,17713.32667639591,20.56,17.12,1.1301405881622415,1.11,1.19,105794.92406442668,78952,2131,123972.1359247838,93219,3472,2182.7314630275955,Indicadores_ocupabilidad_2024.csv,2024-11-01,22.470949671636987,19.75,-1.0,-1.8369701987210297e-16,22.486907068114178,22.481428179882155,22.205707546417624,105794.92406442668,123972.1359247838,2182.7314630275955,22.391347598137987,0,76
20260330.0,2025,10,TT,TODAS CONSOLIDADAS,TT,TODAS CONSOLIDADAS,LAMBAYEQUE,140000,816.5385005885203,12058.055120988707,17890.45994315987,20.56,17.12,1.1324008693385659,1.11,1.19,108968.77178635949,78952,2131,127443.35573067775,93219,3472,2215.472434973009,Indicadores_ocupabilidad_2024.csv,2024-11-01,22.01114439157775,19.75,-0.8660254037844386,0.5000000000000001,22.470949671636987,22.486907068114178,22.481428179882155,108968.77178635949,127443.35573067775,2215.472434973009,22.479761639877776,0,77
20260330.0,2025,11,TT,TODAS CONSOLIDADAS,TT,TODAS CONSOLIDADAS,LAMBAYEQUE,140000,823.0708085932284,12178.635672198594,18069.36454259147,20.56,17.12,1.134665671077243,1.11,1.19,112237.83493995028,78952,2131,131011.76969113674,93219,3472,2248.7045214976038,Indicadores_ocupabilidad_2024.csv,2024-11-01,20.984451903587264,19.75,-0.5000000000000004,0.8660254037844384,22.01114439157775,22.470949671636987,22.486907068114178,112237.83493995028,131011.76969113674,2248.7045214976038,22.32300037710964,0,78
20260330.0,2025,12,TT,TODAS CONSOLIDADAS,TT,TODAS CONSOLIDADAS,LAMBAYEQUE,140000,829.6553750619743,12300.42202892058,18250.058188017385,20.56,17.12,1.1369350024193974,1.11,1.19,115604.96998814879,78952,2131,134680.09924248856,93219,3472,2282.4350893200676,Indicadores_ocupabilidad_2024.csv,2024-11-01,20.53259679971932,19.75,-2.4492935982947064e-16,1.0,20.984451903587264,22.01114439157775,22.470949671636987,115604.96998814879,134680.09924248856,2282.4350893200676,21.822181988934002,0,79
20260330.0,2026,1,TT,TODAS CONSOLIDADAS,TT,TODAS CONSOLIDADAS,LAMBAYEQUE,140000,842.9829590069698,12547.660511701884,18616.884357596533,20.56,17.12,1.1414872901690845,1.11,1.19,122645.31266042705,78952,2131,142327.77399787403,93219,3472,2351.421689894766,Indicadores_ocupabilidad_2024.csv,2024-11-01,21.21563588443312,19.75,0.49999999999999994,0.8660254037844387,20.53259679971932,20.984451903587264,22.01114439157775,122645.31266042705,142327.77399787403,2351.421689894766,21.176064364961444,0,80
20260330.0,2026,2,TT,TODAS CONSOLIDADAS,TT,TODAS CONSOLIDADAS,LAMBAYEQUE,140000,856.5246372604579,12799.868487987093,18991.083733184223,20.56,17.12,1.1460578052789214,1.11,1.19,130114.41220144705,78952,2131,150409.7143165693,93219,3472,2422.493410471835,Indicadores_ocupabilidad_2024.csv,2024-11-01,21.24107120649535,19.75,0.8660254037844386,0.5000000000000001,21.21563588443312,20.53259679971932,20.984451903587264,130114.41220144705,150409.7143165693,2422.493410471835,20.9108948625799,0,81
20260330.0,2026,3,TT,TODAS CONSOLIDADAS,TT,TODAS CONSOLIDADAS,LAMBAYEQUE,140000,870.28384903341,13057.145844595632,19372.804516221226,20.56,17.12,1.150646620731258,1.11,1.19,138038.37990451517,78952,2131,158950.57953432135,93219,3472,2495.7132738033456,Indicadores_ocupabilidad_2024.csv,2024-11-01,21.63039257612388,19.75,1.0,6.123233995736766e-17,21.24107120649535,21.21563588443312,20.53259679971932,138038.37990451517,158950.57953432135,2495.7132738033456,20.99643463021593,0,82
20260330.0,2026,4,TT,TODAS CONSOLIDADAS,TT,TODAS CONSOLIDADAS,LAMBAYEQUE,140000,884.2640887842828,13319.594476072005,19762.197886997274,20.56,17.12,1.155253809800666,1.11,1.19,146444.91724070013,78952,2131,167976.42924259824,93219,3472,2571.146207504051,Indicadores_ocupabilidad_2024.csv,2024-11-01,21.837801991542378,19.75,0.8660254037844387,-0.4999999999999998,21.63039257612388,21.24107120649535,21.21563588443312,146444.91724070013,167976.42924259824,2571.146207504051,21.362366555684115,0,83
20260330.0,2026,5,TT,TODAS CONSOLIDADAS,TT,TODAS CONSOLIDADAS,LAMBAYEQUE,140000,898.4689071065136,13587.318325041053,20159.41806452592,20.56,17.12,1.1598794460551076,1.11,1.19,155363.41270065875,78952,2131,177514.80280070993,93219,3472,2648.85910162586,Indicadores_ocupabilidad_2024.csv,2024-11-01,21.97554808856179,19.75,0.49999999999999994,-0.8660254037844387,21.837801991542378,21.63039257612388,21.24107120649535,155363.41270065875,177514.80280070993,2648.85910162586,21.56975525805387,0,84
20260330.0,2026,6,TT,TODAS CONSOLIDADAS,TT,TODAS CONSOLIDADAS,LAMBAYEQUE,140000,912.9019116302727,13860.423423374377,20564.62236762289,20.56,17.12,1.1645236033571122,1.11,1.19,164825.04453412886,78952,2131,187594.80336294544,93219,3472,2728.920867972501,Indicadores_ocupabilidad_2024.csv,2024-11-01,22.749475840229543,19.75,1.2246467991473532e-16,-1.0,21.97554808856179,21.837801991542378,21.63039257612388,164825.04453412886,187594.80336294544,2728.920867972501,21.814580885409352,0,85
20260330.0,2026,7,TT,TODAS CONSOLIDADAS,TT,TODAS CONSOLIDADAS,LAMBAYEQUE,140000,927.5667679387014,14139.017934184203,20977.971277212113,20.56,17.12,1.169186355864954,1.11,1.19,174862.8897462573,78952,2131,198247.18667710692,93219,3472,2811.402501206969,Indicadores_ocupabilidad_2024.csv,2024-11-01,22.584937721840983,19.75,-0.4999999999999997,-0.8660254037844388,22.749475840229543,21.97554808856179,21.837801991542378,174862.8897462573,198247.18667710692,2811.402501206969,22.187608640111236,0,86
20260330.0,2026,8,TT,TODAS CONSOLIDADAS,TT,TODAS CONSOLIDADAS,LAMBAYEQUE,140000,942.4672004988688,14423.212194661306,21399.62849988408,20.56,17.12,1.1738677780338371,1.11,1.19,185512.03973180437,78952,2131,209504.45492537974,93219,3472,2896.377141805949,Indicadores_ocupabilidad_2024.csv,2024-11-01,22.402770845893702,19.75,-0.8660254037844385,-0.5000000000000004,22.584937721840983,22.749475840229543,21.97554808856179,185512.03973180437,209504.45492537974,2896.377141805949,22.436653883544107,0,87
20260330.0,2026,9,TT,TODAS CONSOLIDADAS,TT,TODAS CONSOLIDADAS,LAMBAYEQUE,140000,957.6069936076827,14713.118759773999,21829.76103273175,20.56,17.12,1.1785679446170845,1.11,1.19,196809.72295147125,78952,2131,221400.9558938625,93219,3472,2983.920140917033,Indicadores_ocupabilidad_2024.csv,2024-11-01,22.42623285382439,19.75,-1.0,-1.8369701987210297e-16,22.402770845893702,22.584937721840983,22.749475840229543,196809.72295147125,221400.9558938625,2983.920140917033,22.579061469321413,0,88
20260330.0,2026,10,TT,TODAS CONSOLIDADAS,TT,TODAS CONSOLIDADAS,LAMBAYEQUE,140000,972.9899923529966,15008.852446845456,22268.539229489656,20.56,17.12,1.1832869306673313,1.11,1.19,208795.43507921585,78952,2131,233972.98777333958,93219,3472,3074.10912717625,Indicadores_ocupabilidad_2024.csv,2024-11-01,21.9216149336299,19.75,-0.8660254037844386,0.5000000000000001,22.42623285382439,22.402770845893702,22.584937721840983,208795.43507921585,233972.98777333958,3074.10912717625,22.47131380718636,0,89
20260330.0,2026,11,TT,TODAS CONSOLIDADAS,TT,TODAS CONSOLIDADAS,LAMBAYEQUE,140000,988.6201035901553,15310.53038102705,22716.1368680024,20.56,17.12,1.1880248115377232,1.11,1.19,221511.0770755401,78952,2131,247258.90991106088,93219,3472,3167.024075545151,Indicadores_ocupabilidad_2024.csv,2024-11-01,20.926300526366038,19.75,-0.5000000000000004,0.8660254037844384,21.9216149336299,22.42623285382439,22.402770845893702,221511.0770755401,247258.90991106088,3167.024075545151,22.250206211115998,0,90
20260330.0,2026,12,TT,TODAS CONSOLIDADAS,TT,TODAS CONSOLIDADAS,LAMBAYEQUE,140000,1004.5012969342276,15618.272041685694,23172.73121904925,20.56,17.12,1.19278166288312,1.11,1.19,235001.10166944048,78952,2131,261299.25985145054,93219,3472,3262.7473782285024,Indicadores_ocupabilidad_2024.csv,2024-11-01,20.597218034612762,19.75,-2.4492935982947064e-16,1.0,20.926300526366038,21.9216149336299,22.42623285382439,235001.10166944048,261299.25985145054,3262.7473782285024,21.758049437940112,0,91
20260330.0,2027,1,TT,TODAS CONSOLIDADAS,TT,TODAS CONSOLIDADAS,LAMBAYEQUE,140000,1028.8027066143245,16091.521302820815,23874.888147717662,20.56,17.12,1.1999526757826267,1.11,1.19,256792.0488239427,78952,2131,283868.70957949525,93219,3472,3411.7843765014895,Indicadores_ocupabilidad_2024.csv,2024-11-01,21.349923484383634,19.75,0.49999999999999994,0.8660254037844387,20.597218034612762,20.926300526366038,21.9216149336299,256792.0488239427,283868.70957949525,3411.7843765014895,21.148377831536234,0,92
20260330.0,2027,2,TT,TODAS CONSOLIDADAS,TT,TODAS CONSOLIDADAS,LAMBAYEQUE,140000,1053.692028439724,16579.11048981759,24598.32113348166,20.56,17.12,1.207166800869053,1.11,1.19,280603.6051352404,78952,2131,308387.5718750165,93219,3472,3567.6291426704643,Indicadores_ocupabilidad_2024.csv,2024-11-01,21.453502555004988,19.75,0.8660254037844386,0.5000000000000001,21.349923484383634,20.597218034612762,20.926300526366038,280603.6051352404,308387.5718750165,3567.6291426704643,20.957814015120814,0,93
20260330.0,2027,3,TT,TODAS CONSOLIDADAS,TT,TODAS CONSOLIDADAS,LAMBAYEQUE,140000,1079.1834854820563,17081.474116769557,25343.67486214729,20.56,17.12,1.214424297333212,1.11,1.19,306623.13562861586,78952,2131,335024.2252055457,93219,3472,3730.5926445102928,Indicadores_ocupabilidad_2024.csv,2024-11-01,21.948070068218644,19.75,1.0,6.123233995736766e-17,21.453502555004988,21.349923484383634,20.597218034612762,306623.13562861586,335024.2252055457,3730.5926445102928,21.13354802466713,0,94
20260330.0,2027,4,TT,TODAS CONSOLIDADAS,TT,TODAS CONSOLIDADAS,LAMBAYEQUE,140000,1105.2916449047827,17599.059863981794,26111.61355414522,20.56,17.12,1.2217254259241734,1.11,1.19,335055.3791260505,78952,2131,363961.5915522867,93219,3472,3901.000054298474,Indicadores_ocupabilidad_2024.csv,2024-11-01,22.077595338915142,19.75,0.8660254037844387,-0.4999999999999998,21.948070068218644,21.453502555004988,21.349923484383634,335055.3791260505,363961.5915522867,3901.000054298474,21.58383203586909,0,95
20260330.0,2027,5,TT,TODAS CONSOLIDADAS,TT,TODAS CONSOLIDADAS,LAMBAYEQUE,140000,1132.0314262876414,18132.328976920307,26902.821556449377,20.56,17.12,1.2290704489586328,1.11,1.19,366124.05926627177,78952,2131,395398.39259086753,93219,3472,4079.1913976537385,Indicadores_ocupabilidad_2024.csv,2024-11-01,22.101236170995392,19.75,0.49999999999999994,-0.8660254037844387,22.077595338915142,21.948070068218644,21.453502555004988,366124.05926627177,395398.39259086753,4079.1913976537385,21.826389320712924,0,96
20260330.0,2027,6,TT,TODAS CONSOLIDADAS,TT,TODAS CONSOLIDADAS,LAMBAYEQUE,140000,1159.418110152482,18681.75667724997,27718.003952431354,20.56,17.12,1.2364596303303357,1.11,1.19,400073.6449098553,78952,2131,429550.51437338826,93219,3472,4265.522232012539,Indicadores_ocupabilidad_2024.csv,2024-11-01,22.959231385272698,19.75,1.2246467991473532e-16,-1.0,22.101236170995392,22.077595338915142,21.948070068218644,400073.6449098553,429550.51437338826,4265.522232012539,22.04230052604306,0,97
20260330.0,2027,7,TT,TODAS CONSOLIDADAS,TT,TODAS CONSOLIDADAS,LAMBAYEQUE,140000,1187.4673466953632,19247.832586327324,28557.887190193982,20.56,17.12,1.2438932355195587,1.11,1.19,437171.27378141147,78952,2131,466652.4898834506,93219,3472,4460.364356097242,Indicadores_ocupabilidad_2024.csv,2024-11-01,22.38679442389454,19.75,-0.4999999999999997,-0.8660254037844388,22.959231385272698,22.101236170995392,22.077595338915142,437171.27378141147,466652.4898834506,4460.364356097242,22.379354298394414,0,98
20260330.0,2027,8,TT,TODAS CONSOLIDADAS,TT,TODAS CONSOLIDADAS,LAMBAYEQUE,140000,1216.1951647298988,19831.06116152563,29423.219729944052,20.56,17.12,1.251371531602648,1.11,1.19,477708.8544853404,78952,2131,506959.10964532424,93219,3472,4664.106551791684,Indicadores_ocupabilidad_2024.csv,2024-11-01,22.2330711584917,19.75,-0.8660254037844385,-0.5000000000000004,22.38679442389454,22.959231385272698,22.101236170995392,477708.8544853404,506959.10964532424,4664.106551791684,22.482420660054213,0,99
20260330.0,2027,9,TT,TODAS CONSOLIDADAS,TT,TODAS CONSOLIDADAS,LAMBAYEQUE,140000,1245.6179808469687,20431.96214578102,30314.77271098109,20.56,17.12,1.2588947872616152,1.11,1.19,522005.36343520257,78952,2131,550747.1714477922,93219,3472,4877.15535990438,Indicadores_ocupabilidad_2024.csv,2024-11-01,22.212673541084754,19.75,-1.0,-1.8369701987210297e-16,22.2330711584917,22.38679442389454,22.959231385272698,522005.36343520257,550747.1714477922,4877.15535990438,22.526365655886313,0,100
20260330.0,2027,10,TT,TODAS CONSOLIDADAS,TT,TODAS CONSOLIDADAS,LAMBAYEQUE,140000,1275.7526087960248,21051.071030760333,31233.340638896534,20.56,17.12,1.2664632727937901,1.11,1.19,570409.3547704587,78952,2131,598317.3811985595,93219,3472,5099.93589136735,Indicadores_ocupabilidad_2024.csv,2024-11-01,21.760665517917943,19.75,-0.8660254037844386,0.5000000000000001,22.212673541084754,22.2330711584917,22.38679442389454,570409.3547704587,598317.3811985595,5099.93589136735,22.277513041156997,0,101
20260330.0,2027,11,TT,TODAS CONSOLIDADAS,TT,TODAS CONSOLIDADAS,LAMBAYEQUE,140000,1306.6162690933538,21688.939534063404,32179.74209359574,20.56,17.12,1.2740772601215324,1.11,1.19,623301.703010259,78952,2131,649996.4179629696,93219,3472,5332.892675489185,Indicadores_ocupabilidad_2024.csv,2024-11-01,20.84272293264191,19.75,-0.5000000000000004,0.8660254037844384,21.760665517917943,22.212673541084754,22.2330711584917,623301.703010259,649996.4179629696,5332.892675489185,22.068803405831463,0,102
20260330.0,2027,12,TT,TODAS CONSOLIDADAS,TT,TODAS CONSOLIDADAS,LAMBAYEQUE,140000,1338.2265988627898,22346.136090885062,33154.82045877379,20.56,17.12,1.281737022802001,1.11,1.19,681098.6000252912,78952,2131,706139.1773682751,93219,3472,5576.490546954931,Indicadores_ocupabilidad_2024.csv,2024-11-01,20.580901816742806,19.75,-2.4492935982947064e-16,1.0,20.84272293264191,21.760665517917943,22.212673541084754,681098.6000252912,706139.1773682751,5576.490546954931,21.605353997214866,0,103
20260330.0,2028,1,TT,TODAS CONSOLIDADAS,TT,TODAS CONSOLIDADAS,LAMBAYEQUE,140000,1381.566475209813,23253.478824180722,34501.03912023005,20.56,17.12,1.292021721709057,1.11,1.19,766582.4748071316,78952,2131,788610.882625431,93219,3472,5918.683806942832,Indicadores_ocupabilidad_2024.csv,2024-11-01,21.364038484354243,19.75,0.49999999999999994,0.8660254037844387,20.580901816742806,20.84272293264191,21.760665517917943,766582.4748071316,788610.882625431,5918.683806942832,21.061430089100885,0,104
20260330.0,2028,2,TT,TODAS CONSOLIDADAS,TT,TODAS CONSOLIDADAS,LAMBAYEQUE,140000,1426.309959050045,24197.663310892545,35901.91965767826,20.56,17.12,1.3023889453694182,1.11,1.19,862795.3289870297,78952,2131,880714.6581401417,93219,3472,6281.875260363535,Indicadores_ocupabilidad_2024.csv,2024-11-01,21.44368512640417,19.75,0.8660254037844386,0.5000000000000001,21.364038484354243,20.580901816742806,20.84272293264191,862795.3289870297,880714.6581401417,6281.875260363535,20.929221077912985,0,105
20260330.0,2028,3,TT,TODAS CONSOLIDADAS,TT,TODAS CONSOLIDADAS,LAMBAYEQUE,140000,1472.5025076888835,25180.18547394466,37359.68156247783,20.56,17.12,1.312839355964347,1.11,1.19,971083.7440017505,78952,2131,983575.4567329799,93219,3472,6667.353430922785,Indicadores_ocupabilidad_2024.csv,2024-11-01,21.90769252539932,19.75,1.0,6.123233995736766e-17,21.44368512640417,21.364038484354243,20.580901816742806,971083.7440017505,983575.4567329799,6667.353430922785,21.129541809167076,0,106
20260330.0,2028,4,TT,TODAS CONSOLIDADAS,TT,TODAS CONSOLIDADAS,LAMBAYEQUE,140000,1520.1910506143863,26202.601976730566,38876.6344462375,20.56,17.12,1.32337362098847,1.11,1.19,1092963.309121755,78952,2131,1098449.6171898064,93219,3472,7076.485910715981,Indicadores_ocupabilidad_2024.csv,2024-11-01,22.060179554435145,19.75,0.8660254037844387,-0.4999999999999998,21.90769252539932,21.44368512640417,21.364038484354243,1092963.309121755,1098449.6171898064,7076.485910715981,21.571805378719244,0,107
20260330.0,2028,5,TT,TODAS CONSOLIDADAS,TT,TODAS CONSOLIDADAS,LAMBAYEQUE,140000,1569.4240371754568,27266.532689419753,40455.18170005887,20.56,17.12,1.3339924132924112,1.11,1.19,1230139.8334232888,78952,2131,1226740.20914696,93219,3472,7510.724212145298,Indicadores_ocupabilidad_2024.csv,2024-11-01,22.111580583959523,19.75,0.49999999999999994,-0.8660254037844387,22.060179554435145,21.90769252539932,21.44368512640417,1230139.8334232888,1226740.20914696,7510.724212145298,21.803852402079542,0,108
20260330.0,2028,6,TT,TODAS CONSOLIDADAS,TT,TODAS CONSOLIDADAS,LAMBAYEQUE,140000,1620.2514858041357,28373.66325540628,42097.82430235988,20.56,17.12,1.3446964111257709,1.11,1.19,1384533.2200498441,78952,2131,1370014.1701427617,93219,3472,7971.608917567687,Indicadores_ocupabilidad_2024.csv,2024-11-01,23.165753939307347,19.75,1.2246467991473532e-16,-1.0,22.111580583959523,22.060179554435145,21.90769252539932,1384533.2200498441,1370014.1701427617,7971.608917567687,22.026484221264663,0,109
20260330.0,2028,7,TT,TODAS CONSOLIDADAS,TT,TODAS CONSOLIDADAS,LAMBAYEQUE,140000,1672.7250348320097,29525.74776196543,43807.16478131114,20.56,17.12,1.3554862981804445,1.11,1.19,1558304.3369037684,78952,2131,1530021.4441467845,93219,3472,8460.775144943551,Indicadores_ocupabilidad_2024.csv,2024-11-01,23.155895230782797,19.75,-0.4999999999999997,-0.8660254037844388,23.165753939307347,22.111580583959523,22.060179554435145,1558304.3369037684,1530021.4441467845,8460.775144943551,22.445838025900674,0,110
20260330.0,2028,8,TT,TODAS CONSOLIDADAS,TT,TODAS CONSOLIDADAS,LAMBAYEQUE,140000,1726.8979949523625,30724.611519349754,45585.91133816315,20.56,17.12,1.3663627636342939,1.11,1.19,1753885.2598463995,78952,2131,1708716.3553243196,93219,3472,8979.958348877033,Indicadores_ocupabilidad_2024.csv,2024-11-01,23.185864362855877,19.75,-0.8660254037844385,-0.5000000000000004,23.155895230782797,23.165753939307347,22.111580583959523,1753885.2598463995,1708716.3553243196,8979.958348877033,22.81107658468322,0,111
20260330.0,2028,9,TT,TODAS CONSOLIDADAS,TT,TODAS CONSOLIDADAS,LAMBAYEQUE,140000,1782.8254033813676,31972.153952727545,47436.88213799704,20.56,17.12,1.3773265021951657,1.11,1.19,1974013.3116862623,78952,2131,1908281.4780945778,93219,3472,9531.000477628737,Indicadores_ocupabilidad_2024.csv,2024-11-01,23.31505790071169,19.75,-1.0,-1.8369701987210297e-16,23.185864362855877,23.155895230782797,23.165753939307347,1974013.3116862623,1908281.4780945778,9531.000477628737,23.169171177648675,0,112
20260330.0,2028,10,TT,TODAS CONSOLIDADAS,TT,TODAS CONSOLIDADAS,LAMBAYEQUE,140000,1840.5640797733488,33270.35161154564,49363.00977469709,20.56,17.12,1.3883782141452652,1.11,1.19,2221769.3733601645,78952,2131,2131154.2950308165,93219,3472,10115.856507944603,Indicadores_ocupabilidad_2024.csv,2024-11-01,22.772864834419472,19.75,-0.8660254037844386,0.5000000000000001,23.31505790071169,23.185864362855877,23.155895230782797,2221769.3733601645,2131154.2950308165,10115.856507944603,23.218939164783453,0,113
20260330.0,2028,11,TT,TODAS CONSOLIDADAS,TT,TODAS CONSOLIDADAS,LAMBAYEQUE,140000,1900.1726839469147,34621.261301084356,51367.34591721899,20.56,17.12,1.399518605385884,1.11,1.19,2500621.0035050446,78952,2131,2380056.9682012056,93219,3472,10736.601380885095,Indicadores_ocupabilidad_2024.csv,2024-11-01,21.290294868225228,19.75,-0.5000000000000004,0.8660254037844384,22.772864834419472,23.31505790071169,23.185864362855877,2500621.0035050446,2380056.9682012056,10736.601380885095,23.09126236599568,0,114
20260330.0,2028,12,TT,TODAS CONSOLIDADAS,TT,TODAS CONSOLIDADAS,LAMBAYEQUE,140000,1961.7117754806156,36027.0233411662,53453.06614451521,20.56,17.12,1.410748387482488,1.11,1.19,2814470.969915969,78952,2131,2658029.5875767195,93219,3472,11395.437363261479,Indicadores_ocupabilidad_2024.csv,2024-11-01,20.43955724176716,19.75,-2.4492935982947064e-16,1.0,21.290294868225228,22.772864834419472,23.31505790071169,2814470.969915969,2658029.5875767195,11395.437363261479,22.459405867785463,0,115
20260330.0,2029,1,TT,TODAS CONSOLIDADAS,TT,TODAS CONSOLIDADAS,LAMBAYEQUE,140000,2041.4458262405772,37864.76360675296,56179.70972654555,20.56,17.12,1.4249124142655882,1.11,1.19,3262743.228293558,78952,2131,3051584.3870739653,93219,3472,12276.122388707925,Indicadores_ocupabilidad_2024.csv,2024-11-01,21.469184081181965,19.75,0.49999999999999994,0.8660254037844387,20.43955724176716,21.290294868225228,22.772864834419472,3262743.228293558,3051584.3870739653,12276.122388707925,21.50090564813729,0,116
20260330.0,2029,2,TT,TODAS CONSOLIDADAS,TT,TODAS CONSOLIDADAS,LAMBAYEQUE,140000,2124.4206786973295,39796.24709535809,59045.43953430011,20.56,17.12,1.4392186490118464,1.11,1.19,3782413.6356586083,78952,2131,3503409.9375557867,93219,3472,13224.870279081884,Indicadores_ocupabilidad_2024.csv,2024-11-01,21.56127331458788,19.75,0.8660254037844386,0.5000000000000001,21.469184081181965,20.43955724176716,21.290294868225228,3782413.6356586083,3503409.9375557867,13224.870279081884,21.066345397058118,0,117
20260330.0,2029,3,TT,TODAS CONSOLIDADAS,TT,TODAS CONSOLIDADAS,LAMBAYEQUE,140000,2210.768055691213,41826.255653484295,62057.35036312129,20.56,17.12,1.4536685195006007,1.11,1.19,4384854.06609783,78952,2131,4022133.958528194,93219,3472,14246.941205100798,Indicadores_ocupabilidad_2024.csv,2024-11-01,21.976406285501906,19.75,1.0,6.123233995736766e-17,21.56127331458788,21.469184081181965,20.43955724176716,4384854.06609783,4022133.958528194,14246.941205100798,21.15667154584567,0,118
20260330.0,2029,4,TT,TODAS CONSOLIDADAS,TT,TODAS CONSOLIDADAS,LAMBAYEQUE,140000,2300.6250339559215,43959.815049863944,65222.89891421737,20.56,17.12,1.4682634678462083,1.11,1.19,5083247.638416153,78952,2131,4617661.612169837,93219,3472,15348.001864536263,Indicadores_ocupabilidad_2024.csv,2024-11-01,22.095807717632077,19.75,0.8660254037844387,-0.4999999999999998,21.976406285501906,21.56127331458788,21.469184081181965,5083247.638416153,4617661.612169837,15348.001864536263,21.668954560423916,0,119
20260330.0,2029,5,TT,TODAS CONSOLIDADAS,TT,TODAS CONSOLIDADAS,LAMBAYEQUE,140000,2394.1342617282517,46202.20741794424,68549.92225549884,20.56,17.12,1.4830049506419698,1.11,1.19,5892877.200462548,78952,2131,5301364.644828864,93219,3472,16534.15690025247,Indicadores_ocupabilidad_2024.csv,2024-11-01,22.10788340832535,19.75,0.49999999999999994,-0.8660254037844387,22.095807717632077,21.976406285501906,21.56127331458788,5892877.200462548,5301364.644828864,16534.15690025247,21.877829105907285,0,120
20260330.0,2029,6,TT,TODAS CONSOLIDADAS,TT,TODAS CONSOLIDADAS,LAMBAYEQUE,140000,2491.444185202629,48558.984333064174,72046.65722410295,20.56,17.12,1.4978944391054991,1.11,1.19,6831459.761529797,78952,2131,6086298.533303569,93219,3472,17811.98274635644,Indicadores_ocupabilidad_2024.csv,2024-11-01,23.043908333434782,19.75,1.2246467991473532e-16,-1.0,22.10788340832535,22.095807717632077,21.976406285501906,6831459.761529797,6086298.533303569,17811.98274635644,22.060032470486444,0,121
20260330.0,2029,7,TT,TODAS CONSOLIDADAS,TT,TODAS CONSOLIDADAS,LAMBAYEQUE,140000,2592.709284189909,51035.9805566989,75721.76081864198,20.56,17.12,1.512933419225553,1.11,1.19,7919534.191165155,78952,2131,6987451.782368194,93219,3472,19188.56409011426,Indicadores_ocupabilidad_2024.csv,2024-11-01,22.559855731961136,19.75,-0.4999999999999997,-0.8660254037844388,23.043908333434782,22.10788340832535,22.095807717632077,7919534.191165155,6987451.782368194,19188.56409011426,22.41586648646407,0,122
20260330.0,2029,8,TT,TODAS CONSOLIDADAS,TT,TODAS CONSOLIDADAS,LAMBAYEQUE,140000,2698.090317354566,53639.328481798744,79584.33163166113,20.56,17.12,1.528123391910334,1.11,1.19,9180910.668350184,78952,2131,8022032.133941205,93219,3472,20671.53315179022,Indicadores_ocupabilidad_2024.csv,2024-11-01,22.364140504591276,19.75,-0.8660254037844385,-0.5000000000000004,22.559855731961136,23.043908333434782,22.10788340832535,9180910.668350184,8022032.133941205,20671.53315179022,22.57054915790709,0,123
20260330.0,2029,9,TT,TODAS CONSOLIDADAS,TT,TODAS CONSOLIDADAS,LAMBAYEQUE,140000,2807.754577419582,56375.47331498566,83643.93237536719,20.56,17.12,1.543465873137284,1.11,1.19,10643191.716282655,78952,2131,9209795.153130159,93219,3472,22269.11200018915,Indicadores_ocupabilidad_2024.csv,2024-11-01,22.32968256431267,19.75,-1.0,-1.8369701987210297e-16,22.364140504591276,22.559855731961136,23.043908333434782,10643191.716282655,9209795.153130159,22269.11200018915,22.655968189995733,0,124
20260330.0,2029,10,TT,TODAS CONSOLIDADAS,TT,TODAS CONSOLIDADAS,LAMBAYEQUE,140000,2921.876156744169,59251.1890331943,87910.61355639569,20.56,17.12,1.5589623941043786,1.11,1.19,12338376.224491004,78952,2131,10573421.46558415,93219,3472,23990.15813851334,Indicadores_ocupabilidad_2024.csv,2024-11-01,21.86428451010235,19.75,-0.8660254037844386,0.5000000000000001,22.32968256431267,22.364140504591276,22.559855731961136,12338376.224491004,10573421.46558415,23990.15813851334,22.417892933621697,0,125
20260330.0,2029,11,TT,TODAS CONSOLIDADAS,TT,TODAS CONSOLIDADAS,LAMBAYEQUE,140000,3040.6362236959426,62273.59515426212,92394.93835822919,20.56,17.12,1.574614501382945,1.11,1.19,14303559.676011939,78952,2131,12138949.849593433,93219,3472,25844.213613276963,Indicadores_ocupabilidad_2024.csv,2024-11-01,20.87508113338118,19.75,-0.5000000000000004,0.8660254037844384,21.86428451010235,22.32968256431267,22.364140504591276,14303559.676011939,12138949.849593433,25844.213613276963,22.186035859668767,0,126
20260330.0,2029,12,TT,TODAS CONSOLIDADAS,TT,TODAS CONSOLIDADAS,LAMBAYEQUE,140000,3164.223310256277,65450.17436298815,97108.00879286889,20.56,17.12,1.5904237570720092,1.11,1.19,16581745.90260355,78952,2131,13936274.452935899,93219,3472,27841.557918554063,Indicadores_ocupabilidad_2024.csv,2024-11-01,20.49328703195806,19.75,-2.4492935982947064e-16,1.0,20.87508113338118,21.86428451010235,22.32968256431267,16581745.90260355,13936274.452935899,27841.557918554063,21.689682735932067,0,127
20260330.0,2030,1,TT,TODAS CONSOLIDADAS,TT,TODAS CONSOLIDADAS,LAMBAYEQUE,140000,3319.1762802059425,69476.6789466609,103082.10811836943,20.56,17.12,1.6096045224321058,1.11,1.19,19799471.775464106,78952,2131,16447707.666558355,93219,3472,30443.163963711806,Indicadores_ocupabilidad_2024.csv,2024-11-01,21.438852902039002,19.75,0.49999999999999994,0.8660254037844387,20.49328703195806,20.87508113338118,21.86428451010235,19799471.775464106,16447707.666558355,30443.163963711806,21.077550891813864,0,128
20260330.0,2030,2,TT,TODAS CONSOLIDADAS,TT,TODAS CONSOLIDADAS,LAMBAYEQUE,140000,3481.717343833572,73750.89469871682,109423.7349340801,20.56,17.12,1.6290166108959747,1.11,1.19,23641604.743554037,78952,2131,19411722.149858467,93219,3472,33287.87256922199,Indicadores_ocupabilidad_2024.csv,2024-11-01,21.51060702199159,19.75,0.8660254037844386,0.5000000000000001,21.438852902039002,20.49328703195806,20.87508113338118,23641604.743554037,19411722.149858467,33287.87256922199,20.93574035579275,0,129
20260330.0,2030,3,TT,TODAS CONSOLIDADAS,TT,TODAS CONSOLIDADAS,LAMBAYEQUE,140000,3652.2180923754245,78288.06084754037,116155.49958654863,20.56,17.12,1.6486628122573146,1.11,1.19,28229312.4376716,78952,2131,22909876.83283366,93219,3472,36398.40003179676,Indicadores_ocupabilidad_2024.csv,2024-11-01,21.975290692421243,19.75,1.0,6.123233995736766e-17,21.51060702199159,21.438852902039002,20.49328703195806,28229312.4376716,22909876.83283366,36398.40003179676,21.147582318662884,0,130
20260330.0,2030,4,TT,TODAS CONSOLIDADAS,TT,TODAS CONSOLIDADAS,LAMBAYEQUE,140000,3831.0683140026836,83104.35414114132,123301.40341424751,20.56,17.12,1.6685459499551833,1.11,1.19,33707275.34563644,78952,2131,27038428.246791862,93219,3472,39799.58533305774,Indicadores_ocupabilidad_2024.csv,2024-11-01,22.080346395254875,19.75,0.8660254037844387,-0.4999999999999998,21.975290692421243,21.51060702199159,21.438852902039002,33707275.34563644,27038428.246791862,39799.58533305774,21.641583538817276,0,131
20260330.0,2030,5,TT,TODAS CONSOLIDADAS,TT,TODAS CONSOLIDADAS,LAMBAYEQUE,140000,4018.6768849308505,88216.94652350318,130886.9243216067,20.56,17.12,1.6886688814797661,1.11,1.19,40248249.536192544,78952,2131,31910979.15503229,93219,3472,43518.58849014227,Indicadores_ocupabilidad_2024.csv,2024-11-01,22.06101006071094,19.75,0.49999999999999994,-0.8660254037844387,22.080346395254875,21.975290692421243,21.51060702199159,40248249.536192544,31910979.15503229,43518.58849014227,21.855414703222568,0,132
20260330.0,2030,6,TT,TODAS CONSOLIDADAS,TT,TODAS CONSOLIDADAS,LAMBAYEQUE,140000,4215.472704167032,93644.06635918947,138939.10761757364,20.56,17.12,1.709034498783038,1.11,1.19,48058514.78996297,78952,2131,37661604.48892694,93219,3472,47585.10744083776,Indicadores_ocupabilidad_2024.csv,2024-11-01,22.96547722800299,19.75,1.2246467991473532e-16,-1.0,22.06101006071094,22.080346395254875,21.975290692421243,48058514.78996297,37661604.48892694,47585.10744083776,22.038882382795688,0,133
20260330.0,2030,7,TT,TODAS CONSOLIDADAS,TT,TODAS CONSOLIDADAS,LAMBAYEQUE,140000,4421.905674032084,99405.06342449685,147486.66244257533,20.56,17.12,1.7296457286943776,1.11,1.19,57384379.952728204,78952,2131,44448540.603828005,93219,3472,52031.615195170845,Indicadores_ocupabilidad_2024.csv,2024-11-01,22.461965117551074,19.75,-0.4999999999999997,-0.8660254037844388,22.96547722800299,22.06101006071094,22.080346395254875,57384379.952728204,44448540.603828005,52031.615195170845,22.368944561322934,0,134
20260330.0,2030,8,TT,TODAS CONSOLIDADAS,TT,TODAS CONSOLIDADAS,LAMBAYEQUE,140000,4638.447728699222,105520.47789687387,156560.06412768143,20.56,17.12,1.7505055333411954,1.11,1.19,68519950.66744784,78952,2131,52458539.36974521,93219,3472,56893.61914721507,Indicadores_ocupabilidad_2024.csv,2024-11-01,22.310162884858034,19.75,-0.8660254037844385,-0.5000000000000004,22.461965117551074,22.96547722800299,22.06101006071094,68519950.66744784,52458539.36974521,56893.61914721507,22.496150802088334,0,135
20260330.0,2030,9,TT,TODAS CONSOLIDADAS,TT,TODAS CONSOLIDADAS,LAMBAYEQUE,140000,4865.593913100478,112012.11358857906,166191.66285091863,20.56,17.12,1.7716169105746329,1.11,1.19,81816404.45251988,78952,2131,61912006.905579,93219,3472,62209.944617840316,Indicadores_ocupabilidad_2024.csv,2024-11-01,22.278949662655904,19.75,-1.0,-1.8369701987210297e-16,22.310162884858034,22.461965117551074,22.96547722800299,81816404.45251988,61912006.905579,62209.944617840316,22.5792017434707,0,136
20260330.0,2030,10,TT,TODAS CONSOLIDADAS,TT,TODAS CONSOLIDADAS,LAMBAYEQUE,140000,5103.863514667528,118903.11568568478,176415.79897813778,20.56,17.12,1.7929828944003967,1.11,1.19,97693065.63027687,78952,2131,73069068.3562408,93219,3472,68023.04489262217,Indicadores_ocupabilidad_2024.csv,2024-11-01,21.82451464231097,19.75,-0.8660254037844386,0.5000000000000001,22.278949662655904,22.310162884858034,22.461965117551074,97693065.63027687,73069068.3562408,68023.04489262217,22.350359221688336,0,137
20260330.0,2030,11,TT,TODAS CONSOLIDADAS,TT,TODAS CONSOLIDADAS,LAMBAYEQUE,140000,5353.801250494213,126218.05326959625,187268.92549966858,20.56,17.12,1.8146065554147888,1.11,1.19,116650629.37079044,78952,2131,86236725.59333359,93219,3472,74379.34023070551,Indicadores_ocupabilidad_2024.csv,2024-11-01,20.828214152827446,19.75,-0.5000000000000004,0.8660254037844384,21.82451464231097,22.278949662655904,22.310162884858034,116650629.37079044,86236725.59333359,74379.34023070551,22.137875729941637,0,138
20260330.0,2030,12,TT,TODAS CONSOLIDADAS,TT,TODAS CONSOLIDADAS,LAMBAYEQUE,140000,5615.978512634767,133983.00691530688,198789.73799929567,20.56,17.12,1.8364910012459938,1.11,1.19,139286951.89174557,78952,2131,101777304.79335918,93219,3472,81329.58855176273,Indicadores_ocupabilidad_2024.csv,2024-11-01,20.495188959878398,19.75,-2.4492935982947064e-16,1.0,20.828214152827446,21.82451464231097,22.278949662655904,139286951.89174557,101777304.79335918,81329.58855176273,21.643892819264774,0,139
20260330.0,2025,1,TT,TODAS CONSOLIDADAS,TT,TODAS CONSOLIDADAS,LIMA,150000,7821.072,86087.35,151894.91,23.3,21.45,1.08216,1.07,1.17,2926365.96,2651711,189421,3345066.768,2849838,404118,45289.299999999996,Indicadores_ocupabilidad_2024.csv,2024-11-01,23.271278819281722,23.73,0.49999999999999994,0.8660254037844387,23.13,23.09,24.21,2926365.96,3345066.768,45289.299999999996,23.47666666666667,0,68
20260330.0,2025,2,TT,TODAS CONSOLIDADAS,TT,TODAS CONSOLIDADAS,LIMA,150000,7883.640576,86948.22350000001,153413.8591,23.3,21.45,1.0843243200000001,1.07,1.17,3014156.9388,2651711,189421,3438728.637504,2849838,404118,45968.63949999999,Indicadores_ocupabilidad_2024.csv,2024-11-01,22.637029166837515,23.73,0.8660254037844386,0.5000000000000001,23.271278819281722,23.13,23.09,3014156.9388,3438728.637504,45968.63949999999,23.163759606427238,0,69
20260330.0,2025,3,TT,TODAS CONSOLIDADAS,TT,TODAS CONSOLIDADAS,LIMA,150000,7946.709700608,87817.70573500001,154947.997691,23.3,21.45,1.0864929686400002,1.07,1.17,3104581.646964,2651711,189421,3535013.0393541125,2849838,404118,46658.169092499986,Indicadores_ocupabilidad_2024.csv,2024-11-01,22.425865023900364,23.73,1.0,6.123233995736766e-17,22.637029166837515,23.271278819281722,23.13,3104581.646964,3535013.0393541125,46658.169092499986,23.012769328706412,0,70
20260330.0,2025,4,TT,TODAS CONSOLIDADAS,TT,TODAS CONSOLIDADAS,LIMA,150000,8010.283378212865,88695.88279235,156497.47766791,23.3,21.45,1.0886659545772803,1.07,1.17,3197719.09637292,2651711,189421,3633993.404456028,2849838,404118,47358.041628887484,Indicadores_ocupabilidad_2024.csv,2024-11-01,22.447597502212975,23.73,0.8660254037844387,-0.4999999999999998,22.425865023900364,22.637029166837515,23.271278819281722,3197719.09637292,3633993.404456028,47358.041628887484,22.778057670006532,0,71
20260330.0,2025,5,TT,TODAS CONSOLIDADAS,TT,TODAS CONSOLIDADAS,LIMA,150000,8074.365645238568,89582.84162027351,158062.4524445891,23.3,21.45,1.0908432864864348,1.07,1.17,3293650.669264108,2651711,189421,3735745.2197807967,2849838,404118,48068.41225332079,Indicadores_ocupabilidad_2024.csv,2024-11-01,22.352731315009375,23.73,0.49999999999999994,-0.8660254037844387,22.447597502212975,22.425865023900364,22.637029166837515,3293650.669264108,3735745.2197807967,48068.41225332079,22.503497230983623,0,72
20260330.0,2025,6,TT,TODAS CONSOLIDADAS,TT,TODAS CONSOLIDADAS,LIMA,150000,8138.960570400476,90478.67003647625,159643.07696903497,23.3,21.45,1.0930249730594077,1.07,1.17,3392460.1893420313,2651711,189421,3840346.085934659,2849838,404118,48789.438437120596,Indicadores_ocupabilidad_2024.csv,2024-11-01,22.945159639772527,23.73,1.2246467991473532e-16,-1.0,22.352731315009375,22.447597502212975,22.425865023900364,3392460.1893420313,3840346.085934659,48789.438437120596,22.40873128037424,0,73
20260330.0,2025,7,TT,TODAS CONSOLIDADAS,TT,TODAS CONSOLIDADAS,LIMA,150000,8204.07225496368,91383.45673684102,161239.5077387253,23.3,21.45,1.0952110230055265,1.07,1.17,3494233.9950222922,2651711,189421,3947875.7763408297,2849838,404118,49521.2800136774,Indicadores_ocupabilidad_2024.csv,2024-11-01,22.44854395317952,23.73,-0.4999999999999997,-0.8660254037844388,22.945159639772527,22.352731315009375,22.447597502212975,3494233.9950222922,3947875.7763408297,49521.2800136774,22.581829485664958,0,74
20260330.0,2025,8,TT,TODAS CONSOLIDADAS,TT,TODAS CONSOLIDADAS,LIMA,150000,8269.704833003389,92297.29130420943,162851.90281611256,23.3,21.45,1.0974014450515377,1.07,1.17,3599061.014872961,2651711,189421,4058416.298078373,2849838,404118,50264.09921388256,Indicadores_ocupabilidad_2024.csv,2024-11-01,22.282552663538876,23.73,-0.8660254037844385,-0.5000000000000004,22.44854395317952,22.945159639772527,22.352731315009375,3599061.014872961,4058416.298078373,50264.09921388256,22.582144969320478,0,75
20260330.0,2025,9,TT,TODAS CONSOLIDADAS,TT,TODAS CONSOLIDADAS,LIMA,150000,8335.862471667415,93220.26421725152,164480.4218442737,23.3,21.45,1.0995962479416408,1.07,1.17,3707032.84531915,2651711,189421,4172051.9544245675,2849838,404118,51018.06070209079,Indicadores_ocupabilidad_2024.csv,2024-11-01,22.23284543499601,23.73,-1.0,-1.8369701987210297e-16,22.282552663538876,22.44854395317952,22.945159639772527,3707032.84531915,4172051.9544245675,51018.06070209079,22.558752085496973,0,76
20260330.0,2025,10,TT,TODAS CONSOLIDADAS,TT,TODAS CONSOLIDADAS,LIMA,150000,8402.549371440755,94152.46685942404,166125.22606271642,23.3,21.45,1.101795440437524,1.07,1.17,3818243.8306787247,2651711,189421,4288869.409148456,2849838,404118,51783.33161262215,Indicadores_ocupabilidad_2024.csv,2024-11-01,21.996555910547578,23.73,-0.8660254037844386,0.5000000000000001,22.23284543499601,22.282552663538876,22.44854395317952,3818243.8306787247,4288869.409148456,51783.33161262215,22.321314017238137,0,77
20260330.0,2025,11,TT,TODAS CONSOLIDADAS,TT,TODAS CONSOLIDADAS,LIMA,150000,8469.76976641228,95093.99152801828,167786.4783233436,23.3,21.45,1.1039990313183992,1.07,1.17,3932791.1455990863,2651711,189421,4408957.752604612,2849838,404118,52560.08158681147,Indicadores_ocupabilidad_2024.csv,2024-11-01,21.186130946037117,23.73,-0.5000000000000004,0.8660254037844384,21.996555910547578,22.23284543499601,22.282552663538876,3932791.1455990863,4408957.752604612,52560.08158681147,22.17065133636082,0,78
20260330.0,2025,12,TT,TODAS CONSOLIDADAS,TT,TODAS CONSOLIDADAS,LIMA,150000,8537.52792454358,96044.93144329845,169464.34310657703,23.3,21.45,1.106207029381036,1.07,1.17,4050774.879967059,2651711,189421,4532408.569677541,2849838,404118,53348.48281061364,Indicadores_ocupabilidad_2024.csv,2024-11-01,20.77901688435154,23.73,-2.4492935982947064e-16,1.0,21.186130946037117,21.996555910547578,22.23284543499601,4050774.879967059,4532408.569677541,53348.48281061364,21.8051774305269,0,79
20260330.0,2026,1,TT,TODAS CONSOLIDADAS,TT,TODAS CONSOLIDADAS,LIMA,150000,8674.674773123448,97975.43456530875,172870.57640301922,23.3,21.45,1.1106362823266775,1.07,1.17,4297467.070157053,2651711,189421,4789776.8578981105,2849838,404118,54960.940703564425,Indicadores_ocupabilidad_2024.csv,2024-11-01,21.382710116019023,23.73,0.49999999999999994,0.8660254037844387,20.77901688435154,21.186130946037117,21.996555910547578,4297467.070157053,4789776.8578981105,54960.940703564425,21.320567913645412,0,80
20260330.0,2026,2,TT,TODAS CONSOLIDADAS,TT,TODAS CONSOLIDADAS,LIMA,150000,8814.024748678903,99944.74080007146,176345.2749887199,23.3,21.45,1.1150832700011135,1.07,1.17,4559182.814729617,2651711,189421,5061759.546996997,2849838,404118,56622.13513632964,Indicadores_ocupabilidad_2024.csv,2024-11-01,21.518207696680943,23.73,0.8660254037844386,0.5000000000000001,21.382710116019023,20.77901688435154,21.186130946037117,4559182.814729617,5061759.546996997,56622.13513632964,21.11595264880256,0,81
20260330.0,2026,3,TT,TODAS CONSOLIDADAS,TT,TODAS CONSOLIDADAS,LIMA,150000,8955.613242241681,101953.6300901529,179889.81501599317,23.3,21.45,1.1195480634141979,1.07,1.17,4836837.04814665,2651711,189421,5349186.501113674,2849838,404118,58333.53917082519,Indicadores_ocupabilidad_2024.csv,2024-11-01,21.935521069924707,23.73,1.0,6.123233995736766e-17,21.518207696680943,21.382710116019023,20.77901688435154,4836837.04814665,5349186.501113674,58333.53917082519,21.22664489901717,0,82
20260330.0,2026,4,TT,TODAS CONSOLIDADAS,TT,TODAS CONSOLIDADAS,LIMA,150000,9099.476213365053,104002.89805496497,183505.60029781464,23.3,21.45,1.1240307338601083,1.07,1.17,5131400.424378781,2651711,189421,5652934.707392912,2849838,404118,60096.67039226337,Indicadores_ocupabilidad_2024.csv,2024-11-01,22.03047877937628,23.73,0.8660254037844387,-0.4999999999999998,21.935521069924707,21.518207696680943,21.382710116019023,5131400.424378781,5652934.707392912,60096.67039226337,21.612146294208227,0,83
20260330.0,2026,5,TT,TODAS CONSOLIDADAS,TT,TODAS CONSOLIDADAS,LIMA,150000,9245.65019925655,106093.35630586976,187194.0628638007,23.3,21.45,1.1285313529184842,1.07,1.17,5443902.710223448,2651711,189421,5973930.951817512,2849838,404118,61913.09225486951,Indicadores_ocupabilidad_2024.csv,2024-11-01,22.031049381744506,23.73,0.49999999999999994,-0.8660254037844387,22.03047877937628,21.935521069924707,21.518207696680943,5443902.710223448,5973930.951817512,61913.09225486951,21.82806918199398,0,84
20260330.0,2026,6,TT,TODAS CONSOLIDADAS,TT,TODAS CONSOLIDADAS,LIMA,150000,9394.172324057408,108225.83276761774,190956.6635273631,23.3,21.45,1.1330499924555697,1.07,1.17,5775436.385276056,2651711,189421,6313154.646985517,2849838,404118,63784.41546827292,Indicadores_ocupabilidad_2024.csv,2024-11-01,22.570601177839933,23.73,1.2246467991473532e-16,-1.0,22.031049381744506,22.03047877937628,21.935521069924707,5775436.385276056,6313154.646985517,63784.41546827292,21.9990164103485,0,85
20260330.0,2026,7,TT,TODAS CONSOLIDADAS,TT,TODAS CONSOLIDADAS,LIMA,150000,9545.080308271068,110401.17200624687,194794.8924642631,23.3,21.45,1.1375867246253617,1.07,1.17,6127160.461139368,2651711,189421,6671640.820459942,2849838,404118,65712.29942580145,Indicadores_ocupabilidad_2024.csv,2024-11-01,22.336481660466845,23.73,-0.4999999999999997,-0.8660254037844388,22.570601177839933,22.031049381744506,22.03047877937628,6127160.461139368,6671640.820459942,65712.29942580145,22.210709779653573,0,86
20260330.0,2026,8,TT,TODAS CONSOLIDADAS,TT,TODAS CONSOLIDADAS,LIMA,150000,9698.412478343136,112620.23556357242,198710.2698027948,23.3,21.45,1.1421416218707616,1.07,1.17,6500304.533222755,2651711,189421,7050483.272808939,2849838,404118,67698.45367594628,Indicadores_ocupabilidad_2024.csv,2024-11-01,22.252746255357405,23.73,-0.8660254037844385,-0.5000000000000004,22.336481660466845,22.570601177839933,22.031049381744506,6500304.533222755,7050483.272808939,67698.45367594628,22.312710740017096,0,87
20260330.0,2026,9,TT,TODAS CONSOLIDADAS,TT,TODAS CONSOLIDADAS,LIMA,150000,9854.20777639524,114883.90229840024,202704.34622583096,23.3,21.45,1.146714756924732,1.07,1.17,6896173.079296021,2651711,189421,7450837.914972122,2849838,404118,69744.63943830173,Indicadores_ocupabilidad_2024.csv,2024-11-01,22.263398885918146,23.73,-1.0,-1.8369701987210297e-16,22.252746255357405,22.336481660466845,22.570601177839933,6896173.079296021,7450837.914972122,69744.63943830173,22.386609697888062,0,88
20260330.0,2026,10,TT,TODAS CONSOLIDADAS,TT,TODAS CONSOLIDADAS,LIMA,150000,10012.505770115255,117193.06873459808,206778.70358497015,23.3,21.45,1.1513062028114585,1.07,1.17,7316150.019825148,2651711,189421,7873926.2951358985,2849838,404118,71852.67116532438,Indicadores_ocupabilidad_2024.csv,2024-11-01,22.04097611188097,23.73,-0.8660254037844386,0.5000000000000001,22.263398885918146,22.252746255357405,22.336481660466845,7316150.019825148,7873926.2951358985,71852.67116532438,22.28420893391413,0,89
20260330.0,2026,11,TT,TODAS CONSOLIDADAS,TT,TODAS CONSOLIDADAS,LIMA,150000,10173.346662806387,119548.6494161635,210934.95552702804,23.3,21.45,1.1559160328475153,1.07,1.17,7761703.556032499,2651711,189421,8321039.325878895,2849838,404118,74024.4181512963,Indicadores_ocupabilidad_2024.csv,2024-11-01,21.32215643464451,23.73,-0.5000000000000004,0.8660254037844384,22.04097611188097,22.263398885918146,22.252746255357405,7761703.556032499,8321039.325878895,74024.4181512963,22.18570708438551,0,90
20260330.0,2026,12,TT,TODAS CONSOLIDADAS,TT,TODAS CONSOLIDADAS,LIMA,150000,10336.77130359771,121951.5772694284,215174.7481331213,23.3,21.45,1.1605443206430366,1.07,1.17,8234391.302594878,2651711,189421,8793541.222959602,2849838,404118,76261.80618991921,Indicadores_ocupabilidad_2024.csv,2024-11-01,20.775592601504762,23.73,-2.4492935982947064e-16,1.0,21.32215643464451,22.04097611188097,22.263398885918146,8234391.302594878,8793541.222959602,76261.80618991921,21.87551047748121,0,91
20260330.0,2027,1,TT,TODAS CONSOLIDADAS,TT,TODAS CONSOLIDADAS,LIMA,150000,10586.843767401253,125646.83201226935,221694.75817630303,23.3,21.45,1.167521522383097,1.07,1.17,8997941.704910593,2651711,189421,9553074.130461536,2849838,404118,79745.32157123963,Indicadores_ocupabilidad_2024.csv,2024-11-01,21.35872505325425,23.73,0.49999999999999994,0.8660254037844387,20.775592601504762,21.32215643464451,22.04097611188097,8997941.704910593,9553074.130461536,79745.32157123963,21.379575049343412,0,92
20260330.0,2027,2,TT,TODAS CONSOLIDADAS,TT,TODAS CONSOLIDADAS,LIMA,150000,10842.966112286233,129454.05666907315,228412.33104380322,23.3,21.45,1.1745406711158364,1.07,1.17,9832293.845381837,2651711,189421,10378210.896858463,2849838,404118,83387.95827446628,Indicadores_ocupabilidad_2024.csv,2024-11-01,21.491782336576737,23.73,0.8660254037844386,0.5000000000000001,21.35872505325425,20.775592601504762,21.32215643464451,9832293.845381837,10378210.896858463,83387.95827446628,21.152158029801175,0,93
20260330.0,2027,3,TT,TODAS CONSOLIDADAS,TT,TODAS CONSOLIDADAS,LIMA,150000,11105.28470007331,133376.64404020275,235333.45308676152,23.3,21.45,1.18160201902691,1.07,1.17,10744012.956782559,2651711,189421,11274617.986709593,2849838,404118,87196.98470301167,Indicadores_ocupabilidad_2024.csv,2024-11-01,22.008522589765526,23.73,1.0,6.123233995736766e-17,21.491782336576737,21.35872505325425,20.775592601504762,10744012.956782559,11274617.986709593,87196.98470301167,21.208699997111918,0,94
20260330.0,2027,4,TT,TODAS CONSOLIDADAS,TT,TODAS CONSOLIDADAS,LIMA,150000,11373.949433443251,137418.08973126495,242464.29204874352,23.3,21.45,1.188705819818116,1.07,1.17,11740273.046226135,2651711,189421,12248451.299511984,2849838,404118,91180.00126914507,Indicadores_ocupabilidad_2024.csv,2024-11-01,22.139717994659858,23.73,0.8660254037844387,-0.4999999999999998,22.008522589765526,21.491782336576737,21.35872505325425,11740273.046226135,12248451.299511984,91180.00126914507,21.619676659865505,0,95
20260330.0,2027,5,TT,TODAS CONSOLIDADAS,TT,TODAS CONSOLIDADAS,LIMA,150000,11649.113841599219,141581.99526821202,249811.20256211254,23.3,21.45,1.1958523287165088,1.07,1.17,12828913.344983546,2651711,189421,13306398.444130369,2849838,404118,95344.95555961752,Indicadores_ocupabilidad_2024.csv,2024-11-01,22.370901362608958,23.73,0.49999999999999994,-0.8660254037844387,22.139717994659858,22.008522589765526,21.491782336576737,12828913.344983546,13306398.444130369,95344.95555961752,21.88000764033404,0,96
20260330.0,2027,6,TT,TODAS CONSOLIDADAS,TT,TODAS CONSOLIDADAS,LIMA,150000,11930.935168001473,145872.07130683414,257380.73181094715,23.3,21.45,1.203041802483571,1.07,1.17,14018499.992723836,2651711,189421,14455724.66463656,2849838,404118,99700.15819402803,Indicadores_ocupabilidad_2024.csv,2024-11-01,23.20650531489358,23.73,1.2246467991473532e-16,-1.0,22.370901362608958,22.139717994659858,22.008522589765526,14018499.992723836,14455724.66463656,99700.15819402803,22.173047315678115,0,97
20260330.0,2027,7,TT,TODAS CONSOLIDADAS,TT,TODAS CONSOLIDADAS,LIMA,150000,12219.57446022457,150292.14093950254,265179.6253655507,23.3,21.45,1.2102744994244365,1.07,1.17,15318393.44154914,2651711,189421,15704322.732945094,2849838,404118,104254.29940757413,Indicadores_ocupabilidad_2024.csv,2024-11-01,23.31954604962743,23.73,-0.4999999999999997,-0.8660254037844388,23.20650531489358,22.370901362608958,22.139717994659858,15318393.44154914,15704322.732945094,104254.29940757413,22.5723748907208,0,98
20260330.0,2027,8,TT,TODAS CONSOLIDADAS,TT,TODAS CONSOLIDADAS,LIMA,150000,12515.196661988446,154846.14310211042,273214.8331937523,23.3,21.45,1.2175506793971722,1.07,1.17,16738822.110203667,2651711,189421,17060767.150873,2849838,404118,109016.46639127553,Indicadores_ocupabilidad_2024.csv,2024-11-01,23.373550489396827,23.73,-0.8660254037844385,-0.5000000000000004,23.31954604962743,23.20650531489358,22.370901362608958,16738822.110203667,17060767.150873,109016.46639127553,22.965650909043323,0,99
20260330.0,2027,9,TT,TODAS CONSOLIDADAS,TT,TODAS CONSOLIDADAS,LIMA,150000,12817.970707415961,159538.1360842475,281493.51585435617,23.3,21.45,1.2248706038221133,1.07,1.17,18290962.868016522,2651711,189421,18534373.03384568,2849838,404118,113996.16142427108,Indicadores_ocupabilidad_2024.csv,2024-11-01,23.482021607108646,23.73,-1.0,-1.8369701987210297e-16,23.373550489396827,23.31954604962743,23.20650531489358,18290962.868016522,18534373.03384568,113996.16142427108,23.299867284639276,0,100
20260330.0,2027,10,TT,TODAS CONSOLIDADAS,TT,TODAS CONSOLIDADAS,LIMA,150000,13128.069617570769,164372.3011457363,290023.05087825906,23.3,21.45,1.2322345356912565,1.07,1.17,19987028.98187909,2651711,189421,20135260.080621164,2849838,404118,119203.32083436943,Indicadores_ocupabilidad_2024.csv,2024-11-01,22.92510264900254,23.73,-0.8660254037844386,0.5000000000000001,23.482021607108646,23.373550489396827,23.31954604962743,19987028.98187909,20135260.080621164,119203.32083436943,23.39170604871097,0,101
20260330.0,2027,11,TT,TODAS CONSOLIDADAS,TT,TODAS CONSOLIDADAS,LIMA,150000,13445.670599330684,169352.94624275327,298811.0393429212,23.3,21.45,1.2396427395777085,1.07,1.17,21840366.21828179,2651711,189421,21874422.06833225,2849838,404118,124648.33482468702,Indicadores_ocupabilidad_2024.csv,2024-11-01,21.328921078123766,23.73,-0.5000000000000004,0.8660254037844384,22.92510264900254,23.482021607108646,23.373550489396827,21840366.21828179,21874422.06833225,124648.33482468702,23.260224915169335,0,102
20260330.0,2027,12,TT,TODAS CONSOLIDADAS,TT,TODAS CONSOLIDADAS,LIMA,150000,13770.955146653037,174484.50986685496,307865.3126460511,23.3,21.45,1.2470954816451916,1.07,1.17,23865557.856604405,2651711,189421,23763802.35009012,2849838,404118,130342.06820593459,Indicadores_ocupabilidad_2024.csv,2024-11-01,20.518838252756524,23.73,-2.4492935982947064e-16,1.0,21.328921078123766,22.92510264900254,23.482021607108646,23865557.856604405,23763802.35009012,130342.06820593459,22.57868177807832,0,103
20260330.0,2028,1,TT,TODAS CONSOLIDADAS,TT,TODAS CONSOLIDADAS,LIMA,150000,14216.942017444222,181569.28065033385,320365.8788793845,23.3,21.45,1.2571022157169216,1.07,1.17,26860895.623172976,2651711,189421,26539234.398075495,2849838,404118,138340.32030685662,Indicadores_ocupabilidad_2024.csv,2024-11-01,21.32282152782951,23.73,0.49999999999999994,0.8660254037844387,20.518838252756524,21.328921078123766,22.92510264900254,26860895.623172976,26539234.398075495,138340.32030685662,21.590953993294278,0,104
20260330.0,2028,2,TT,TODAS CONSOLIDADAS,TT,TODAS CONSOLIDADAS,LIMA,150000,14677.372642266982,188941.7215375528,333374.0182290618,23.3,21.45,1.2671892441432189,1.07,1.17,30232174.66837163,2651711,189421,29638815.878862187,2849838,404118,146829.37355548507,Indicadores_ocupabilidad_2024.csv,2024-11-01,21.4724467942282,23.73,0.8660254037844386,0.5000000000000001,21.32282152782951,20.518838252756524,21.328921078123766,30232174.66837163,29638815.878862187,146829.37355548507,21.0568602862366,0,105
20260330.0,2028,3,TT,TODAS CONSOLIDADAS,TT,TODAS CONSOLIDADAS,LIMA,150000,15152.714797291846,196613.51308828083,346910.3401989748,23.3,21.45,1.277357211208555,1.07,1.17,34026578.9347111,2651711,189421,33100404.99000963,2849838,404118,155839.34525289407,Indicadores_ocupabilidad_2024.csv,2024-11-01,21.973504370239777,23.73,1.0,6.123233995736766e-17,21.4724467942282,21.32282152782951,20.518838252756524,34026578.9347111,33100404.99000963,155839.34525289407,21.104702191604744,0,106
20260330.0,2028,4,TT,TODAS CONSOLIDADAS,TT,TODAS CONSOLIDADAS,LIMA,150000,15643.45140811277,204596.81013985252,360996.2911215174,23.3,21.45,1.287606766367161,1.07,1.17,38297214.36517776,2651711,189421,36966281.47968761,2849838,404118,165402.20080468684,Indicadores_ocupabilidad_2024.csv,2024-11-01,22.11975960467016,23.73,0.8660254037844387,-0.4999999999999998,21.973504370239777,21.4724467942282,21.32282152782951,38297214.36517776,36966281.47968761,165402.20080468684,21.589590897432497,0,107
20260330.0,2028,5,TT,TODAS CONSOLIDADAS,TT,TODAS CONSOLIDADAS,LIMA,150000,16150.081040377156,212904.2610647392,375654.1881361784,23.3,21.45,1.2979385642845096,1.07,1.17,43103852.16646613,2651711,189421,41283663.05028395,2849838,404118,175551.8671272516,Indicadores_ocupabilidad_2024.csv,2024-11-01,22.306700191385264,23.73,0.49999999999999994,-0.8660254037844387,22.11975960467016,21.973504370239777,21.4724467942282,43103852.16646613,41283663.05028395,175551.8671272516,21.855236923046046,0,108
20260330.0,2028,6,TT,TODAS CONSOLIDADAS,TT,TODAS CONSOLIDADAS,LIMA,150000,16673.11840630543,221549.02781005448,390907.2545478017,23.3,21.45,1.3083532648791296,1.07,1.17,48513765.358295225,2651711,189421,46105282.074040614,2849838,404118,186324.35301302793,Indicadores_ocupabilidad_2024.csv,2024-11-01,23.331650551135844,23.73,1.2246467991473532e-16,-1.0,22.306700191385264,22.11975960467016,21.973504370239777,48513765.358295225,46105282.074040614,186324.35301302793,22.13332138876507,0,109
20260330.0,2028,7,TT,TODAS CONSOLIDADAS,TT,TODAS CONSOLIDADAS,LIMA,150000,17213.094887614814,230544.80675074423,406779.6566205332,23.3,21.45,1.318851533364758,1.07,1.17,54602670.31703409,2651711,189421,51490029.66470607,2849838,404118,197757.87688181316,Indicadores_ocupabilidad_2024.csv,2024-11-01,23.32890649125251,23.73,-0.4999999999999997,-0.8660254037844388,23.331650551135844,22.306700191385264,22.11975960467016,54602670.31703409,51490029.66470607,197757.87688181316,22.58603678239709,0,110
20260330.0,2028,8,TT,TODAS CONSOLIDADAS,TT,TODAS CONSOLIDADAS,LIMA,150000,17770.5590753785,239905.85038949954,423296.5418657499,23.3,21.45,1.3294340402928275,1.07,1.17,61455786.491347365,2651711,189421,57503674.97187641,2849838,404118,209893.00237134277,Indicadores_ocupabilidad_2024.csv,2024-11-01,23.37347997352381,23.73,-0.8660254037844385,-0.5000000000000004,23.32890649125251,23.331650551135844,22.306700191385264,61455786.491347365,57503674.97187641,209893.00237134277,22.989085744591208,0,111
20260330.0,2028,9,TT,TODAS CONSOLIDADAS,TT,TODAS CONSOLIDADAS,LIMA,150000,18346.077327368752,249646.9899377733,440484.07888463227,23.3,21.45,1.3401014615952975,1.07,1.17,69169029.12149046,2651711,189421,64219668.48346506,2849838,404118,222772.78224818982,Indicadores_ocupabilidad_2024.csv,2024-11-01,23.492494980124516,23.73,-1.0,-1.8369701987210297e-16,23.37347997352381,23.32890649125251,23.331650551135844,69169029.12149046,64219668.48346506,222772.78224818982,23.344679005304055,0,112
20260330.0,2028,10,TT,TODAS CONSOLIDADAS,TT,TODAS CONSOLIDADAS,LIMA,150000,18940.23434345016,259783.65881367653,458369.4988285047,23.3,21.45,1.3508544786278267,1.07,1.17,77850351.6553841,2651711,189421,71720039.14781412,2849838,404118,236442.91114954863,Indicadores_ocupabilidad_2024.csv,2024-11-01,22.90969891124502,23.73,-0.8660254037844386,0.5000000000000001,23.492494980124516,23.37347997352381,23.32890649125251,77850351.6553841,71720039.14781412,236442.91114954863,23.398293814966944,0,113
20260330.0,2028,11,TT,TODAS CONSOLIDADAS,TT,TODAS CONSOLIDADAS,LIMA,150000,19553.633759607586,270331.9170939837,476981.1385426323,23.3,21.45,1.3616937782132934,1.07,1.17,87621256.64973289,2651711,189421,80096396.27287051,2849838,404118,250951.88769779625,Indicadores_ocupabilidad_2024.csv,2024-11-01,21.357891596488436,23.73,-0.5000000000000004,0.8660254037844384,22.90969891124502,23.492494980124516,23.37347997352381,87621256.64973289,80096396.27287051,250951.88769779625,23.25855795496445,0,114
20260330.0,2028,12,TT,TODAS CONSOLIDADAS,TT,TODAS CONSOLIDADAS,LIMA,150000,20186.898761212342,281308.47695898695,496348.4854618287,23.3,21.45,1.3726200526856651,1.07,1.17,98618496.30254546,2651711,189421,89451048.43959409,2849838,404118,266351.1865629792,Indicadores_ocupabilidad_2024.csv,2024-11-01,20.461974561594506,23.73,-2.4492935982947064e-16,1.0,21.357891596488436,22.90969891124502,23.492494980124516,98618496.30254546,89451048.43959409,266351.1865629792,22.586695162619325,0,115
20260330.0,2029,1,TT,TODAS CONSOLIDADAS,TT,TODAS CONSOLIDADAS,LIMA,150000,21007.398097878842,295658.0364622196,521667.2465722958,23.3,21.45,1.386401267934087,1.07,1.17,114325866.00999136,2651711,189421,102695404.18266076,2849838,404118,286935.8726999202,Indicadores_ocupabilidad_2024.csv,2024-11-01,21.317651797781604,23.73,0.49999999999999994,0.8660254037844387,20.461974561594506,21.357891596488436,22.90969891124502,114325866.00999136,102695404.18266076,286935.8726999202,21.576521689775987,0,116
20260330.0,2029,2,TT,TODAS CONSOLIDADAS,TT,TODAS CONSOLIDADAS,LIMA,150000,21861.246745374785,310739.5677146251,548277.5189554777,23.3,21.45,1.400320847687203,1.07,1.17,132535012.48727858,2651711,189421,117900753.81130898,2849838,404118,309111.4258002272,Indicadores_ocupabilidad_2024.csv,2024-11-01,21.445464406615812,23.73,0.8660254037844386,0.5000000000000001,21.317651797781604,20.461974561594506,21.357891596488436,132535012.48727858,117900753.81130898,309111.4258002272,21.045839318621514,0,117
20260330.0,2029,3,TT,TODAS CONSOLIDADAS,TT,TODAS CONSOLIDADAS,LIMA,150000,22749.80019112484,326590.4086318005,576245.1826661004,23.3,21.45,1.4143801811357208,1.07,1.17,153644403.91352883,2651711,189421,135357447.1993936,2849838,404118,333000.7944324765,Indicadores_ocupabilidad_2024.csv,2024-11-01,21.912646298880208,23.73,1.0,6.123233995736766e-17,21.445464406615812,21.317651797781604,20.461974561594506,153644403.91352883,135357447.1993936,333000.7944324765,21.075030255330642,0,118
20260330.0,2029,4,TT,TODAS CONSOLIDADAS,TT,TODAS CONSOLIDADAS,LIMA,150000,23674.469016530507,343249.80173828814,605639.478303782,23.3,21.45,1.4285806714179337,1.07,1.17,178115974.11823145,2651711,189421,155398824.181048,2849838,404118,358736.4291228958,Indicadores_ocupabilidad_2024.csv,2024-11-01,22.103810087231842,23.73,0.8660254037844387,-0.4999999999999998,21.912646298880208,21.445464406615812,21.317651797781604,178115974.11823145,155398824.181048,358736.4291228958,21.558587501092543,0,119
20260330.0,2029,5,TT,TODAS CONSOLIDADAS,TT,TODAS CONSOLIDADAS,LIMA,150000,24636.721136272565,360758.9913217733,636533.1784345958,23.3,21.45,1.4429237357597555,1.07,1.17,206485231.01395553,2651711,189421,178407579.75642774,2849838,404118,386461.01670469635,Indicadores_ocupabilidad_2024.csv,2024-11-01,22.13928835420001,23.73,0.49999999999999994,-0.8660254037844387,22.103810087231842,21.912646298880208,21.445464406615812,206485231.01395553,178407579.75642774,386461.01670469635,21.820640264242623,0,120
20260330.0,2029,6,TT,TODAS CONSOLIDADAS,TT,TODAS CONSOLIDADAS,LIMA,150000,25638.08412863025,379161.3255431225,669002.7677568569,23.3,21.45,1.4574108056161623,1.07,1.17,239372975.04032496,2651711,189421,204823071.746433,2849838,404118,416328.2714208614,Indicadores_ocupabilidad_2024.csv,2024-11-01,23.267407851319728,23.73,1.2246467991473532e-16,-1.0,22.13928835420001,22.103810087231842,21.912646298880208,239372975.04032496,204823071.746433,416328.2714208614,22.051914913437354,0,121
20260330.0,2029,7,TT,TODAS CONSOLIDADAS,TT,TODAS CONSOLIDADAS,LIMA,150000,26680.147660516595,398502.3637550596,703128.6324571728,23.3,21.45,1.4720433268140525,1.07,1.17,277498884.05230975,2651711,189421,235149710.43786582,2849838,404118,448503.7871665262,Indicadores_ocupabilidad_2024.csv,2024-11-01,23.415266336744036,23.73,-0.4999999999999997,-0.8660254037844388,23.267407851319728,22.13928835420001,22.103810087231842,277498884.05230975,235149710.43786582,448503.7871665262,22.503502097583862,0,122
20260330.0,2029,8,TT,TODAS CONSOLIDADAS,TT,TODAS CONSOLIDADAS,LIMA,150000,27764.566011079693,418829.98929517367,738995.2592255578,23.3,21.45,1.4868227596965422,1.07,1.17,321697261.92902446,2651711,189421,269966590.4213504,2849838,404118,483165.95559606067,Indicadores_ocupabilidad_2024.csv,2024-11-01,23.46591557878743,23.73,-0.8660254037844385,-0.5000000000000004,23.415266336744036,23.267407851319728,22.13928835420001,321697261.92902446,269966590.4213504,483165.95559606067,22.940654180754592,0,123
20260330.0,2029,9,TT,TODAS CONSOLIDADAS,TT,TODAS CONSOLIDADAS,LIMA,150000,28893.06069787605,440194.52803250303,776691.444422316,23.3,21.45,1.5017505792687096,1.07,1.17,372935295.5276145,2651711,189421,309938548.54431957,2849838,404118,520506.95518514415,Indicadores_ocupabilidad_2024.csv,2024-11-01,23.784544259008342,23.73,-1.0,-1.8369701987210297e-16,23.46591557878743,23.415266336744036,23.267407851319728,372935295.5276145,309938548.54431957,520506.95518514415,23.382863255617067,0,124
20260330.0,2029,10,TT,TODAS CONSOLIDADAS,TT,TODAS CONSOLIDADAS,LIMA,150000,30067.423209785164,462648.8729611869,816310.5139145398,23.3,21.45,1.516828275344802,1.07,1.17,432334219.4965722,2651711,189421,355828859.1333872,2849838,404118,560733.8167315167,Indicadores_ocupabilidad_2024.csv,2024-11-01,23.34414183978601,23.73,-0.8660254037844386,0.5000000000000001,23.784544259008342,23.46591557878743,23.415266336744036,432334219.4965722,355828859.1333872,560733.8167315167,23.55524205817994,0,125
20260330.0,2029,11,TT,TODAS CONSOLIDADAS,TT,TODAS CONSOLIDADAS,LIMA,150000,31289.517851003748,486248.61514964566,857950.5541264773,23.3,21.45,1.5320573526969206,1.07,1.17,501193852.0951018,2651711,189421,408513808.904486,2849838,404118,604069.5712018954,Indicadores_ocupabilidad_2024.csv,2024-11-01,23.18079025632932,23.73,-0.5000000000000004,0.8660254037844384,23.34414183978601,23.784544259008342,23.46591557878743,501193852.0951018,408513808.904486,604069.5712018954,23.53153389252726,0,126
20260330.0,2029,12,TT,TODAS CONSOLIDADAS,TT,TODAS CONSOLIDADAS,LIMA,150000,32561.284700634562,511052.18136948475,901714.6548757919,23.3,21.45,1.5474393312051995,1.07,1.17,581021038.9324002,2651711,189421,468999429.87224764,2849838,404118,650754.4862890951,Indicadores_ocupabilidad_2024.csv,2024-11-01,23.113688635605715,23.73,-2.4492935982947064e-16,1.0,23.18079025632932,23.34414183978601,23.784544259008342,581021038.9324002,468999429.87224764,650754.4862890951,23.43649211837456,0,127
20260330.0,2030,1,TT,TODAS CONSOLIDADAS,TT,TODAS CONSOLIDADAS,LIMA,150000,34155.82063410864,542492.1885323051,957188.2762428795,23.3,21.45,1.5661016975015096,1.07,1.17,693769505.868898,2651711,189421,553517049.6514006,2849838,404118,711563.1095132641,Indicadores_ocupabilidad_2024.csv,2024-11-01,23.575472956454846,23.73,0.49999999999999994,0.8660254037844387,23.113688635605715,23.18079025632932,23.34414183978601,693769505.868898,553517049.6514006,711563.1095132641,23.212873577240348,0,128
20260330.0,2030,2,TT,TODAS CONSOLIDADAS,TT,TODAS CONSOLIDADAS,LIMA,150000,35828.441473215775,575866.3896706786,1016074.6431508531,23.3,21.45,1.5849891349258145,1.07,1.17,828397071.7445474,2651711,189421,653265451.3849777,2849838,404118,778053.8889673577,Indicadores_ocupabilidad_2024.csv,2024-11-01,22.820301182324712,23.73,0.8660254037844386,0.5000000000000001,23.575472956454846,23.113688635605715,23.18079025632932,828397071.7445474,653265451.3849777,778053.8889673577,23.28998394946329,0,129
20260330.0,2030,3,TT,TODAS CONSOLIDADAS,TT,TODAS CONSOLIDADAS,LIMA,150000,37582.971059338095,611293.7766892731,1078583.708219351,23.3,21.45,1.6041043578719831,1.07,1.17,989149425.9544756,2651711,189421,770989349.365092,2849838,404118,850757.783875732,Indicadores_ocupabilidad_2024.csv,2024-11-01,22.78617770133421,23.73,1.0,6.123233995736766e-17,22.820301182324712,23.575472956454846,23.113688635605715,989149425.9544756,770989349.365092,850757.783875732,23.16982092479509,0,130
20260330.0,2030,4,TT,TODAS CONSOLIDADAS,TT,TODAS CONSOLIDADAS,LIMA,150000,39423.42048852364,648900.6618926513,1144938.3403847907,23.3,21.45,1.6234501134699095,1.07,1.17,1181096143.6712837,2651711,189421,909928078.3549441,2849838,404118,930255.3680256874,Indicadores_ocupabilidad_2024.csv,2024-11-01,22.881619236373243,23.73,0.8660254037844387,-0.4999999999999998,22.78617770133421,22.820301182324712,23.575472956454846,1181096143.6712837,909928078.3549441,930255.3680256874,23.060650613371255,0,131
20260330.0,2030,5,TT,TODAS CONSOLIDADAS,TT,TODAS CONSOLIDADAS,LIMA,150000,41353.997281403805,688821.1283373759,1215375.1195141221,23.3,21.45,1.6430291819803144,1.07,1.17,1410290562.7722423,2651711,189421,1073904728.334512,2849838,404118,1017181.4659141693,Indicadores_ocupabilidad_2024.csv,2024-11-01,22.611292517178207,23.73,0.49999999999999994,-0.8660254037844387,22.881619236373243,22.78617770133421,22.820301182324712,1410290562.7722423,1073904728.334512,1017181.4659141693,22.829366040010722,0,132
20260330.0,2030,6,TT,TODAS CONSOLIDADAS,TT,TODAS CONSOLIDADAS,LIMA,150000,43379.11500216446,731197.5078898421,1290145.1799033394,23.3,21.45,1.6628443771943087,1.07,1.17,1683960685.2513719,2651711,189421,1267431342.0729003,2849838,404118,1112230.2221111485,Indicadores_ocupabilidad_2024.csv,2024-11-01,23.362916567651546,23.73,1.2246467991473532e-16,-1.0,22.611292517178207,22.881619236373243,22.78617770133421,1683960685.2513719,1267431342.0729003,1112230.2221111485,22.75969648496189,0,133
20260330.0,2030,7,TT,TODAS CONSOLIDADAS,TT,TODAS CONSOLIDADAS,LIMA,150000,45503.403348560925,776180.8886943012,1369515.1056681473,23.3,21.45,1.6828985468377742,1.07,1.17,2010737123.4889493,2651711,189421,1495833070.1830554,2849838,404118,1216160.6443208617,Indicadores_ocupabilidad_2024.csv,2024-11-01,23.7926313805129,23.73,-0.4999999999999997,-0.8660254037844388,23.362916567651546,22.611292517178207,22.881619236373243,2010737123.4889493,1495833070.1830554,1216160.6443208617,22.95194277373433,0,134
20260330.0,2030,8,TT,TODAS CONSOLIDADAS,TT,TODAS CONSOLIDADAS,LIMA,150000,47731.71873604412,823931.6538603927,1453767.8812191964,23.3,21.45,1.703194572980624,1.07,1.17,2400925280.0180955,2651711,189421,1765394699.9557219,2849838,404118,1329802.664404787,Indicadores_ocupabilidad_2024.csv,2024-11-01,23.971529152456707,23.73,-0.8660254037844385,-0.5000000000000004,23.7926313805129,23.362916567651546,22.611292517178207,2400925280.0180955,1765394699.9557219,1329802.664404787,23.25561348844755,0,135
20260330.0,2030,9,TT,TODAS CONSOLIDADAS,TT,TODAS CONSOLIDADAS,LIMA,150000,50069.15540019444,874620.0532908152,1543203.9002106981,23.3,21.45,1.7237353724509956,1.07,1.17,2866830344.40014,2651711,189421,2083533589.914783,2849838,404118,1454063.7657663892,Indicadores_ocupabilidad_2024.csv,2024-11-01,24.3398732119955,23.73,-1.0,-1.8369701987210297e-16,23.971529152456707,23.7926313805129,23.362916567651546,2866830344.40014,2083533589.914783,1454063.7657663892,23.709025700207054,0,136
20260330.0,2030,10,TT,TODAS CONSOLIDADAS,TT,TODAS CONSOLIDADAS,LIMA,150000,52521.057042845285,928426.8106879209,1638142.036559711,23.3,21.45,1.7445238972544417,1.07,1.17,3423145356.490011,2651711,189421,2459003768.6258283,2849838,404118,1589936.2300203268,Indicadores_ocupabilidad_2024.csv,2024-11-01,24.24974226938596,23.73,-0.8660254037844386,0.5000000000000001,24.3398732119955,23.971529152456707,23.7926313805129,3423145356.490011,2459003768.6258283,1589936.2300203268,24.034677914988368,0,137
20260330.0,2030,11,TT,TODAS CONSOLIDADAS,TT,TODAS CONSOLIDADAS,LIMA,150000,55093.02904852068,985543.7679034481,1738920.7813546935,23.3,21.45,1.7655631349981744,1.07,1.17,4087414574.2694807,2651711,189421,2902136813.81702,2849838,404118,1738505.060814082,Indicadores_ocupabilidad_2024.csv,2024-11-01,23.781404953360862,23.73,-0.5000000000000004,0.8660254037844384,24.24974226938596,24.3398732119955,23.971529152456707,4087414574.2694807,2902136813.81702,1738505.060814082,24.18704821127939,0,138
20260330.0,2030,12,TT,TODAS CONSOLIDADAS,TT,TODAS CONSOLIDADAS,LIMA,150000,57790.951299115586,1046174.5689287453,1845899.4497068431,23.3,21.45,1.786856109320428,1.07,1.17,4880586759.272579,2651711,189421,3425126139.9321547,2849838,404118,1900956.6480773473,Indicadores_ocupabilidad_2024.csv,2024-11-01,23.4555094410955,23.73,-2.4492935982947064e-16,1.0,23.781404953360862,24.24974226938596,24.3398732119955,4880586759.272579,3425126139.9321547,1900956.6480773473,24.12367347824744,0,139
20260330.0,2025,1,TT,TODAS CONSOLIDADAS,TT,TODAS CONSOLIDADAS,LORETO,160000,929.376,9323.31,15108.59,9.73,10.49,1.61322,1.58,1.61,34253.68,22255,11001,60254.164000000004,38787,19826,1501.185,Indicadores_ocupabilidad_2024.csv,2024-11-01,11.846637190053059,11.67,0.49999999999999994,0.8660254037844387,11.6,11.7,14.26,34253.68,60254.164000000004,1501.185,12.52,0,68
20260330.0,2025,2,TT,TODAS CONSOLIDADAS,TT,TODAS CONSOLIDADAS,LORETO,160000,936.811008,9416.543099999999,15259.6759,9.73,10.49,1.61644644,1.58,1.61,35281.2904,22255,11001,61941.280592,38787,19826,1523.7027749999997,Indicadores_ocupabilidad_2024.csv,2024-11-01,13.754038397468715,11.67,0.8660254037844386,0.5000000000000001,11.846637190053059,11.6,11.7,35281.2904,61941.280592,1523.7027749999997,11.715545730017686,0,69
20260330.0,2025,3,TT,TODAS CONSOLIDADAS,TT,TODAS CONSOLIDADAS,LORETO,160000,944.3054960640001,9510.708530999998,15412.272659,9.73,10.49,1.61967933288,1.58,1.61,36339.729112,22255,11001,63675.636448576006,38787,19826,1546.5583166249996,Indicadores_ocupabilidad_2024.csv,2024-11-01,14.129302460003357,11.67,1.0,6.123233995736766e-17,13.754038397468715,11.846637190053059,11.6,36339.729112,63675.636448576006,1546.5583166249996,12.40022519584059,0,70
20260330.0,2025,4,TT,TODAS CONSOLIDADAS,TT,TODAS CONSOLIDADAS,LORETO,160000,951.8599400325121,9605.81561631,15566.39538559,9.73,10.49,1.62291869154576,1.58,1.61,37429.920985360004,22255,11001,65458.55426913613,38787,19826,1569.7566913743744,Indicadores_ocupabilidad_2024.csv,2024-11-01,14.45210929634534,11.67,0.8660254037844387,-0.4999999999999998,14.129302460003357,13.754038397468715,11.846637190053059,37429.920985360004,65458.55426913613,1569.7566913743744,13.24332601584171,0,71
20260330.0,2025,5,TT,TODAS CONSOLIDADAS,TT,TODAS CONSOLIDADAS,LORETO,160000,959.4748195527721,9701.8737724731,15722.0593394459,9.73,10.49,1.6261645289288515,1.58,1.61,38552.818614920805,22255,11001,67291.39378867195,38787,19826,1593.30304174499,Indicadores_ocupabilidad_2024.csv,2024-11-01,14.678756822074693,11.67,0.49999999999999994,-0.8660254037844387,14.45210929634534,14.129302460003357,13.754038397468715,38552.818614920805,67291.39378867195,1593.30304174499,14.111816717939137,0,72
20260330.0,2025,6,TT,TODAS CONSOLIDADAS,TT,TODAS CONSOLIDADAS,LORETO,160000,967.1506181091943,9798.892510197831,15879.279932840358,9.73,10.49,1.6294168579867092,1.58,1.61,39709.40317336843,22255,11001,69175.55281475477,38787,19826,1617.2025873711646,Indicadores_ocupabilidad_2024.csv,2024-11-01,14.763005911819576,11.67,1.2246467991473532e-16,-1.0,14.678756822074693,14.45210929634534,14.129302460003357,39709.40317336843,69175.55281475477,1617.2025873711646,14.420056192807797,0,73
20260330.0,2025,7,TT,TODAS CONSOLIDADAS,TT,TODAS CONSOLIDADAS,LORETO,160000,974.8878230540679,9896.881435299809,16038.072732168761,9.73,10.49,1.6326756917026826,1.58,1.61,40900.68526856948,22255,11001,71112.46829356792,38787,19826,1641.4606261817319,Indicadores_ocupabilidad_2024.csv,2024-11-01,14.98068987066035,11.67,-0.4999999999999997,-0.8660254037844388,14.763005911819576,14.678756822074693,14.45210929634534,40900.68526856948,71112.46829356792,1641.4606261817319,14.631290676746536,0,74
20260330.0,2025,8,TT,TODAS CONSOLIDADAS,TT,TODAS CONSOLIDADAS,LORETO,160000,982.6869256385005,9995.850249652807,16198.453459490449,9.73,10.49,1.635941043086088,1.58,1.61,42127.70582662657,22255,11001,73103.61740578782,38787,19826,1666.0825355744578,Indicadores_ocupabilidad_2024.csv,2024-11-01,14.96412709125437,11.67,-0.8660254037844385,-0.5000000000000004,14.98068987066035,14.763005911819576,14.678756822074693,42127.70582662657,73103.61740578782,1666.0825355744578,14.807484201518207,0,75
20260330.0,2025,9,TT,TODAS CONSOLIDADAS,TT,TODAS CONSOLIDADAS,LORETO,160000,990.5484210436085,10095.808752149336,16360.437994085354,9.73,10.49,1.63921292517226,1.58,1.61,43391.537001425364,22255,11001,75150.51869314989,38787,19826,1691.0737736080746,Indicadores_ocupabilidad_2024.csv,2024-11-01,15.06937948745535,11.67,-1.0,-1.8369701987210297e-16,14.96412709125437,14.98068987066035,14.763005911819576,43391.537001425364,75150.51869314989,1691.0737736080746,14.902607624578101,0,76
20260330.0,2025,10,TT,TODAS CONSOLIDADAS,TT,TODAS CONSOLIDADAS,LORETO,160000,998.4728084119574,10196.76683967083,16524.04237402621,9.73,10.49,1.6424913510226045,1.58,1.61,44693.283111468125,22255,11001,77254.73321655809,38787,19826,1716.4398802121955,Indicadores_ocupabilidad_2024.csv,2024-11-01,15.221768164204935,11.67,-0.8660254037844386,0.5000000000000001,15.06937948745535,14.96412709125437,14.98068987066035,44693.283111468125,77254.73321655809,1716.4398802121955,15.004732149790023,0,77
20260330.0,2025,11,TT,TODAS CONSOLIDADAS,TT,TODAS CONSOLIDADAS,LORETO,160000,1006.4605908792531,10298.734508067539,16689.28279776647,9.73,10.49,1.6457763337246496,1.58,1.61,46034.08160481217,22255,11001,79417.86574662171,38787,19826,1742.1864784153781,Indicadores_ocupabilidad_2024.csv,2024-11-01,15.321735403851763,11.67,-0.5000000000000004,0.8660254037844384,15.221768164204935,15.06937948745535,14.96412709125437,46034.08160481217,79417.86574662171,1742.1864784153781,15.085091580971552,0,78
20260330.0,2025,12,TT,TODAS CONSOLIDADAS,TT,TODAS CONSOLIDADAS,LORETO,160000,1014.5122756062872,10401.721853148214,16856.175625744138,9.73,10.49,1.649067886392099,1.58,1.61,47415.104052956536,22255,11001,81641.56598752712,38787,19826,1768.3192755916086,Indicadores_ocupabilidad_2024.csv,2024-11-01,15.34853274607883,11.67,-2.4492935982947064e-16,1.0,15.321735403851763,15.221768164204935,15.06937948745535,47415.104052956536,81641.56598752712,1768.3192755916086,15.20429435183735,0,79
20260330.0,2026,1,TT,TODAS CONSOLIDADAS,TT,TODAS CONSOLIDADAS,LORETO,160000,1030.8094008016267,10610.796462396493,17194.984755821595,9.73,10.49,1.6556707542092126,1.58,1.61,50302.68388978159,22255,11001,86277.50067056286,38787,19826,1821.7667256963646,Indicadores_ocupabilidad_2024.csv,2024-11-01,15.923724078176352,11.67,0.49999999999999994,0.8660254037844387,15.34853274607883,15.321735403851763,15.221768164204935,50302.68388978159,86277.50067056286,1821.7667256963646,15.297345438045175,0,80
20260330.0,2026,2,TT,TODAS CONSOLIDADAS,TT,TODAS CONSOLIDADAS,LORETO,160000,1047.3683230161041,10824.073471290661,17540.60394941361,9.73,10.49,1.662300059909066,1.58,1.61,53366.11733866929,22255,11001,91176.6822686401,38787,19826,1876.8296249805367,Indicadores_ocupabilidad_2024.csv,2024-11-01,16.626858804499427,11.67,0.8660254037844386,0.5000000000000001,15.923724078176352,15.34853274607883,15.321735403851763,53366.11733866929,91176.6822686401,1876.8296249805367,15.531330742702314,0,81
20260330.0,2026,3,TT,TODAS CONSOLIDADAS,TT,TODAS CONSOLIDADAS,LORETO,160000,1064.193247757035,11041.637348063603,17893.17008879682,9.73,10.49,1.6689559093489417,1.58,1.61,56616.11388459425,22255,11001,96354.05899458255,38787,19826,1933.556800395573,Indicadores_ocupabilidad_2024.csv,2024-11-01,16.711811651965437,11.67,1.0,6.123233995736766e-17,16.626858804499427,15.923724078176352,15.34853274607883,56616.11388459425,96354.05899458255,1933.556800395573,15.966371876251538,0,82
20260330.0,2026,4,TT,TODAS CONSOLIDADAS,TT,TODAS CONSOLIDADAS,LORETO,160000,1081.288448089004,11263.574258759681,18252.822807581637,9.73,10.49,1.6756384088099747,1.58,1.61,60064.035220166035,22255,11001,101825.42788053091,38787,19826,1991.9985546875287,Indicadores_ocupabilidad_2024.csv,2024-11-01,17.046282807943903,11.67,0.8660254037844387,-0.4999999999999998,16.711811651965437,16.626858804499427,15.923724078176352,60064.035220166035,101825.42788053091,1991.9985546875287,16.42079817821374,0,83
20260330.0,2026,5,TT,TODAS CONSOLIDADAS,TT,TODAS CONSOLIDADAS,LORETO,160000,1098.6582657191059,11489.97210136075,18619.70454601403,9.73,10.49,1.6823476649988496,1.58,1.61,63721.93496507414,22255,11001,107607.48297729898,38787,19826,2052.206711002959,Indicadores_ocupabilidad_2024.csv,2024-11-01,17.073513997916457,11.67,0.49999999999999994,-0.8660254037844387,17.046282807943903,16.711811651965437,16.626858804499427,63721.93496507414,107607.48297729898,2052.206711002959,16.79498442146959,0,84
20260330.0,2026,6,TT,TODAS CONSOLIDADAS,TT,TODAS CONSOLIDADAS,LORETO,160000,1116.3071120996176,11720.920540598101,18993.96060738891,9.73,10.49,1.6890837850495048,1.58,1.61,67602.60080444715,22255,11001,113717.86629068191,38787,19826,2114.2346588430228,Indicadores_ocupabilidad_2024.csv,2024-11-01,18.075823550560628,11.67,1.2246467991473532e-16,-1.0,17.073513997916457,17.046282807943903,16.711811651965437,67602.60080444715,113717.86629068191,2114.2346588430228,16.94386948594193,0,85
20260330.0,2026,7,TT,TODAS CONSOLIDADAS,TT,TODAS CONSOLIDADAS,LORETO,160000,1134.2394695483858,11956.511043464123,19375.73921559743,9.73,10.49,1.695846876524843,1.58,1.61,71719.59919343799,22255,11001,120175.22161013198,38787,19826,2178.1374014065527,Indicadores_ocupabilidad_2024.csv,2024-11-01,18.791021127061395,11.67,-0.4999999999999997,-0.8660254037844388,18.075823550560628,17.073513997916457,17.046282807943903,71719.59919343799,120175.22161013198,2178.1374014065527,17.398540118806995,0,86
20260330.0,2026,8,TT,TODAS CONSOLIDADAS,TT,TODAS CONSOLIDADAS,LORETO,160000,1152.4598923872113,12196.836915437752,19765.19157383094,9.73,10.49,1.7026370474184482,1.58,1.61,76087.32278431836,22255,11001,126999.25139404171,38787,19826,2243.971604364065,Indicadores_ocupabilidad_2024.csv,2024-11-01,19.590221686495273,11.67,-0.8660254037844385,-0.5000000000000004,18.791021127061395,18.075823550560628,17.073513997916457,76087.32278431836,126999.25139404171,2243.971604364065,17.98011955851283,0,87
20260330.0,2026,9,TT,TODAS CONSOLIDADAS,TT,TODAS CONSOLIDADAS,LORETO,160000,1170.9730080985196,12441.99333743805,20162.471924464942,9.73,10.49,1.7094544061563115,1.58,1.61,80721.04074188333,22255,11001,134210.77688520096,38787,19826,2311.7956461059684,Indicadores_ocupabilidad_2024.csv,2024-11-01,20.12981809518276,11.67,-1.0,-1.8369701987210297e-16,19.590221686495273,18.791021127061395,18.075823550560628,80721.04074188333,134210.77688520096,2311.7956461059684,18.81902212137243,0,88
20260330.0,2026,10,TT,TODAS CONSOLIDADAS,TT,TODAS CONSOLIDADAS,LORETO,160000,1189.7835185006143,12692.077403520556,20567.737610146687,9.73,10.49,1.7162990615985612,1.58,1.61,85636.95212306402,22255,11001,141831.8016398502,38787,19826,2381.6696695095206,Indicadores_ocupabilidad_2024.csv,2024-11-01,19.987617000433737,11.67,-0.8660254037844386,0.5000000000000001,20.12981809518276,19.590221686495273,18.791021127061395,85636.95212306402,141831.8016398502,2381.6696695095206,19.503686969579807,0,89
20260330.0,2026,11,TT,TODAS CONSOLIDADAS,TT,TODAS CONSOLIDADAS,LORETO,160000,1208.8962009418083,12947.18815933132,20981.149136110635,9.73,10.49,1.7231711230412017,1.58,1.61,90852.24250735862,22255,11001,149885.57866416743,38787,19826,2453.655635270445,Indicadores_ocupabilidad_2024.csv,2024-11-01,19.046008205359513,11.67,-0.5000000000000004,0.8660254037844384,19.987617000433737,20.12981809518276,19.590221686495273,90852.24250735862,149885.57866416743,2453.655635270445,19.902552260703924,0,90
20260330.0,2026,12,TT,TODAS CONSOLIDADAS,TT,TODAS CONSOLIDADAS,LORETO,160000,1228.3159095137376,13207.42664133388,21402.87023374646,9.73,10.49,1.7300707002178586,1.58,1.61,96385.14407605675,22255,11001,158396.6813630335,38787,19826,2527.8173768464935,Indicadores_ocupabilidad_2024.csv,2024-11-01,18.811232221308337,11.67,-2.4492935982947064e-16,1.0,19.046008205359513,19.987617000433737,20.12981809518276,96385.14407605675,158396.6813630335,2527.8173768464935,19.721147766992004,0,91
20260330.0,2027,1,TT,TODAS CONSOLIDADAS,TT,TODAS CONSOLIDADAS,LORETO,160000,1258.0319568944394,13607.624875992939,22051.398604699214,9.73,10.49,1.7404718991081338,1.58,1.61,105322.64933079727,22255,11001,172078.02871604345,38787,19826,2643.283966917603,Indicadores_ocupabilidad_2024.csv,2024-11-01,19.132693047925592,11.67,0.49999999999999994,0.8660254037844387,18.811232221308337,19.046008205359513,19.987617000433737,105322.64933079727,172078.02871604345,2643.283966917603,19.281619142367195,0,92
20260330.0,2027,2,TT,TODAS CONSOLIDADAS,TT,TODAS CONSOLIDADAS,LORETO,160000,1288.4669101079915,14019.949517360403,22719.57803382021,9.73,10.49,1.750935630089347,1.58,1.61,115088.90263529411,22255,11001,186941.0881086176,38787,19826,2764.0248831899517,Indicadores_ocupabilidad_2024.csv,2024-11-01,19.202509256359164,11.67,0.8660254037844386,0.5000000000000001,19.132693047925592,18.811232221308337,19.046008205359513,115088.90263529411,186941.0881086176,2764.0248831899517,18.996644491531146,0,93
20260330.0,2027,3,TT,TODAS CONSOLIDADAS,TT,TODAS CONSOLIDADAS,LORETO,160000,1319.638161292382,14444.768007685941,23408.003967823,9.73,10.49,1.761462269104929,1.58,1.61,125760.75130995704,22255,11001,203087.92867973913,38787,19826,2890.2810483136323,Indicadores_ocupabilidad_2024.csv,2024-11-01,19.709994312230023,11.67,1.0,6.123233995736766e-17,19.202509256359164,19.132693047925592,18.811232221308337,125760.75130995704,203087.92867973913,2890.2810483136323,19.04881150853103,0,94
20260330.0,2027,4,TT,TODAS CONSOLIDADAS,TT,TODAS CONSOLIDADAS,LORETO,160000,1351.5635233451058,14882.458923086835,24117.289896052007,9.73,10.49,1.772052194358486,1.58,1.61,137422.1684966754,22255,11001,220629.43568330232,38787,19826,3022.3043898938945,Indicadores_ocupabilidad_2024.csv,2024-11-01,20.20000556069581,11.67,0.8660254037844387,-0.4999999999999998,19.709994312230023,19.202509256359164,19.132693047925592,137422.1684966754,220629.43568330232,3022.3043898938945,19.348398872171593,0,95
20260330.0,2027,5,TT,TODAS CONSOLIDADAS,TT,TODAS CONSOLIDADAS,LORETO,160000,1384.2612401023944,15333.412310915292,24848.067897192283,9.73,10.49,1.7827057863273865,1.58,1.61,150164.91391486663,22255,11001,239686.07197079895,38787,19826,3160.358343179613,Indicadores_ocupabilidad_2024.csv,2024-11-01,21.164895124770936,11.67,0.49999999999999994,-0.8660254037844387,20.20000556069581,19.709994312230023,19.202509256359164,150164.91391486663,239686.07197079895,3160.358343179613,19.70416970976167,0,96
20260330.0,2027,6,TT,TODAS CONSOLIDADAS,TT,TODAS CONSOLIDADAS,LORETO,160000,1417.7499967647063,15798.030037348337,25600.989202545108,9.73,10.49,1.793423427776433,1.58,1.61,164089.25588745048,22255,11001,260388.70524627328,38787,19826,3304.7183767137485,Indicadores_ocupabilidad_2024.csv,2024-11-01,23.1884424651255,11.67,1.2246467991473532e-16,-1.0,21.164895124770936,20.20000556069581,19.709994312230023,164089.25588745048,260388.70524627328,3304.7183767137485,20.358298332565592,0,97
20260330.0,2027,7,TT,TODAS CONSOLIDADAS,TT,TODAS CONSOLIDADAS,LORETO,160000,1452.0489305744363,16276.72614551003,26376.72477637143,9.73,10.49,1.804205503771612,1.58,1.61,179304.7603181261,22255,11001,282879.50677455706,38787,19826,3455.6725419946692,Indicadores_ocupabilidad_2024.csv,2024-11-01,23.670091917312618,11.67,-0.4999999999999997,-0.8660254037844388,23.1884424651255,21.164895124770936,20.20000556069581,179304.7603181261,282879.50677455706,3455.6725419946692,21.517781050197417,0,98
20260330.0,2027,8,TT,TODAS CONSOLIDADAS,TT,TODAS CONSOLIDADAS,LORETO,160000,1487.1776417519454,16769.92722444513,27175.965913820262,9.73,10.49,1.815052401693931,1.58,1.61,195931.15282814496,22255,11001,307312.9277144863,38787,19826,3613.5220482451036,Indicadores_ocupabilidad_2024.csv,2024-11-01,23.836049710839514,11.67,-0.8660254037844385,-0.5000000000000004,23.670091917312618,23.1884424651255,21.164895124770936,195931.15282814496,307312.9277144863,3613.5220482451036,22.67447650240302,0,99
20260330.0,2027,9,TT,TODAS CONSOLIDADAS,TT,TODAS CONSOLIDADAS,LORETO,160000,1523.156204696161,17278.072789273047,27999.424856974932,9.73,10.49,1.8259645112533338,1.58,1.61,214099.26083644034,22255,11001,333856.7597818768,38787,19826,3778.58186343561,Indicadores_ocupabilidad_2024.csv,2024-11-01,24.131202081738667,11.67,-1.0,-1.8369701987210297e-16,23.836049710839514,23.670091917312618,23.1884424651255,214099.26083644034,333856.7597818768,3778.58186343561,23.56486136442588,0,100
20260330.0,2027,10,TT,TODAS CONSOLIDADAS,TT,TODAS CONSOLIDADAS,LORETO,160000,1560.0051794561473,17801.61567286081,28847.835429566134,9.73,10.49,1.8369422245027047,1.58,1.61,233952.04299602096,22255,11001,362693.28752615215,38787,19826,3951.181342761819,Indicadores_ocupabilidad_2024.csv,2024-11-01,23.940448588368294,11.67,-0.8660254037844386,0.5000000000000001,24.131202081738667,23.836049710839514,23.670091917312618,233952.04299602096,362693.28752615215,3951.181342761819,23.8791145699636,0,101
20260330.0,2027,11,TT,TODAS CONSOLIDADAS,TT,TODAS CONSOLIDADAS,LORETO,160000,1597.745623480202,18341.02242936417,29721.95369091742,9.73,10.49,1.8479859358519526,1.58,1.61,255645.714086913,22255,11001,394020.5401336582,38787,19826,4131.664885829496,Indicadores_ocupabilidad_2024.csv,2024-11-01,23.438489784616028,11.67,-0.5000000000000004,0.8660254037844384,23.940448588368294,24.131202081738667,23.836049710839514,255645.714086913,394020.5401336582,4131.664885829496,23.969233460315493,0,102
20260330.0,2027,12,TT,TODAS CONSOLIDADAS,TT,TODAS CONSOLIDADAS,LORETO,160000,1636.3991036491943,18896.773749996337,30622.558609705913,9.73,10.49,1.8590960420821818,1.58,1.61,279350.9742170502,22255,11001,428053.65135417687,38787,19826,4320.3926238587455,Indicadores_ocupabilidad_2024.csv,2024-11-01,23.219141393805778,11.67,-2.4492935982947064e-16,1.0,23.438489784616028,23.940448588368294,24.131202081738667,279350.9742170502,428053.65135417687,4320.3926238587455,23.836713484907662,0,103
20260330.0,2028,1,TT,TODAS CONSOLIDADAS,TT,TODAS CONSOLIDADAS,LORETO,160000,1689.3956102698248,19664.058540308924,31865.95728572,9.73,10.49,1.8740134882446684,1.58,1.61,314411.9825633729,22255,11001,478047.07432257803,38787,19826,4585.507255352777,Indicadores_ocupabilidad_2024.csv,2024-11-01,23.505897411563197,11.67,0.49999999999999994,0.8660254037844387,23.219141393805778,23.438489784616028,23.940448588368294,314411.9825633729,478047.07432257803,4585.507255352777,23.5326932555967,0,104
20260330.0,2028,2,TT,TODAS CONSOLIDADAS,TT,TODAS CONSOLIDADAS,LORETO,160000,1744.108464514777,20462.498169920214,33159.84293400895,9.73,10.49,1.8890506324727596,1.58,1.61,353873.4563446426,22255,11001,533879.3502763249,38787,19826,4866.89026195792,Indicadores_ocupabilidad_2024.csv,2024-11-01,22.817373599750706,11.67,0.8660254037844386,0.5000000000000001,23.505897411563197,23.219141393805778,23.438489784616028,353873.4563446426,533879.3502763249,4866.89026195792,23.387842863328334,0,105
20260330.0,2028,3,TT,TODAS CONSOLIDADAS,TT,TODAS CONSOLIDADAS,LORETO,160000,1800.5932521076272,21293.357650236638,34506.26552809988,9.73,10.49,1.9042084352275663,1.58,1.61,398287.6927410457,22255,11001,596232.4130011082,38787,19826,5165.539928933893,Indicadores_ocupabilidad_2024.csv,2024-11-01,22.730572406829904,11.67,1.0,6.123233995736766e-17,22.817373599750706,23.505897411563197,23.219141393805778,398287.6927410457,596232.4130011082,5165.539928933893,23.180804135039892,0,106
20260330.0,2028,4,TT,TODAS CONSOLIDADAS,TT,TODAS CONSOLIDADAS,LORETO,160000,1858.9073589740908,22157.953357200422,35907.3582786655,9.73,10.49,1.9194878646769697,1.58,1.61,448276.3070946201,22255,11001,665867.8409815405,38787,19826,5482.515799868485,Indicadores_ocupabilidad_2024.csv,2024-11-01,22.841593510501948,11.67,0.8660254037844387,-0.4999999999999998,22.730572406829904,22.817373599750706,23.505897411563197,448276.3070946201,665867.8409815405,5482.515799868485,23.017947806047932,0,107
20260330.0,2028,5,TT,TODAS CONSOLIDADAS,TT,TODAS CONSOLIDADAS,LORETO,160000,1919.1100295434635,23057.655116895723,37365.34101328602,9.73,10.49,1.9348898967574615,1.58,1.61,504538.93294926046,22255,11001,743636.1592984949,38787,19826,5818.942435706075,Indicadores_ocupabilidad_2024.csv,2024-11-01,22.554517730553812,11.67,0.49999999999999994,-0.8660254037844387,22.841593510501948,22.730572406829904,22.817373599750706,504538.93294926046,743636.1592984949,5818.942435706075,22.79651317236085,0,108
20260330.0,2028,6,TT,TODAS CONSOLIDADAS,TT,TODAS CONSOLIDADAS,LORETO,160000,1981.2624269382143,23993.88837583871,38882.5236934429,9.73,10.49,1.9504155152364784,1.58,1.61,567863.014022392,22255,11001,830487.2279175695,38787,19826,6176.0134044434835,Indicadores_ocupabilidad_2024.csv,2024-11-01,23.324450857100192,11.67,1.2246467991473532e-16,-1.0,22.554517730553812,22.841593510501948,22.730572406829904,567863.014022392,830487.2279175695,6176.0134044434835,22.708894549295223,0,109
20260330.0,2028,7,TT,TODAS CONSOLIDADAS,TT,TODAS CONSOLIDADAS,LORETO,160000,2045.4276951128827,24968.13645939015,40461.310074316694,9.73,10.49,1.9660657117752391,1.58,1.61,639134.8251553559,22255,11001,927481.8432509282,38787,19826,6554.995515647728,Indicadores_ocupabilidad_2024.csv,2024-11-01,23.825411681932536,11.67,-0.4999999999999997,-0.8660254037844388,23.324450857100192,22.554517730553812,22.841593510501948,639134.8251553559,927481.8432509282,6554.995515647728,22.906854032718652,0,110
20260330.0,2028,8,TT,TODAS CONSOLIDADAS,TT,TODAS CONSOLIDADAS,LORETO,160000,2111.6710230054096,25981.94292186859,42104.20151318735,9.73,10.49,1.9818414859920837,1.58,1.61,719351.8764901627,22255,11001,1035804.6946936568,38787,19826,6957.233314818824,Indicadores_ocupabilidad_2024.csv,2024-11-01,24.025887266795454,11.67,-0.8660254037844385,-0.5000000000000004,23.825411681932536,23.324450857100192,22.554517730553812,719351.8764901627,1035804.6946936568,6957.233314818824,23.234793423195512,0,111
20260330.0,2028,9,TT,TODAS CONSOLIDADAS,TT,TODAS CONSOLIDADAS,LORETO,160000,2180.0597107660765,27036.91399208757,43813.800932470826,9.73,10.49,1.9977438455263214,1.58,1.61,809636.8744797101,22255,11001,1156778.8343853876,38787,19826,7384.1538535426425,Indicadores_ocupabilidad_2024.csv,2024-11-01,24.3572298915515,11.67,-1.0,-1.8369701987210297e-16,24.025887266795454,23.825411681932536,23.324450857100192,809636.8744797101,1156778.8343853876,7384.1538535426425,23.725249935276057,0,112
20260330.0,2028,10,TT,TODAS CONSOLIDADAS,TT,TODAS CONSOLIDADAS,LORETO,160000,2250.6632381313375,28134.721118191435,45592.81694367088,9.73,10.49,2.013773806102592,1.58,1.61,911253.435127778,22255,11001,1291881.836930441,38787,19826,7837.271752357293,Indicadores_ocupabilidad_2024.csv,2024-11-01,24.148565129235553,11.67,-0.8660254037844386,0.5000000000000001,24.3572298915515,24.025887266795454,23.825411681932536,911253.435127778,1291881.836930441,7837.271752357293,24.069509613426494,0,113
20260330.0,2028,11,TT,TODAS CONSOLIDADAS,TT,TODAS CONSOLIDADAS,LORETO,160000,2323.553335012011,29277.103615821692,47444.06813877986,9.73,10.49,2.0299323915957412,1.58,1.61,1025623.7693790777,22255,11001,1442763.846450831,38787,19826,8318.19457429495,Indicadores_ocupabilidad_2024.csv,2024-11-01,23.677347170409423,11.67,-0.5000000000000004,0.8660254037844384,24.148565129235553,24.3572298915515,24.025887266795454,1025623.7693790777,1442763.846450831,8318.19457429495,24.177227429194172,0,114
20260330.0,2028,12,TT,TODAS CONSOLIDADAS,TT,TODAS CONSOLIDADAS,LORETO,160000,2398.8040543675443,30465.871423809553,49370.48755592756,9.73,10.49,2.0462206340962212,1.58,1.61,1154348.5881815604,22255,11001,1611267.731398313,38787,19826,8828.628528163295,Indicadores_ocupabilidad_2024.csv,2024-11-01,23.35463973564099,11.67,-2.4492935982947064e-16,1.0,23.677347170409423,24.148565129235553,24.3572298915515,1154348.5881815604,1611267.731398313,8828.628528163295,24.061047397065494,0,115
20260330.0,2029,1,TT,TODAS CONSOLIDADAS,TT,TODAS CONSOLIDADAS,LORETO,160000,2496.3037822199108,32019.937051478242,51888.87859961686,9.73,10.49,2.0667648531239613,1.58,1.61,1338206.3909836905,22255,11001,1849836.2379080406,38787,19826,9510.940289627568,Indicadores_ocupabilidad_2024.csv,2024-11-01,23.750316646548313,11.67,0.49999999999999994,0.8660254037844387,23.35463973564099,23.677347170409423,24.148565129235553,1338206.3909836905,1849836.2379080406,9510.940289627568,23.726850678428658,0,116
20260330.0,2029,2,TT,TODAS CONSOLIDADAS,TT,TODAS CONSOLIDADAS,LORETO,160000,2597.7664002107936,33653.275644673,54535.732896616144,9.73,10.49,2.0875153377559212,1.58,1.61,1551347.9751299617,22255,11001,2123727.820272387,38787,19826,10245.983835915198,Indicadores_ocupabilidad_2024.csv,2024-11-01,23.081980716585463,11.67,0.8660254037844386,0.5000000000000001,23.750316646548313,23.35463973564099,23.677347170409423,1551347.9751299617,2123727.820272387,10245.983835915198,23.594101184199573,0,117
20260330.0,2029,3,TT,TODAS CONSOLIDADAS,TT,TODAS CONSOLIDADAS,LORETO,160000,2703.352980566709,35369.93092133688,57317.603363912756,9.73,10.49,2.1084741589152856,1.58,1.61,1798437.487785966,22255,11001,2438172.505312936,38787,19826,11037.834490489307,Indicadores_ocupabilidad_2024.csv,2024-11-01,23.815193467307672,11.67,1.0,6.123233995736766e-17,23.081980716585463,23.750316646548313,23.35463973564099,1798437.487785966,2438172.505312936,11037.834490489307,23.395645699591586,0,118
20260330.0,2029,4,TT,TODAS CONSOLIDADAS,TT,TODAS CONSOLIDADAS,LORETO,160000,2813.2311423174533,37174.15286966782,60241.37718311788,9.73,10.49,2.129643408317473,1.58,1.61,2084881.9538394932,22255,11001,2799174.6912754104,38787,19826,11890.882534127366,Indicadores_ocupabilidad_2024.csv,2024-11-01,24.111063677186685,11.67,0.8660254037844387,-0.4999999999999998,23.815193467307672,23.081980716585463,23.750316646548313,2084881.9538394932,2799174.6912754104,11890.882534127366,23.54916361014715,0,119
20260330.0,2029,5,TT,TODAS CONSOLIDADAS,TT,TODAS CONSOLIDADAS,LORETO,160000,2927.5753173918415,39070.40826997464,63314.292851321734,9.73,10.49,2.1510251986788926,1.58,1.61,2416949.597062054,22255,11001,3213627.803284218,38787,19826,12809.857546083505,Indicadores_ocupabilidad_2024.csv,2024-11-01,24.71436056762695,11.67,0.49999999999999994,-0.8660254037844387,24.111063677186685,23.815193467307672,23.081980716585463,2416949.597062054,3213627.803284218,12809.857546083505,23.66941262035994,0,120
20260330.0,2029,6,TT,TODAS CONSOLIDADAS,TT,TODAS CONSOLIDADAS,LORETO,160000,3046.5670275289444,41063.39175325351,66543.95810171374,9.73,10.49,2.1726216639277953,1.58,1.61,2801907.006763871,22255,11001,3689445.924982907,38787,19826,13799.854626433307,Indicadores_ocupabilidad_2024.csv,2024-11-01,26.581603812765014,11.67,1.2246467991473532e-16,-1.0,24.71436056762695,24.111063677186685,23.815193467307672,2801907.006763871,3689445.924982907,13799.854626433307,24.213539237373766,0,121
20260330.0,2029,7,TT,TODAS CONSOLIDADAS,TT,TODAS CONSOLIDADAS,LORETO,160000,3170.3951724444246,43158.03742386291,69938.36873833447,9.73,10.49,2.1944349594172428,1.58,1.61,3248178.1515408703,22255,11001,4235714.919898927,38787,19826,14866.362644986382,Indicadores_ocupabilidad_2024.csv,2024-11-01,26.804462912515334,11.67,-0.4999999999999997,-0.8660254037844388,26.581603812765014,24.71436056762695,24.111063677186685,3248178.1515408703,4235714.919898927,14866.362644986382,25.135676019192886,0,122
20260330.0,2029,8,TT,TODAS CONSOLIDADAS,TT,TODAS CONSOLIDADAS,LORETO,160000,3299.25632970943,45359.531075071834,73505.92843158919,9.73,10.49,2.2164672621402137,1.58,1.61,3765528.7197890277,22255,11001,4862865.928232163,38787,19826,16015.29467338803,Indicadores_ocupabilidad_2024.csv,2024-11-01,26.502435494022127,11.67,-0.8660254037844385,-0.5000000000000004,26.804462912515334,26.581603812765014,24.71436056762695,3765528.7197890277,4862865.928232163,16015.29467338803,26.033475764302434,0,123
20260330.0,2029,9,TT,TODAS CONSOLIDADAS,TT,TODAS CONSOLIDADAS,LORETO,160000,3433.355066818109,47673.32302772376,77255.46952353157,9.73,10.49,2.2387207709468706,1.58,1.61,4365279.820883489,22255,11001,5582874.552030885,38787,19826,17253.020769135554,Indicadores_ocupabilidad_2024.csv,2024-11-01,26.401995778982148,11.67,-1.0,-1.8369701987210297e-16,26.502435494022127,26.804462912515334,26.581603812765014,4365279.820883489,5582874.552030885,17253.020769135554,26.62950073976749,0,124
20260330.0,2029,10,TT,TODAS CONSOLIDADAS,TT,TODAS CONSOLIDADAS,LORETO,160000,3572.9042659391557,50105.14162380144,81196.27489442595,9.73,10.49,2.2611977067640083,1.58,1.61,5060555.723415177,22255,11001,6409489.532244822,38787,19826,18586.40329327462,Indicadores_ocupabilidad_2024.csv,2024-11-01,25.217693125041716,11.67,-0.8660254037844386,0.5000000000000001,26.401995778982148,26.502435494022127,26.804462912515334,5060555.723415177,6409489.532244822,18586.40329327462,26.569631395173204,0,125
20260330.0,2029,11,TT,TODAS CONSOLIDADAS,TT,TODAS CONSOLIDADAS,LORETO,160000,3718.1254618669213,52661.007408299156,85338.100944724,9.73,10.49,2.2839003128167037,1.58,1.61,5866571.051705697,22255,11001,7358495.284299679,38787,19826,20022.834957588606,Indicadores_ocupabilidad_2024.csv,2024-11-01,24.248278045788034,11.67,-0.5000000000000004,0.8660254037844384,25.217693125041716,26.401995778982148,26.502435494022127,5866571.051705697,7358495.284299679,20022.834957588606,26.040708132681996,0,126
20260330.0,2029,12,TT,TODAS CONSOLIDADAS,TT,TODAS CONSOLIDADAS,LORETO,160000,3869.2491937086033,55347.24803451297,89691.20174935325,9.73,10.49,2.3068308548521936,1.58,1.61,6800963.725281299,22255,11001,8448013.305374153,38787,19826,21570.279812227072,Indicadores_ocupabilidad_2024.csv,2024-11-01,24.352861232909714,11.67,-2.4492935982947064e-16,1.0,24.248278045788034,25.217693125041716,26.401995778982148,6800963.725281299,8448013.305374153,21570.279812227072,25.28932231660396,0,127
20260330.0,2030,1,TT,TODAS CONSOLIDADAS,TT,TODAS CONSOLIDADAS,LORETO,160000,4058.72749383273,58752.21906894712,95209.01798855815,9.73,10.49,2.3346516046087302,1.58,1.61,8120706.354782559,22255,11001,9970415.95867232,38787,19826,23585.877162037603,Indicadores_ocupabilidad_2024.csv,2024-11-01,25.624709483620006,11.67,0.49999999999999994,0.8660254037844387,24.352861232909714,24.248278045788034,25.217693125041716,8120706.354782559,9970415.95867232,23585.877162037603,24.606277467913156,0,128
20260330.0,2030,2,TT,TODAS CONSOLIDADAS,TT,TODAS CONSOLIDADAS,LORETO,160000,4257.484603467577,62366.66443421169,101066.29111378758,9.73,10.49,2.362807877065333,1.58,1.61,9696548.07236576,22255,11001,11767168.30283744,38787,19826,25789.818507008564,Indicadores_ocupabilidad_2024.csv,2024-11-01,24.27749424087126,11.67,0.8660254037844386,0.5000000000000001,25.624709483620006,24.352861232909714,24.248278045788034,9696548.07236576,11767168.30283744,25789.818507008564,24.74194958743925,0,129
20260330.0,2030,3,TT,TODAS CONSOLIDADAS,TT,TODAS CONSOLIDADAS,LORETO,160000,4465.974908713714,66203.47102268644,107283.90456379231,9.73,10.49,2.3913037186795285,1.58,1.61,11578185.494212186,22255,11001,13887710.44671045,38787,19826,28199.703324791746,Indicadores_ocupabilidad_2024.csv,2024-11-01,24.795722466308856,11.67,1.0,6.123233995736766e-17,24.27749424087126,25.624709483620006,24.352861232909714,11578185.494212186,13887710.44671045,28199.703324791746,24.75168831913366,0,130
20260330.0,2030,4,TT,TODAS CONSOLIDADAS,TT,TODAS CONSOLIDADAS,LORETO,160000,4684.675047096119,70276.31853031107,113884.02652962014,9.73,10.49,2.4201432247097707,1.58,1.61,13824958.979002817,22255,11001,16390392.020241931,38787,19826,30834.775645674403,Indicadores_ocupabilidad_2024.csv,2024-11-01,24.988857733175465,11.67,0.8660254037844387,-0.4999999999999998,24.795722466308856,24.27749424087126,25.624709483620006,13824958.979002817,16390392.020241931,30834.775645674403,24.899308730266707,0,131
20260330.0,2030,5,TT,TODAS CONSOLIDADAS,TT,TODAS CONSOLIDADAS,LORETO,160000,4914.084997223134,74599.72822997966,120890.18899277067,9.73,10.49,2.4493305398039853,1.58,1.61,16507724.018297534,22255,11001,19344077.744711597,38787,19826,33716.077724945244,Indicadores_ocupabilidad_2024.csv,2024-11-01,25.80378479449703,11.67,0.49999999999999994,-0.8660254037844387,24.988857733175465,24.795722466308856,24.27749424087126,16507724.018297534,19344077.744711597,33716.077724945244,24.687358146785197,0,132
20260330.0,2030,6,TT,TODAS CONSOLIDADAS,TT,TODAS CONSOLIDADAS,LORETO,160000,5154.729221806369,79189.1147454817,128327.37162578928,9.73,10.49,2.478869858595217,1.58,1.61,19711085.774515104,22255,11001,22830042.34012965,38787,19826,36866.61807490786,Indicadores_ocupabilidad_2024.csv,2024-11-01,27.290729407008477,11.67,1.2246467991473532e-16,-1.0,25.80378479449703,24.988857733175465,24.795722466308856,19711085.774515104,22830042.34012965,36866.61807490786,25.196121664660453,0,133
20260330.0,2030,7,TT,TODAS CONSOLIDADAS,TT,TODAS CONSOLIDADAS,LORETO,160000,5407.157866654616,84060.84101058361,136222.09085443834,9.73,10.49,2.5087654263044574,1.58,1.61,23536067.236139864,22255,11001,26944206.9108001,38787,19826,40311.55519835398,Indicadores_ocupabilidad_2024.csv,2024-11-01,27.26751643733766,11.67,-0.4999999999999997,-0.8660254037844388,27.290729407008477,25.80378479449703,24.988857733175465,23536067.236139864,26944206.9108001,40311.55519835398,26.027790644893656,0,134
20260330.0,2030,8,TT,TODAS CONSOLIDADAS,TT,TODAS CONSOLIDADAS,LORETO,160000,5671.948018382867,89232.27660920144,144602.4943989865,9.73,10.49,2.5390215393507427,1.58,1.61,28103295.13457376,22255,11001,31799778.346266743,38787,19826,44078.39849069207,Indicadores_ocupabilidad_2024.csv,2024-11-01,26.706091095291182,11.67,-0.8660254037844385,-0.5000000000000004,27.26751643733766,27.290729407008477,25.80378479449703,28103295.13457376,31799778.346266743,44078.39849069207,26.787343546281054,0,135
20260330.0,2030,9,TT,TODAS CONSOLIDADAS,TT,TODAS CONSOLIDADAS,LORETO,160000,5949.705023711724,94721.85970466961,153498.46163169245,9.73,10.49,2.5696425459686116,1.58,1.61,33556804.09547008,22255,11001,37530364.364384525,38787,19826,48197.22791502667,Indicadores_ocupabilidad_2024.csv,2024-11-01,26.406290382541776,11.67,-1.0,-1.8369701987210297e-16,26.706091095291182,27.26751643733766,27.290729407008477,33556804.09547008,37530364.364384525,48197.22791502667,27.088112313212445,0,136
20260330.0,2030,10,TT,TODAS CONSOLIDADAS,TT,TODAS CONSOLIDADAS,LORETO,160000,6241.0638733732885,100549.16277890769,162941.710108296,9.73,10.49,2.6006328468330078,1.58,1.61,40068578.994369805,22255,11001,44293649.911205225,38787,19826,52700.93420439408,Indicadores_ocupabilidad_2024.csv,2024-11-01,25.182975764017716,11.67,-0.8660254037844386,0.5000000000000001,26.406290382541776,26.706091095291182,27.26751643733766,40068578.994369805,44293649.911205225,52700.93420439408,26.793299305056873,0,137
20260330.0,2030,11,TT,TODAS CONSOLIDADAS,TT,TODAS CONSOLIDADAS,LORETO,160000,6546.690653787351,106734.96241587057,172965.9086533429,9.73,10.49,2.6319968956917204,1.58,1.61,47843978.76688092,22255,11001,52275736.07887047,38787,19826,57625.48150927897,Indicadores_ocupabilidad_2024.csv,2024-11-01,24.3635766954314,11.67,-0.5000000000000004,0.8660254037844384,25.182975764017716,26.406290382541776,26.706091095291182,47843978.76688092,52275736.07887047,57625.48150927897,26.098452413950227,0,138
20260330.0,2030,12,TT,TODAS CONSOLIDADAS,TT,TODAS CONSOLIDADAS,LORETO,160000,6867.284069826596,113301.31337808701,183606.7974025354,9.73,10.49,2.6637392000054505,1.58,1.61,57128212.72167888,22255,11001,61696260.93279793,38787,19826,63010.19458777225,Indicadores_ocupabilidad_2024.csv,2024-11-01,24.45673314874967,11.67,-2.4492935982947064e-16,1.0,24.3635766954314,25.182975764017716,26.406290382541776,57128212.72167888,61696260.93279793,63010.19458777225,25.317614280663634,0,139
20260330.0,2025,1,TT,TODAS CONSOLIDADAS,TT,TODAS CONSOLIDADAS,MADRE DE DIOS,170000,390.096,5665.09,9660.65,32.77,23.84,1.54308,1.28,2.36,47325.41,34719,11228,72190.272,43491,26733,1212.925,Indicadores_ocupabilidad_2024.csv,2024-11-01,27.285185623666713,24.76,0.49999999999999994,0.8660254037844387,27.82,25.47,27.96,47325.41,72190.272,1212.925,27.08333333333333,0,68
20260330.0,2025,2,TT,TODAS CONSOLIDADAS,TT,TODAS CONSOLIDADAS,MADRE DE DIOS,170000,393.216768,5721.7409,9757.2565,32.77,23.84,1.54616616,1.28,2.36,48745.172300000006,34719,11228,74211.59961599999,43491,26733,1231.118875,Indicadores_ocupabilidad_2024.csv,2024-11-01,24.459157995480997,24.76,0.8660254037844386,0.5000000000000001,27.285185623666713,27.82,25.47,48745.172300000006,74211.59961599999,1231.118875,26.858395207888904,0,69
20260330.0,2025,3,TT,TODAS CONSOLIDADAS,TT,TODAS CONSOLIDADAS,MADRE DE DIOS,170000,396.362502144,5778.958309,9854.829065,32.77,23.84,1.5492584923200001,1.28,2.36,50207.52746900001,34719,11228,76289.524405248,43491,26733,1249.5856581249998,Indicadores_ocupabilidad_2024.csv,2024-11-01,24.732112463530825,24.76,1.0,6.123233995736766e-17,24.459157995480997,27.285185623666713,27.82,50207.52746900001,76289.524405248,1249.5856581249998,26.521447873049237,0,70
20260330.0,2025,4,TT,TODAS CONSOLIDADAS,TT,TODAS CONSOLIDADAS,MADRE DE DIOS,170000,399.533402161152,5836.747892089999,9953.37735565,32.77,23.84,1.5523570093046402,1.28,2.36,51713.75329307001,34719,11228,78425.63108859495,43491,26733,1268.3294429968746,Indicadores_ocupabilidad_2024.csv,2024-11-01,25.168308764314013,24.76,0.8660254037844387,-0.4999999999999998,24.732112463530825,24.459157995480997,27.285185623666713,51713.75329307001,78425.63108859495,1268.3294429968746,25.492152027559513,0,71
20260330.0,2025,5,TT,TODAS CONSOLIDADAS,TT,TODAS CONSOLIDADAS,MADRE DE DIOS,170000,402.72966937844126,5895.115371010899,10052.9111292065,32.77,23.84,1.5554617233232495,1.28,2.36,53265.16589186211,34719,11228,80621.54875907561,43491,26733,1287.3543846418277,Indicadores_ocupabilidad_2024.csv,2024-11-01,25.84382502413797,24.76,0.49999999999999994,-0.8660254037844387,25.168308764314013,24.732112463530825,24.459157995480997,53265.16589186211,80621.54875907561,1287.3543846418277,24.78652640777528,0,72
20260330.0,2025,6,TT,TODAS CONSOLIDADAS,TT,TODAS CONSOLIDADAS,MADRE DE DIOS,170000,405.9515067334688,5954.066524721008,10153.440240498567,32.77,23.84,1.558572646769896,1.28,2.36,54863.120868617974,34719,11228,82878.95212432973,43491,26733,1306.664700411455,Indicadores_ocupabilidad_2024.csv,2024-11-01,27.297897985228033,24.76,1.2246467991473532e-16,-1.0,25.84382502413797,25.168308764314013,24.732112463530825,54863.120868617974,82878.95212432973,1306.664700411455,25.248082083994273,0,73
20260330.0,2025,7,TT,TODAS CONSOLIDADAS,TT,TODAS CONSOLIDADAS,MADRE DE DIOS,170000,409.19911878733654,6013.607189968218,10254.974642903553,32.77,23.84,1.5616897920634358,1.28,2.36,56509.014494676514,34719,11228,85199.56278381096,43491,26733,1326.2646709176267,Indicadores_ocupabilidad_2024.csv,2024-11-01,26.962011143525398,24.76,-0.4999999999999997,-0.8660254037844388,27.297897985228033,25.84382502413797,25.168308764314013,56509.014494676514,85199.56278381096,1326.2646709176267,26.103343924560004,0,74
20260330.0,2025,8,TT,TODAS CONSOLIDADAS,TT,TODAS CONSOLIDADAS,MADRE DE DIOS,170000,412.4727117376352,6073.7432618679,10357.52438933259,32.77,23.84,1.5648131716475626,1.28,2.36,58204.28492951681,34719,11228,87585.15054175767,43491,26733,1346.158640981391,Indicadores_ocupabilidad_2024.csv,2024-11-01,26.44324771697542,24.76,-0.8660254037844385,-0.5000000000000004,26.962011143525398,27.297897985228033,25.84382502413797,58204.28492951681,87585.15054175767,1346.158640981391,26.70124471763047,0,75
20260330.0,2025,9,TT,TODAS CONSOLIDADAS,TT,TODAS CONSOLIDADAS,MADRE DE DIOS,170000,415.7724934315363,6134.4806944865795,10461.099633225916,32.77,23.84,1.5679427979908578,1.28,2.36,59950.41347740232,34719,11228,90037.53475692689,43491,26733,1366.3510205961118,Indicadores_ocupabilidad_2024.csv,2024-11-01,26.28085319389798,24.76,-1.0,-1.8369701987210297e-16,26.44324771697542,26.962011143525398,27.297897985228033,59950.41347740232,90037.53475692689,1366.3510205961118,26.901052281909617,0,76
20260330.0,2025,10,TT,TODAS CONSOLIDADAS,TT,TODAS CONSOLIDADAS,MADRE DE DIOS,170000,419.0986733789886,6195.825501431445,10565.710629558176,32.77,23.84,1.5710786835868396,1.28,2.36,61748.92588172439,34719,11228,92558.58573012085,43491,26733,1386.8462859050533,Indicadores_ocupabilidad_2024.csv,2024-11-01,25.770761367966035,24.76,-0.8660254037844386,0.5000000000000001,26.28085319389798,26.44324771697542,26.962011143525398,61748.92588172439,92558.58573012085,1386.8462859050533,26.56203735146627,0,77
20260330.0,2025,11,TT,TODAS CONSOLIDADAS,TT,TODAS CONSOLIDADAS,MADRE DE DIOS,170000,422.45146276602054,6257.7837564457595,10671.367735853759,32.77,23.84,1.5742208409540133,1.28,2.36,63601.39365817612,34719,11228,95150.22613056423,43491,26733,1407.6489801936289,Indicadores_ocupabilidad_2024.csv,2024-11-01,25.279935947006262,24.76,-0.5000000000000004,0.8660254037844384,25.770761367966035,26.28085319389798,26.44324771697542,63601.39365817612,95150.22613056423,1407.6489801936289,26.164954092946477,0,78
20260330.0,2025,12,TT,TODAS CONSOLIDADAS,TT,TODAS CONSOLIDADAS,MADRE DE DIOS,170000,425.8310744681487,6320.361594010217,10778.081413212296,32.77,23.84,1.5773692826359214,1.28,2.36,65509.43546792141,34719,11228,97814.43246222004,43491,26733,1428.7637148965332,Indicadores_ocupabilidad_2024.csv,2024-11-01,24.445525853894793,24.76,-2.4492935982947064e-16,1.0,25.279935947006262,25.770761367966035,26.28085319389798,65509.43546792141,97814.43246222004,1428.7637148965332,25.77718350295676,0,79
20260330.0,2026,1,TT,TODAS CONSOLIDADAS,TT,TODAS CONSOLIDADAS,MADRE DE DIOS,170000,432.6716248484051,6447.4008620498225,10994.720849617863,32.77,23.84,1.5836850692435953,1.28,2.36,69498.96008791782,34719,11228,103368.72719515473,43491,26733,1471.9480981792806,Indicadores_ocupabilidad_2024.csv,2024-11-01,25.94544586153382,24.76,0.49999999999999994,0.8660254037844387,24.445525853894793,25.279935947006262,25.770761367966035,69498.96008791782,103368.72719515473,1471.9480981792806,25.165407722955695,0,80
20260330.0,2026,2,TT,TODAS CONSOLIDADAS,TT,TODAS CONSOLIDADAS,MADRE DE DIOS,170000,439.6220618299699,6576.993619377024,11215.714738695182,32.77,23.84,1.5900261442608465,1.28,2.36,73731.44675727202,34719,11228,109238.4170002044,43491,26733,1516.437729446749,Indicadores_ocupabilidad_2024.csv,2024-11-01,24.302800788108563,24.76,0.8660254037844386,0.5000000000000001,25.94544586153382,24.445525853894793,25.279935947006262,73731.44675727202,109238.4170002044,1516.437729446749,25.22363588747829,0,81
20260330.0,2026,3,TT,TODAS CONSOLIDADAS,TT,TODAS CONSOLIDADAS,MADRE DE DIOS,170000,446.68415063120653,6709.1911911265015,11441.150604942955,32.77,23.84,1.5963926089424667,1.28,2.36,78221.69186478989,34719,11228,115441.411271144,43491,26733,1562.2720598192766,Indicadores_ocupabilidad_2024.csv,2024-11-01,24.90153851391104,24.76,1.0,6.123233995736766e-17,24.302800788108563,25.94544586153382,24.445525853894793,78221.69186478989,115441.411271144,1562.2720598192766,24.897924167845726,0,82
20260330.0,2026,4,TT,TODAS CONSOLIDADAS,TT,TODAS CONSOLIDADAS,MADRE DE DIOS,170000,453.85968482694625,6844.045934068145,11671.11773210231,32.77,23.84,1.6027845649486723,1.28,2.36,82985.39289935559,34719,11228,121996.63636876464,43491,26733,1609.4917328273139,Indicadores_ocupabilidad_2024.csv,2024-11-01,25.39617436941622,24.76,0.8660254037844387,-0.4999999999999998,24.90153851391104,24.302800788108563,25.94544586153382,82985.39289935559,121996.63636876464,1609.4917328273139,25.04992838785114,0,83
20260330.0,2026,5,TT,TODAS CONSOLIDADAS,TT,TODAS CONSOLIDADAS,MADRE DE DIOS,170000,461.15048680400633,6981.6112573429145,11905.707198517566,32.77,23.84,1.6092021143467266,1.28,2.36,88039.20332692633,34719,11228,128924.09336832855,43491,26733,1658.138620452019,Indicadores_ocupabilidad_2024.csv,2024-11-01,25.964388360757745,24.76,0.49999999999999994,-0.8660254037844387,25.39617436941622,24.90153851391104,24.302800788108563,88039.20332692633,128924.09336832855,1658.138620452019,24.866837890478607,0,84
20260330.0,2026,6,TT,TODAS CONSOLIDADAS,TT,TODAS CONSOLIDADAS,MADRE DE DIOS,170000,468.5584082240259,7121.941643615507,12145.011913207769,32.77,23.84,1.6156453596125706,1.28,2.36,93400.79080953615,34719,11228,136244.9190861557,43491,26733,1708.2558602551808,Indicadores_ocupabilidad_2024.csv,2024-11-01,27.781777655555803,24.76,1.2246467991473532e-16,-1.0,25.964388360757745,25.39617436941622,24.90153851391104,93400.79080953615,136244.9190861557,1708.2558602551808,25.420700414695002,0,85
20260330.0,2026,7,TT,TODAS CONSOLIDADAS,TT,TODAS CONSOLIDADAS,MADRE DE DIOS,170000,476.0853304937367,7265.092670652179,12389.126652663244,32.77,23.84,1.622114403632459,1.28,2.36,99088.8989698369,34719,11228,143981.45057154397,43491,26733,1759.8878936313931,Indicadores_ocupabilidad_2024.csv,2024-11-01,27.649245803542307,24.76,-0.4999999999999997,-0.8660254037844388,27.781777655555803,25.964388360757745,25.39617436941622,99088.8989698369,143981.45057154397,1759.8878936313931,26.38078012857659,0,86
20260330.0,2026,8,TT,TODAS CONSOLIDADAS,TT,TODAS CONSOLIDADAS,MADRE DE DIOS,170000,483.7331652427881,7411.121033332288,12638.148098381776,32.77,23.84,1.6286093497046032,1.28,2.36,105123.41291709997,34719,11228,152157.29326079853,43491,26733,1813.0805052164014,Indicadores_ocupabilidad_2024.csv,2024-11-01,27.568505562339972,24.76,-0.8660254037844385,-0.5000000000000004,27.649245803542307,27.781777655555803,25.964388360757745,105123.41291709997,152157.29326079853,1813.0805052164014,27.131803939951954,0,87
20260330.0,2026,9,TT,TODAS CONSOLIDADAS,TT,TODAS CONSOLIDADAS,MADRE DE DIOS,170000,491.5038548092483,7560.084566102267,12892.17487515925,32.77,23.84,1.6351303015408203,1.28,2.36,111525.42876375135,34719,11228,160797.3930013197,43491,26733,1867.8808634865666,Indicadores_ocupabilidad_2024.csv,2024-11-01,27.599457394005796,24.76,-1.0,-1.8369701987210297e-16,27.568505562339972,27.649245803542307,27.781777655555803,111525.42876375135,160797.3930013197,1867.8808634865666,27.666509673812694,0,88
20260330.0,2026,10,TT,TODAS CONSOLIDADAS,TT,TODAS CONSOLIDADAS,MADRE DE DIOS,170000,499.3993727329041,7712.042265880922,13151.30759014995,32.77,23.84,1.6416773632681896,1.28,2.36,118317.3273754638,34719,11228,169928.11216550664,43491,26733,1924.3375625854476,Indicadores_ocupabilidad_2024.csv,2024-11-01,26.50025328496548,24.76,-0.8660254037844386,0.5000000000000001,27.599457394005796,27.568505562339972,27.649245803542307,118317.3273754638,169928.11216550664,1924.3375625854476,27.605736253296026,0,89
20260330.0,2026,11,TT,TODAS CONSOLIDADAS,TT,TODAS CONSOLIDADAS,MADRE DE DIOS,170000,507.4217242564855,7867.054315425129,13415.648872711965,32.77,23.84,1.6482506394307153,1.28,2.36,125522.85261262955,34719,11228,179577.31008671277,43491,26733,1982.5006654145923,Indicadores_ocupabilidad_2024.csv,2024-11-01,25.276828574282106,24.76,-0.5000000000000004,0.8660254037844384,26.50025328496548,27.599457394005796,27.568505562339972,125522.85261262955,179577.31008671277,1982.5006654145923,27.22273874710375,0,90
20260330.0,2026,12,TT,TODAS CONSOLIDADAS,TT,TODAS CONSOLIDADAS,MADRE DE DIOS,170000,515.5729468349417,8025.182107165174,13685.303415053475,32.77,23.84,1.6548502349909957,1.28,2.36,133167.19433673867,34719,11228,189774.42806267666,43491,26733,2042.4217480267478,Indicadores_ocupabilidad_2024.csv,2024-11-01,23.964664713746984,24.76,-2.4492935982947064e-16,1.0,25.276828574282106,26.50025328496548,27.599457394005796,133167.19433673867,189774.42806267666,2042.4217480267478,26.45884641775113,0,91
20260330.0,2027,1,TT,TODAS CONSOLIDADAS,TT,TODAS CONSOLIDADAS,MADRE DE DIOS,170000,528.0459515381214,8268.353150194387,14099.981793833012,32.77,23.84,1.6647992078425633,1.28,2.36,145515.38876600144,34719,11228,206165.99540298973,43491,26733,2135.7162545412684,Indicadores_ocupabilidad_2024.csv,2024-11-01,25.44071449097067,24.76,0.49999999999999994,0.8660254037844387,23.964664713746984,25.276828574282106,26.50025328496548,145515.38876600144,206165.99540298973,2135.7162545412684,25.247248857664857,0,92
20260330.0,2027,2,TT,TODAS CONSOLIDADAS,TT,TODAS CONSOLIDADAS,MADRE DE DIOS,170000,540.8207095572587,8518.892518998427,14527.225342167949,32.77,23.84,1.6748079939985063,1.28,2.36,159008.59422010646,34719,11228,223973.3671939598,43491,26733,2233.272302509799,Indicadores_ocupabilidad_2024.csv,2024-11-01,23.93083844631828,24.76,0.8660254037844386,0.5000000000000001,25.44071449097067,23.964664713746984,25.276828574282106,159008.59422010646,223973.3671939598,2233.272302509799,24.894069259666583,0,93
20260330.0,2027,3,TT,TODAS CONSOLIDADAS,TT,TODAS CONSOLIDADAS,MADRE DE DIOS,170000,553.9045210630712,8777.0234812166,14967.414797260983,32.77,23.84,1.6848769530568892,1.28,2.36,173752.98413635427,34719,11228,243318.83206124924,43491,26733,2335.284552220954,Indicadores_ocupabilidad_2024.csv,2024-11-01,24.462917033368466,24.76,1.0,6.123233995736766e-17,23.93083844631828,25.44071449097067,23.964664713746984,173752.98413635427,243318.83206124924,2335.284552220954,24.445405883678646,0,94
20260330.0,2027,4,TT,TODAS CONSOLIDADAS,TT,TODAS CONSOLIDADAS,MADRE DE DIOS,170000,567.3048628357438,9042.976069720946,15420.94243303279,32.77,23.84,1.6950064467776826,1.28,2.36,189864.57709636597,34719,11228,264335.24118240364,43491,26733,2441.956555729009,Indicadores_ocupabilidad_2024.csv,2024-11-01,24.449472191181748,24.76,0.8660254037844387,-0.4999999999999998,24.462917033368466,23.93083844631828,25.44071449097067,189864.57709636597,264335.24118240364,2441.956555729009,24.611489990219138,0,95
20260330.0,2027,5,TT,TODAS CONSOLIDADAS,TT,TODAS CONSOLIDADAS,MADRE DE DIOS,170000,581.0293925375559,9316.987287609561,15888.212409696118,32.77,23.84,1.7051968390957615,1.28,2.36,207470.1497367807,34719,11228,287166.920616201,43491,26733,2553.501163015306,Indicadores_ocupabilidad_2024.csv,2024-11-01,25.02774998897293,24.76,0.49999999999999994,-0.8660254037844387,24.449472191181748,24.462917033368466,23.93083844631828,207470.1497367807,287166.920616201,2553.501163015306,24.281075890289497,0,96
20260330.0,2027,6,TT,TODAS CONSOLIDADAS,TT,TODAS CONSOLIDADAS,MADRE DE DIOS,170000,595.0859530888733,9599.30131941142,16369.641133922321,32.77,23.84,1.7154484961339798,1.28,2.36,226708.23431142318,34719,11228,311970.66243349254,43491,26733,2670.140946702454,Indicadores_ocupabilidad_2024.csv,2024-11-01,26.80557206019038,24.76,1.2246467991473532e-16,-1.0,25.02774998897293,24.449472191181748,24.462917033368466,226708.23431142318,311970.66243349254,2670.140946702454,24.64671307117438,0,97
20260330.0,2027,7,TT,TODAS CONSOLIDADAS,TT,TODAS CONSOLIDADAS,MADRE DE DIOS,170000,609.4825771500073,9890.169748690905,16865.657629921305,32.77,23.84,1.725761786216325,1.28,2.36,247730.2087544185,34719,11228,338916.8014559312,43491,26733,2792.108646168783,Indicadores_ocupabilidad_2024.csv,2024-11-01,27.12585915432631,24.76,-0.4999999999999997,-0.8660254037844388,26.80557206019038,25.02774998897293,24.449472191181748,247730.2087544185,338916.8014559312,2792.108646168783,25.42759808011502,0,98
20260330.0,2027,8,TT,TODAS CONSOLIDADAS,TT,TODAS CONSOLIDADAS,MADRE DE DIOS,170000,624.2274917114997,10189.851782245989,17376.70392176555,32.77,23.84,1.7361370798811517,1.28,2.36,270701.48782158946,34719,11228,368190.3849968793,43491,26733,2919.6476319492217,Indicadores_ocupabilidad_2024.csv,2024-11-01,26.872727663957416,24.76,-0.8660254037844385,-0.5000000000000004,27.12585915432631,26.80557206019038,25.02774998897293,270701.48782158946,368190.3849968793,2919.6476319492217,26.319727067829874,0,99
20260330.0,2027,9,TT,TODAS CONSOLIDADAS,TT,TODAS CONSOLIDADAS,MADRE DE DIOS,170000,639.3291227954601,10498.614481099827,17903.235427298972,32.77,23.84,1.7465747498944937,1.28,2.36,295802.824682822,34719,11228,399992.4436374613,43491,26733,3053.012391349259,Indicadores_ocupabilidad_2024.csv,2024-11-01,26.704056694630346,24.76,-1.0,-1.8369701987210297e-16,26.872727663957416,27.12585915432631,26.80557206019038,295802.824682822,399992.4436374613,3053.012391349259,26.93471962615804,0,100
20260330.0,2027,10,TT,TODAS CONSOLIDADAS,TT,TODAS CONSOLIDADAS,MADRE DE DIOS,170000,654.7961002706387,10816.732998491634,18445.72136398156,32.77,23.84,1.7570751712634571,1.28,2.36,323231.73320718604,34719,11228,434541.37176456605,43491,26733,3192.469036240956,Indicadores_ocupabilidad_2024.csv,2024-11-01,25.391558189014404,24.76,-0.8660254037844386,0.5000000000000001,26.704056694630346,26.872727663957416,27.12585915432631,323231.73320718604,434541.37176456605,3192.469036240956,26.900881170971356,0,101
20260330.0,2027,11,TT,TODAS CONSOLIDADAS,TT,TODAS CONSOLIDADAS,MADRE DE DIOS,170000,670.6372627839893,11144.49082507893,19004.64516703157,32.77,23.84,1.7676387212496942,1.28,2.36,353204.0421322888,34719,11228,472074.42735137284,43491,26733,3338.2958340542577,Indicadores_ocupabilidad_2024.csv,2024-11-01,24.227007760497155,24.76,-0.5000000000000004,0.8660254037844384,25.391558189014404,26.704056694630346,26.872727663957416,353204.0421322888,472074.42735137284,3338.2958340542577,26.322780849200722,0,102
20260330.0,2027,12,TT,TODAS CONSOLIDADAS,TT,TODAS CONSOLIDADAS,MADRE DE DIOS,170000,686.861662811538,11482.180041569649,19580.504920237796,32.77,23.84,1.778265779382957,1.28,2.36,385955.59334708954,34719,11228,512849.3612798478,43491,26733,3490.7837630231247,Indicadores_ocupabilidad_2024.csv,2024-11-01,24.09348631104623,24.76,-2.4492935982947064e-16,1.0,24.227007760497155,25.391558189014404,26.704056694630346,385955.59334708954,512849.3612798478,3490.7837630231247,25.440874214713972,0,103
20260330.0,2028,1,TT,TODAS CONSOLIDADAS,TT,TODAS CONSOLIDADAS,MADRE DE DIOS,170000,709.1064004060977,11948.402594799343,20375.55193782418,32.77,23.84,1.7925346409296832,1.28,2.36,434396.4205809267,34719,11228,572746.2806413035,43491,26733,3704.990649186321,Indicadores_ocupabilidad_2024.csv,2024-11-01,25.06006517409004,24.76,0.49999999999999994,0.8660254037844387,24.09348631104623,24.227007760497155,25.391558189014404,434396.4205809267,572746.2806413035,3704.990649186321,24.570684086852594,0,104
20260330.0,2028,2,TT,TODAS CONSOLIDADAS,TT,TODAS CONSOLIDADAS,MADRE DE DIOS,170000,732.0715572312566,12433.555653242602,21202.881052463115,32.77,23.84,1.8069179962782922,1.28,2.36,488916.9983962984,34719,11228,639638.7063246147,43491,26733,3932.3420304528163,Indicadores_ocupabilidad_2024.csv,2024-11-01,23.949648923491704,24.76,0.8660254037844386,0.5000000000000001,25.06006517409004,24.09348631104623,24.227007760497155,488916.9983962984,639638.7063246147,3932.3420304528163,24.460186415211144,0,105
20260330.0,2028,3,TT,TODAS CONSOLIDADAS,TT,TODAS CONSOLIDADAS,MADRE DE DIOS,170000,755.780464821748,12938.40787132242,22063.80304674614,32.77,23.84,1.821416764130716,1.28,2.36,550280.3890537898,34719,11228,714343.6604608163,43491,26733,4173.644499713321,Indicadores_ocupabilidad_2024.csv,2024-11-01,24.50414237596862,24.76,1.0,6.123233995736766e-17,23.949648923491704,25.06006517409004,24.09348631104623,550280.3890537898,714343.6604608163,4173.644499713321,24.36773346954266,0,106
20260330.0,2028,4,TT,TODAS CONSOLIDADAS,TT,TODAS CONSOLIDADAS,MADRE DE DIOS,170000,780.2572103286042,13463.759113913675,22959.68192629425,32.77,23.84,1.83603187056058,1.28,2.36,619345.425850268,34719,11228,797773.5871749903,43491,26733,4429.754145262231,Indicadores_ocupabilidad_2024.csv,2024-11-01,24.53549454395151,24.76,0.8660254037844387,-0.4999999999999998,24.50414237596862,23.949648923491704,25.06006517409004,619345.425850268,797773.5871749903,4429.754145262231,24.504618824516786,0,107
20260330.0,2028,5,TT,TODAS CONSOLIDADAS,TT,TODAS CONSOLIDADAS,MADRE DE DIOS,170000,805.5266609905859,14010.441723612617,23891.937080826323,32.77,23.84,1.8507642490723546,1.28,2.36,697078.7332276785,34719,11228,890947.4971521252,43491,26733,4701.579588011332,Indicadores_ocupabilidad_2024.csv,2024-11-01,25.20473303884117,24.76,0.49999999999999994,-0.8660254037844387,24.53549454395151,24.50414237596862,23.949648923491704,697078.7332276785,890947.4971521252,4701.579588011332,24.329761947803945,0,108
20260330.0,2028,6,TT,TODAS CONSOLIDADAS,TT,TODAS CONSOLIDADAS,MADRE DE DIOS,170000,831.614489398144,14579.321839462602,24862.045532975568,32.77,23.84,1.8656148406609796,1.28,2.36,784568.2555113919,34719,11228,995003.4138038218,43491,26733,4990.08520507773,Indicadores_ocupabilidad_2024.csv,2024-11-01,26.870467923251894,24.76,1.2246467991473532e-16,-1.0,25.20473303884117,24.53549454395151,24.50414237596862,784568.2555113919,995003.4138038218,4990.08520507773,24.748123319587098,0,109
20260330.0,2028,7,TT,TODAS CONSOLIDADAS,TT,TODAS CONSOLIDADAS,MADRE DE DIOS,170000,858.5471995755806,15171.30076922536,25871.544278416965,32.77,23.84,1.8805845938719683,1.28,2.36,883038.4836244028,34719,11228,1111212.2730529609,43491,26733,5296.294551182579,Indicadores_ocupabilidad_2024.csv,2024-11-01,27.28712513904359,24.76,-0.4999999999999997,-0.8660254037844388,26.870467923251894,25.20473303884117,24.53549454395151,883038.4836244028,1111212.2730529609,5296.294551182579,25.53689850201486,0,110
20260330.0,2028,8,TT,TODAS CONSOLIDADAS,TT,TODAS CONSOLIDADAS,MADRE DE DIOS,170000,886.3521539079103,15787.316417371994,26922.03272101325,32.77,23.84,1.8956744648619934,1.28,2.36,993867.5928883061,34719,11228,1240993.446507897,43491,26733,5621.2939899989815,Indicadores_ocupabilidad_2024.csv,2024-11-01,27.046925339230196,24.76,-0.8660254037844385,-0.5000000000000004,27.28712513904359,26.870467923251894,25.20473303884117,993867.5928883061,1240993.446507897,5621.2939899989815,26.454108700378885,0,111
20260330.0,2028,9,TT,TODAS CONSOLIDADAS,TT,TODAS CONSOLIDADAS,MADRE DE DIOS,170000,915.0576009397737,16428.34477105613,28015.175206837597,32.77,23.84,1.9108854174599599,1.28,2.36,1118606.7317692821,34719,11228,1385932.0776257736,43491,26733,5966.23654833229,Indicadores_ocupabilidad_2024.csv,2024-11-01,26.862030939779594,24.76,-1.0,-1.8369701987210297e-16,27.046925339230196,27.28712513904359,26.870467923251894,1118606.7317692821,1385932.0776257736,5966.23654833229,27.06817280050856,0,112
20260330.0,2028,10,TT,TODAS CONSOLIDADAS,TT,TODAS CONSOLIDADAS,MADRE DE DIOS,170000,944.69270407465,17095.40144642354,29152.703661087784,32.77,23.84,1.9262184232285664,1.28,2.36,1259001.731531634,34719,11228,1547798.4426083514,43491,26733,6332.3460068066015,Indicadores_ocupabilidad_2024.csv,2024-11-01,25.464506251359158,24.76,-0.8660254037844386,0.5000000000000001,26.862030939779594,27.046925339230196,27.28712513904359,1259001.731531634,1547798.4426083514,6332.3460068066015,27.06536047268446,0,113
20260330.0,2028,11,TT,TODAS CONSOLIDADAS,TT,TODAS CONSOLIDADAS,MADRE DE DIOS,170000,975.2875712035227,17789.543297708136,30336.42033206963,32.77,23.84,1.9416744615263617,1.28,2.36,1417017.540644109,34719,11228,1728569.5725037649,43491,26733,6720.921241570293,Indicadores_ocupabilidad_2024.csv,2024-11-01,24.29365215096992,24.76,-0.5000000000000004,0.8660254037844384,25.464506251359158,26.862030939779594,27.046925339230196,1417017.540644109,1728569.5725037649,6720.921241570293,26.457820843456318,0,114
20260330.0,2028,12,TT,TODAS CONSOLIDADAS,TT,TODAS CONSOLIDADAS,MADRE DE DIOS,170000,1006.8732852931013,18511.87009166371,31568.200646597186,32.77,23.84,1.957254519570299,1.28,2.36,1594865.7259194779,34719,11228,1930453.4006059263,43491,26733,7133.340832424027,Indicadores_ocupabilidad_2024.csv,2024-11-01,24.058955811656794,24.76,-2.4492935982947064e-16,1.0,24.29365215096992,25.464506251359158,26.862030939779594,1594865.7259194779,1930453.4006059263,7133.340832424027,25.54006311403622,0,115
20260330.0,2029,1,TT,TODAS CONSOLIDADAS,TT,TODAS CONSOLIDADAS,MADRE DE DIOS,170000,1047.797791452392,19456.16151248417,33178.496143146964,32.77,23.84,1.9769055116837895,1.28,2.36,1848886.4880481004,34719,11228,2216281.3705296484,43491,26733,7684.633973025653,Indicadores_ocupabilidad_2024.csv,2024-11-01,25.07528052210764,24.76,0.49999999999999994,0.8660254037844387,24.058955811656794,24.29365215096992,25.464506251359158,1848886.4880481004,2216281.3705296484,7684.633973025653,24.605704737995293,0,116
20260330.0,2029,2,TT,TODAS CONSOLIDADAS,TT,TODAS CONSOLIDADAS,MADRE DE DIOS,170000,1090.3856799149426,20448.62128598968,34870.93289365155,32.77,23.84,1.9967538013317514,1.28,2.36,2143366.17191774,34719,11228,2544429.775831439,43491,26733,8278.533254846963,Indicadores_ocupabilidad_2024.csv,2024-11-01,24.051470554462306,24.76,0.8660254037844386,0.5000000000000001,25.07528052210764,24.058955811656794,24.29365215096992,2143366.17191774,2544429.775831439,8278.533254846963,24.475962828244786,0,117
20260330.0,2029,3,TT,TODAS CONSOLIDADAS,TT,TODAS CONSOLIDADAS,MADRE DE DIOS,170000,1134.7045590881955,21491.706482263944,36649.700927590464,32.77,23.84,2.0168013693972306,1.28,2.36,2484748.8348358725,34719,11228,2921164.690650464,43491,26733,8918.331451071479,Indicadores_ocupabilidad_2024.csv,2024-11-01,24.555650833631354,24.76,1.0,6.123233995736766e-17,24.051470554462306,25.07528052210764,24.058955811656794,2484748.8348358725,2921164.690650464,8918.331451071479,24.395235629408916,0,118
20260330.0,2029,4,TT,TODAS CONSOLIDADAS,TT,TODAS CONSOLIDADAS,MADRE DE DIOS,170000,1180.824785332814,22587.999506658725,38519.20400805688,32.77,23.84,2.037050216651497,1.28,2.36,2880504.90537236,34719,11228,3353679.9604204604,43491,26733,9607.575813578227,Indicadores_ocupabilidad_2024.csv,2024-11-01,24.75740707430349,24.76,0.8660254037844387,-0.4999999999999998,24.555650833631354,24.051470554462306,25.07528052210764,2880504.90537236,3353679.9604204604,9607.575813578227,24.560800636733763,0,119
20260330.0,2029,5,TT,TODAS CONSOLIDADAS,TT,TODAS CONSOLIDADAS,MADRE DE DIOS,170000,1228.8195746536253,23740.214493152165,40484.07053431999,32.77,23.84,2.0575023639537244,1.28,2.36,3339294.6576921516,34719,11228,3850234.5701095485,43491,26733,10350.08774007423,Indicadores_ocupabilidad_2024.csv,2024-11-01,25.438536102238853,24.76,0.49999999999999994,-0.8660254037844387,24.75740707430349,24.555650833631354,24.051470554462306,3339294.6576921516,3850234.5701095485,10350.08774007423,24.454842820799048,0,120
20260330.0,2029,6,TT,TODAS CONSOLIDADAS,TT,TODAS CONSOLIDADAS,MADRE DE DIOS,170000,1278.765118930262,24951.204023832608,42549.16500052759,32.77,23.84,2.078159852452675,1.28,2.36,3871157.7231110046,34719,11228,4420310.3515602285,43491,26733,11149.983961181744,Indicadores_ocupabilidad_2024.csv,2024-11-01,26.978589623336223,24.76,1.2246467991473532e-16,-1.0,25.438536102238853,24.75740707430349,24.555650833631354,3871157.7231110046,4420310.3515602285,11149.983961181744,24.917198003391235,0,121
20260330.0,2029,7,TT,TODAS CONSOLIDADAS,TT,TODAS CONSOLIDADAS,MADRE DE DIOS,170000,1330.740706872009,26223.966191143634,44719.60003891767,32.77,23.84,2.0990247437904075,1.28,2.36,4487732.785928805,34719,11228,5074793.041389833,43491,26733,12011.699364948428,Indicadores_ocupabilidad_2024.csv,2024-11-01,27.187123577600644,24.76,-0.4999999999999997,-0.8660254037844388,26.978589623336223,25.438536102238853,24.75740707430349,4487732.785928805,5074793.041389833,12011.699364948428,25.72484426662619,0,122
20260330.0,2029,8,TT,TODAS CONSOLIDADAS,TT,TODAS CONSOLIDADAS,MADRE DE DIOS,170000,1384.8288498888821,27561.652020374582,47000.74907735483,32.77,23.84,2.1200991203080317,1.28,2.36,5202512.271113376,34719,11228,5826180.146796367,43491,26733,12940.011585327042,Indicadores_ocupabilidad_2024.csv,2024-11-01,26.64543819549922,24.76,-0.8660254037844385,-0.5000000000000004,27.187123577600644,26.978589623336223,25.438536102238853,5202512.271113376,5826180.146796367,12940.011585327042,26.53474976772524,0,123
20260330.0,2029,9,TT,TODAS CONSOLIDADAS,TT,TODAS CONSOLIDADAS,MADRE DE DIOS,170000,1441.1154130787509,28967.57327077266,49398.25964252823,32.77,23.84,2.1413850852535297,1.28,2.36,6031137.5971293505,34719,11228,6688819.588518194,43491,26733,13940.067490951307,Indicadores_ocupabilidad_2024.csv,2024-11-01,26.418121389060158,24.76,-1.0,-1.8369701987210297e-16,26.64543819549922,27.187123577600644,26.978589623336223,6031137.5971293505,6688819.588518194,13940.067490951307,26.937050465478695,0,124
20260330.0,2029,10,TT,TODAS CONSOLIDADAS,TT,TODAS CONSOLIDADAS,MADRE DE DIOS,170000,1499.6897515384526,30445.2106345902,51918.06734174641,32.77,23.84,2.1628847629916614,1.28,2.36,6991741.454888054,34719,11228,7679183.677893308,43491,26733,15017.411721070432,Indicadores_ocupabilidad_2024.csv,2024-11-01,25.22065234005593,24.76,-0.8660254037844386,0.5000000000000001,26.418121389060158,26.64543819549922,27.187123577600644,6991741.454888054,7679183.677893308,15017.411721070432,26.750227720720005,0,125
20260330.0,2029,11,TT,TODAS CONSOLIDADAS,TT,TODAS CONSOLIDADAS,MADRE DE DIOS,170000,1560.6448522152914,31998.222354365702,54566.41055794408,32.77,23.84,2.1846002992159788,1.28,2.36,8105344.602860285,34719,11228,8816183.659677219,43491,26733,16178.01742685489,Indicadores_ocupabilidad_2024.csv,2024-11-01,24.11423313354829,24.76,-0.5000000000000004,0.8660254037844384,25.22065234005593,26.418121389060158,26.64543819549922,8105344.602860285,8816183.659677219,16178.01742685489,26.0947373082051,0,126
20260330.0,2029,12,TT,TODAS CONSOLIDADAS,TT,TODAS CONSOLIDADAS,MADRE DE DIOS,170000,1624.0774815241102,33630.45327977284,57349.845894281985,32.77,23.84,2.2065338611629692,1.28,2.36,9396315.861363359,34719,11228,10121530.826891555,43491,26733,17428.319388513424,Indicadores_ocupabilidad_2024.csv,2024-11-01,24.285463195241025,24.76,-2.4492935982947064e-16,1.0,24.11423313354829,25.22065234005593,26.418121389060158,9396315.861363359,10121530.826891555,17428.319388513424,25.251002287554794,0,127
20260330.0,2030,1,TT,TODAS CONSOLIDADAS,TT,TODAS CONSOLIDADAS,MADRE DE DIOS,170000,1703.6090456759941,35699.403830324365,60878.01705064236,32.77,23.84,2.233145013104004,1.28,2.36,11219692.533172788,34719,11228,11945515.33417169,43491,26733,19056.87843721091,Indicadores_ocupabilidad_2024.csv,2024-11-01,25.564831818893367,24.76,0.49999999999999994,0.8660254037844387,24.285463195241025,24.11423313354829,25.22065234005593,11219692.533172788,11945515.33417169,19056.87843721091,24.540116222948416,0,128
20260330.0,2030,2,TT,TODAS CONSOLIDADAS,TT,TODAS CONSOLIDADAS,MADRE DE DIOS,170000,1787.035294514048,37895.63653033184,64623.24182788813,32.77,23.84,2.2600770998016237,1.28,2.36,13396899.635584243,34719,11228,14098197.104711527,43491,26733,20837.615358942014,Indicadores_ocupabilidad_2024.csv,2024-11-01,24.133712176832088,24.76,0.8660254037844386,0.5000000000000001,25.564831818893367,24.285463195241025,24.11423313354829,13396899.635584243,14098197.104711527,20837.615358942014,24.654842715894222,0,129
20260330.0,2030,3,TT,TODAS CONSOLIDADAS,TT,TODAS CONSOLIDADAS,MADRE DE DIOS,170000,1874.546951922134,40226.98179679862,68598.87339746466,32.77,23.84,2.28733399178042,1.28,2.36,15996598.77623789,34719,11228,16638810.134437667,43491,26733,22784.75015086284,Indicadores_ocupabilidad_2024.csv,2024-11-01,24.722763286823746,24.76,1.0,6.123233995736766e-17,24.133712176832088,25.564831818893367,24.285463195241025,15996598.77623789,16638810.134437667,22784.75015086284,24.66133573032216,0,130
20260330.0,2030,4,TT,TODAS CONSOLIDADAS,TT,TODAS CONSOLIDADAS,MADRE DE DIOS,170000,1966.3440815902363,42701.751775161356,72819.08641993563,32.77,23.84,2.3149196062441297,1.28,2.36,19100775.505419847,34719,11228,19637262.880751193,43491,26733,24913.831573077023,Indicadores_ocupabilidad_2024.csv,2024-11-01,24.941265438676595,24.76,0.8660254037844387,-0.4999999999999998,24.722763286823746,24.133712176832088,25.564831818893367,19100775.505419847,19637262.880751193,24913.831573077023,24.8071024275164,0,131
20260330.0,2030,5,TT,TODAS CONSOLIDADAS,TT,TODAS CONSOLIDADAS,MADRE DE DIOS,170000,2062.6365443875843,45328.76997529581,77298.92758311731,32.77,23.84,2.342837907638596,1.28,2.36,22807324.857731443,34719,11228,23176061.889762126,43491,26733,27241.861312582536,Indicadores_ocupabilidad_2024.csv,2024-11-01,25.881244841929497,24.76,0.49999999999999994,-0.8660254037844387,24.941265438676595,24.722763286823746,24.133712176832088,22807324.857731443,23176061.889762126,27241.861312582536,24.599246967444145,0,132
20260330.0,2030,6,TT,TODAS CONSOLIDADAS,TT,TODAS CONSOLIDADAS,MADRE DE DIOS,170000,2163.644478133476,48117.402730734095,82054.3692493265,32.77,23.84,2.3710929082215135,1.28,2.36,27233138.62405718,34719,11228,27352582.07723995,43491,26733,29787.429749502975,Indicadores_ocupabilidad_2024.csv,2024-11-01,27.70399956725672,24.76,1.2246467991473532e-16,-1.0,25.881244841929497,24.941265438676595,24.722763286823746,27233138.62405718,27352582.07723995,29787.429749502975,25.18175785580995,0,133
20260330.0,2030,7,TT,TODAS CONSOLIDADAS,TT,TODAS CONSOLIDADAS,MADRE DE DIOS,170000,2269.5988008626205,51077.59259325783,87102.36640301514,32.77,23.84,2.399688668639048,1.28,2.36,32517791.71574809,34719,11228,32281746.133179102,43491,26733,32570.864409758626,Indicadores_ocupabilidad_2024.csv,2024-11-01,27.57239218832893,24.76,-0.4999999999999997,-0.8660254037844388,27.70399956725672,25.881244841929497,24.941265438676595,32517791.71574809,32281746.133179102,32570.864409758626,26.175503282620937,0,134
20260330.0,2030,8,TT,TODAS CONSOLIDADAS,TT,TODAS CONSOLIDADAS,MADRE DE DIOS,170000,2380.7417387355417,54219.89378193158,92460.91710183212,32.77,23.84,2.428629298509408,1.28,2.36,38827943.8762407,34719,11228,38099186.77747661,43491,26733,35614.39228963964,Indicadores_ocupabilidad_2024.csv,2024-11-01,27.302754299099423,24.76,-0.8660254037844385,-0.5000000000000004,27.57239218832893,27.70399956725672,25.881244841929497,38827943.8762407,38099186.77747661,35614.39228963964,27.05254553250505,0,135
20260330.0,2030,9,TT,TODAS CONSOLIDADAS,TT,TODAS CONSOLIDADAS,MADRE DE DIOS,170000,2497.3273798009077,57555.509812966244,98149.12664664342,32.77,23.84,2.4579189570134563,1.28,2.36,46362595.55492434,34719,11228,44964978.880530596,43491,26733,38942.31734851716,Indicadores_ocupabilidad_2024.csv,2024-11-01,26.84574683588961,24.76,-1.0,-1.8369701987210297e-16,27.302754299099423,27.57239218832893,27.70399956725672,46362595.55492434,44964978.880530596,38942.31734851716,27.526382018228357,0,136
20260330.0,2030,10,TT,TODAS CONSOLIDADAS,TT,TODAS CONSOLIDADAS,MADRE DE DIOS,170000,2619.622254875773,61096.33344457727,104187.27569930155,32.77,23.84,2.487561853492444,1.28,2.36,55359363.69540262,34719,11228,53068044.143184565,43491,26733,42581.214587052695,Indicadores_ocupabilidad_2024.csv,2024-11-01,25.402985404907405,24.76,-0.8660254037844386,0.5000000000000001,26.84574683588961,27.302754299099423,27.57239218832893,55359363.69540262,53068044.143184565,42581.214587052695,27.240297774439323,0,137
20260330.0,2030,11,TT,TODAS CONSOLIDADAS,TT,TODAS CONSOLIDADAS,MADRE DE DIOS,170000,2747.9059468716973,64854.989079256586,110596.8925910305,32.77,23.84,2.517562248052952,1.28,2.36,66101975.354879655,34719,11228,62631349.53683656,43491,26733,46560.142260708846,Indicadores_ocupabilidad_2024.csv,2024-11-01,24.42491686796327,24.76,-0.5000000000000004,0.8660254037844384,25.402985404907405,26.84574683588961,27.302754299099423,66101975.354879655,62631349.53683656,46560.142260708846,26.517162179965478,0,138
20260330.0,2030,12,TT,TODAS CONSOLIDADAS,TT,TODAS CONSOLIDADAS,MADRE DE DIOS,170000,2882.4717299597537,68844.87777463868,117400.83007923333,32.77,23.84,2.5479244521791284,1.28,2.36,78929215.47759742,34719,11228,73918042.54593356,43491,26733,50910.87392318313,Indicadores_ocupabilidad_2024.csv,2024-11-01,24.46481113126054,24.76,-2.4492935982947064e-16,1.0,24.42491686796327,25.402985404907405,26.84574683588961,78929215.47759742,73918042.54593356,50910.87392318313,25.55788303625343,0,139
20260330.0,2025,1,TT,TODAS CONSOLIDADAS,TT,TODAS CONSOLIDADAS,MOQUEGUA,180000,299.376,4304.62,7278.06,22.46,16.69,1.4228399999999999,1.42,1.38,26077.54,24485,833,39390.904,36878,1440,762.2649999999999,Indicadores_ocupabilidad_2024.csv,2024-11-01,22.306127922589337,19.08,0.49999999999999994,0.8660254037844387,22.48,20.27,20.5,26077.54,39390.904,762.2649999999999,21.08333333333333,0,68
20260330.0,2025,2,TT,TODAS CONSOLIDADAS,TT,TODAS CONSOLIDADAS,MOQUEGUA,180000,301.771008,4347.6662,7350.8406,22.46,16.69,1.42568568,1.42,1.38,26859.8662,24485,833,40493.849312000006,36878,1440,773.6989749999998,Indicadores_ocupabilidad_2024.csv,2024-11-01,21.74738037009376,19.08,0.8660254037844386,0.5000000000000001,22.306127922589337,22.48,20.27,26859.8662,40493.849312000006,773.6989749999998,21.685375974196447,0,69
20260330.0,2025,3,TT,TODAS CONSOLIDADAS,TT,TODAS CONSOLIDADAS,MOQUEGUA,180000,304.185176064,4391.142862,7424.349006,22.46,16.69,1.42853705136,1.42,1.38,27665.662186,24485,833,41627.677092736005,36878,1440,785.3044596249997,Indicadores_ocupabilidad_2024.csv,2024-11-01,21.747424304322458,19.08,1.0,6.123233995736766e-17,21.74738037009376,22.306127922589337,22.48,27665.662186,41627.677092736005,785.3044596249997,22.17783609756103,0,70
20260330.0,2025,4,TT,TODAS CONSOLIDADAS,TT,TODAS CONSOLIDADAS,MOQUEGUA,180000,306.61865747251204,4435.05429062,7498.5924960600005,22.46,16.69,1.43139412546272,1.42,1.38,28495.632051580003,24485,833,42793.252051332616,36878,1440,797.0840265193747,Indicadores_ocupabilidad_2024.csv,2024-11-01,21.79683023886348,19.08,0.8660254037844387,-0.4999999999999998,21.747424304322458,21.74738037009376,22.306127922589337,28495.632051580003,42793.252051332616,797.0840265193747,21.93364419900185,0,71
20260330.0,2025,5,TT,TODAS CONSOLIDADAS,TT,TODAS CONSOLIDADAS,MOQUEGUA,180000,309.07160673229214,4479.4048335262,7573.5784210206,22.46,16.69,1.4342569137136454,1.42,1.38,29350.501013127403,24485,833,43991.46310876993,36878,1440,809.0402869171652,Indicadores_ocupabilidad_2024.csv,2024-11-01,22.051402680856512,19.08,0.49999999999999994,-0.8660254037844387,21.79683023886348,21.747424304322458,21.74738037009376,29350.501013127403,43991.46310876993,809.0402869171652,21.763878304426566,0,72
20260330.0,2025,6,TT,TODAS CONSOLIDADAS,TT,TODAS CONSOLIDADAS,MOQUEGUA,180000,311.5441795861505,4524.198881861462,7649.314205230807,22.46,16.69,1.4371254275410728,1.42,1.38,30231.016043521227,24485,833,45223.22407581549,36878,1440,821.1758912209226,Indicadores_ocupabilidad_2024.csv,2024-11-01,23.05369438227984,19.08,1.2246467991473532e-16,-1.0,22.051402680856512,21.79683023886348,21.747424304322458,30231.016043521227,45223.22407581549,821.1758912209226,21.865219074680812,0,73
20260330.0,2025,7,TT,TODAS CONSOLIDADAS,TT,TODAS CONSOLIDADAS,MOQUEGUA,180000,314.0365330228397,4569.440870680077,7725.807347283115,22.46,16.69,1.4399996783961548,1.42,1.38,31137.946524826864,24485,833,46489.474349938326,36878,1440,833.4935295892363,Indicadores_ocupabilidad_2024.csv,2024-11-01,22.62259257486732,19.08,-0.4999999999999997,-0.8660254037844388,23.05369438227984,22.051402680856512,21.79683023886348,31137.946524826864,46489.474349938326,833.4935295892363,22.300642433999943,0,74
20260330.0,2025,8,TT,TODAS CONSOLIDADAS,TT,TODAS CONSOLIDADAS,MOQUEGUA,180000,316.54882528702245,4615.135279386877,7803.0654207559455,22.46,16.69,1.4428796777529471,1.42,1.38,32072.08492057167,24485,833,47791.1796317366,36878,1440,845.9959325330748,Indicadores_ocupabilidad_2024.csv,2024-11-01,22.344961196159797,19.08,-0.8660254037844385,-0.5000000000000004,22.62259257486732,23.05369438227984,22.051402680856512,32072.08492057167,47791.1796317366,845.9959325330748,22.57589654600122,0,75
20260330.0,2025,9,TT,TODAS CONSOLIDADAS,TT,TODAS CONSOLIDADAS,MOQUEGUA,180000,319.0812158893186,4661.286632180746,7881.096074963505,22.46,16.69,1.445765437108453,1.42,1.38,33034.24746818882,24485,833,49129.33266142523,36878,1440,858.6858715210708,Indicadores_ocupabilidad_2024.csv,2024-11-01,22.333388830259672,19.08,-1.0,-1.8369701987210297e-16,22.344961196159797,22.62259257486732,23.05369438227984,33034.24746818882,49129.33266142523,858.6858715210708,22.673749384435652,0,76
20260330.0,2025,10,TT,TODAS CONSOLIDADAS,TT,TODAS CONSOLIDADAS,MOQUEGUA,180000,321.6338656164332,4707.899498502554,7959.90703571314,22.46,16.69,1.44865696798267,1.42,1.38,34025.27489223448,24485,833,50504.953975945136,36878,1440,871.5661595938868,Indicadores_ocupabilidad_2024.csv,2024-11-01,21.684679892238428,19.08,-0.8660254037844386,0.5000000000000001,22.333388830259672,22.344961196159797,22.62259257486732,34025.27489223448,50504.953975945136,871.5661595938868,22.433647533762258,0,77
20260330.0,2025,11,TT,TODAS CONSOLIDADAS,TT,TODAS CONSOLIDADAS,MOQUEGUA,180000,324.20693654136466,4754.97849348758,8039.506106070272,22.46,16.69,1.4515542819186353,1.42,1.38,35046.03313900152,24485,833,51919.0926872716,36878,1440,884.639651987795,Indicadores_ocupabilidad_2024.csv,2024-11-01,20.051149777998383,19.08,-0.5000000000000004,0.8660254037844384,21.684679892238428,22.333388830259672,22.344961196159797,35046.03313900152,51919.0926872716,884.639651987795,22.121009972885968,0,78
20260330.0,2025,12,TT,TODAS CONSOLIDADAS,TT,TODAS CONSOLIDADAS,MOQUEGUA,180000,326.8005920336956,4802.5282784224555,8119.9011671309745,22.46,16.69,1.4544573904824727,1.42,1.38,36097.414133171565,24485,833,53372.82728251521,36878,1440,897.9092467676119,Indicadores_ocupabilidad_2024.csv,2024-11-01,19.16502123586698,19.08,-2.4492935982947064e-16,1.0,20.051149777998383,21.684679892238428,22.333388830259672,36097.414133171565,53372.82728251521,897.9092467676119,21.35640616683216,0,79
20260330.0,2026,1,TT,TODAS CONSOLIDADAS,TT,TODAS CONSOLIDADAS,MOQUEGUA,180000,332.05031674412487,4899.059096818747,8283.111180590307,22.46,16.69,1.4602810378739643,1.42,1.38,38295.74665388171,24485,833,56403.54990692555,36878,1440,925.0485537511627,Indicadores_ocupabilidad_2024.csv,2024-11-01,19.09096055156975,19.08,0.49999999999999994,0.8660254037844387,19.16502123586698,20.051149777998383,21.684679892238428,38295.74665388171,56403.54990692555,925.0485537511627,20.30028363536793,0,80
20260330.0,2026,2,TT,TODAS CONSOLIDADAS,TT,TODAS CONSOLIDADAS,MOQUEGUA,180000,337.3843730323025,4997.5301846648035,8449.601715320172,22.46,16.69,1.4661280031496116,1.42,1.38,40627.9576251031,24485,833,59606.36908484041,36878,1440,953.0081462882913,Indicadores_ocupabilidad_2024.csv,2024-11-01,18.630930817213976,19.08,0.8660254037844386,0.5000000000000001,19.09096055156975,19.16502123586698,20.051149777998383,40627.9576251031,59606.36908484041,953.0081462882913,19.435710521811703,0,81
20260330.0,2026,3,TT,TODAS CONSOLIDADAS,TT,TODAS CONSOLIDADAS,MOQUEGUA,180000,342.8041156006934,5097.980541376566,8619.438709798107,22.46,16.69,1.4719983796742224,1.42,1.38,43102.20024447188,24485,833,62991.05714695398,36878,1440,981.8128175098547,Indicadores_ocupabilidad_2024.csv,2024-11-01,19.10710303642674,19.08,1.0,6.123233995736766e-17,18.630930817213976,19.09096055156975,19.16502123586698,43102.20024447188,62991.05714695398,981.8128175098547,18.962304201550236,0,82
20260330.0,2026,4,TT,TODAS CONSOLIDADAS,TT,TODAS CONSOLIDADAS,MOQUEGUA,180000,348.310920913703,5200.449950258235,8792.689427865049,22.46,16.69,1.4778922611864378,1.42,1.38,45727.124239360215,24485,833,66567.94133598662,36878,1440,1011.4881099190898,Indicadores_ocupabilidad_2024.csv,2024-11-01,19.460550865039462,19.08,0.8660254037844387,-0.4999999999999998,19.10710303642674,18.630930817213976,19.09096055156975,45727.124239360215,66567.94133598662,1011.4881099190898,18.942998135070155,0,83
20260330.0,2026,5,TT,TODAS CONSOLIDADAS,TT,TODAS CONSOLIDADAS,MOQUEGUA,180000,353.90618754726074,5304.978994258426,8969.422485365136,22.46,16.69,1.483809741800228,1.42,1.38,48511.90610553725,24485,833,70347.93531680928,36878,1440,1042.060338041394,Indicadores_ocupabilidad_2024.csv,2024-11-01,19.723987822079845,19.08,0.49999999999999994,-0.8660254037844387,19.460550865039462,19.10710303642674,18.630930817213976,48511.90610553725,70347.93531680928,1042.060338041394,19.066194906226727,0,84
20260330.0,2026,6,TT,TODAS CONSOLIDADAS,TT,TODAS CONSOLIDADAS,MOQUEGUA,180000,359.59133654401995,5411.60907204302,9149.707877320976,22.46,16.69,1.489750916006396,1.42,1.38,51466.28118736447,24485,833,74342.57247583897,36878,1440,1073.556611758695,Indicadores_ocupabilidad_2024.csv,2024-11-01,20.987017686414333,19.08,1.2246467991473532e-16,-1.0,19.723987822079845,19.460550865039462,19.10710303642674,51466.28118736447,74342.57247583897,1073.556611758695,19.430547241182015,0,85
20260330.0,2026,7,TT,TODAS CONSOLIDADAS,TT,TODAS CONSOLIDADAS,MOQUEGUA,180000,365.36781177426315,5520.382414391085,9333.617005655127,22.46,16.69,1.4957158786740854,1.42,1.38,54600.57771167496,24485,833,78564.041111307,36878,1440,1106.0048603491014,Indicadores_ocupabilidad_2024.csv,2024-11-01,21.47548480116869,19.08,-0.4999999999999997,-0.8660254037844388,20.987017686414333,19.723987822079845,19.460550865039462,54600.57771167496,78564.041111307,1106.0048603491014,20.05718545784455,0,86
20260330.0,2026,8,TT,TODAS CONSOLIDADAS,TT,TODAS CONSOLIDADAS,MOQUEGUA,180000,371.23708030260497,5631.342100920346,9521.222707468796,22.46,16.69,1.5017047250522964,1.42,1.38,57925.75289431596,24485,833,83025.22162177146,36878,1440,1139.4338572531526,Indicadores_ocupabilidad_2024.csv,2024-11-01,21.353395889314267,19.08,-0.8660254037844385,-0.5000000000000004,21.47548480116869,20.987017686414333,19.723987822079845,57925.75289431596,83025.22162177146,1139.4338572531526,20.728830103220957,0,87
20260330.0,2026,9,TT,TODAS CONSOLIDADAS,TT,TODAS CONSOLIDADAS,MOQUEGUA,180000,377.200632760586,5744.532077148845,9712.59928388892,22.46,16.69,1.5077175507714056,1.42,1.38,61453.431245579806,24485,833,87739.72580634213,36878,1440,1173.8732455886288,Indicadores_ocupabilidad_2024.csv,2024-11-01,21.17930834836789,19.08,-1.0,-1.8369701987210297e-16,21.353395889314267,21.47548480116869,20.987017686414333,61453.431245579806,87739.72580634213,1173.8732455886288,21.27196612563243,0,88
20260330.0,2026,10,TT,TODAS CONSOLIDADAS,TT,TODAS CONSOLIDADAS,MOQUEGUA,180000,383.2599837252521,5859.997171899537,9907.822529495086,22.46,16.69,1.5137544518446941,1.42,1.38,65195.945208435616,24485,833,92721.93839652945,36878,1440,1209.3535644365447,Indicadores_ocupabilidad_2024.csv,2024-11-01,20.83792538350908,19.08,-0.8660254037844386,0.5000000000000001,21.17930834836789,21.353395889314267,21.47548480116869,65195.945208435616,92721.93839652945,1209.3535644365447,21.33606301295028,0,89
20260330.0,2026,11,TT,TODAS CONSOLIDADAS,TT,TODAS CONSOLIDADAS,MOQUEGUA,180000,389.41667210381456,5977.783115054717,10106.969762337938,22.46,16.69,1.5198155246698801,1.42,1.38,69166.37827162934,24485,833,97987.06094643798,36878,1440,1245.906275921639,Indicadores_ocupabilidad_2024.csv,2024-11-01,20.159111910736137,19.08,-0.5000000000000004,0.8660254037844384,20.83792538350908,21.17930834836789,21.353395889314267,69166.37827162934,97987.06094643798,1245.906275921639,21.123543207063747,0,90
20260330.0,2026,12,TT,TODAS CONSOLIDADAS,TT,TODAS CONSOLIDADAS,MOQUEGUA,180000,395.6722615244903,6097.936555667317,10310.119854560931,22.46,16.69,1.525900866030658,1.42,1.38,73378.61070837156,24485,833,103551.15821522051,36878,1440,1283.5637931113702,Indicadores_ocupabilidad_2024.csv,2024-11-01,19.290965861343288,19.08,-2.4492935982947064e-16,1.0,20.159111910736137,20.83792538350908,21.17930834836789,73378.61070837156,103551.15821522051,1283.5637931113702,20.725448547537702,0,91
20260330.0,2027,1,TT,TODAS CONSOLIDADAS,TT,TODAS CONSOLIDADAS,MOQUEGUA,180000,405.2445674594886,6282.710131240594,10622.526796273984,22.46,16.69,1.5350745942444413,1.42,1.38,80182.78914352674,24485,833,112495.28098444636,36878,1440,1342.1949013895332,Indicadores_ocupabilidad_2024.csv,2024-11-01,19.387939963981673,19.08,0.49999999999999994,0.8660254037844387,19.290965861343288,20.159111910736137,20.83792538350908,80182.78914352674,112495.28098444636,1342.1949013895332,20.096001051862835,0,92
20260330.0,2027,2,TT,TODAS CONSOLIDADAS,TT,TODAS CONSOLIDADAS,MOQUEGUA,180000,415.0484515206871,6473.082530927316,10944.399980727883,22.46,16.69,1.5443034749856355,1.42,1.38,87617.89863243855,24485,833,122211.94298442344,36878,1440,1403.5041834182919,Indicadores_ocupabilidad_2024.csv,2024-11-01,19.169964393213203,19.08,0.8660254037844386,0.5000000000000001,19.387939963981673,19.290965861343288,20.159111910736137,87617.89863243855,122211.94298442344,1403.5041834182919,19.612672578687032,0,93
20260330.0,2027,3,TT,TODAS CONSOLIDADAS,TT,TODAS CONSOLIDADAS,MOQUEGUA,180000,425.0895161646827,6669.223404696945,11276.02624454392,22.46,16.69,1.5535878398316767,1.42,1.38,95742.44351892867,24485,833,132767.87148158677,36878,1440,1467.6139738225409,Indicadores_ocupabilidad_2024.csv,2024-11-01,19.698497302025586,19.08,1.0,6.123233995736766e-17,19.169964393213203,19.387939963981673,19.290965861343288,95742.44351892867,132767.87148158677,1467.6139738225409,19.28295673951272,0,94
20260330.0,2027,4,TT,TODAS CONSOLIDADAS,TT,TODAS CONSOLIDADAS,MOQUEGUA,180000,435.373499385571,6871.307543082668,11617.701115779848,22.46,16.69,1.5629280223534474,1.42,1.38,104620.35307910838,24485,833,144235.5572400795,36878,1440,1534.6521952740466,Indicadores_ocupabilidad_2024.csv,2024-11-01,20.14900485611433,19.08,0.8660254037844387,-0.4999999999999998,19.698497302025586,19.169964393213203,19.387939963981673,104620.35307910838,144235.5572400795,1534.6521952740466,19.41880055307349,0,95
20260330.0,2027,5,TT,TODAS CONSOLIDADAS,TT,TODAS CONSOLIDADAS,MOQUEGUA,180000,445.9062779939384,7079.515032945617,11969.729077289094,22.46,16.69,1.5723243581272603,1.42,1.38,114321.48455907486,24485,833,156693.75233782738,36878,1440,1604.7526137443472,Indicadores_ocupabilidad_2024.csv,2024-11-01,20.80113882308142,19.08,0.49999999999999994,-0.8660254037844387,20.14900485611433,19.698497302025586,19.169964393213203,114321.48455907486,156693.75233782738,1604.7526137443472,19.672488850451042,0,96
20260330.0,2027,6,TT,TODAS CONSOLIDADAS,TT,TODAS CONSOLIDADAS,MOQUEGUA,180000,456.69387097518205,7294.031417958903,12332.423838060033,22.46,16.69,1.5817771847469162,1.42,1.38,124922.1728577842,24485,833,170228.01098095477,36878,1440,1678.055105417191,Indicadores_ocupabilidad_2024.csv,2024-11-01,22.594238174796185,19.08,1.2246467991473532e-16,-1.0,20.80113882308142,20.14900485611433,19.698497302025586,124922.1728577842,170228.01098095477,1678.055105417191,20.21621366040711,0,97
20260330.0,2027,7,TT,TODAS CONSOLIDADAS,TT,TODAS CONSOLIDADAS,MOQUEGUA,180000,467.7424429290756,7515.047863954477,12706.108612777092,22.46,16.69,1.591286841835832,1.42,1.38,136505.83118036797,24485,833,184931.27703047922,36878,1440,1754.7059357931014,Indicadores_ocupabilidad_2024.csv,2024-11-01,22.497947728045272,19.08,-0.4999999999999997,-0.8660254037844388,22.594238174796185,20.80113882308142,20.14900485611433,136505.83118036797,184931.27703047922,1754.7059357931014,21.181460617997313,0,98
20260330.0,2027,8,TT,TODAS CONSOLIDADAS,TT,TODAS CONSOLIDADAS,MOQUEGUA,180000,479.05830759254656,7742.7613292801625,13091.116409852853,22.46,16.69,1.6008536710592436,1.42,1.38,149163.60738822995,24485,833,200904.52227600853,36878,1440,1834.858051542984,Indicadores_ocupabilidad_2024.csv,2024-11-01,22.46847113832332,19.08,-0.8660254037844385,-0.5000000000000004,22.497947728045272,22.594238174796185,20.80113882308142,149163.60738822995,200904.52227600853,1834.858051542984,21.964441575307628,0,99
20260330.0,2027,9,TT,TODAS CONSOLIDADAS,TT,TODAS CONSOLIDADAS,MOQUEGUA,180000,490.6479314476789,7977.374740318682,13487.790328187806,22.46,16.69,1.610478016136481,1.42,1.38,162995.10121051836,24485,833,218257.4398396594,36878,1440,1918.671385693133,Indicadores_ocupabilidad_2024.csv,2024-11-01,22.39729884009225,19.08,-1.0,-1.8369701987210297e-16,22.46847113832332,22.497947728045272,22.594238174796185,162995.10121051836,218257.4398396594,1918.671385693133,22.52021901372159,0,100
20260330.0,2027,10,TT,TODAS CONSOLIDADAS,TT,TODAS CONSOLIDADAS,MOQUEGUA,180000,502.51793741700203,8219.097172325079,13896.483862922227,22.46,16.69,1.6201602228533174,1.42,1.38,178109.1479604661,24485,833,237109.19747201304,36878,1440,2006.313176750593,Indicadores_ocupabilidad_2024.csv,2024-11-01,21.777217994647973,19.08,-0.8660254037844386,0.5000000000000001,22.39729884009225,22.46847113832332,22.497947728045272,178109.1479604661,237109.19747201304,2006.313176750593,22.454572568820282,0,101
20260330.0,2027,11,TT,TODAS CONSOLIDADAS,TT,TODAS CONSOLIDADAS,MOQUEGUA,180000,514.675108648178,8468.144035743702,14317.561220452635,22.46,16.69,1.629900639074393,1.42,1.38,194624.67492339623,24485,833,257589.2559132192,36878,1440,2097.958302405647,Indicadores_ocupabilidad_2024.csv,2024-11-01,20.455814831298053,19.08,-0.5000000000000004,0.8660254037844384,21.777217994647973,22.39729884009225,22.46847113832332,194624.67492339623,257589.2559132192,2097.958302405647,22.214329324354512,0,102
20260330.0,2027,12,TT,TODAS CONSOLIDADAS,TT,TODAS CONSOLIDADAS,MOQUEGUA,180000,527.1263923902503,8724.737268170773,14751.397642993572,22.46,16.69,1.6396996147557132,1.42,1.38,212671.637155018,24485,833,279838.2579391833,36878,1440,2193.7896284772946,Indicadores_ocupabilidad_2024.csv,2024-11-01,20.360134592262913,19.08,-2.4492935982947064e-16,1.0,20.455814831298053,21.777217994647973,22.39729884009225,212671.637155018,279838.2579391833,2193.7896284772946,21.543443888679423,0,103
20260330.0,2028,1,TT,TODAS CONSOLIDADAS,TT,TODAS CONSOLIDADAS,MOQUEGUA,180000,544.1979351953775,9078.996587454953,15350.36354040366,22.46,16.69,1.652856616961136,1.42,1.38,239363.8012550961,24485,833,312521.24603573524,36878,1440,2328.40834940496,Indicadores_ocupabilidad_2024.csv,2024-11-01,20.312519916799644,19.08,0.49999999999999994,0.8660254037844387,20.360134592262913,20.455814831298053,21.777217994647973,239363.8012550961,312521.24603573524,2328.40834940496,20.864389139402977,0,104
20260330.0,2028,2,TT,TODAS CONSOLIDADAS,TT,TODAS CONSOLIDADAS,MOQUEGUA,180000,561.8223578751506,9447.64025568194,15973.649855101845,22.46,16.69,1.6661191913734898,1.42,1.38,269406.06710769975,24485,833,349021.3594917207,36878,1440,2471.287753029343,Indicadores_ocupabilidad_2024.csv,2024-11-01,20.087689644593986,19.08,0.8660254037844386,0.5000000000000001,20.312519916799644,20.360134592262913,20.455814831298053,269406.06710769975,349021.3594917207,2471.287753029343,20.37615644678687,0,105
20260330.0,2028,3,TT,TODAS CONSOLIDADAS,TT,TODAS CONSOLIDADAS,MOQUEGUA,180000,580.0175660259928,9831.252335100051,16622.2440935549,22.46,16.69,1.679488185107543,1.42,1.38,303218.9019971673,24485,833,389784.4096254495,36878,1440,2622.9347441713007,Indicadores_ocupabilidad_2024.csv,2024-11-01,20.836710210541572,19.08,1.0,6.123233995736766e-17,20.087689644593986,20.312519916799644,20.360134592262913,303218.9019971673,389784.4096254495,2622.9347441713007,20.25344805121885,0,106
20260330.0,2028,4,TT,TODAS CONSOLIDADAS,TT,TODAS CONSOLIDADAS,MOQUEGUA,180000,598.8020451359057,10230.440603226976,17297.173858952043,22.46,16.69,1.6929644520753397,1.42,1.38,341275.54555633845,24485,833,435308.2751391445,36878,1440,2783.887333131327,Indicadores_ocupabilidad_2024.csv,2024-11-01,21.601302954627965,19.08,0.8660254037844387,-0.4999999999999998,20.836710210541572,20.087689644593986,20.312519916799644,341275.54555633845,435308.2751391445,2783.887333131327,20.41230659064507,0,107
20260330.0,2028,5,TT,TODAS CONSOLIDADAS,TT,TODAS CONSOLIDADAS,MOQUEGUA,180000,618.1948793648685,10645.837515784811,17999.508479292672,22.46,16.69,1.7065488530407424,1.42,1.38,384108.63316121534,24485,833,486148.9831948499,36878,1440,2954.7165444322263,Indicadores_ocupabilidad_2024.csv,2024-11-01,21.897942391355784,19.08,0.49999999999999994,-0.8660254037844387,21.601302954627965,20.836710210541572,20.087689644593986,384108.63316121534,486148.9831948499,2954.7165444322263,20.84190093658784,0,108
20260330.0,2028,6,TT,TODAS CONSOLIDADAS,TT,TODAS CONSOLIDADAS,MOQUEGUA,180000,638.2157709334596,11078.101208734113,18730.360701580958,22.46,16.69,1.7202422556744097,1.42,1.38,432317.6506200061,24485,833,542927.5007139276,36878,1440,3136.028442689017,Indicadores_ocupabilidad_2024.csv,2024-11-01,22.95015491697497,19.08,1.2246467991473532e-16,-1.0,21.897942391355784,21.601302954627965,20.836710210541572,432317.6506200061,542927.5007139276,3136.028442689017,21.445318518841773,0,109
20260330.0,2028,7,TT,TODAS CONSOLIDADAS,TT,TODAS CONSOLIDADAS,MOQUEGUA,180000,658.8850601393993,11527.916540994565,19490.888454811557,22.46,16.69,1.7340455346092174,1.42,1.38,486577.32449131884,24485,833,606337.3188488744,36878,1440,3328.4662827934035,Indicadores_ocupabilidad_2024.csv,2024-11-01,22.64559364095483,19.08,-0.4999999999999997,-0.8660254037844388,22.95015491697497,21.897942391355784,21.601302954627965,486577.32449131884,606337.3188488744,3328.4662827934035,22.149800087652906,0,110
20260330.0,2028,8,TT,TODAS CONSOLIDADAS,TT,TODAS CONSOLIDADAS,MOQUEGUA,180000,680.22374602235,11995.996179504275,20282.29668453961,22.46,16.69,1.7479595714961238,1.42,1.38,547647.0654612082,24485,833,677152.9232639781,36878,1440,3532.712792041201,Indicadores_ocupabilidad_2024.csv,2024-11-01,22.42548033862855,19.08,-0.8660254037844385,-0.5000000000000004,22.64559364095483,22.95015491697497,21.897942391355784,547647.0654612082,677152.9232639781,3532.712792041201,22.497896983095192,0,111
20260330.0,2028,9,TT,TODAS CONSOLIDADAS,TT,TODAS CONSOLIDADAS,MOQUEGUA,180000,702.2535076979661,12483.081728336829,21105.839261941626,22.46,16.69,1.7619852550604824,1.42,1.38,616381.5969472367,24485,833,756239.2536805707,36878,1440,3749.4925922992047,Indicadores_ocupabilidad_2024.csv,2024-11-01,22.42542892647686,19.08,-1.0,-1.8369701987210297e-16,22.42548033862855,22.64559364095483,22.95015491697497,616381.5969472367,756239.2536805707,3749.4925922992047,22.67374296551945,0,112
20260330.0,2028,10,TT,TODAS CONSOLIDADAS,TT,TODAS CONSOLIDADAS,MOQUEGUA,180000,724.9967263828712,12989.944903665035,21962.8209703919,22.46,16.69,1.7761234811588078,1.42,1.38,693742.917685984,24485,833,844562.2682254901,36878,1440,3979.574770804818,Indicadores_ocupabilidad_2024.csv,2024-11-01,21.830381758847924,19.08,-0.8660254037844386,0.5000000000000001,22.42542892647686,22.42548033862855,22.64559364095483,693742.917685984,844562.2682254901,3979.574770804818,22.498834302020082,0,113
20260330.0,2028,11,TT,TODAS CONSOLIDADAS,TT,TODAS CONSOLIDADAS,MOQUEGUA,180000,748.4765081329363,13517.3887564329,22854.5995727019,22.46,16.69,1.7903751528359957,1.42,1.38,780813.76573068,24485,833,943200.7416153918,36878,1440,4223.775608719071,Indicadores_ocupabilidad_2024.csv,2024-11-01,20.753182752614386,19.08,-0.5000000000000004,0.8660254037844384,21.830381758847924,22.42542892647686,22.42548033862855,780813.76573068,943200.7416153918,4223.775608719071,22.227097007984444,0,114
20260330.0,2028,12,TT,TODAS CONSOLIDADAS,TT,TODAS CONSOLIDADAS,MOQUEGUA,180000,772.7167073179617,14066.248944672989,23782.587962297883,22.46,16.69,1.8047411803830027,1.42,1.38,878812.7722991565,24485,833,1053359.4412795894,36878,1440,4482.961477113342,Indicadores_ocupabilidad_2024.csv,2024-11-01,20.41026720622255,19.08,-2.4492935982947064e-16,1.0,20.753182752614386,21.830381758847924,22.42542892647686,878812.7722991565,1053359.4412795894,4482.961477113342,21.66966447931306,0,115
20260330.0,2029,1,TT,TODAS CONSOLIDADAS,TT,TODAS CONSOLIDADAS,MOQUEGUA,180000,804.1238864634637,14783.769008059831,24995.738965762357,22.46,16.69,1.8228609263577795,1.42,1.38,1018784.8630901214,24485,833,1209322.5899401212,36878,1440,4829.422689324071,Indicadores_ocupabilidad_2024.csv,2024-11-01,21.41195486226223,19.08,0.49999999999999994,0.8660254037844387,20.41026720622255,20.753182752614386,21.830381758847924,1018784.8630901214,1209322.5899401212,4829.422689324071,20.997943905894953,0,116
20260330.0,2029,2,TT,TODAS CONSOLIDADAS,TT,TODAS CONSOLIDADAS,MOQUEGUA,180000,836.8076148184443,15537.889805827794,26270.77286269242,22.46,16.69,1.841162596033173,1.42,1.38,1181050.8790696529,24485,833,1388378.0495316286,36878,1440,5202.659811205079,Indicadores_ocupabilidad_2024.csv,2024-11-01,21.481741292354698,19.08,0.8660254037844386,0.5000000000000001,21.41195486226223,20.41026720622255,20.753182752614386,1181050.8790696529,1388378.0495316286,5202.659811205079,20.85846827369972,0,117
20260330.0,2029,3,TT,TODAS CONSOLIDADAS,TT,TODAS CONSOLIDADAS,MOQUEGUA,180000,870.8197779048944,16330.47834327135,27610.846302584087,22.46,16.69,1.8596480159377056,1.42,1.38,1369161.664534673,24485,833,1593944.9278928072,36878,1440,5604.742192263331,Indicadores_ocupabilidad_2024.csv,2024-11-01,22.028294776243097,19.08,1.0,6.123233995736766e-17,21.481741292354698,21.41195486226223,20.41026720622255,1369161.664534673,1593944.9278928072,5604.742192263331,21.101321120279827,0,118
20260330.0,2029,4,TT,TODAS CONSOLIDADAS,TT,TODAS CONSOLIDADAS,MOQUEGUA,180000,906.2143701391363,17163.496861718588,29019.276955782305,22.46,16.69,1.8783190309383928,1.42,1.38,1587233.6212204804,24485,833,1829948.5748944979,36878,1440,6037.899109621128,Indicadores_ocupabilidad_2024.csv,2024-11-01,22.114006298266315,19.08,0.8660254037844387,-0.4999999999999998,22.028294776243097,21.481741292354698,21.41195486226223,1587233.6212204804,1829948.5748944979,6037.899109621128,21.640663643620012,0,119
20260330.0,2029,5,TT,TODAS CONSOLIDADAS,TT,TODAS CONSOLIDADAS,MOQUEGUA,180000,943.0475805481312,18039.00769652605,30499.55172716254,22.46,16.69,1.8971775044248624,1.42,1.38,1840038.7869382093,24485,833,2100895.537956506,36878,1440,6504.532127862549,Indicadores_ocupabilidad_2024.csv,2024-11-01,22.262535510650793,19.08,0.49999999999999994,-0.8660254037844387,22.114006298266315,22.028294776243097,21.481741292354698,1840038.7869382093,2100895.537956506,6504.532127862549,21.874680788954702,0,120
20260330.0,2029,6,TT,TODAS CONSOLIDADAS,TT,TODAS CONSOLIDADAS,MOQUEGUA,180000,981.377881969736,18959.17838288013,32055.335388792646,22.46,16.69,1.9162253184953233,1.42,1.38,2133109.2614038875,24485,833,2411959.6156739127,36878,1440,7007.2284140983165,Indicadores_ocupabilidad_2024.csv,2024-11-01,23.28684517488002,19.08,1.2246467991473532e-16,-1.0,22.262535510650793,22.114006298266315,22.028294776243097,2133109.2614038875,2411959.6156739127,7007.2284140983165,22.134945528386737,0,121
20260330.0,2029,7,TT,TODAS CONSOLIDADAS,TT,TODAS CONSOLIDADAS,MOQUEGUA,180000,1021.2661238785187,19926.287022045686,33690.479652947266,22.46,16.69,1.935464374144401,1.42,1.38,2472858.2643947485,24485,833,2769080.652767937,36878,1440,7548.77508207219,Indicadores_ocupabilidad_2024.csv,2024-11-01,23.658743025360778,19.08,-0.4999999999999997,-0.8660254037844388,23.28684517488002,22.262535510650793,22.114006298266315,2472858.2643947485,2769080.652767937,7548.77508207219,22.554462327932374,0,122
20260330.0,2029,8,TT,TODAS CONSOLIDADAS,TT,TODAS CONSOLIDADAS,MOQUEGUA,180000,1062.775628984491,20942.72792134722,35409.03270793714,22.46,16.69,1.9548965914528598,1.42,1.38,2866720.475331327,24485,833,3179077.9628751306,36878,1440,8132.174644837327,Indicadores_ocupabilidad_2024.csv,2024-11-01,23.858396525848732,19.08,-0.8660254037844385,-0.5000000000000004,23.658743025360778,23.28684517488002,22.262535510650793,2866720.475331327,3179077.9628751306,8132.174644837327,23.069374570297196,0,123
20260330.0,2029,9,TT,TODAS CONSOLIDADAS,TT,TODAS CONSOLIDADAS,MOQUEGUA,180000,1105.9722937581112,22011.017521845813,37215.24924036156,22.46,16.69,1.974523909779228,1.42,1.38,3323314.7253165804,24485,833,3649780.545010824,36878,1440,8760.661661677346,Indicadores_ocupabilidad_2024.csv,2024-11-01,24.300571820743848,19.08,-1.0,-1.8369701987210297e-16,23.858396525848732,23.658743025360778,23.28684517488002,3323314.7253165804,3649780.545010824,8760.661661677346,23.601328242029847,0,124
20260330.0,2029,10,TT,TODAS CONSOLIDADAS,TT,TODAS CONSOLIDADAS,MOQUEGUA,180000,1150.924693041138,23133.80062838715,39113.600968596395,22.46,16.69,1.9943482879533494,1.42,1.38,3852632.6017989377,24485,833,4190176.5802220856,36878,1440,9437.72067156811,Indicadores_ocupabilidad_2024.csv,2024-11-01,24.196237245522152,19.08,-0.8660254037844386,0.5000000000000001,24.300571820743848,23.858396525848732,23.658743025360778,3852632.6017989377,4190176.5802220856,9437.72067156811,23.93923712398445,0,125
20260330.0,2029,11,TT,TODAS CONSOLIDADAS,TT,TODAS CONSOLIDADAS,MOQUEGUA,180000,1197.7041889094096,24313.856957444594,41108.78771359591,22.46,16.69,2.0143717044718756,1.42,1.38,4466257.093068465,24485,833,4810585.063105371,36878,1440,10167.105512609221,Indicadores_ocupabilidad_2024.csv,2024-11-01,23.78808243183071,19.08,-0.5000000000000004,0.8660254037844384,24.196237245522152,24.300571820743848,23.858396525848732,4466257.093068465,4810585.063105371,10167.105512609221,24.118401864038244,0,126
20260330.0,2029,12,TT,TODAS CONSOLIDADAS,TT,TODAS CONSOLIDADAS,MOQUEGUA,180000,1246.3850439603636,25554.10801896808,43205.74903441671,22.46,16.69,2.0345961576957237,1.42,1.38,5177616.057152754,24485,833,5522852.845534724,36878,1440,10952.860134538558,Indicadores_ocupabilidad_2024.csv,2024-11-01,23.54333819357895,19.08,-2.4492935982947064e-16,1.0,23.78808243183071,24.196237245522152,24.300571820743848,5177616.057152754,5522852.845534724,10952.860134538558,24.094963832698898,0,127
20260330.0,2030,1,TT,TODAS CONSOLIDADAS,TT,TODAS CONSOLIDADAS,MOQUEGUA,180000,1307.4208955187862,27126.200592769223,45863.77322184304,22.46,16.69,2.059133713381613,1.42,1.38,6182344.343588673,24485,833,6518117.119144319,36878,1440,11976.331135017062,Indicadores_ocupabilidad_2024.csv,2024-11-01,24.09873461875403,19.08,0.49999999999999994,0.8660254037844387,23.54333819357895,23.78808243183071,24.196237245522152,6182344.343588673,6518117.119144319,11976.331135017062,23.84255262364394,0,128
20260330.0,2030,2,TT,TODAS CONSOLIDADAS,TT,TODAS CONSOLIDADAS,MOQUEGUA,180000,1371.445691138688,28795.008538469323,48685.31945758094,22.46,16.69,2.0839671959209767,1.42,1.38,7382042.461395129,24485,833,7692736.338834815,36878,1440,13095.438606330918,Indicadores_ocupabilidad_2024.csv,2024-11-01,23.422631813991547,19.08,0.8660254037844386,0.5000000000000001,24.09873461875403,23.54333819357895,23.78808243183071,7382042.461395129,7692736.338834815,13095.438606330918,23.810051748054565,0,129
20260330.0,2030,3,TT,TODAS CONSOLIDADAS,TT,TODAS CONSOLIDADAS,MOQUEGUA,180000,1438.6058003123353,30566.481800313042,51680.44764266912,22.46,16.69,2.1091001742390874,1.42,1.38,8814544.754103446,24485,833,9079031.765940165,36878,1440,14319.119132466934,Indicadores_ocupabilidad_2024.csv,2024-11-01,23.961119864777192,19.08,1.0,6.123233995736766e-17,23.422631813991547,24.09873461875403,23.54333819357895,8814544.754103446,9079031.765940165,14319.119132466934,23.68823487544151,0,130
20260330.0,2030,4,TT,TODAS CONSOLIDADAS,TT,TODAS CONSOLIDADAS,MOQUEGUA,180000,1509.0547602901813,32446.93636401103,54859.83656477323,22.46,16.69,2.1345362603030273,1.42,1.38,10525027.40649487,24485,833,10715149.223408291,36878,1440,15657.144360988148,Indicadores_ocupabilidad_2024.csv,2024-11-01,24.239550041849718,19.08,0.8660254037844387,-0.4999999999999998,23.961119864777192,23.422631813991547,24.09873461875403,10525027.40649487,10715149.223408291,15657.144360988148,23.82749543250759,0,131
20260330.0,2030,5,TT,TODAS CONSOLIDADAS,TT,TODAS CONSOLIDADAS,MOQUEGUA,180000,1582.9536270881463,34443.07677566606,58234.821972184334,22.46,16.69,2.160279109640782,1.42,1.38,12567433.145755867,24485,833,12646108.730518123,36878,1440,17120.19903409998,Indicadores_ocupabilidad_2024.csv,2024-11-01,24.888703411883768,19.08,0.49999999999999994,-0.8660254037844387,24.239550041849718,23.961119864777192,23.422631813991547,12567433.145755867,12646108.730518123,17120.19903409998,23.87443390687282,0,132
20260330.0,2030,6,TT,TODAS CONSOLIDADAS,TT,TODAS CONSOLIDADAS,MOQUEGUA,180000,1660.4713436838304,36562.02004606684,61817.436990135546,22.46,16.69,2.186332421866589,1.42,1.38,15006172.40916447,24485,833,14925043.290551376,36878,1440,18719.96631119391,Indicadores_ocupabilidad_2024.csv,2024-11-01,26.825230955131786,19.08,1.2246467991473532e-16,-1.0,24.888703411883768,24.239550041849718,23.961119864777192,15006172.40916447,14925043.290551376,18719.96631119391,24.36312443950356,0,133
20260330.0,2030,7,TT,TODAS CONSOLIDADAS,TT,TODAS CONSOLIDADAS,MOQUEGUA,180000,1741.7851262434065,38811.32102557766,65620.45502353652,22.46,16.69,2.212699941212627,1.42,1.38,17918154.627272952,24485,833,17614660.918363467,36878,1440,20469.22106420813,Indicadores_ocupabilidad_2024.csv,2024-11-01,26.97577946000916,19.08,-0.4999999999999997,-0.8660254037844388,26.825230955131786,24.888703411883768,24.239550041849718,17918154.627272952,17614660.918363467,20469.22106420813,25.317828136288426,0,134
20260330.0,2030,8,TT,TODAS CONSOLIDADAS,TT,TODAS CONSOLIDADAS,MOQUEGUA,180000,1827.08086926216,41198.99934009496,69657.43529909063,22.46,16.69,2.239385457067115,1.42,1.38,21395213.682257,24485,833,20788970.13755052,36878,1440,22381.931890811175,Indicadores_ocupabilidad_2024.csv,2024-11-01,26.61419599117219,19.08,-0.8660254037844385,-0.5000000000000004,26.97577946000916,26.825230955131786,24.888703411883768,21395213.682257,20788970.13755052,22381.931890811175,26.22990460900824,0,135
20260330.0,2030,9,TT,TODAS CONSOLIDADAS,TT,TODAS CONSOLIDADAS,MOQUEGUA,180000,1916.5535705448826,43733.56798410811,73942.77120917011,22.46,16.69,2.2663928045188997,1.42,1.38,25547004.032027658,24485,833,24535316.42663719,36878,1440,24473.372660030433,Indicadores_ocupabilidad_2024.csv,2024-11-01,26.36620031060351,19.08,-1.0,-1.8369701987210297e-16,26.61419599117219,26.97577946000916,26.825230955131786,25547004.032027658,24535316.42663719,24473.372660030433,26.805068802104376,0,136
20260330.0,2030,10,TT,TODAS CONSOLIDADAS,TT,TODAS CONSOLIDADAS,MOQUEGUA,180000,2010.407776997686,46424.06367280951,78491.74162981355,22.46,16.69,2.2937258649086156,1.42,1.38,30504458.833878253,24485,833,28956785.64989953,36878,1440,26760.244481068243,Indicadores_ocupabilidad_2024.csv,2024-11-01,25.241425597631686,19.08,-0.8660254037844386,0.5000000000000001,26.36620031060351,26.61419599117219,26.97577946000916,30504458.833878253,28956785.64989953,26760.244481068243,26.65205858726162,0,137
20260330.0,2030,11,TT,TODAS CONSOLIDADAS,TT,TODAS CONSOLIDADAS,MOQUEGUA,180000,2108.858052250372,49280.07906147117,83320.56539581447,22.46,16.69,2.3213885663864864,1.42,1.38,36423919.12496667,24485,833,34175040.60652343,36878,1440,29260.809069282277,Indicadores_ocupabilidad_2024.csv,2024-11-01,24.25977842476578,19.08,-0.5000000000000004,0.8660254037844384,25.241425597631686,26.36620031060351,26.61419599117219,36423919.12496667,34175040.60652343,29260.809069282277,26.073940633135795,0,138
20260330.0,2030,12,TT,TODAS CONSOLIDADAS,TT,TODAS CONSOLIDADAS,MOQUEGUA,180000,2212.1294671784153,52311.79694696207,88446.45912712546,22.46,16.69,2.349384884476857,1.42,1.38,43492064.27975302,24485,833,40333668.74964514,36878,1440,31995.03457431841,Indicadores_ocupabilidad_2024.csv,2024-11-01,24.42977449827009,19.08,-2.4492935982947064e-16,1.0,24.25977842476578,25.241425597631686,26.36620031060351,43492064.27975302,40333668.74964514,31995.03457431841,25.28913477766699,0,139
20260330.0,2025,1,TT,TODAS CONSOLIDADAS,TT,TODAS CONSOLIDADAS,PASCO,190000,472.752,5547.93,9250.59,19.2,15.69,1.3326600000000002,1.32,1.92,33698.51,32573,144,44613.144,43123,275,993.685,Indicadores_ocupabilidad_2024.csv,2024-11-01,19.05572021818232,15.62,0.49999999999999994,0.8660254037844387,22.84,20.26,22.37,33698.51,44613.144,993.685,21.82333333333333,0,68
20260330.0,2025,2,TT,TODAS CONSOLIDADAS,TT,TODAS CONSOLIDADAS,PASCO,190000,476.534016,5603.4093,9343.0959,19.2,15.69,1.3353253200000001,1.32,1.92,34709.4653,32573,144,45862.312032,43123,275,1008.5902749999998,Indicadores_ocupabilidad_2024.csv,2024-11-01,18.681672542571253,15.62,0.8660254037844386,0.5000000000000001,19.05572021818232,22.84,20.26,34709.4653,45862.312032,1008.5902749999998,20.718573406060774,0,69
20260330.0,2025,3,TT,TODAS CONSOLIDADAS,TT,TODAS CONSOLIDADAS,PASCO,190000,480.346288128,5659.4433930000005,9436.526859,19.2,15.69,1.3379959706400002,1.32,1.92,35750.749259000004,32573,144,47146.456768896,43123,275,1023.7191291249997,Indicadores_ocupabilidad_2024.csv,2024-11-01,19.378899796253705,15.62,1.0,6.123233995736766e-17,18.681672542571253,19.05572021818232,22.84,35750.749259000004,47146.456768896,1023.7191291249997,20.19246425358452,0,70
20260330.0,2025,4,TT,TODAS CONSOLIDADAS,TT,TODAS CONSOLIDADAS,PASCO,190000,484.189058433024,5716.037826930001,9530.89212759,19.2,15.69,1.3406719625812802,1.32,1.92,36823.27173677,32573,144,48466.55755842509,43123,275,1039.0749160618745,Indicadores_ocupabilidad_2024.csv,2024-11-01,19.725677650612774,15.62,0.8660254037844387,-0.4999999999999998,19.378899796253705,18.681672542571253,19.05572021818232,36823.27173677,48466.55755842509,1039.0749160618745,19.03876418566909,0,71
20260330.0,2025,5,TT,TODAS CONSOLIDADAS,TT,TODAS CONSOLIDADAS,PASCO,190000,488.0625709004882,5773.198205199301,9626.2010488659,19.2,15.69,1.3433533065064427,1.32,1.92,37927.9698888731,32573,144,49823.62117006099,43123,275,1054.6610398028026,Indicadores_ocupabilidad_2024.csv,2024-11-01,20.138536745171354,15.62,0.49999999999999994,-0.8660254037844387,19.725677650612774,19.378899796253705,18.681672542571253,37927.9698888731,49823.62117006099,1054.6610398028026,19.26208332981258,0,72
20260330.0,2025,6,TT,TODAS CONSOLIDADAS,TT,TODAS CONSOLIDADAS,PASCO,190000,491.9670714676921,5830.930187251294,9722.463059354559,19.2,15.69,1.3460400131194556,1.32,1.92,39065.8089855393,32573,144,51218.6825628227,43123,275,1070.4809553998446,Indicadores_ocupabilidad_2024.csv,2024-11-01,21.64334241969825,15.62,1.2246467991473532e-16,-1.0,20.138536745171354,19.725677650612774,19.378899796253705,39065.8089855393,51218.6825628227,1070.4809553998446,19.747704730679278,0,73
20260330.0,2025,7,TT,TODAS CONSOLIDADAS,TT,TODAS CONSOLIDADAS,PASCO,190000,495.90280803943364,5889.239489123807,9819.687689948105,19.2,15.69,1.3487320931456945,1.32,1.92,40237.783255105474,32573,144,52652.80567458174,43123,275,1086.5381697308421,Indicadores_ocupabilidad_2024.csv,2024-11-01,21.624411927823086,15.62,-0.4999999999999997,-0.8660254037844388,21.64334241969825,20.138536745171354,19.725677650612774,40237.783255105474,52652.80567458174,1086.5381697308421,20.502518938494127,0,74
20260330.0,2025,8,TT,TODAS CONSOLIDADAS,TT,TODAS CONSOLIDADAS,PASCO,190000,499.8700305037491,5948.131884015045,9917.884566847586,19.2,15.69,1.3514295573319859,1.32,1.92,41444.91675275864,32573,144,54127.08423347003,43123,275,1102.8362422768046,Indicadores_ocupabilidad_2024.csv,2024-11-01,21.33197047081725,15.62,-0.8660254037844385,-0.5000000000000004,21.624411927823086,21.64334241969825,20.138536745171354,41444.91675275864,54127.08423347003,1102.8362422768046,21.135430364230896,0,75
20260330.0,2025,9,TT,TODAS CONSOLIDADAS,TT,TODAS CONSOLIDADAS,PASCO,190000,503.8689907477791,6007.613202855196,10017.063412516061,19.2,15.69,1.35413241644665,1.32,1.92,42688.2642553414,32573,144,55642.64259200719,43123,275,1119.3787859109566,Indicadores_ocupabilidad_2024.csv,2024-11-01,21.082624946158038,15.62,-1.0,-1.8369701987210297e-16,21.33197047081725,21.624411927823086,21.64334241969825,42688.2642553414,55642.64259200719,1119.3787859109566,21.533241606112863,0,76
20260330.0,2025,10,TT,TODAS CONSOLIDADAS,TT,TODAS CONSOLIDADAS,PASCO,190000,507.8999426737613,6067.6893348837475,10117.234046641222,19.2,15.69,1.3568406812795433,1.32,1.92,43968.91218300164,32573,144,57200.63658458339,43123,275,1136.1694676996208,Indicadores_ocupabilidad_2024.csv,2024-11-01,20.655502464413754,15.62,-0.8660254037844386,0.5000000000000001,21.082624946158038,21.33197047081725,21.624411927823086,43968.91218300164,57200.63658458339,1136.1694676996208,21.34633578159946,0,77
20260330.0,2025,11,TT,TODAS CONSOLIDADAS,TT,TODAS CONSOLIDADAS,PASCO,190000,511.9631422151514,6128.366228232585,10218.406387107634,19.2,15.69,1.3595543626421023,1.32,1.92,45287.97954849169,32573,144,58802.25440895173,43123,275,1153.212009715115,Indicadores_ocupabilidad_2024.csv,2024-11-01,20.01005455386828,15.62,-0.5000000000000004,0.8660254037844384,20.655502464413754,21.082624946158038,21.33197047081725,45287.97954849169,58802.25440895173,1153.212009715115,21.023365960463014,0,78
20260330.0,2025,12,TT,TODAS CONSOLIDADAS,TT,TODAS CONSOLIDADAS,PASCO,190000,516.0588473528726,6189.649890514911,10320.59045097871,19.2,15.69,1.3622734713673865,1.32,1.92,46646.61893494644,32573,144,60448.717532402385,43123,275,1170.5101898608416,Indicadores_ocupabilidad_2024.csv,2024-11-01,18.571379789688567,15.62,-2.4492935982947064e-16,1.0,20.01005455386828,20.655502464413754,21.082624946158038,46646.61893494644,60448.717532402385,1170.5101898608416,20.58272732148002,0,79
20260330.0,2026,1,TT,TODAS CONSOLIDADAS,TT,TODAS CONSOLIDADAS,PASCO,190000,524.3488166767492,6314.061853314261,10528.034319043383,19.2,15.69,1.3677280143467414,1.32,1.92,49487.39802808467,32573,144,63881.237508762315,43123,275,1205.8888603493851,Indicadores_ocupabilidad_2024.csv,2024-11-01,18.657409789653162,15.62,0.49999999999999994,0.8660254037844387,18.571379789688567,20.01005455386828,20.655502464413754,49487.39802808467,63881.237508762315,1205.8888603493851,19.745645602656868,0,80
20260330.0,2026,2,TT,TODAS CONSOLIDADAS,TT,TODAS CONSOLIDADAS,PASCO,190000,532.7719560678445,6440.974496565877,10739.647808856156,19.2,15.69,1.3732043973161856,1.32,1.92,52501.18056799503,32573,144,67508.66969945988,43123,275,1242.336851153445,Indicadores_ocupabilidad_2024.csv,2024-11-01,18.4656202809386,15.62,0.8660254037844386,0.5000000000000001,18.657409789653162,18.571379789688567,20.01005455386828,52501.18056799503,67508.66969945988,1242.336851153445,19.079614711070004,0,81
20260330.0,2026,3,TT,TODAS CONSOLIDADAS,TT,TODAS CONSOLIDADAS,PASCO,190000,541.3304047701184,6570.438083946851,10955.514729814166,19.2,15.69,1.3787027077230394,1.32,1.92,55698.50246458592,32573,144,71342.081999674,43123,275,1279.8864824795576,Indicadores_ocupabilidad_2024.csv,2024-11-01,18.798826534784126,15.62,1.0,6.123233995736766e-17,18.4656202809386,18.657409789653162,18.571379789688567,55698.50246458592,71342.081999674,1279.8864824795576,18.56480328676011,0,82
20260330.0,2026,4,TT,TODAS CONSOLIDADAS,TT,TODAS CONSOLIDADAS,PASCO,190000,550.0263363923457,6702.503889434183,11175.72057588343,19.2,15.69,1.3842230333647623,1.32,1.92,59090.5412646792,32573,144,75393.17078394348,43123,275,1318.571051412502,Indicadores_ocupabilidad_2024.csv,2024-11-01,19.402914495610368,15.62,0.8660254037844387,-0.4999999999999998,18.798826534784126,18.4656202809386,18.657409789653162,59090.5412646792,75393.17078394348,1318.571051412502,18.64061886845863,0,83
20260330.0,2026,5,TT,TODAS CONSOLIDADAS,TT,TODAS CONSOLIDADAS,PASCO,190000,558.8619594601523,6837.224217611811,11400.352559458686,19.2,15.69,1.3897654623903546,1.32,1.92,62689.15522769816,32573,144,79674.29659373892,43123,275,1358.4248614414444,Indicadores_ocupabilidad_2024.csv,2024-11-01,19.79199523370952,15.62,0.49999999999999994,-0.8660254037844387,19.402914495610368,18.798826534784126,18.4656202809386,62689.15522769816,79674.29659373892,1358.4248614414444,18.889120437111032,0,84
20260330.0,2026,6,TT,TODAS CONSOLIDADAS,TT,TODAS CONSOLIDADAS,PASCO,190000,567.8395179769202,6974.652424385808,11629.499645903807,19.2,15.69,1.3953300833017654,1.32,1.92,66506.92478106497,32573,144,84198.52185151778,43123,275,1399.4832528785116,Indicadores_ocupabilidad_2024.csv,2024-11-01,21.100607272674704,15.62,1.2246467991473532e-16,-1.0,19.79199523370952,19.402914495610368,18.798826534784126,66506.92478106497,84198.52185151778,1399.4832528785116,19.331245421368006,0,85
20260330.0,2026,7,TT,TODAS CONSOLIDADAS,TT,TODAS CONSOLIDADAS,PASCO,190000,576.9612919937015,7114.842938115963,11863.252588786474,19.2,15.69,1.4009169849553056,1.32,1.92,70557.19650023182,32573,144,88979.65071633436,43123,275,1441.7826341967643,Indicadores_ocupabilidad_2024.csv,2024-11-01,21.384910688205537,15.62,-0.4999999999999997,-0.8660254037844388,21.100607272674704,19.79199523370952,19.402914495610368,70557.19650023182,88979.65071633436,1441.7826341967643,20.09850566733153,0,86
20260330.0,2026,8,TT,TODAS CONSOLIDADAS,TT,TODAS CONSOLIDADAS,PASCO,190000,586.2295981882884,7257.851281172094,12101.703965821082,19.2,15.69,1.4065262565630665,1.32,1.92,74854.12976709593,32573,144,94032.27120261069,43123,275,1485.3605143153611,Indicadores_ocupabilidad_2024.csv,2024-11-01,21.161082795938135,15.62,-0.8660254037844385,-0.5000000000000004,21.384910688205537,21.100607272674704,19.79199523370952,74854.12976709593,94032.27120261069,1485.3605143153611,20.759171064863256,0,87
20260330.0,2026,9,TT,TODAS CONSOLIDADAS,TT,TODAS CONSOLIDADAS,PASCO,190000,595.6467904535851,7403.734091923653,12344.948215534085,19.2,15.69,1.4121579876943449,1.32,1.92,79412.74626991207,32573,144,99371.79969057973,43123,275,1530.2555358605425,Indicadores_ocupabilidad_2024.csv,2024-11-01,21.139315297853226,15.62,-1.0,-1.8369701987210297e-16,21.161082795938135,21.384910688205537,21.100607272674704,79412.74626991207,99371.79969057973,1530.2555358605425,21.215533585606124,0,88
20260330.0,2026,10,TT,TODAS CONSOLIDADAS,TT,TODAS CONSOLIDADAS,PASCO,190000,605.2152604954316,7552.5491471713185,12593.08167466632,19.2,15.69,1.4178122682770729,1.32,1.92,84248.98251774971,32573,144,105014.52796420961,43123,275,1576.507509431927,Indicadores_ocupabilidad_2024.csv,2024-11-01,20.738039461808793,15.62,-0.8660254037844386,0.5000000000000001,21.139315297853226,21.161082795938135,21.384910688205537,84248.98251774971,105014.52796420961,1576.507509431927,21.22843626066563,0,89
20260330.0,2026,11,TT,TODAS CONSOLIDADAS,TT,TODAS CONSOLIDADAS,PASCO,190000,614.9374384400303,7704.355385029462,12846.202616327113,19.2,15.69,1.423489188599254,1.32,1.92,89379.74555308066,32573,144,110977.67292012929,43123,275,1624.1574489045065,Indicadores_ocupabilidad_2024.csv,2024-11-01,20.119257557812755,15.62,-0.5000000000000004,0.8660254037844384,20.738039461808793,21.139315297853226,21.161082795938135,89379.74555308066,110977.67292012929,1624.1574489045065,21.012812518533384,0,90
20260330.0,2026,12,TT,TODAS CONSOLIDADAS,TT,TODAS CONSOLIDADAS,PASCO,190000,624.815793451131,7859.212928268555,13104.411288915288,19.2,15.69,1.4291888393104053,1.32,1.92,94822.97205726327,32573,144,117279.4290992259,43123,275,1673.2476077976448,Indicadores_ocupabilidad_2024.csv,2024-11-01,19.19104972295073,15.62,-2.4492935982947064e-16,1.0,20.119257557812755,20.738039461808793,21.139315297853226,94822.97205726327,117279.4290992259,1673.2476077976448,20.665537439158257,0,91
20260330.0,2027,1,TT,TODAS CONSOLIDADAS,TT,TODAS CONSOLIDADAS,PASCO,190000,639.9316570319869,8097.354939208021,13501.48805538071,19.2,15.69,1.43778113404585,1.32,1.92,103615.62178721711,32573,144,127409.31687882985,43123,275,1749.6788394944779,Indicadores_ocupabilidad_2024.csv,2024-11-01,19.299450406042578,15.62,0.49999999999999994,0.8660254037844387,19.19104972295073,20.119257557812755,20.738039461808793,103615.62178721711,127409.31687882985,1749.6788394944779,20.016115580857427,0,92
20260330.0,2027,2,TT,TODAS CONSOLIDADAS,TT,TODAS CONSOLIDADAS,PASCO,190000,655.4132113239131,8342.712891220965,13910.596644946803,19.2,15.69,1.4464250857259826,1.32,1.92,113223.58754868039,32573,144,138414.16309927468,43123,275,1829.6013256544707,Indicadores_ocupabilidad_2024.csv,2024-11-01,19.245651206829805,15.62,0.8660254037844386,0.5000000000000001,19.299450406042578,19.19104972295073,20.119257557812755,113223.58754868039,138414.16309927468,1829.6013256544707,19.53658589560202,0,93
20260330.0,2027,3,TT,TODAS CONSOLIDADAS,TT,TODAS CONSOLIDADAS,PASCO,190000,671.2693033038254,8595.505434537852,14332.101633885339,19.2,15.69,1.4551210049127679,1.32,1.92,123722.47115130688,32573,144,150369.5413789316,43123,275,1913.174541108212,Indicadores_ocupabilidad_2024.csv,2024-11-01,19.924195799906524,15.62,1.0,6.123233995736766e-17,19.245651206829805,19.299450406042578,19.19104972295073,123722.47115130688,150369.5413789316,1913.174541108212,19.245383778607707,0,94
20260330.0,2027,4,TT,TODAS CONSOLIDADAS,TT,TODAS CONSOLIDADAS,PASCO,190000,687.5089939792348,8855.957844709785,14766.3786454937,19.2,15.69,1.4638692040352712,1.32,1.92,135194.88473375412,32573,144,163357.55292825744,43123,275,2000.565245237405,Indicadores_ocupabilidad_2024.csv,2024-11-01,20.268802093306828,15.62,0.8660254037844387,-0.4999999999999998,19.924195799906524,19.245651206829805,19.299450406042578,135194.88473375412,163357.55292825744,2000.565245237405,19.489765804259637,0,95
20260330.0,2027,5,TT,TODAS CONSOLIDADAS,TT,TODAS CONSOLIDADAS,PASCO,190000,704.1415635661854,9124.302223362338,15213.814684830806,19.2,15.69,1.4726699974008848,1.32,1.92,147731.10081046095,32573,144,177467.39036372022,43123,275,2091.9478147213254,Indicadores_ocupabilidad_2024.csv,2024-11-01,20.907045644470383,15.62,0.49999999999999994,-0.8660254037844387,20.268802093306828,19.924195799906524,19.245651206829805,147731.10081046095,177467.39036372022,2091.9478147213254,19.81288303334772,0,96
20260330.0,2027,6,TT,TODAS CONSOLIDADAS,TT,TODAS CONSOLIDADAS,PASCO,190000,721.176516792459,9400.777705032442,15674.808483595867,19.2,15.69,1.4815237012066187,1.32,1.92,161429.76259531255,32573,144,192795.95022056144,43123,275,2187.504591482596,Indicadores_ocupabilidad_2024.csv,2024-11-01,22.671207802184263,15.62,1.2246467991473532e-16,-1.0,20.907045644470383,20.268802093306828,19.924195799906524,161429.76259531255,192795.95022056144,2187.504591482596,20.36668117922791,0,97
20260330.0,2027,7,TT,TODAS CONSOLIDADAS,TT,TODAS CONSOLIDADAS,PASCO,190000,738.6235883290788,9685.63067027263,16149.770855457307,19.2,15.69,1.4904306335504625,1.32,1.92,176398.6601914881,32573,144,209448.4983707066,43123,275,2287.4262465265588,Indicadores_ocupabilidad_2024.csv,2024-11-01,22.228091393499454,15.62,-0.4999999999999997,-0.8660254037844388,22.671207802184263,20.907045644470383,20.268802093306828,176398.6601914881,209448.4983707066,2287.4262465265588,21.282351846653825,0,98
20260330.0,2027,8,TT,TODAS CONSOLIDADAS,TT,TODAS CONSOLIDADAS,PASCO,190000,756.492748353213,9979.114965212562,16639.12506214852,19.2,15.69,1.4993911144428127,1.32,1.92,192755.57875506423,32573,144,227539.3929154501,43123,275,2391.9121604002403,Indicadores_ocupabilidad_2024.csv,2024-11-01,22.243137219889412,15.62,-0.8660254037844385,-0.5000000000000004,22.228091393499454,22.671207802184263,20.907045644470383,192755.57875506423,227539.3929154501,2391.9121604002403,21.935448280051364,0,99
20260330.0,2027,9,TT,TODAS CONSOLIDADAS,TT,TODAS CONSOLIDADAS,PASCO,190000,774.794208245661,10281.49212777347,17143.307190656684,19.2,15.69,1.5084054658179717,1.32,1.92,210629.22530628508,32573,144,247192.86951723832,43123,275,2501.1708210300617,Indicadores_ocupabilidad_2024.csv,2024-11-01,22.206161634306863,15.62,-1.0,-1.8369701987210297e-16,22.243137219889412,22.228091393499454,22.671207802184263,210629.22530628508,247192.86951723832,2501.1708210300617,22.380812138524377,0,100
20260330.0,2027,10,TT,TODAS CONSOLIDADAS,TT,TODAS CONSOLIDADAS,PASCO,190000,793.5384264261746,10593.031620737136,17662.766541840774,19.2,15.69,1.517474011545713,1.32,1.92,230160.24148126098,32573,144,268543.8945636625,43123,275,2615.4202397321296,Indicadores_ocupabilidad_2024.csv,2024-11-01,21.679820307074007,15.62,-0.8660254037844386,0.5000000000000001,22.206161634306863,22.243137219889412,22.228091393499454,230160.24148126098,268543.8945636625,2615.4202397321296,22.225796749231908,0,101
20260330.0,2027,11,TT,TODAS CONSOLIDADAS,TT,TODAS CONSOLIDADAS,PASCO,190000,812.736114329951,10914.011071877094,18197.966030825093,19.2,15.69,1.5265970774429178,1.32,1.92,251502.31019309387,32573,144,291739.0920225974,43123,275,2734.888386225203,Indicadores_ocupabilidad_2024.csv,2024-11-01,20.201442636832457,15.62,-0.5000000000000004,0.8660254037844384,21.679820307074007,22.206161634306863,22.243137219889412,251502.31019309387,291739.0920225974,2734.888386225203,22.043039720423426,0,102
20260330.0,2027,12,TT,TODAS CONSOLIDADAS,TT,TODAS CONSOLIDADAS,PASCO,190000,832.3982425287116,11244.716521366043,18749.382599525128,19.2,15.69,1.5357749912852812,1.32,1.92,274823.36491036887,32573,144,316937.7503534808,43123,275,2859.8136435143415,Indicadores_ocupabilidad_2024.csv,2024-11-01,19.55045156719406,15.62,-2.4492935982947064e-16,1.0,20.201442636832457,21.679820307074007,22.206161634306863,274823.36491036887,316937.7503534808,2859.8136435143415,21.362474859404443,0,103
20260330.0,2028,1,TT,TODAS CONSOLIDADAS,TT,TODAS CONSOLIDADAS,PASCO,190000,859.3563353758653,11701.297103446756,19510.682718090073,19.2,15.69,1.5480980989847266,1.32,1.92,309316.11840046506,32573,144,353953.67804840644,43123,275,3035.3019628061984,Indicadores_ocupabilidad_2024.csv,2024-11-01,19.387172127207055,15.62,0.49999999999999994,0.8660254037844387,19.55045156719406,20.201442636832457,21.679820307074007,309316.11840046506,353953.67804840644,3035.3019628061984,20.477238170366842,0,104
20260330.0,2028,2,TT,TODAS CONSOLIDADAS,TT,TODAS CONSOLIDADAS,PASCO,190000,887.1874944223757,12176.416688048079,20302.89467428223,19.2,15.69,1.560520087694889,1.32,1.92,348138.0163347266,32573,144,395292.7856156817,43123,275,3221.5588684630175,Indicadores_ocupabilidad_2024.csv,2024-11-01,19.105892796803943,15.62,0.8660254037844386,0.5000000000000001,19.387172127207055,19.55045156719406,20.201442636832457,348138.0163347266,395292.7856156817,3221.5588684630175,19.71302211041119,0,105
20260330.0,2028,3,TT,TODAS CONSOLIDADAS,TT,TODAS CONSOLIDADAS,PASCO,190000,915.9199948356585,12670.82803301375,21127.273612665733,19.2,15.69,1.5730417508401642,1.32,1.92,391832.40448065876,32573,144,441459.9877061761,43123,275,3419.2451591793642,Indicadores_ocupabilidad_2024.csv,2024-11-01,19.680353767486444,15.62,1.0,6.123233995736766e-17,19.105892796803943,19.387172127207055,19.55045156719406,391832.40448065876,441459.9877061761,3419.2451591793642,19.347838830401685,0,106
20260330.0,2028,4,TT,TODAS CONSOLIDADAS,TT,TODAS CONSOLIDADAS,PASCO,190000,945.5830275041742,13185.314461174521,21985.12564170715,19.2,15.69,1.5856638882114105,1.32,1.92,441010.82328646496,32573,144,493019.1691760685,43123,275,3629.0621826039524,Indicadores_ocupabilidad_2024.csv,2024-11-01,20.138070042504182,15.62,0.8660254037844387,-0.4999999999999998,19.680353767486444,19.105892796803943,19.387172127207055,441010.82328646496,493019.1691760685,3629.0621826039524,19.391139563832482,0,107
20260330.0,2028,5,TT,TODAS CONSOLIDADAS,TT,TODAS CONSOLIDADAS,PASCO,190000,976.2067286940178,13720.691101409197,22877.809903114285,19.2,15.69,1.598387306017034,1.32,1.92,496361.5669142695,32573,144,550600.07235999,43123,275,3851.7543235674416,Indicadores_ocupabilidad_2024.csv,2024-11-01,21.139593467239802,15.62,0.49999999999999994,-0.8660254037844387,20.138070042504182,19.680353767486444,19.105892796803943,496361.5669142695,550600.07235999,3851.7543235674416,19.641438868931523,0,108
20260330.0,2028,6,TT,TODAS CONSOLIDADAS,TT,TODAS CONSOLIDADAS,PASCO,190000,1007.822210665968,14277.806180097727,23806.740725198437,19.2,15.69,1.6112128169344828,1.32,1.92,558659.3165074149,32573,144,614905.9887254823,43123,275,4088.1116449967335,Indicadores_ocupabilidad_2024.csv,2024-11-01,23.233053503143925,15.62,1.2246467991473532e-16,-1.0,21.139593467239802,20.138070042504182,19.680353767486444,558659.3165074149,614905.9887254823,4088.1116449967335,20.319339092410143,0,109
20260330.0,2028,7,TT,TODAS CONSOLIDADAS,TT,TODAS CONSOLIDADAS,PASCO,190000,1040.4615932841018,14857.542365012478,24773.3898636718,19.2,15.69,1.6241412401621549,1.32,1.92,628775.982517674,32573,144,686722.3488544144,43123,275,4338.972690885141,Indicadores_ocupabilidad_2024.csv,2024-11-01,23.54661098099234,15.62,-0.4999999999999997,-0.8660254037844388,23.233053503143925,21.139593467239802,20.138070042504182,628775.982517674,686722.3488544144,4338.972690885141,21.503572337629304,0,110
20260330.0,2028,8,TT,TODAS CONSOLIDADAS,TT,TODAS CONSOLIDADAS,PASCO,190000,1074.1580366480878,15460.818163776868,25779.28883343023,19.2,15.69,1.637173401471722,1.32,1.92,707692.9078400481,32573,144,766926.3156691404,43123,275,4605.2274612627625,Indicadores_ocupabilidad_2024.csv,2024-11-01,23.46969846574368,15.62,-0.8660254037844385,-0.5000000000000004,23.54661098099234,23.233053503143925,21.139593467239802,707692.9078400481,766926.3156691404,4605.2274612627625,22.63975265045869,0,111
20260330.0,2028,9,TT,TODAS CONSOLIDADAS,TT,TODAS CONSOLIDADAS,PASCO,190000,1108.9457747823099,16088.589379107047,26826.03133501572,19.2,15.69,1.650310133260875,1.32,1.92,796514.6025484923,32573,144,856497.4980747798,43123,275,4887.820569721599,Indicadores_ocupabilidad_2024.csv,2024-11-01,23.65947500469138,15.62,-1.0,-1.8369701987210297e-16,23.46969846574368,23.54661098099234,23.233053503143925,796514.6025484923,856497.4980747798,4887.820569721599,23.416454316626645,0,112
20260330.0,2028,10,TT,TODAS CONSOLIDADAS,TT,TODAS CONSOLIDADAS,PASCO,190000,1144.8601504160488,16741.850623142203,27915.275779603013,19.2,15.69,1.6635522746064897,1.32,1.92,896484.2024619766,32573,144,956529.9158737361,43123,275,5187.754594697625,Indicadores_ocupabilidad_2024.csv,2024-11-01,22.949911727229885,15.62,-0.8660254037844386,0.5000000000000001,23.65947500469138,23.46969846574368,23.54661098099234,896484.2024619766,956529.9158737361,5187.754594697625,23.558594817142467,0,113
20260330.0,2028,11,TT,TODAS CONSOLIDADAS,TT,TODAS CONSOLIDADAS,PASCO,190000,1181.9376508900573,17421.636893262777,29048.747916510772,19.2,15.69,1.676900671318222,1.32,1.92,1009000.8678967784,32573,144,1068245.36209157,43123,275,5506.093636399428,Indicadores_ocupabilidad_2024.csv,2024-11-01,21.294187281819628,15.62,-0.5000000000000004,0.8660254037844384,22.949911727229885,23.65947500469138,23.46969846574368,1009000.8678967784,1068245.36209157,5506.093636399428,23.359695065888314,0,114
20260330.0,2028,12,TT,TODAS CONSOLIDADAS,TT,TODAS CONSOLIDADAS,PASCO,190000,1220.2159452260066,18129.02521189319,30228.243567400255,19.2,15.69,1.6903561759925314,1.32,1.92,1135639.3661154704,32573,144,1193008.3259212805,43123,275,5843.967092002613,Indicadores_ocupabilidad_2024.csv,2024-11-01,20.262593493321432,15.62,-2.4492935982947064e-16,1.0,21.294187281819628,22.949911727229885,23.65947500469138,1135639.3661154704,1193008.3259212805,5843.967092002613,22.634524671246965,0,115
20260330.0,2029,1,TT,TODAS CONSOLIDADAS,TT,TODAS CONSOLIDADAS,PASCO,190000,1269.8117937756379,19053.787696216026,31770.18778620835,19.2,15.69,1.707327487363273,1.32,1.92,1316517.274892151,32573,144,1369648.2529939292,43123,275,6295.6122674411,Indicadores_ocupabilidad_2024.csv,2024-11-01,20.16051984651612,15.62,0.49999999999999994,0.8660254037844387,20.262593493321432,21.294187281819628,22.949911727229885,1316517.274892151,1369648.2529939292,6295.6122674411,21.50223083412365,0,116
20260330.0,2029,2,TT,TODAS CONSOLIDADAS,TT,TODAS CONSOLIDADAS,PASCO,190000,1321.4234725584188,20025.722361194774,33390.78665686925,19.2,15.69,1.72446919205924,1.32,1.92,1526204.3451505569,32573,144,1572441.9487857826,43123,275,6782.162390372534,Indicadores_ocupabilidad_2024.csv,2024-11-01,20.13970896006369,15.62,0.8660254037844386,0.5000000000000001,20.16051984651612,20.262593493321432,21.294187281819628,1526204.3451505569,1572441.9487857826,6782.162390372534,20.572433540552396,0,117
20260330.0,2029,3,TT,TODAS CONSOLIDADAS,TT,TODAS CONSOLIDADAS,PASCO,190000,1375.1329152774258,21047.235462128014,35094.05235711457,19.2,15.69,1.741783000843063,1.32,1.92,1769289.1294170497,32573,144,1805261.8085675673,43123,275,7306.315054894543,Indicadores_ocupabilidad_2024.csv,2024-11-01,20.946420035469064,15.62,1.0,6.123233995736766e-17,20.13970896006369,20.16051984651612,20.262593493321432,1769289.1294170497,1805261.8085675673,7306.315054894543,20.187607433300414,0,118
20260330.0,2029,4,TT,TODAS CONSOLIDADAS,TT,TODAS CONSOLIDADAS,PASCO,190000,1431.0253858426092,22120.855997517665,36884.20172606301,19.2,15.69,1.7592706416535657,1.32,1.92,2051091.0176740033,32573,144,2072553.5845626446,43123,275,7870.976335977477,Indicadores_ocupabilidad_2024.csv,2024-11-01,21.83379324997454,15.62,0.8660254037844387,-0.4999999999999998,20.946420035469064,20.13970896006369,20.16051984651612,2051091.0176740033,2072553.5845626446,7870.976335977477,20.41554961401629,0,119
20260330.0,2029,5,TT,TODAS CONSOLIDADAS,TT,TODAS CONSOLIDADAS,PASCO,190000,1489.1896137275203,23249.24197020593,38765.66670400799,19.2,15.69,1.7769338597782167,1.32,1.92,2377776.640819075,32573,144,2379421.2786741597,43123,275,8479.27690170098,Indicadores_ocupabilidad_2024.csv,2024-11-01,21.996070887261336,15.62,0.49999999999999994,-0.8660254037844387,21.83379324997454,20.946420035469064,20.13970896006369,2377776.640819075,2379421.2786741597,8479.27690170098,20.9733074151691,0,120
20260330.0,2029,6,TT,TODAS CONSOLIDADAS,TT,TODAS CONSOLIDADAS,PASCO,190000,1549.7179348276302,24435.18696789316,40743.10530473935,19.2,15.69,1.7947744180273104,1.32,1.92,2756494.814177697,32573,144,2731724.6046509854,43123,275,9134.589370708725,Indicadores_ocupabilidad_2024.csv,2024-11-01,22.920859830969423,15.62,1.2246467991473532e-16,-1.0,21.996070887261336,21.83379324997454,20.946420035469064,2756494.814177697,2731724.6046509854,9134.589370708725,21.59209472423498,0,121
20260330.0,2029,7,TT,TODAS CONSOLIDADAS,TT,TODAS CONSOLIDADAS,PASCO,190000,1612.706438043856,25681.627079328264,42821.41314756369,19.2,15.69,1.8127940969098975,1.32,1.92,3195532.9740186003,32573,144,3136190.880756379,43123,275,9840.547011116745,Indicadores_ocupabilidad_2024.csv,2024-11-01,22.33571010024259,15.62,-0.4999999999999997,-0.8660254037844388,22.920859830969423,21.996070887261336,21.83379324997454,3195532.9740186003,3136190.880756379,9840.547011116745,22.250241322735103,0,122
20260330.0,2029,8,TT,TODAS CONSOLIDADAS,TT,TODAS CONSOLIDADAS,PASCO,190000,1678.2551178239944,26991.648163294318,45005.735577573716,19.2,15.69,1.8309946948114821,1.32,1.92,3704498.530350539,32573,144,3600543.4895572555,43123,275,10601.06388454826,Indicadores_ocupabilidad_2024.csv,2024-11-01,22.141000363989125,15.62,-0.8660254037844385,-0.5000000000000004,22.33571010024259,22.920859830969423,21.996070887261336,3704498.530350539,3600543.4895572555,10601.06388454826,22.417546939491118,0,123
20260330.0,2029,9,TT,TODAS CONSOLIDADAS,TT,TODAS CONSOLIDADAS,PASCO,190000,1746.4680329042228,28368.49348838554,47301.48040417311,19.2,15.69,1.849378028173503,1.32,1.92,4294529.1045178315,32573,144,4133649.3578052022,43123,275,11420.35654698019,Indicadores_ocupabilidad_2024.csv,2024-11-01,22.088863443341825,15.62,-1.0,-1.8369701987210297e-16,22.141000363989125,22.33571010024259,22.920859830969423,4294529.1045178315,4133649.3578052022,11420.35654698019,22.465856765067045,0,124
20260330.0,2029,10,TT,TODAS CONSOLIDADAS,TT,TODAS CONSOLIDADAS,PASCO,190000,1817.4534715026728,29815.571762489613,49714.331289394155,19.2,15.69,1.8679459316746168,1.32,1.92,4978536.252194317,32573,144,4745688.272573674,43123,275,12302.967426717949,Indicadores_ocupabilidad_2024.csv,2024-11-01,21.394110957733258,15.62,-0.8660254037844386,0.5000000000000001,22.088863443341825,22.141000363989125,22.33571010024259,4978536.252194317,4745688.272573674,12302.967426717949,22.188524635857846,0,125
20260330.0,2029,11,TT,TODAS CONSOLIDADAS,TT,TODAS CONSOLIDADAS,PASCO,190000,1891.3241232273172,31336.465571854358,52250.261819154155,19.2,15.69,1.8867002584138,1.32,1.92,5771488.0051315585,32573,144,5448347.266784458,43123,275,13253.790009113753,Indicadores_ocupabilidad_2024.csv,2024-11-01,20.32936433798906,15.62,-0.5000000000000004,0.8660254037844384,21.394110957733258,22.088863443341825,22.141000363989125,5771488.0051315585,5448347.266784458,13253.790009113753,21.8746582550214,0,126
20260330.0,2029,12,TT,TODAS CONSOLIDADAS,TT,TODAS CONSOLIDADAS,PASCO,190000,1968.1972579710794,32934.94025063158,54915.550292287335,19.2,15.69,1.9056428800952916,1.32,1.92,6690736.414482442,32573,144,6255043.785962628,43123,275,14278.095967660784,Indicadores_ocupabilidad_2024.csv,2024-11-01,19.47108233737722,15.62,-2.4492935982947064e-16,1.0,20.32936433798906,21.394110957733258,22.088863443341825,6690736.414482442,6255043.785962628,14278.095967660784,21.27077957968805,0,127
20260330.0,2030,1,TT,TODAS CONSOLIDADAS,TT,TODAS CONSOLIDADAS,PASCO,190000,2064.580471374784,34961.102734885375,58293.96321660565,19.2,15.69,1.9286252385898217,1.32,1.92,7989089.1811829675,32573,144,7382254.990777838,43123,275,15612.287857765254,Indicadores_ocupabilidad_2024.csv,2024-11-01,18.982421495534904,15.62,0.49999999999999994,0.8660254037844387,19.47108233737722,20.32936433798906,21.394110957733258,7989089.1811829675,7382254.990777838,15612.287857765254,20.398185877699845,0,128
20260330.0,2030,2,TT,TODAS CONSOLIDADAS,TT,TODAS CONSOLIDADAS,PASCO,190000,2165.6835998115985,37111.91504031256,61880.21661282039,19.2,15.69,1.9518847680104934,1.32,1.92,9539390.283966511,32573,144,8712599.082226457,43123,275,17071.150992806884,Indicadores_ocupabilidad_2024.csv,2024-11-01,18.80753186522203,15.62,0.8660254037844386,0.5000000000000001,18.982421495534904,19.47108233737722,20.32936433798906,9539390.283966511,8712599.082226457,17071.150992806884,19.594289390300393,0,129
20260330.0,2030,3,TT,TODAS CONSOLIDADAS,TT,TODAS CONSOLIDADAS,PASCO,190000,2271.7377789443954,39395.04564268411,65687.09685806361,19.2,15.69,1.9754248110830899,1.32,1.92,11390530.876056643,32573,144,10282682.305398805,43123,275,18666.335060832396,Indicadores_ocupabilidad_2024.csv,2024-11-01,19.500560382161595,15.62,1.0,6.123233995736766e-17,18.80753186522203,18.982421495534904,19.47108233737722,11390530.876056643,10282682.305398805,18666.335060832396,19.08701189937805,0,130
20260330.0,2030,4,TT,TODAS CONSOLIDADAS,TT,TODAS CONSOLIDADAS,PASCO,190000,2382.985463219176,41818.63478355531,69728.17694931416,19.2,15.69,1.9992487508472028,1.32,1.92,13600889.551239919,32573,144,12135707.656909889,43123,275,20410.57833476351,Indicadores_ocupabilidad_2024.csv,2024-11-01,19.74857546788023,15.62,0.8660254037844387,-0.4999999999999998,19.500560382161595,18.80753186522203,18.982421495534904,13600889.551239919,12135707.656909889,20410.57833476351,19.096837914306178,0,131
20260330.0,2030,5,TT,TODAS CONSOLIDADAS,TT,TODAS CONSOLIDADAS,PASCO,190000,2499.6809801492955,44391.323493367854,74017.86489636915,19.2,15.69,2.0233600111424237,1.32,1.92,16240173.403495308,32573,144,14322663.674696634,43123,275,22317.809393320746,Indicadores_ocupabilidad_2024.csv,2024-11-01,20.206962493977034,15.62,0.49999999999999994,-0.8660254037844387,19.74857546788023,19.500560382161595,18.80753186522203,16240173.403495308,14322663.674696634,22317.809393320746,19.35222257175462,0,132
20260330.0,2030,6,TT,TODAS CONSOLIDADAS,TT,TODAS CONSOLIDADAS,PASCO,190000,2622.0911117431538,47122.28440005756,78571.45509195827,19.2,15.69,2.047762057100398,1.32,1.92,19391616.34847276,32573,144,16903727.457679126,43123,275,24403.258347082345,Indicadores_ocupabilidad_2024.csv,2024-11-01,22.205936965147064,15.62,1.2246467991473532e-16,-1.0,20.206962493977034,19.74857546788023,19.500560382161595,19391616.34847276,16903727.457679126,24403.258347082345,19.818699448006285,0,133
20260330.0,2030,7,TT,TODAS CONSOLIDADAS,TT,TODAS CONSOLIDADAS,PASCO,190000,2750.4957044045723,50021.254433012255,83405.18284215526,19.2,15.69,2.0724583956428138,1.32,1.92,23154604.034303203,32573,144,19949920.521299075,43123,275,26683.57845786919,Indicadores_ocupabilidad_2024.csv,2024-11-01,22.235907650523853,15.62,-0.4999999999999997,-0.8660254037844388,22.205936965147064,20.206962493977034,19.74857546788023,23154604.034303203,19949920.521299075,26683.57845786919,20.720491642334775,0,134
20260330.0,2030,8,TT,TODAS CONSOLIDADAS,TT,TODAS CONSOLIDADAS,PASCO,190000,2885.1883087001797,53098.56953898211,88536.2822515086,19.2,15.69,2.0974525759853972,1.32,1.92,27647808.122379392,32573,144,23545063.052075207,43123,275,29176.979122642,Indicadores_ocupabilidad_2024.csv,2024-11-01,22.12083665052519,15.62,-0.8660254037844385,-0.5000000000000004,22.235907650523853,22.205936965147064,20.206962493977034,27647808.122379392,23545063.052075207,29176.979122642,21.54960236988265,0,135
20260330.0,2030,9,TT,TODAS CONSOLIDADAS,TT,TODAS CONSOLIDADAS,PASCO,190000,3026.4768504563986,56365.20153371797,93983.04766927406,19.2,15.69,2.1227481901479845,1.32,1.92,33012928.782520257,32573,144,27788080.335174102,43123,275,31903.37128384793,Indicadores_ocupabilidad_2024.csv,2024-11-01,22.055728851209683,15.62,-1.0,-1.8369701987210297e-16,22.12083665052519,22.235907650523853,22.205936965147064,33012928.782520257,27788080.335174102,31903.37128384793,22.18756042206537,0,136
20260330.0,2030,10,TT,TODAS CONSOLIDADAS,TT,TODAS CONSOLIDADAS,PASCO,190000,3174.684334720253,59832.797220728025,99764.89891582877,19.2,15.69,2.1483488734707468,1.32,1.92,39419163.42791664,32573,144,32795724.819519296,43123,275,34884.52642738457,Indicadores_ocupabilidad_2024.csv,2024-11-01,21.420432200011977,15.62,-0.8660254037844386,0.5000000000000001,22.055728851209683,22.12083665052519,22.235907650523853,39419163.42791664,32795724.819519296,34884.52642738457,22.13749105075291,0,137
20260330.0,2030,11,TT,TODAS CONSOLIDADAS,TT,TODAS CONSOLIDADAS,PASCO,190000,3330.14958419335,63513.719916626316,105902.45052182411,19.2,15.69,2.17425830513664,1.32,1.92,47068542.61835583,32573,144,38705788.72179928,43123,275,38144.250437852665,Indicadores_ocupabilidad_2024.csv,2024-11-01,20.170596149919295,15.62,-0.5000000000000004,0.8660254037844384,21.420432200011977,22.055728851209683,22.12083665052519,47068542.61835583,38705788.72179928,38144.250437852665,21.865665900582286,0,138
20260330.0,2030,12,TT,TODAS CONSOLIDADAS,TT,TODAS CONSOLIDADAS,PASCO,190000,3493.2280138271963,67421.09353112691,112417.5852269417,19.2,15.69,2.200480208700156,1.32,1.92,56202301.4077209,32573,144,45680895.56858658,43123,275,41708.57369941109,Indicadores_ocupabilidad_2024.csv,2024-11-01,18.861278746042807,15.62,-2.4492935982947064e-16,1.0,20.170596149919295,21.420432200011977,22.055728851209683,56202301.4077209,45680895.56858658,41708.57369941109,21.215585733713652,0,139
20260330.0,2025,1,TT,TODAS CONSOLIDADAS,TT,TODAS CONSOLIDADAS,PIURA,200000,1243.872,12977.49,23234.04,39.29,29.14,1.79358,1.6,2.29,116081.0,83252,29448,208928.66400000002,135034,68204,2800.3849999999998,Indicadores_ocupabilidad_2024.csv,2024-11-01,29.54484271419836,37.11,0.49999999999999994,0.8660254037844387,28.99,22.6,29.16,116081.0,208928.66400000002,2800.3849999999998,26.916666666666675,0,68
20260330.0,2025,2,TT,TODAS CONSOLIDADAS,TT,TODAS CONSOLIDADAS,PIURA,200000,1253.8229760000002,13107.2649,23466.380400000002,39.29,29.14,1.7971671599999999,1.6,2.29,119563.43000000001,83252,29448,214778.66659200002,135034,68204,2842.3907749999994,Indicadores_ocupabilidad_2024.csv,2024-11-01,26.75058233483814,37.11,0.8660254037844386,0.5000000000000001,29.54484271419836,28.99,22.6,119563.43000000001,214778.66659200002,2842.3907749999994,27.04494757139945,0,69
20260330.0,2025,3,TT,TODAS CONSOLIDADAS,TT,TODAS CONSOLIDADAS,PIURA,200000,1263.8535598080002,13238.337549,23701.044204,39.29,29.14,1.8007614943199999,1.6,2.29,123150.33290000001,83252,29448,220792.46925657603,135034,68204,2885.026636624999,Indicadores_ocupabilidad_2024.csv,2024-11-01,28.098065327600924,37.11,1.0,6.123233995736766e-17,26.75058233483814,29.54484271419836,28.99,123150.33290000001,220792.46925657603,2885.026636624999,28.428475016345498,0,70
20260330.0,2025,4,TT,TODAS CONSOLIDADAS,TT,TODAS CONSOLIDADAS,PIURA,200000,1273.9643882864643,13370.72092449,23938.05464604,39.29,29.14,1.8043630173086398,1.6,2.29,126844.842887,83252,29448,226974.65839576017,135034,68204,2928.302036174374,Indicadores_ocupabilidad_2024.csv,2024-11-01,28.635970859966843,37.11,0.8660254037844387,-0.4999999999999998,28.098065327600924,26.75058233483814,29.54484271419836,126844.842887,226974.65839576017,2928.302036174374,28.131163458879143,0,71
20260330.0,2025,5,TT,TODAS CONSOLIDADAS,TT,TODAS CONSOLIDADAS,PIURA,200000,1284.156103392756,13504.4281337349,24177.4351925004,39.29,29.14,1.8079717433432572,1.6,2.29,130650.18817361,83252,29448,233329.94883084146,135034,68204,2972.226566716989,Indicadores_ocupabilidad_2024.csv,2024-11-01,28.787190978177197,37.11,0.49999999999999994,-0.8660254037844387,28.635970859966843,28.098065327600924,26.75058233483814,130650.18817361,233329.94883084146,2972.226566716989,27.828206174135303,0,72
20260330.0,2025,6,TT,TODAS CONSOLIDADAS,TT,TODAS CONSOLIDADAS,PIURA,200000,1294.429352219898,13639.472415072249,24419.209544425405,39.29,29.14,1.8115876868299436,1.6,2.29,134569.6938188183,83252,29448,239863.18739810502,135034,68204,3016.8099652177434,Indicadores_ocupabilidad_2024.csv,2024-11-01,29.743173262983856,37.11,1.2246467991473532e-16,-1.0,28.787190978177197,28.635970859966843,28.098065327600924,134569.6938188183,239863.18739810502,3016.8099652177434,28.507075721914987,0,73
20260330.0,2025,7,TT,TODAS CONSOLIDADAS,TT,TODAS CONSOLIDADAS,PIURA,200000,1304.7847870376572,13775.867139222972,24663.40163986966,39.29,29.14,1.8152108622036036,1.6,2.29,138606.78463338286,83252,29448,246579.35664525197,135034,68204,3062.0621146960093,Indicadores_ocupabilidad_2024.csv,2024-11-01,30.01068237875872,37.11,-0.4999999999999997,-0.8660254037844388,29.743173262983856,28.787190978177197,28.635970859966843,138606.78463338286,246579.35664525197,3062.0621146960093,29.0554450337093,0,74
20260330.0,2025,8,TT,TODAS CONSOLIDADAS,TT,TODAS CONSOLIDADAS,PIURA,200000,1315.2230653339584,13913.625810615202,24910.035656268356,39.29,29.14,1.8188412839280108,1.6,2.29,142764.98817238436,83252,29448,253483.57863131905,135034,68204,3107.993046416449,Indicadores_ocupabilidad_2024.csv,2024-11-01,29.55839638731354,37.11,-0.8660254037844385,-0.5000000000000004,30.01068237875872,29.743173262983856,28.787190978177197,142764.98817238436,253483.57863131905,3107.993046416449,29.513682206639924,0,75
20260330.0,2025,9,TT,TODAS CONSOLIDADAS,TT,TODAS CONSOLIDADAS,PIURA,200000,1325.74484985663,14052.762068721355,25159.13601283104,39.29,29.14,1.822478966495867,1.6,2.29,147047.93781755588,83252,29448,260581.118832996,135034,68204,3154.6129421126957,Indicadores_ocupabilidad_2024.csv,2024-11-01,29.476706174145797,37.11,-1.0,-1.8369701987210297e-16,29.55839638731354,30.01068237875872,29.743173262983856,147047.93781755588,260581.118832996,3154.6129421126957,29.770750676352037,0,76
20260330.0,2025,10,TT,TODAS CONSOLIDADAS,TT,TODAS CONSOLIDADAS,PIURA,200000,1336.350808655483,14193.289689408568,25410.72737295935,39.29,29.14,1.8261239244288587,1.6,2.29,151459.37595208257,83252,29448,267877.3901603199,135034,68204,3201.9321362443857,Indicadores_ocupabilidad_2024.csv,2024-11-01,29.38037108256042,37.11,-0.8660254037844386,0.5000000000000001,29.476706174145797,29.55839638731354,30.01068237875872,151459.37595208257,267877.3901603199,3201.9321362443857,29.68192831340602,0,77
20260330.0,2025,11,TT,TODAS CONSOLIDADAS,TT,TODAS CONSOLIDADAS,PIURA,200000,1347.0416151247268,14335.222586302654,25664.834646688945,39.29,29.14,1.8297761722777164,1.6,2.29,156003.15723064504,83252,29448,275377.9570848089,135034,68204,3249.9611182880512,Indicadores_ocupabilidad_2024.csv,2024-11-01,29.433254427358843,37.11,-0.5000000000000004,0.8660254037844384,29.38037108256042,29.476706174145797,29.55839638731354,156003.15723064504,275377.9570848089,3249.9611182880512,29.471824548006584,0,78
20260330.0,2025,12,TT,TODAS CONSOLIDADAS,TT,TODAS CONSOLIDADAS,PIURA,200000,1357.8179480457247,14478.574812165682,25921.482993155834,39.29,29.14,1.833435724622272,1.6,2.29,160683.2519475644,83252,29448,283088.53988318355,135034,68204,3298.7105350623715,Indicadores_ocupabilidad_2024.csv,2024-11-01,29.712810100229316,37.11,-2.4492935982947064e-16,1.0,29.433254427358843,29.38037108256042,29.476706174145797,160683.2519475644,283088.53988318355,3298.7105350623715,29.43011056135502,0,79
20260330.0,2026,1,TT,TODAS CONSOLIDADAS,TT,TODAS CONSOLIDADAS,PIURA,200000,1379.6299355631313,14769.594165890212,26442.504801318268,39.29,29.14,1.8407768012636592,1.6,2.29,170468.86199117106,83252,29448,299163.43953191023,135034,68204,3398.414060984631,Indicadores_ocupabilidad_2024.csv,2024-11-01,29.05190736427554,37.11,0.49999999999999994,0.8660254037844387,29.712810100229316,29.433254427358843,29.38037108256042,170468.86199117106,299163.43953191023,3398.414060984631,29.508811870049527,0,80
20260330.0,2026,2,TT,TODAS CONSOLIDADAS,TT,TODAS CONSOLIDADAS,PIURA,200000,1401.7923108480175,15066.463008624605,26973.999147824765,39.29,29.14,1.8481472715759186,1.6,2.29,180850.41568643338,83252,29448,316151.1362822902,135034,68204,3501.1311259778904,Indicadores_ocupabilidad_2024.csv,2024-11-01,27.68831744928239,37.11,0.8660254037844386,0.5000000000000001,29.05190736427554,29.712810100229316,29.433254427358843,180850.41568643338,316151.1362822902,3501.1311259778904,29.39932396395457,0,81
20260330.0,2026,3,TT,TODAS CONSOLIDADAS,TT,TODAS CONSOLIDADAS,PIURA,200000,1424.31070252948,15369.29891509796,27516.176530696044,39.29,29.14,1.8555472532513084,1.6,2.29,191864.20600173716,83252,29448,334103.46240494377,135034,68204,3606.9528142605714,Indicadores_ocupabilidad_2024.csv,2024-11-01,28.261090822121012,37.11,1.0,6.123233995736766e-17,27.68831744928239,29.05190736427554,29.712810100229316,191864.20600173716,334103.46240494377,3606.9528142605714,28.81767830459575,0,82
20260330.0,2026,4,TT,TODAS CONSOLIDADAS,TT,TODAS CONSOLIDADAS,PIURA,200000,1447.1908296549138,15678.22182329143,28069.251678963035,39.29,29.14,1.8629768644533264,1.6,2.29,203548.73614724295,83252,29448,353075.1934141461,135034,68204,3715.972963071596,Indicadores_ocupabilidad_2024.csv,2024-11-01,28.779635813008355,37.11,0.8660254037844387,-0.4999999999999998,28.261090822121012,27.68831744928239,29.05190736427554,203548.73614724295,353075.1934141461,3715.972963071596,28.333771878559645,0,83
20260330.0,2026,5,TT,TODAS CONSOLIDADAS,TT,TODAS CONSOLIDADAS,PIURA,200000,1470.4385031424904,15993.354081939588,28633.443637710192,39.29,29.14,1.8704362238185974,1.6,2.29,215944.85417861002,83252,29448,373124.2151969749,135034,68204,3828.288245880434,Indicadores_ocupabilidad_2024.csv,2024-11-01,29.218360427264688,37.11,0.49999999999999994,-0.8660254037844387,28.779635813008355,28.261090822121012,27.68831744928239,215944.85417861002,373124.2151969749,3828.288245880434,28.243014694803918,0,84
20260330.0,2026,6,TT,TODAS CONSOLIDADAS,TT,TODAS CONSOLIDADAS,PIURA,200000,1494.0596272569715,16314.820498986574,29208.975854828168,39.29,29.14,1.8779254504587668,1.6,2.29,229095.89579808735,83252,29448,394311.7006327199,135034,68204,3943.998258112169,Indicadores_ocupabilidad_2024.csv,2024-11-01,30.224067502946315,37.11,1.2246467991473532e-16,-1.0,29.218360427264688,28.779635813008355,28.261090822121012,229095.89579808735,394311.7006327199,3943.998258112169,28.75302902079802,0,85
20260330.0,2026,7,TT,TODAS CONSOLIDADAS,TT,TODAS CONSOLIDADAS,PIURA,200000,1518.0602011092276,16642.748391016205,29796.076269510213,39.29,29.14,1.8854446639624034,1.6,2.29,243047.83585219085,83252,29448,416702.29624144826,135034,68204,4063.205605463608,Indicadores_ocupabilidad_2024.csv,2024-11-01,30.06838065866623,37.11,-0.4999999999999997,-0.8660254037844388,30.224067502946315,29.218360427264688,28.779635813008355,243047.83585219085,416702.29624144826,4063.205605463608,29.407354581073122,0,86
20260330.0,2026,8,TT,TODAS CONSOLIDADAS,TT,TODAS CONSOLIDADAS,PIURA,200000,1542.4463201798465,16977.26763367563,30394.97740252737,39.29,29.14,1.8929939843969086,1.6,2.29,257849.44905558927,83252,29448,440364.3194312226,135034,68204,4186.015994888745,Indicadores_ocupabilidad_2024.csv,2024-11-01,29.583202863876807,37.11,-0.8660254037844385,-0.5000000000000004,30.06838065866623,30.224067502946315,29.218360427264688,257849.44905558927,440364.3194312226,4186.015994888745,29.83693619629241,0,87
20260330.0,2026,9,TT,TODAS CONSOLIDADAS,TT,TODAS CONSOLIDADAS,PIURA,200000,1567.2241778672155,17318.51071311251,31005.91644831817,39.29,29.14,1.9005735323104336,1.6,2.29,273552.48050307465,83252,29448,465369.9669458051,135034,68204,4312.538328334256,Indicadores_ocupabilidad_2024.csv,2024-11-01,29.47141305753132,37.11,-1.0,-1.8369701987210297e-16,29.583202863876807,30.06838065866623,30.224067502946315,273552.48050307465,465369.9669458051,4312.538328334256,29.95855034182978,0,88
20260330.0,2026,10,TT,TODAS CONSOLIDADAS,TT,TODAS CONSOLIDADAS,PIURA,200000,1592.4000670604746,17666.612778446073,31629.135368929365,39.29,29.14,1.9081834287338044,1.6,2.29,290211.8265657119,83252,29448,491795.5351488557,135034,68204,4442.884799308158,Indicadores_ocupabilidad_2024.csv,2024-11-01,29.31481124864984,37.11,-0.8660254037844386,0.5000000000000001,29.47141305753132,29.583202863876807,30.06838065866623,290211.8265657119,491795.5351488557,4442.884799308158,29.707665526691454,0,89
20260330.0,2026,11,TT,TODAS CONSOLIDADAS,TT,TODAS CONSOLIDADAS,PIURA,200000,1617.9803817377342,18021.71169529284,32264.880989844845,39.29,29.14,1.9158237951824544,1.6,2.29,307885.7268035637,83252,29448,519721.6528167483,135034,68204,4577.170992367246,Indicadores_ocupabilidad_2024.csv,2024-11-01,29.34911009609376,37.11,-0.5000000000000004,0.8660254037844384,29.31481124864984,29.47141305753132,29.583202863876807,307885.7268035637,519721.6528167483,4577.170992367246,29.456475723352654,0,90
20260330.0,2026,12,TT,TODAS CONSOLIDADAS,TT,TODAS CONSOLIDADAS,PIURA,200000,1643.9716185899692,18383.948100368227,32913.405097740724,39.29,29.14,1.9234947536583646,1.6,2.29,326635.9675659007,83252,29448,549233.5271502945,135034,68204,4715.515985611545,Indicadores_ocupabilidad_2024.csv,2024-11-01,29.65210400204694,37.11,-2.4492935982947064e-16,1.0,29.34911009609376,29.31481124864984,29.47141305753132,326635.9675659007,549233.5271502945,4715.515985611545,29.378444800758306,0,91
20260330.0,2027,1,TT,TODAS CONSOLIDADAS,TT,TODAS CONSOLIDADAS,PIURA,200000,1683.7434217003663,18941.000111757487,33910.71418560737,39.29,29.14,1.9350588195053167,1.6,2.29,356923.940930384,83252,29448,596672.9974611647,135034,68204,4930.913093120802,Indicadores_ocupabilidad_2024.csv,2024-11-01,29.01495108143304,37.11,0.49999999999999994,0.8660254037844387,29.65210400204694,29.34911009609376,29.31481124864984,356923.940930384,596672.9974611647,4930.913093120802,29.438675115596848,0,92
20260330.0,2027,2,TT,TODAS CONSOLIDADAS,TT,TODAS CONSOLIDADAS,PIURA,200000,1724.4774046347734,19514.931356143854,34938.24273614547,39.29,29.14,1.946692408608653,1.6,2.29,390020.4272010357,83252,29448,648210.0023035714,135034,68204,5156.149190480782,Indicadores_ocupabilidad_2024.csv,2024-11-01,27.683900120188433,37.11,0.8660254037844386,0.5000000000000001,29.01495108143304,29.65210400204694,29.34911009609376,390020.4272010357,648210.0023035714,5156.149190480782,29.33872172652458,0,93
20260330.0,2027,3,TT,TODAS CONSOLIDADAS,TT,TODAS CONSOLIDADAS,PIURA,200000,1766.1968449401288,20106.253291166373,35996.90642929342,39.29,29.14,1.9583959389427472,1.6,2.29,426185.85135410615,83252,29448,704198.46192846,135034,68204,5391.673706759508,Indicadores_ocupabilidad_2024.csv,2024-11-01,28.223246177228866,37.11,1.0,6.123233995736766e-17,27.683900120188433,29.01495108143304,29.65210400204694,426185.85135410615,704198.46192846,5391.673706759508,28.783651734556134,0,94
20260330.0,2027,4,TT,TODAS CONSOLIDADAS,TT,TODAS CONSOLIDADAS,PIURA,200000,1808.925583305705,20715.492872142007,37087.648691007445,39.29,29.14,1.9701698309948383,1.6,2.29,465704.78679261834,83252,29448,765022.8660775427,135034,68204,5637.956600214507,Indicadores_ocupabilidad_2024.csv,2024-11-01,28.63412617173682,37.11,0.8660254037844387,-0.4999999999999998,28.223246177228866,27.683900120188433,29.01495108143304,465704.78679261834,765022.8660775427,5637.956600214507,28.30736579295011,0,95
20260330.0,2027,5,TT,TODAS CONSOLIDADAS,TT,TODAS CONSOLIDADAS,PIURA,200000,1852.6880371869352,21343.193021660783,38211.44153399367,39.29,29.14,1.9820145077801377,1.6,2.29,508888.19455753744,83252,29448,831100.9143910267,135034,68204,5895.489296032828,Indicadores_ocupabilidad_2024.csv,2024-11-01,28.852953828804683,37.11,0.49999999999999994,-0.8660254037844387,28.63412617173682,28.223246177228866,27.683900120188433,508888.19455753744,831100.9143910267,5895.489296032828,28.180424156384703,0,96
20260330.0,2027,6,TT,TODAS CONSOLIDADAS,TT,TODAS CONSOLIDADAS,PIURA,200000,1897.5092147588364,21989.91311341013,39369.28642391521,39.29,29.14,1.9939303948570277,1.6,2.29,556075.8701742742,83252,29448,902886.3848777934,135034,68204,6164.785666905499,Indicadores_ocupabilidad_2024.csv,2024-11-01,29.715329343476824,37.11,1.2246467991473532e-16,-1.0,28.852953828804683,28.63412617173682,28.223246177228866,556075.8701742742,902886.3848777934,6164.785666905499,28.570108725923458,0,97
20260330.0,2027,7,TT,TODAS CONSOLIDADAS,TT,TODAS CONSOLIDADAS,PIURA,200000,1943.414729207,22656.229470659575,40562.21517184627,39.29,29.14,2.005917920342351,1.6,2.29,607639.1173879241,83252,29448,980872.2501466814,135034,68204,6446.383058393031,Indicadores_ocupabilidad_2024.csv,2024-11-01,29.877558355267006,37.11,-0.4999999999999997,-0.8660254037844388,29.715329343476824,28.852953828804683,28.63412617173682,607639.1173879241,980872.2501466814,6446.383058393031,29.067469781339444,0,98
20260330.0,2027,8,TT,TODAS CONSOLIDADAS,TT,TODAS CONSOLIDADAS,PIURA,200000,1990.430813364317,23342.735879850035,41791.29085376839,39.29,29.14,2.0179775149267924,1.6,2.29,663983.6698259541,83252,29448,1065594.062798983,135034,68204,6740.843361127952,Indicadores_ocupabilidad_2024.csv,2024-11-01,29.46208956186963,37.11,-0.8660254037844385,-0.5000000000000004,29.877558355267006,29.715329343476824,28.852953828804683,663983.6698259541,1065594.062798983,6740.843361127952,29.481947175849502,0,99
20260330.0,2027,9,TT,TODAS CONSOLIDADAS,TT,TODAS CONSOLIDADAS,PIURA,200000,2038.5843347018028,24050.044119745373,43057.608757928436,39.29,29.14,2.030109611890352,1.6,2.29,725552.8835779054,83252,29448,1157633.6332306673,135034,68204,7048.754131993813,Indicadores_ocupabilidad_2024.csv,2024-11-01,29.385164432521112,37.11,-1.0,-1.8369701987210297e-16,29.46208956186963,29.877558355267006,29.715329343476824,725552.8835779054,1157633.6332306673,7048.754131993813,29.684992420204484,0,100
20260330.0,2027,10,TT,TODAS CONSOLIDADAS,TT,TODAS CONSOLIDADAS,PIURA,200000,2087.9028106820883,24778.78450661778,44362.297360902434,39.29,29.14,2.0423146471179137,1.6,2.29,792831.2258134338,83252,29448,1257623.0251009185,135034,68204,7370.729766517823,Indicadores_ocupabilidad_2024.csv,2024-11-01,29.218024151050788,37.11,-0.8660254037844386,0.5000000000000001,29.385164432521112,29.46208956186963,29.877558355267006,792831.2258134338,1257623.0251009185,7370.729766517823,29.57493744988592,0,101
20260330.0,2027,11,TT,TODAS CONSOLIDADAS,TT,TODAS CONSOLIDADAS,PIURA,200000,2138.4144244843483,25529.60645595281,45706.51933323514,39.29,29.14,2.0545930591149038,1.6,2.29,866348.086889436,83252,29448,1366248.89590508,135034,68204,7707.412724816483,Indicadores_ocupabilidad_2024.csv,2024-11-01,29.171914353339336,37.11,-0.5000000000000004,0.8660254037844384,29.218024151050788,29.385164432521112,29.46208956186963,866348.086889436,1366248.89590508,7707.412724816483,29.355092715147176,0,102
20260330.0,2027,12,TT,TODAS CONSOLIDADAS,TT,TODAS CONSOLIDADAS,PIURA,200000,2190.148041109659,26303.17906117464,47091.4725755515,39.29,29.14,2.066945289023047,1.6,2.29,946681.9459424327,83252,29448,1484257.2124600383,135034,68204,8059.474813540419,Indicadores_ocupabilidad_2024.csv,2024-11-01,29.45892406277643,37.11,-2.4492935982947064e-16,1.0,29.171914353339336,29.218024151050788,29.385164432521112,946681.9459424327,1484257.2124600383,8059.474813540419,29.25836764563708,0,103
20260330.0,2028,1,TT,TODAS CONSOLIDADAS,TT,TODAS CONSOLIDADAS,PIURA,200000,2261.078289666989,27371.193606806366,49003.57519892392,39.29,29.14,2.083530524197488,1.6,2.29,1065498.870426152,83252,29448,1657607.2081478878,135034,68204,8554.032804272016,Indicadores_ocupabilidad_2024.csv,2024-11-01,28.95898141890147,37.11,0.49999999999999994,0.8660254037844387,29.45892406277643,29.171914353339336,29.218024151050788,1065498.870426152,1657607.2081478878,8554.032804272016,29.282954189055516,0,104
20260330.0,2028,2,TT,TODAS CONSOLIDADAS,TT,TODAS CONSOLIDADAS,PIURA,200000,2334.3056889492786,28482.57382572907,50993.31685633678,39.29,29.14,2.100248839829962,1.6,2.29,1199228.3657096825,83252,29448,1851203.1697995286,135034,68204,9078.93862930487,Indicadores_ocupabilidad_2024.csv,2024-11-01,27.57382181876119,37.11,0.8660254037844386,0.5000000000000001,28.95898141890147,29.45892406277643,29.171914353339336,1199228.3657096825,1851203.1697995286,9078.93862930487,29.19660661167241,0,105
20260330.0,2028,3,TT,TODAS CONSOLIDADAS,TT,TODAS CONSOLIDADAS,PIURA,200000,2409.904634599579,29639.080538174712,53063.85000390465,39.29,29.14,2.117101303762325,1.6,2.29,1349742.0908081497,83252,29448,2067409.6728288825,135034,68204,9636.054539505485,Indicadores_ocupabilidad_2024.csv,2024-11-01,28.24886026240605,37.11,1.0,6.123233995736766e-17,27.57382181876119,28.95898141890147,29.45892406277643,1349742.0908081497,2067409.6728288825,9636.054539505485,28.663909100146366,0,106
20260330.0,2028,4,TT,TODAS CONSOLIDADAS,TT,TODAS CONSOLIDADAS,PIURA,200000,2487.951931642113,30842.546060737564,55218.455100101695,39.29,29.14,2.1340889924048296,1.6,2.29,1519146.6144323926,83252,29448,2308867.4571410166,135034,68204,10227.357060065688,Indicadores_ocupabilidad_2024.csv,2024-11-01,28.513527839541585,37.11,0.8660254037844387,-0.4999999999999998,28.24886026240605,27.57382181876119,28.95898141890147,1519146.6144323926,2308867.4571410166,10227.357060065688,28.260554500022906,0,107
20260330.0,2028,5,TT,TODAS CONSOLIDADAS,TT,TODAS CONSOLIDADAS,PIURA,200000,2568.526872512618,32094.877109413213,57460.545803170775,39.29,29.14,2.1512129908048796,1.6,2.29,1709812.8982253312,83252,29448,2578525.681052115,135034,68204,10854.944002780976,Indicadores_ocupabilidad_2024.csv,2024-11-01,28.807231885936325,37.11,0.49999999999999994,-0.8660254037844387,28.513527839541585,28.24886026240605,27.57382181876119,1709812.8982253312,2578525.681052115,10854.944002780976,28.112069973569607,0,108
20260330.0,2028,6,TT,TODAS CONSOLIDADAS,TT,TODAS CONSOLIDADAS,PIURA,200000,2651.7113176157877,33398.0578205126,59793.67437956818,39.29,29.14,2.1684743927163335,1.6,2.29,1924409.4804042438,83252,29448,2879677.9422229044,135034,68204,11521.041908627163,Indicadores_ocupabilidad_2024.csv,2024-11-01,29.699769500347514,37.11,1.2246467991473532e-16,-1.0,28.807231885936325,28.513527839541585,28.24886026240605,1924409.4804042438,2879677.9422229044,11521.041908627163,28.523206662627988,0,109
20260330.0,2028,7,TT,TODAS CONSOLIDADAS,TT,TODAS CONSOLIDADAS,PIURA,200000,2737.5897784916456,34754.152894237275,62221.537332012915,39.29,29.14,2.1858743006693655,1.6,2.29,2165939.824242499,83252,29448,3216002.505564163,135034,68204,12228.013947039948,Indicadores_ocupabilidad_2024.csv,2024-11-01,29.897404244863004,37.11,-0.4999999999999997,-0.8660254037844388,29.699769500347514,28.807231885936325,28.513527839541585,2165939.824242499,3216002.505564163,12228.013947039948,29.006843075275142,0,110
20260330.0,2028,8,TT,TODAS CONSOLIDADAS,TT,TODAS CONSOLIDADAS,PIURA,200000,2826.249503675353,36165.31086589641,64747.98125605734,39.29,29.14,2.2034138260408884,1.6,2.29,2437784.354114785,83252,29448,3591607.2294567684,135034,68204,12978.368299922337,Indicadores_ocupabilidad_2024.csv,2024-11-01,29.484010034354608,37.11,-0.8660254037844385,-0.5000000000000004,29.897404244863004,29.699769500347514,28.807231885936325,2437784.354114785,3591607.2294567684,12978.368299922337,29.468135210382282,0,111
20260330.0,2028,9,TT,TODAS CONSOLIDADAS,TT,TODAS CONSOLIDADAS,PIURA,200000,2917.780567337677,37633.76750994838,67377.0089344581,39.29,29.14,2.221094089125538,1.6,2.29,2743747.76743635,83252,29448,4011079.7390138293,135034,68204,13774.767060124512,Indicadores_ocupabilidad_2024.csv,2024-11-01,29.39099750434633,37.11,-1.0,-1.8369701987210297e-16,29.484010034354608,29.897404244863004,29.699769500347514,2743747.76743635,4011079.7390138293,13774.767060124512,29.693727926521706,0,112
20260330.0,2028,10,TT,TODAS CONSOLIDADAS,TT,TODAS CONSOLIDADAS,PIURA,200000,3012.2759607961716,39161.84938226,70112.78567900293,39.29,29.14,2.23891621920723,1.6,2.29,3088112.2846674435,83252,29448,4479543.459199651,135034,68204,14620.035675966039,Indicadores_ocupabilidad_2024.csv,2024-11-01,29.287817336836124,37.11,-0.8660254037844386,0.5000000000000001,29.39099750434633,29.484010034354608,29.897404244863004,3088112.2846674435,4479543.459199651,14620.035675966039,29.590803927854648,0,113
20260330.0,2028,11,TT,TODAS CONSOLIDADAS,TT,TODAS CONSOLIDADAS,PIURA,200000,3109.831686990045,40751.97750619578,72959.64592984102,39.29,29.14,2.2568813546312905,1.6,2.29,3475697.582662436,83252,29448,5002720.192192418,135034,68204,15517.172975307481,Indicadores_ocupabilidad_2024.csv,2024-11-01,29.333306956740284,37.11,-0.5000000000000004,0.8660254037844384,29.287817336836124,29.39099750434633,29.484010034354608,3475697.582662436,5002720.192192418,15517.172975307481,29.38760829184569,0,114
20260330.0,2028,12,TT,TODAS CONSOLIDADAS,TT,TODAS CONSOLIDADAS,PIURA,200000,3210.546858014696,42406.67120837713,75922.10012277274,39.29,29.14,2.2749906428771656,1.6,2.29,3911928.2501822757,83252,29448,5587000.003308661,135034,68204,16469.36180473464,Indicadores_ocupabilidad_2024.csv,2024-11-01,29.627964660505906,37.11,-2.4492935982947064e-16,1.0,29.333306956740284,29.287817336836124,29.39099750434633,3911928.2501822757,5587000.003308661,16469.36180473464,29.33737393264091,0,115
20260330.0,2029,1,TT,TODAS CONSOLIDADAS,TT,TODAS CONSOLIDADAS,PIURA,200000,3341.03998618153,44569.83763129068,79794.8902537326,39.29,29.14,2.297831731112976,1.6,2.29,4534997.000958077,83252,29448,6414225.808608238,135034,68204,17742.18002642492,Indicadores_ocupabilidad_2024.csv,2024-11-01,29.021127723604927,37.11,0.49999999999999994,0.8660254037844387,29.627964660505906,29.333306956740284,29.287817336836124,4534997.000958077,6414225.808608238,17742.18002642492,29.416362984694103,0,116
20260330.0,2029,2,TT,TODAS CONSOLIDADAS,TT,TODAS CONSOLIDADAS,PIURA,200000,3476.837025878655,46843.347281811686,83865.23160329951,39.29,29.14,2.320902145703789,1.6,2.29,5257304.450238951,83252,29448,7363932.826105466,135034,68204,19113.366736504417,Indicadores_ocupabilidad_2024.csv,2024-11-01,27.746591514725267,37.11,0.8660254037844386,0.5000000000000001,29.021127723604927,29.627964660505906,29.333306956740284,5257304.450238951,7363932.826105466,19113.366736504417,29.32746644695037,0,117
20260330.0,2029,3,TT,TODAS CONSOLIDADAS,TT,TODAS CONSOLIDADAS,PIURA,200000,3618.153555335488,49232.828773508605,88143.20126903194,39.29,29.14,2.344204189104573,1.6,2.29,6094656.749864031,83252,29448,8454255.943814356,135034,68204,20590.524245611898,Indicadores_ocupabilidad_2024.csv,2024-11-01,28.066198634219425,37.11,1.0,6.123233995736766e-17,27.746591514725267,29.021127723604927,29.627964660505906,6094656.749864031,8454255.943814356,20590.524245611898,28.798561299612032,0,118
20260330.0,2029,4,TT,TODAS CONSOLIDADAS,TT,TODAS CONSOLIDADAS,PIURA,200000,3765.2139149888703,51744.19783581001,92639.39038173965,39.29,29.14,2.3677401868871293,1.6,2.29,7065377.561874871,83252,29448,9706015.148609221,135034,68204,22181.842401391074,Indicadores_ocupabilidad_2024.csv,2024-11-01,28.61052844079218,37.11,0.8660254037844387,-0.4999999999999998,28.066198634219425,27.746591514725267,29.021127723604927,7065377.561874871,9706015.148609221,22181.842401391074,28.277972624183207,0,119
20260330.0,2029,5,TT,TODAS CONSOLIDADAS,TT,TODAS CONSOLIDADAS,PIURA,200000,3918.251563624223,54383.671959798994,97364.93032634567,39.29,29.14,2.391512487972186,1.6,2.29,8190709.032622483,83252,29448,11143113.088971362,135034,68204,23896.143995702765,Indicadores_ocupabilidad_2024.csv,2024-11-01,28.846953017514466,37.11,0.49999999999999994,-0.8660254037844387,28.61052844079218,28.066198634219425,27.746591514725267,8190709.032622483,11143113.088971362,23896.143995702765,28.14110619657896,0,120
20260330.0,2029,6,TT,TODAS CONSOLIDADAS,TT,TODAS CONSOLIDADAS,PIURA,200000,4077.509448992103,57157.78579109031,102331.52030027559,39.29,29.14,2.4155234648638233,1.6,2.29,9495276.631654078,83252,29448,12792991.501913851,135034,68204,25742.93368108823,Indicadores_ocupabilidad_2024.csv,2024-11-01,29.76446640270442,37.11,1.2246467991473532e-16,-1.0,28.846953017514466,28.61052844079218,28.066198634219425,9495276.631654078,12792991.501913851,25742.93368108823,28.507893364175356,0,121
20260330.0,2029,7,TT,TODAS CONSOLIDADAS,TT,TODAS CONSOLIDADAS,PIURA,200000,4243.240393488527,60073.4073078989,107551.45627760183,39.29,29.14,2.4397755138862522,1.6,2.29,11007628.027383205,83252,29448,14687155.219668312,135034,68204,27732.45066769265,Indicadores_ocupabilidad_2024.csv,2024-11-01,29.94822995914872,37.11,-0.4999999999999997,-0.8660254037844388,29.76446640270442,28.846953017514466,28.61052844079218,11007628.027383205,14687155.219668312,27732.45066769265,29.073982620337024,0,122
20260330.0,2029,8,TT,TODAS CONSOLIDADAS,TT,TODAS CONSOLIDADAS,PIURA,200000,4415.707495511321,63137.75482435254,113037.66145065027,39.29,29.14,2.464271055422971,1.6,2.29,12760857.7916834,83252,29448,16861773.76216964,135034,68204,29875.725492817834,Indicadores_ocupabilidad_2024.csv,2024-11-01,29.533127256576833,37.11,-0.8660254037844385,-0.5000000000000004,29.94822995914872,29.76446640270442,28.846953017514466,12760857.7916834,16861773.76216964,29875.725492817834,29.51988312645587,0,123
20260330.0,2029,9,TT,TODAS CONSOLIDADAS,TT,TODAS CONSOLIDADAS,PIURA,200000,4595.184547129662,66358.4148611443,118803.7182244348,39.29,29.14,2.4890125341583227,1.6,2.29,14793331.603727717,83252,29448,19358372.002894472,135034,68204,32184.641177853275,Indicadores_ocupabilidad_2024.csv,2024-11-01,29.51489606661739,37.11,-1.0,-1.8369701987210297e-16,29.533127256576833,29.94822995914872,29.76446640270442,14793331.603727717,19358372.002894472,32184.641177853275,29.748607872809988,0,124
20260330.0,2029,10,TT,TODAS CONSOLIDADAS,TT,TODAS CONSOLIDADAS,PIURA,200000,4781.956468729848,69743.36092776786,124863.90184312951,39.29,29.14,2.5140024193214754,1.6,2.29,17149525.800724383,83252,29448,22224623.096486684,135034,68204,34671.99911165969,Indicadores_ocupabilidad_2024.csv,2024-11-01,29.410249878044922,37.11,-0.8660254037844386,0.5000000000000001,29.51489606661739,29.533127256576833,29.94822995914872,17149525.800724383,22224623.096486684,34671.99911165969,29.66541776078098,0,125
20260330.0,2029,11,TT,TODAS CONSOLIDADAS,TT,TODAS CONSOLIDADAS,PIURA,200000,4976.319761327313,73300.97326283569,131233.21573182906,39.29,29.14,2.5392432049328573,1.6,2.29,19881000.64731873,83252,29448,25515258.809317034,135034,68204,37351.59002568422,Indicadores_ocupabilidad_2024.csv,2024-11-01,29.422943117023237,37.11,-0.5000000000000004,0.8660254037844384,29.410249878044922,29.51489606661739,29.533127256576833,19881000.64731873,25515258.809317034,37351.59002568422,29.486091067079713,0,126
20260330.0,2029,12,TT,TODAS CONSOLIDADAS,TT,TODAS CONSOLIDADAS,PIURA,200000,5178.582977262927,77040.05958135171,137927.42864109378,39.29,29.14,2.5647374100530604,1.6,2.29,23047528.62157812,83252,29448,29293114.635961875,135034,68204,40238.270454316764,Indicadores_ocupabilidad_2024.csv,2024-11-01,29.75958972844722,37.11,-2.4492935982947064e-16,1.0,29.422943117023237,29.410249878044922,29.51489606661739,23047528.62157812,29293114.635961875,40238.270454316764,29.44936302056185,0,127
20260330.0,2030,1,TT,TODAS CONSOLIDADAS,TT,TODAS CONSOLIDADAS,PIURA,200000,5432.179747711053,81779.5756491065,146412.74482310258,39.29,29.14,2.5956685541923155,1.6,2.29,27519954.479913216,83252,29448,34571978.888789974,135034,68204,43998.26578097481,Indicadores_ocupabilidad_2024.csv,2024-11-01,29.208727769901223,37.11,0.49999999999999994,0.8660254037844387,29.75958972844722,29.422943117023237,29.410249878044922,27519954.479913216,34571978.888789974,43998.26578097481,29.530927574505128,0,128
20260330.0,2030,2,TT,TODAS CONSOLIDADAS,TT,TODAS CONSOLIDADAS,PIURA,200000,5698.195228502161,86810.66745912541,155420.07893452566,39.29,29.14,2.626972732886302,1.6,2.29,32860264.847113922,83252,29448,40802138.630202815,135034,68204,48109.60734336486,Indicadores_ocupabilidad_2024.csv,2024-11-01,28.046006677423684,37.11,0.8660254037844386,0.5000000000000001,29.208727769901223,29.75958972844722,29.422943117023237,32860264.847113922,40802138.630202815,48109.60734336486,29.463753538457226,0,129
20260330.0,2030,3,TT,TODAS CONSOLIDADAS,TT,TODAS CONSOLIDADAS,PIURA,200000,5977.237567627685,92151.27279498415,164981.54559699702,39.29,29.14,2.658654444991526,1.6,2.29,39236874.70524755,83252,29448,48155025.2634832,135034,68204,52605.126080527676,Indicadores_ocupabilidad_2024.csv,2024-11-01,28.273641714860094,37.11,1.0,6.123233995736766e-17,28.046006677423684,29.208727769901223,29.75958972844722,39236874.70524755,48155025.2634832,52605.126080527676,29.004774725257377,0,130
20260330.0,2030,4,TT,TODAS CONSOLIDADAS,TT,TODAS CONSOLIDADAS,PIURA,200000,6269.944694269645,97820.43297540542,175131.23512851004,39.29,29.14,2.6907182436214225,1.6,2.29,46850880.35042147,83252,29448,56832963.564566426,135034,68204,57520.72076160627,Indicadores_ocupabilidad_2024.csv,2024-11-01,28.729965866355233,37.11,0.8660254037844387,-0.4999999999999998,28.273641714860094,28.046006677423684,29.208727769901223,46850880.35042147,56832963.564566426,57520.72076160627,28.509458720728333,0,131
20260330.0,2030,5,TT,TODAS CONSOLIDADAS,TT,TODAS CONSOLIDADAS,PIURA,200000,6576.985777194523,103838.3607439074,185905.33508855515,39.29,29.14,2.7231687368007047,1.6,2.29,55942401.276826166,83252,29448,67074738.92617164,135034,68204,62895.64465390394,Indicadores_ocupabilidad_2024.csv,2024-11-01,29.37507044675567,37.11,0.49999999999999994,-0.8660254037844387,28.729965866355233,28.273641714860094,28.046006677423684,55942401.276826166,67074738.92617164,62895.64465390394,28.349871419546336,0,132
20260330.0,2030,6,TT,TODAS CONSOLIDADAS,TT,TODAS CONSOLIDADAS,PIURA,200000,6899.062754565143,110226.51233503356,197342.25930073246,39.29,29.14,2.7560105881276025,1.6,2.29,66798152.71794115,83252,29448,79162167.86588766,135034,68204,68772.81897814118,Indicadores_ocupabilidad_2024.csv,2024-11-01,30.50249477488097,37.11,1.2246467991473532e-16,-1.0,29.37507044675567,28.729965866355233,28.273641714860094,66798152.71794115,79162167.86588766,68772.81897814118,28.79289267599033,0,133
20260330.0,2030,7,TT,TODAS CONSOLIDADAS,TT,TODAS CONSOLIDADAS,PIURA,200000,7236.911938667894,117007.66397410783,209482.78481285516,39.29,29.14,2.789248517444087,1.6,2.29,79760487.6567525,83252,29448,93427852.59476899,135034,68204,75199.17565399501,Indicadores_ocupabilidad_2024.csv,2024-11-01,30.352394053761678,37.11,-0.4999999999999997,-0.8660254037844388,30.50249477488097,29.37507044675567,28.729965866355233,79760487.6567525,93427852.59476899,75199.17565399501,29.53584369599729,0,134
20260330.0,2030,8,TT,TODAS CONSOLIDADAS,TT,TODAS CONSOLIDADAS,PIURA,200000,7591.305699223927,124205.99308326616,222370.19728285892,39.29,29.14,2.8228873015141804,1.6,2.29,95238193.45881829,83252,29448,110264333.02404869,135034,68204,82226.03207290021,Indicadores_ocupabilidad_2024.csv,2024-11-01,30.07388911938081,37.11,-0.8660254037844385,-0.5000000000000004,30.352394053761678,30.50249477488097,29.37507044675567,95238193.45881829,110264333.02404869,82226.03207290021,30.07665309179944,0,135
20260330.0,2030,9,TT,TODAS CONSOLIDADAS,TT,TODAS CONSOLIDADAS,PIURA,200000,7963.054229132614,131847.1644832955,236050.4453088745,39.29,29.14,2.8569317747104446,1.6,2.29,113719383.61677517,83252,29448,130134888.04000458,135034,68204,89909.5008908442,Indicadores_ocupabilidad_2024.csv,2024-11-01,29.87799088356309,37.11,-1.0,-1.8369701987210297e-16,30.07388911938081,30.352394053761678,30.50249477488097,113719383.61677517,130134888.04000458,89909.5008908442,30.309592649341152,0,136
20260330.0,2030,10,TT,TODAS CONSOLIDADAS,TT,TODAS CONSOLIDADAS,PIURA,200000,8353.007396683992,139958.42189862268,250572.30425370962,39.29,29.14,2.8913868297087486,1.6,2.29,135786891.16747275,83252,29448,153586283.25889367,135034,68204,98310.93811353837,Indicadores_ocupabilidad_2024.csv,2024-11-01,29.71941659369377,37.11,-0.8660254037844386,0.5000000000000001,29.87799088356309,30.07388911938081,30.352394053761678,135786891.16747275,153586283.25889367,98310.93811353837,30.10142468556852,0,137
20260330.0,2030,11,TT,TODAS CONSOLIDADAS,TT,TODAS CONSOLIDADAS,PIURA,200000,8762.056688474613,148568.68509170425,265987.55014783744,39.29,29.14,2.9262574181914167,1.6,2.29,162136649.23705423,83252,29448,181263816.03394273,135034,68204,107497.43305213028,Indicadores_ocupabilidad_2024.csv,2024-11-01,29.644768684788808,37.11,-0.5000000000000004,0.8660254037844384,29.71941659369377,29.87799088356309,30.07388911938081,162136649.23705423,181263816.03394273,107497.43305213028,29.89043219887922,0,138
20260330.0,2030,12,TT,TODAS CONSOLIDADAS,TT,TODAS CONSOLIDADAS,PIURA,200000,9191.13724746857,157708.65297313847,282351.1442909235,39.29,29.14,2.9615485515588555,1.6,2.29,193599638.37302157,83252,29448,213929071.69842863,135034,68204,117542.34406197675,Indicadores_ocupabilidad_2024.csv,2024-11-01,29.963560296212787,37.11,-2.4492935982947064e-16,1.0,29.644768684788808,29.71941659369377,29.87799088356309,193599638.37302157,213929071.69842863,117542.34406197675,29.747392054015222,0,139
20260330.0,2025,1,TT,TODAS CONSOLIDADAS,TT,TODAS CONSOLIDADAS,PUNO,210000,1028.16,11575.61,20132.33,22.59,19.75,1.27254,1.28,1.22,98971.67,75072,21017,131313.636,96315,31422,2196.4599999999996,Indicadores_ocupabilidad_2024.csv,2024-11-01,22.359481040725566,21.62,0.49999999999999994,0.8660254037844387,22.4,22.08,23.87,98971.67,131313.636,2196.4599999999996,22.78333333333333,0,68
20260330.0,2025,2,TT,TODAS CONSOLIDADAS,TT,TODAS CONSOLIDADAS,PUNO,210000,1036.3852800000002,11691.366100000001,20333.6533,22.59,19.75,1.27508508,1.28,1.22,101940.8201,75072,21017,134990.417808,96315,31422,2229.4068999999995,Indicadores_ocupabilidad_2024.csv,2024-11-01,22.21177811505543,21.62,0.8660254037844386,0.5000000000000001,22.359481040725566,22.4,22.08,101940.8201,134990.417808,2229.4068999999995,22.279827013575186,0,69
20260330.0,2025,3,TT,TODAS CONSOLIDADAS,TT,TODAS CONSOLIDADAS,PUNO,210000,1044.6763622400001,11808.279761000002,20536.989833000003,22.59,19.75,1.27763525016,1.28,1.22,104999.044703,75072,21017,138770.149506624,96315,31422,2262.8480034999993,Indicadores_ocupabilidad_2024.csv,2024-11-01,22.59327102060388,21.62,1.0,6.123233995736766e-17,22.21177811505543,22.359481040725566,22.4,104999.044703,138770.149506624,2262.8480034999993,22.323753051926996,0,70
20260330.0,2025,4,TT,TODAS CONSOLIDADAS,TT,TODAS CONSOLIDADAS,PUNO,210000,1053.0337731379202,11926.362558610002,20742.359731330005,22.59,19.75,1.28019052066032,1.28,1.22,108149.01604409,75072,21017,142655.71369280948,96315,31422,2296.790723552499,Indicadores_ocupabilidad_2024.csv,2024-11-01,22.712644380565685,21.62,0.8660254037844387,-0.4999999999999998,22.59327102060388,22.21177811505543,22.359481040725566,108149.01604409,142655.71369280948,2296.790723552499,22.388176725461623,0,71
20260330.0,2025,5,TT,TODAS CONSOLIDADAS,TT,TODAS CONSOLIDADAS,PUNO,210000,1061.4580433230235,12045.626184196102,20949.783328643305,22.59,19.75,1.2827509017016405,1.28,1.22,111393.4865254127,75072,21017,146650.07367620815,96315,31422,2331.242584405786,Indicadores_ocupabilidad_2024.csv,2024-11-01,22.686447928679694,21.62,0.49999999999999994,-0.8660254037844387,22.712644380565685,22.59327102060388,22.21177811505543,111393.4865254127,146650.07367620815,2331.242584405786,22.505897838741664,0,72
20260330.0,2025,6,TT,TODAS CONSOLIDADAS,TT,TODAS CONSOLIDADAS,PUNO,210000,1069.9497076696077,12166.082446038063,21159.28116192974,22.59,19.75,1.2853164035050437,1.28,1.22,114735.29112117509,75072,21017,150756.27573914197,96315,31422,2366.211223171873,Indicadores_ocupabilidad_2024.csv,2024-11-01,23.466680663119206,21.62,1.2246467991473532e-16,-1.0,22.686447928679694,22.712644380565685,22.59327102060388,114735.29112117509,150756.27573914197,2366.211223171873,22.66412110994975,0,73
20260330.0,2025,7,TT,TODAS CONSOLIDADAS,TT,TODAS CONSOLIDADAS,PUNO,210000,1078.5093053309647,12287.743270498444,21370.873973549038,22.59,19.75,1.2878870363120538,1.28,1.22,118177.34985481035,75072,21017,154977.45145983796,96315,31422,2401.704391519451,Indicadores_ocupabilidad_2024.csv,2024-11-01,23.514851836752726,21.62,-0.4999999999999997,-0.8660254037844388,23.466680663119206,22.686447928679694,22.712644380565685,118177.34985481035,154977.45145983796,2401.704391519451,22.955257657454865,0,74
20260330.0,2025,8,TT,TODAS CONSOLIDADAS,TT,TODAS CONSOLIDADAS,PUNO,210000,1087.1373797736123,12410.620703203429,21584.58271328453,22.59,19.75,1.290462810384678,1.28,1.22,121722.67035045466,75072,21017,159316.82010071343,96315,31422,2437.7299573922423,Indicadores_ocupabilidad_2024.csv,2024-11-01,23.444093188502567,21.62,-0.8660254037844385,-0.5000000000000004,23.514851836752726,23.466680663119206,22.686447928679694,121722.67035045466,159316.82010071343,2437.7299573922423,23.222660142850543,0,75
20260330.0,2025,9,TT,TODAS CONSOLIDADAS,TT,TODAS CONSOLIDADAS,PUNO,210000,1095.8344788118013,12534.726910235464,21800.428540417375,22.59,19.75,1.2930437360054474,1.28,1.22,125374.3504609683,75072,21017,163777.69106353342,96315,31422,2474.2959067531256,Indicadores_ocupabilidad_2024.csv,2024-11-01,23.463161824168356,21.62,-1.0,-1.8369701987210297e-16,23.444093188502567,23.514851836752726,23.466680663119206,125374.3504609683,163777.69106353342,2474.2959067531256,23.475208562791497,0,76
20260330.0,2025,10,TT,TODAS CONSOLIDADAS,TT,TODAS CONSOLIDADAS,PUNO,210000,1104.6011546422958,12660.074179337818,22018.43282582155,22.59,19.75,1.2956298234774584,1.28,1.22,129135.58097479735,75072,21017,168363.46641331236,96315,31422,2511.410345354422,Indicadores_ocupabilidad_2024.csv,2024-11-01,22.689146279498047,21.62,-0.8660254037844386,0.5000000000000001,23.463161824168356,23.444093188502567,23.514851836752726,129135.58097479735,168363.46641331236,2511.410345354422,23.47403561647455,0,77
20260330.0,2025,11,TT,TODAS CONSOLIDADAS,TT,TODAS CONSOLIDADAS,PUNO,210000,1113.4379638794342,12786.674921131196,22238.617154079766,22.59,19.75,1.2982210831244132,1.28,1.22,133009.64840404128,75072,21017,173077.6434728851,96315,31422,2549.081500534738,Indicadores_ocupabilidad_2024.csv,2024-11-01,20.71699895776095,21.62,-0.5000000000000004,0.8660254037844384,22.689146279498047,23.463161824168356,23.444093188502567,133009.64840404128,173077.6434728851,2549.081500534738,23.198800430722986,0,78
20260330.0,2025,12,TT,TODAS CONSOLIDADAS,TT,TODAS CONSOLIDADAS,PUNO,210000,1122.3454675904698,12914.541670342509,22461.003325620564,22.59,19.75,1.300817525290662,1.28,1.22,136999.93785616252,75072,21017,177923.8174901259,96315,31422,2587.317723042759,Indicadores_ocupabilidad_2024.csv,2024-11-01,20.196427648722555,21.62,-2.4492935982947064e-16,1.0,20.71699895776095,22.689146279498047,23.463161824168356,136999.93785616252,177923.8174901259,2587.317723042759,22.289769020475784,0,79
20260330.0,2026,1,TT,TODAS CONSOLIDADAS,TT,TODAS CONSOLIDADAS,PUNO,210000,1140.374825181843,13174.123957916394,22912.469492465538,22.59,19.75,1.3060259986619256,1.28,1.22,145343.2340716028,75072,21017,188027.0435424852,96315,31422,2665.5194012217257,Indicadores_ocupabilidad_2024.csv,2024-11-01,20.156773828508374,21.62,0.49999999999999994,0.8660254037844387,20.196427648722555,20.71699895776095,22.689146279498047,145343.2340716028,188027.0435424852,2665.5194012217257,21.20085762866052,0,80
20260330.0,2026,2,TT,TODAS CONSOLIDADAS,TT,TODAS CONSOLIDADAS,PUNO,210000,1158.6938063735643,13438.923849470513,23373.010129264094,22.59,19.75,1.3112553267605678,1.28,1.22,154194.6370265634,75072,21017,198703.97118300165,96315,31422,2746.084725123652,Indicadores_ocupabilidad_2024.csv,2024-11-01,20.081463702035215,21.62,0.8660254037844386,0.5000000000000001,20.156773828508374,20.196427648722555,20.71699895776095,154194.6370265634,198703.97118300165,2746.084725123652,20.356733478330625,0,81
20260330.0,2026,3,TT,TODAS CONSOLIDADAS,TT,TODAS CONSOLIDADAS,PUNO,210000,1177.3070636791492,13709.046218844871,23842.807632862303,22.59,19.75,1.316505593088917,1.28,1.22,163585.09042148112,75072,21017,209987.1774826572,96315,31422,2829.0851359405133,Indicadores_ocupabilidad_2024.csv,2024-11-01,20.909063381603367,21.62,1.0,6.123233995736766e-17,20.081463702035215,20.156773828508374,20.196427648722555,163585.09042148112,209987.1774826572,2829.0851359405133,20.144888393088713,0,82
20260330.0,2026,4,TT,TODAS CONSOLIDADAS,TT,TODAS CONSOLIDADAS,PUNO,210000,1196.2193243500913,13984.598047843652,24322.048066282834,22.59,19.75,1.3217768814836448,1.28,1.22,173547.42242814932,75072,21017,221911.08936883238,96315,31422,2914.5942341743144,Indicadores_ocupabilidad_2024.csv,2024-11-01,21.767432601589682,21.62,0.8660254037844387,-0.4999999999999998,20.909063381603367,20.081463702035215,20.156773828508374,173547.42242814932,221911.08936883238,2914.5942341743144,20.38243363738232,0,83
20260330.0,2026,5,TT,TODAS CONSOLIDADAS,TT,TODAS CONSOLIDADAS,PUNO,210000,1215.4353915764511,14265.688468605309,24810.92123241512,22.59,19.75,1.3270692761171052,1.28,1.22,184116.46045402362,75072,21017,234512.08866755216,96315,31422,3002.687844902232,Indicadores_ocupabilidad_2024.csv,2024-11-01,22.043649254385866,21.62,0.49999999999999994,-0.8660254037844387,21.767432601589682,20.909063381603367,20.081463702035215,184116.46045402362,234512.08866755216,3002.687844902232,20.91931989507609,0,84
20260330.0,2026,6,TT,TODAS CONSOLIDADAS,TT,TODAS CONSOLIDADAS,PUNO,210000,1234.9601457067354,14552.428806824275,25309.620749186663,22.59,19.75,1.332382861498678,1.28,1.22,195329.15289567364,75072,21017,247828.62311045043,96315,31422,3093.444085014401,Indicadores_ocupabilidad_2024.csv,2024-11-01,23.07030005853848,21.62,1.2246467991473532e-16,-1.0,22.043649254385866,21.767432601589682,20.909063381603367,195329.15289567364,247828.62311045043,3093.444085014401,21.57338174585964,0,85
20260330.0,2026,7,TT,TODAS CONSOLIDADAS,TT,TODAS CONSOLIDADAS,PUNO,210000,1254.7985454873685,14844.932625841442,25818.344126245316,22.59,19.75,1.3377177224761185,1.28,1.22,207224.69830702015,75072,21017,261901.32364515422,96315,31422,3186.9434324839604,Indicadores_ocupabilidad_2024.csv,2024-11-01,22.681118047622164,21.62,-0.4999999999999997,-0.8660254037844388,23.07030005853848,22.043649254385866,21.767432601589682,207224.69830702015,261901.32364515422,3186.9434324839604,22.29379397150468,0,86
20260330.0,2026,8,TT,TODAS CONSOLIDADAS,TT,TODAS CONSOLIDADAS,PUNO,210000,1274.9556293220778,15143.315771620855,26337.292843182848,22.59,19.75,1.3430739442369128,1.28,1.22,219844.68243391768,75072,21017,276773.12840702065,96315,31422,3283.2687977307874,Indicadores_ocupabilidad_2024.csv,2024-11-01,22.19373947012325,21.62,-0.8660254037844385,-0.5000000000000004,22.681118047622164,23.07030005853848,22.043649254385866,219844.68243391768,276773.12840702065,3283.2687977307874,22.59835578684884,0,87
20260330.0,2026,9,TT,TODAS CONSOLIDADAS,TT,TODAS CONSOLIDADAS,PUNO,210000,1295.4365165515078,15447.696418630434,26866.67242933082,22.59,19.75,1.3484516123096373,1.28,1.22,233233.22359414326,75072,21017,292489.4137304849,96315,31422,3382.5055971421993,Indicadores_ocupabilidad_2024.csv,2024-11-01,22.170029515162003,21.62,-1.0,-1.8369701987210297e-16,22.19373947012325,22.681118047622164,23.07030005853848,233233.22359414326,292489.4137304849,3382.5055971421993,22.648385858761298,0,88
20260330.0,2026,10,TT,TODAS CONSOLIDADAS,TT,TODAS CONSOLIDADAS,PUNO,210000,1316.2464087533913,15758.195116644905,27406.69254516037,22.59,19.75,1.353850812565325,1.28,1.22,247437.12691102657,75072,21017,309098.13259975676,96315,31422,3484.7418288158215,Indicadores_ocupabilidad_2024.csv,2024-11-01,21.732873631383185,21.62,-0.8660254037844386,0.5000000000000001,22.170029515162003,22.19373947012325,22.681118047622164,247437.12691102657,309098.13259975676,3484.7418288158215,22.348295677635804,0,89
20260330.0,2026,11,TT,TODAS CONSOLIDADAS,TT,TODAS CONSOLIDADAS,PUNO,210000,1337.3905910636058,16074.934838489467,27957.567065318093,22.59,19.75,1.3592716312188364,1.28,1.22,262506.04793990805,75072,21017,326649.96096130135,96315,31422,3590.0681505917787,Indicadores_ocupabilidad_2024.csv,2024-11-01,20.695430093866445,21.62,-0.5000000000000004,0.8660254037844384,21.732873631383185,22.170029515162003,22.19373947012325,262506.04793990805,326649.96096130135,3590.0681505917787,22.032214205556144,0,90
20260330.0,2026,12,TT,TODAS CONSOLIDADAS,TT,TODAS CONSOLIDADAS,PUNO,210000,1358.8744335184517,16398.041028743104,28519.514163330987,22.59,19.75,1.3647141548302366,1.28,1.22,278492.66625944845,75072,21017,345198.4523445279,96315,31422,3698.577960443414,Indicadores_ocupabilidad_2024.csv,2024-11-01,20.548430624582732,21.62,-2.4492935982947064e-16,1.0,20.695430093866445,21.732873631383185,22.170029515162003,278492.66625944845,345198.4523445279,3698.577960443414,21.532777746803877,0,91
20260330.0,2027,1,TT,TODAS CONSOLIDADAS,TT,TODAS CONSOLIDADAS,PUNO,210000,1391.74901955784,16894.918069955052,29383.683961994084,22.59,19.75,1.3729188272467892,1.28,1.22,304316.45572368836,75072,21017,375014.6068978084,96315,31422,3867.522991487282,Indicadores_ocupabilidad_2024.csv,2024-11-01,21.33740168123432,21.62,0.49999999999999994,0.8660254037844387,20.548430624582732,20.695430093866445,21.732873631383185,304316.45572368836,375014.6068978084,3867.522991487282,20.992244783277453,0,92
20260330.0,2027,2,TT,TODAS CONSOLIDADAS,TT,TODAS CONSOLIDADAS,PUNO,210000,1425.4189244144811,17406.850982392763,30274.03896972647,22.59,19.75,1.3811728262195473,1.28,1.22,332534.8077135788,75072,21017,407406.10055329854,96315,31422,4044.1851570135586,Indicadores_ocupabilidad_2024.csv,2024-11-01,21.399995997257832,21.62,0.8660254037844386,0.5000000000000001,21.33740168123432,20.548430624582732,20.695430093866445,332534.8077135788,407406.10055329854,4044.1851570135586,20.8604207998945,0,93
20260330.0,2027,3,TT,TODAS CONSOLIDADAS,TT,TODAS CONSOLIDADAS,PUNO,210000,1459.9033888484055,17934.29597401025,31191.372624548156,22.59,19.75,1.3894764483001616,1.28,1.22,363369.7628284358,75072,21017,442595.37552699633,96315,31422,4228.916963185056,Indicadores_ocupabilidad_2024.csv,2024-11-01,21.85041579749458,21.62,1.0,6.123233995736766e-17,21.399995997257832,21.33740168123432,20.548430624582732,363369.7628284358,442595.37552699633,4228.916963185056,21.09527610102496,0,94
20260330.0,2027,4,TT,TODAS CONSOLIDADAS,TT,TODAS CONSOLIDADAS,PUNO,210000,1495.2221191019612,18477.723076318736,32136.502406444593,22.59,19.75,1.3978299918231536,1.28,1.22,397063.9508262282,75072,21017,480824.08724818705,96315,31422,4422.087018073283,Indicadores_ocupabilidad_2024.csv,2024-11-01,22.086019317350804,21.62,0.8660254037844387,-0.4999999999999998,21.85041579749458,21.399995997257832,21.33740168123432,397063.9508262282,480824.08724818705,4422.087018073283,21.529271158662244,0,95
20260330.0,2027,5,TT,TODAS CONSOLIDADAS,TT,TODAS CONSOLIDADAS,PUNO,210000,1531.3952981610007,19037.616563254272,33110.27056586227,22.59,19.75,1.406233756916634,1.28,1.22,433882.49979449186,75072,21017,522354.76388060575,96315,31422,4624.080767167464,Indicadores_ocupabilidad_2024.csv,2024-11-01,22.09921194445716,21.62,0.49999999999999994,-0.8660254037844387,22.086019317350804,21.85041579749458,21.399995997257832,433882.49979449186,522354.76388060575,4624.080767167464,21.77881037070107,0,96
20260330.0,2027,6,TT,TODAS CONSOLIDADAS,TT,TODAS CONSOLIDADAS,PUNO,210000,1568.4435972885042,19614.475382737444,34113.54487427847,22.59,19.75,1.4146880455130868,1.28,1.22,474115.1223529357,75072,21017,567472.6091830005,96315,31422,4835.301262480425,Indicadores_ocupabilidad_2024.csv,2024-11-01,23.0290137935885,21.62,1.2246467991473532e-16,-1.0,22.09921194445716,22.086019317350804,21.85041579749458,474115.1223529357,567472.6091830005,4835.301262480425,22.011882353100848,0,97
20260330.0,2027,7,TT,TODAS CONSOLIDADAS,TT,TODAS CONSOLIDADAS,PUNO,210000,1606.3881878372295,20208.813601309776,35147.21939751399,22.59,19.75,1.4231931613602158,1.28,1.22,518078.3953033564,75072,21017,616487.4610898878,96315,31422,5056.1699667859775,Indicadores_ocupabilidad_2024.csv,2024-11-01,22.45477418443817,21.62,-0.4999999999999997,-0.8660254037844388,23.0290137935885,22.09921194445716,22.086019317350804,518078.3953033564,616487.4610898878,5056.1699667859775,22.40474835179882,0,98
20260330.0,2027,8,TT,TODAS CONSOLIDADAS,TT,TODAS CONSOLIDADAS,PUNO,210000,1645.2507533481398,20821.160862243065,36212.21529247807,22.59,19.75,1.4317494100318586,1.28,1.22,566118.2506646507,75072,21017,669735.9194626675,96315,31422,5287.127594592563,Indicadores_ocupabilidad_2024.csv,2024-11-01,22.221565349644838,21.62,-0.8660254037844385,-0.5000000000000004,22.45477418443817,23.0290137935885,22.09921194445716,566118.2506646507,669735.9194626675,5287.127594592563,22.527666640827942,0,99
20260330.0,2027,9,TT,TODAS CONSOLIDADAS,TT,TODAS CONSOLIDADAS,PUNO,210000,1685.0535019415236,21452.062857529894,37309.48162805545,22.59,19.75,1.4403570989389654,1.28,1.22,618612.6976940318,75072,21017,727583.6576230119,96315,31422,5528.634991531208,Indicadores_ocupabilidad_2024.csv,2024-11-01,22.15203428473119,21.62,-1.0,-1.8369701987210297e-16,22.221565349644838,22.45477418443817,23.0290137935885,618612.6976940318,727583.6576230119,5528.634991531208,22.568451109223833,0,100
20260330.0,2027,10,TT,TODAS CONSOLIDADAS,TT,TODAS CONSOLIDADAS,PUNO,210000,1725.8191790078859,22102.081814175912,38439.99623086717,22.59,19.75,1.449016537340643,1.28,1.22,675974.7973131062,75072,21017,790427.9335425263,96315,31422,5781.174053912489,Indicadores_ocupabilidad_2024.csv,2024-11-01,21.696944280546045,21.62,-0.8660254037844386,0.5000000000000001,22.15203428473119,22.221565349644838,22.45477418443817,675974.7973131062,790427.9335425263,5781.174053912489,22.2761246062714,0,101
20260330.0,2027,11,TT,TODAS CONSOLIDADAS,TT,TODAS CONSOLIDADAS,PUNO,210000,1767.5710802058643,22771.796995227258,39604.76655665868,22.59,19.75,1.4577280363552672,1.28,1.22,738655.9123435586,75072,21017,858700.3179337877,96315,31422,6045.248690287372,Indicadores_ocupabilidad_2024.csv,2024-11-01,20.66919508283674,21.62,-0.5000000000000004,0.8660254037844384,21.696944280546045,22.15203428473119,22.221565349644838,738655.9123435586,858700.3179337877,6045.248690287372,22.023514638307358,0,102
20260330.0,2027,12,TT,TODAS CONSOLIDADAS,TT,TODAS CONSOLIDADAS,PUNO,210000,1810.3330647745975,23461.805215979643,40804.830588092,22.59,19.75,1.4664919089716593,1.28,1.22,807149.2591274398,75072,21017,932869.6579773854,96315,31422,6321.385826930575,Indicadores_ocupabilidad_2024.csv,2024-11-01,20.5161232878621,21.62,-2.4492935982947064e-16,1.0,20.66919508283674,21.696944280546045,22.15203428473119,807149.2591274398,932869.6579773854,6321.385826930575,21.506057882704656,0,103
20260330.0,2028,1,TT,TODAS CONSOLIDADAS,TT,TODAS CONSOLIDADAS,PUNO,210000,1868.962605721499,24414.448589587333,42461.670337339194,22.59,19.75,1.478259087000453,1.28,1.22,908453.6021329066,75072,21017,1041821.7653548386,96315,31422,6709.288506141585,Indicadores_ocupabilidad_2024.csv,2024-11-01,21.327305720489026,21.62,0.49999999999999994,0.8660254037844387,20.5161232878621,20.66919508283674,21.696944280546045,908453.6021329066,1041821.7653548386,6709.288506141585,20.96075421708163,0,104
20260330.0,2028,2,TT,TODAS CONSOLIDADAS,TT,TODAS CONSOLIDADAS,PUNO,210000,1929.4909260358713,25405.773104263422,44185.78442433322,22.59,19.75,1.4901206852424878,1.28,1.22,1022472.5326768212,75072,21017,1163498.653306381,96315,31422,7120.994271045932,Indicadores_ocupabilidad_2024.csv,2024-11-01,21.475967107532938,21.62,0.8660254037844386,0.5000000000000001,21.327305720489026,20.5161232878621,20.66919508283674,1022472.5326768212,1163498.653306381,7120.994271045932,20.837541363729287,0,105
20260330.0,2028,3,TT,TODAS CONSOLIDADAS,TT,TODAS CONSOLIDADAS,PUNO,210000,1991.9795196852283,26437.349369446667,45979.90445695669,22.59,19.75,1.5020774613285774,1.28,1.22,1150801.8435107754,75072,21017,1299386.479783027,96315,31422,7557.963763497592,Indicadores_ocupabilidad_2024.csv,2024-11-01,21.999226342285887,21.62,1.0,6.123233995736766e-17,21.475967107532938,21.327305720489026,20.5161232878621,1150801.8435107754,1299386.479783027,7557.963763497592,21.106465371961352,0,106
20260330.0,2028,4,TT,TODAS CONSOLIDADAS,TT,TODAS CONSOLIDADAS,PUNO,210000,2056.491872183919,27510.811767617175,47846.872957326006,22.59,19.75,1.5141301789687902,1.28,1.22,1295237.613435619,75072,21017,1451144.9747233386,96315,31422,8021.747255520889,Indicadores_ocupabilidad_2024.csv,2024-11-01,22.084513007816483,21.62,0.8660254037844387,-0.4999999999999998,21.999226342285887,21.475967107532938,21.327305720489026,1295237.613435619,1451144.9747233386,8021.747255520889,21.600833056769286,0,107
20260330.0,2028,5,TT,TODAS CONSOLIDADAS,TT,TODAS CONSOLIDADAS,PUNO,210000,2123.093525091468,28627.861043737623,49789.647865354,22.59,19.75,1.5262796080012277,1.28,1.22,1457801.3449651639,75072,21017,1620627.7119463575,96315,31422,8513.990149335998,Indicadores_ocupabilidad_2024.csv,2024-11-01,22.073174225440706,21.62,0.49999999999999994,-0.8660254037844387,22.084513007816483,21.999226342285887,21.475967107532938,1457801.3449651639,1620627.7119463575,8513.990149335998,21.85323548587844,0,108
20260330.0,2028,6,TT,TODAS CONSOLIDADAS,TT,TODAS CONSOLIDADAS,PUNO,210000,2191.8521425997606,29790.266999836156,51811.30722517532,22.59,19.75,1.5385265244411976,1.28,1.22,1640768.2569881412,75072,21017,1809904.748648023,96315,31422,9036.438814885525,Indicadores_ocupabilidad_2024.csv,2024-11-01,22.970331012873654,21.62,1.2246467991473532e-16,-1.0,22.073174225440706,22.084513007816483,21.999226342285887,1640768.2569881412,1809904.748648023,9036.438814885525,22.05230452518103,0,109
20260330.0,2028,7,TT,TODAS CONSOLIDADAS,TT,TODAS CONSOLIDADAS,PUNO,210000,2262.8375802767255,30999.871299000173,53915.05406185941,22.59,19.75,1.5508717105307792,1.28,1.22,1846699.1284084972,75072,21017,2021287.9090192248,96315,31422,9590.946785572465,Indicadores_ocupabilidad_2024.csv,2024-11-01,22.489698525901073,21.62,-0.4999999999999997,-0.8660254037844388,22.970331012873654,22.073174225440706,22.084513007816483,1846699.1284084972,2021287.9090192248,9590.946785572465,22.376006082043613,0,110
20260330.0,2028,8,TT,TODAS CONSOLIDADAS,TT,TODAS CONSOLIDADAS,PUNO,210000,2336.1219560363543,32258.59038322349,56104.22145613769,22.59,19.75,1.563315954788787,1.28,1.22,2078476.1384430851,75072,21017,2257359.020798861,96315,31422,10179.48133419062,Indicadores_ocupabilidad_2024.csv,2024-11-01,22.289149841117766,21.62,-0.8660254037844385,-0.5000000000000004,22.489698525901073,22.970331012873654,22.073174225440706,2078476.1384430851,2257359.020798861,10179.48133419062,22.511067921405143,0,111
20260330.0,2028,9,TT,TODAS CONSOLIDADAS,TT,TODAS CONSOLIDADAS,PUNO,210000,2411.7797234071572,33568.4185097298,58382.27782518492,22.59,19.75,1.5758600520611359,1.28,1.22,2339343.2051924723,75072,21017,2521001.4496423365,96315,31422,10804.130452377465,Indicadores_ocupabilidad_2024.csv,2024-11-01,22.266558543170827,21.62,-1.0,-1.8369701987210297e-16,22.289149841117766,22.489698525901073,22.970331012873654,2339343.2051924723,2521001.4496423365,10804.130452377465,22.583059793297497,0,112
20260330.0,2028,10,TT,TODAS CONSOLIDADAS,TT,TODAS CONSOLIDADAS,PUNO,210000,2489.8877471734977,34931.43091058306,60752.83241782151,22.59,19.75,1.58850480357161,1.28,1.22,2632951.387057766,75072,21017,2815435.3164653536,96315,31422,11467.110258351031,Indicadores_ocupabilidad_2024.csv,2024-11-01,21.779348399479726,21.62,-0.8660254037844386,0.5000000000000001,22.266558543170827,22.289149841117766,22.489698525901073,2632951.387057766,2815435.3164653536,11467.110258351031,22.348468970063223,0,113
20260330.0,2028,11,TT,TODAS CONSOLIDADAS,TT,TODAS CONSOLIDADAS,PUNO,210000,2570.5253814666507,36349.787080590686,63219.641032843065,22.59,19.75,1.6012510169730385,1.28,1.22,2963409.9824352358,75072,21017,3144256.827906605,96315,31422,12170.772859211807,Indicadores_ocupabilidad_2024.csv,2024-11-01,20.758835909209637,21.62,-0.5000000000000004,0.8660254037844384,21.779348399479726,22.266558543170827,22.289149841117766,2963409.9824352358,3144256.827906605,12170.772859211807,22.111685594589442,0,114
20260330.0,2028,12,TT,TODAS CONSOLIDADAS,TT,TODAS CONSOLIDADAS,PUNO,210000,2653.77455038492,37825.73419870886,65786.61196953704,22.59,19.75,1.614099506398883,1.28,1.22,3335344.0428728033,75072,21017,3511482.2002904876,96315,31422,12917.614695703423,Indicadores_ocupabilidad_2024.csv,2024-11-01,20.483318905454936,21.62,-2.4492935982947064e-16,1.0,20.758835909209637,21.779348399479726,22.266558543170827,3335344.0428728033,3511482.2002904876,12917.614695703423,21.601580950620065,0,115
20260330.0,2029,1,TT,TODAS CONSOLIDADAS,TT,TODAS CONSOLIDADAS,PUNO,210000,2761.637589874523,39755.22679525429,69142.3903420124,22.59,19.75,1.6303051947002678,1.28,1.22,3866577.8777733888,75072,21017,4031401.421555959,96315,31422,13915.93968002302,Indicadores_ocupabilidad_2024.csv,2024-11-01,21.415448058944676,21.62,0.49999999999999994,0.8660254037844387,20.483318905454936,20.758835909209637,21.779348399479726,3866577.8777733888,4031401.421555959,13915.93968002302,21.0071677380481,0,116
20260330.0,2029,2,TT,TODAS CONSOLIDADAS,TT,TODAS CONSOLIDADAS,PUNO,210000,2873.8847377603156,41783.142905817076,72669.34713739222,22.59,19.75,1.6466735894099507,1.28,1.22,4482423.489964604,75072,21017,4628301.239966116,96315,31422,14991.41921630864,Indicadores_ocupabilidad_2024.csv,2024-11-01,21.476178476794132,21.62,0.8660254037844386,0.5000000000000001,21.415448058944676,20.483318905454936,20.758835909209637,4482423.489964604,4628301.239966116,14991.41921630864,20.885867624536417,0,117
20260330.0,2029,3,TT,TODAS CONSOLIDADAS,TT,TODAS CONSOLIDADAS,PUNO,210000,2990.6941867440833,43914.50311877827,76376.2141756049,22.59,19.75,1.6632063241133004,1.28,1.22,5196357.341949292,75072,21017,5313579.603691307,96315,31422,16150.016117254125,Indicadores_ocupabilidad_2024.csv,2024-11-01,21.97831948588149,21.62,1.0,6.123233995736766e-17,21.476178476794132,21.415448058944676,20.483318905454936,5196357.341949292,5313579.603691307,16150.016117254125,21.12498181373125,0,118
20260330.0,2029,4,TT,TODAS CONSOLIDADAS,TT,TODAS CONSOLIDADAS,PUNO,210000,3112.2513721950154,46154.58412298377,80272.16868715084,22.59,19.75,1.6799050487970135,1.28,1.22,6024002.347320275,75072,21017,6100322.070862218,96315,31422,17398.154025592703,Indicadores_ocupabilidad_2024.csv,2024-11-01,22.080346395254875,21.62,0.8660254037844387,-0.4999999999999998,21.97831948588149,21.476178476794132,21.415448058944676,6024002.347320275,6100322.070862218,17398.154025592703,21.6233153405401,0,119
20260330.0,2029,5,TT,TODAS CONSOLIDADAS,TT,TODAS CONSOLIDADAS,PUNO,210000,3238.7492665289374,48508.93177144184,84366.85603351807,22.59,19.75,1.6967714300137855,1.28,1.22,6983469.74477074,75072,21017,7003551.681506086,96315,31422,18742.753028887557,Indicadores_ocupabilidad_2024.csv,2024-11-01,22.06702890844757,21.62,0.49999999999999994,-0.8660254037844387,22.080346395254875,21.97831948588149,21.476178476794132,6983469.74477074,7003551.681506086,18742.753028887557,21.844948119310164,0,120
20260330.0,2029,6,TT,TODAS CONSOLIDADAS,TT,TODAS CONSOLIDADAS,PUNO,210000,3370.3886855526307,50983.37481140058,88670.41358656732,22.59,19.75,1.7138071510486343,1.28,1.22,8095755.423771158,75072,21017,8040515.826174085,96315,31422,20191.268026775975,Indicadores_ocupabilidad_2024.csv,2024-11-01,22.958164728002988,21.62,1.2246467991473532e-16,-1.0,22.06702890844757,22.080346395254875,21.97831948588149,8095755.423771158,8040515.826174085,20191.268026775975,22.041898263194643,0,121
20260330.0,2029,7,TT,TODAS CONSOLIDADAS,TT,TODAS CONSOLIDADAS,PUNO,210000,3507.3786072595612,53584.039314797206,93193.49582600585,22.59,19.75,1.7310139120868941,1.28,1.22,9385199.374651514,75072,21017,9231015.58908654,96315,31422,21751.730063387775,Indicadores_ocupabilidad_2024.csv,2024-11-01,22.47425727363573,21.62,-0.4999999999999997,-0.8660254037844388,22.958164728002988,22.06702890844757,22.080346395254875,9385199.374651514,9231015.58908654,21751.730063387775,22.36851334390181,0,122
20260330.0,2029,8,TT,TODAS CONSOLIDADAS,TT,TODAS CONSOLIDADAS,PUNO,210000,3649.936503583103,56317.36384480539,97947.30071708457,22.59,19.75,1.748393430383896,1.28,1.22,10880018.317170074,75072,21017,10597783.854683977,96315,31422,23432.7908540985,Indicadores_ocupabilidad_2024.csv,2024-11-01,22.297198374276018,21.62,-0.8660254037844385,-0.5000000000000004,22.47425727363573,22.958164728002988,22.06702890844757,10880018.317170074,10597783.854683977,23432.7908540985,22.49981697002876,0,123
20260330.0,2029,9,TT,TODAS CONSOLIDADAS,TT,TODAS CONSOLIDADAS,PUNO,210000,3798.2886856339196,59190.11539602885,102943.59743382283,22.59,19.75,1.765947440436352,1.28,1.22,12612923.163004382,75072,21017,12166919.397621162,96315,31422,25243.770753488385,Indicadores_ocupabilidad_2024.csv,2024-11-01,22.254381013950916,21.62,-1.0,-1.8369701987210297e-16,22.297198374276018,22.47425727363573,22.958164728002988,12612923.163004382,12166919.397621162,25243.770753488385,22.576540125304913,0,124
20260330.0,2029,10,TT,TODAS CONSOLIDADAS,TT,TODAS CONSOLIDADAS,PUNO,210000,3952.6706629695677,62209.40614780507,108194.75549639638,22.59,19.75,1.7836776941554604,1.28,1.22,14621834.824008934,75072,21017,13968385.24525885,96315,31422,27194.710430457242,Indicadores_ocupabilidad_2024.csv,2024-11-01,21.80355879575012,21.62,-0.8660254037844386,0.5000000000000001,22.254381013950916,22.297198374276018,22.47425727363573,14621834.824008934,13968385.24525885,27194.710430457242,22.34194555395422,0,125
20260330.0,2029,11,TT,TODAS CONSOLIDADAS,TT,TODAS CONSOLIDADAS,PUNO,210000,4113.327517466662,65382.711072095866,113713.77539482483,22.59,19.75,1.801585961041748,1.28,1.22,16950714.030170463,75072,21017,16036580.829007016,96315,31422,29296.42653699914,Indicadores_ocupabilidad_2024.csv,2024-11-01,20.776206560234858,21.62,-0.5000000000000004,0.8660254037844384,21.80355879575012,22.254381013950916,22.297198374276018,16950714.030170463,16036580.829007016,29296.42653699914,22.11837939465902,0,126
20260330.0,2029,12,TT,TODAS CONSOLIDADAS,TT,TODAS CONSOLIDADAS,PUNO,210000,4280.514292389131,68717.8864395573,119514.32077477501,22.59,19.75,1.8196740283616686,1.28,1.22,19650523.31604989,75072,21017,18410998.849889588,96315,31422,31560.571679282875,Indicadores_ocupabilidad_2024.csv,2024-11-01,20.479019766756704,21.62,-2.4492935982947064e-16,1.0,20.776206560234858,21.80355879575012,22.254381013950916,19650523.31604989,18410998.849889588,31560.571679282875,21.611382123311966,0,127
20260330.0,2030,1,TT,TODAS CONSOLIDADAS,TT,TODAS CONSOLIDADAS,PUNO,210000,4490.1323684483605,72945.4211623013,126866.85978781541,22.59,19.75,1.841619588728626,1.28,1.22,23463752.493526034,75072,21017,21728814.82457691,96315,31422,34509.69450889071,Indicadores_ocupabilidad_2024.csv,2024-11-01,21.42713601146028,21.62,0.49999999999999994,0.8660254037844387,20.479019766756704,20.776206560234858,21.80355879575012,23463752.493526034,21728814.82457691,34509.69450889071,21.019595040913895,0,128
20260330.0,2030,2,TT,TODAS CONSOLIDADAS,TT,TODAS CONSOLIDADAS,PUNO,210000,4710.015504920751,77433.03445785945,134671.7281082378,22.59,19.75,1.8638298160701696,1.28,1.22,28016947.550082814,75072,21017,25644528.986735817,96315,31422,37734.39300146486,Indicadores_ocupabilidad_2024.csv,2024-11-01,21.46353955399194,21.62,0.8660254037844386,0.5000000000000001,21.42713601146028,20.479019766756704,20.776206560234858,28016947.550082814,25644528.986735817,37734.39300146486,20.894120779483945,0,129
20260330.0,2030,3,TT,TODAS CONSOLIDADAS,TT,TODAS CONSOLIDADAS,PUNO,210000,4940.666384911055,82196.7263991994,142956.75310315352,22.59,19.75,1.8863079023124234,1.28,1.22,33453700.563908927,75072,21017,30265887.59032046,96315,31422,41260.41784641604,Indicadores_ocupabilidad_2024.csv,2024-11-01,21.95297441154785,21.62,1.0,6.123233995736766e-17,21.46353955399194,21.42713601146028,20.479019766756704,33453700.563908927,30265887.59032046,41260.41784641604,21.123231777402975,0,130
20260330.0,2030,4,TT,TODAS CONSOLIDADAS,TT,TODAS CONSOLIDADAS,PUNO,210000,5182.612308067293,87253.48138618734,151751.4740834895,22.59,19.75,1.9090570778766516,1.28,1.22,39945467.985728964,75072,21017,35720053.665392384,96315,31422,45115.925961622306,Indicadores_ocupabilidad_2024.csv,2024-11-01,22.112401737625536,21.62,0.8660254037844387,-0.4999999999999998,21.95297441154785,21.46353955399194,21.42713601146028,39945467.985728964,35720053.665392384,45115.925961622306,21.614549992333355,0,131
20260330.0,2030,5,TT,TODAS CONSOLIDADAS,TT,TODAS CONSOLIDADAS,PUNO,210000,5436.406396060304,92621.32870152715,161087.24762302954,22.59,19.75,1.9320806121435166,1.28,1.22,47696977.78428532,75072,21017,42157106.08356892,96315,31422,49331.70533927078,Indicadores_ocupabilidad_2024.csv,2024-11-01,22.267277629380306,21.62,0.49999999999999994,-0.8660254037844387,22.112401737625536,21.95297441154785,21.46353955399194,47696977.78428532,42157106.08356892,49331.70533927078,21.842971901055108,0,132
20260330.0,2030,6,TT,TODAS CONSOLIDADAS,TT,TODAS CONSOLIDADAS,PUNO,210000,5702.628857095988,98319.40679210983,170997.35935669893,22.59,19.75,1.9553818139229355,1.28,1.22,56952685.86081859,75072,21017,49754169.18433012,96315,31422,53941.4209020288,Indicadores_ocupabilidad_2024.csv,2024-11-01,23.253284265286396,21.62,1.2246467991473532e-16,-1.0,22.267277629380306,22.112401737625536,21.95297441154785,56952685.86081859,49754169.18433012,53941.4209020288,22.11088459285123,0,133
20260330.0,2030,7,TT,TODAS CONSOLIDADAS,TT,TODAS CONSOLIDADAS,PUNO,210000,5981.888312351098,104368.03150496143,181517.14265669638,22.59,19.75,1.9789640319296034,1.28,1.22,68004485.34560515,75072,21017,58720286.59452464,96315,31422,58981.88333281811,Indicadores_ocupabilidad_2024.csv,2024-11-01,23.710804490894528,21.62,-0.4999999999999997,-0.8660254037844388,23.253284265286396,22.267277629380306,22.112401737625536,68004485.34560515,58720286.59452464,58981.88333281811,22.54432121076408,0,134
20260330.0,2030,8,TT,TODAS CONSOLIDADAS,TT,TODAS CONSOLIDADAS,PUNO,210000,6274.823187364999,110788.76852107658,192684.10460959957,22.59,19.75,2.0028306552642507,1.28,1.22,81200911.90119256,75072,21017,69302173.3509132,96315,31422,64493.34302492063,Indicadores_ocupabilidad_2024.csv,2024-11-01,23.90353950221972,21.62,-0.8660254037844385,-0.5000000000000004,23.710804490894528,23.253284265286396,22.267277629380306,81200911.90119256,69302173.3509132,64493.34302492063,23.07712212852041,0,135
20260330.0,2030,9,TT,TODAS CONSOLIDADAS,TT,TODAS CONSOLIDADAS,PUNO,210000,6582.10317156829,117604.51024539255,204538.059743601,22.59,19.75,2.0269851139007065,1.28,1.22,96958135.335868,75072,21017,81791004.60330279,96315,31422,70519.8114997415,Indicadores_ocupabilidad_2024.csv,2024-11-01,24.299155605992585,21.62,-1.0,-1.8369701987210297e-16,23.90353950221972,23.710804490894528,23.253284265286396,96958135.335868,81791004.60330279,70519.8114997415,23.622542752800214,0,136
20260330.0,2030,10,TT,TODAS CONSOLIDADAS,TT,TODAS CONSOLIDADAS,PUNO,210000,6904.430749284988,124839.55742704596,217121.27198266372,22.59,19.75,2.0514308791788327,1.28,1.22,115773084.16496278,75072,21017,96530427.69876346,96315,31422,77109.41285889705,Indicadores_ocupabilidad_2024.csv,2024-11-01,24.223723471579817,21.62,-0.8660254037844386,0.5000000000000001,24.299155605992585,23.90353950221972,23.710804490894528,115773084.16496278,96530427.69876346,77109.41285889705,23.97116653303561,0,137
20260330.0,2030,11,TT,TODAS CONSOLIDADAS,TT,TODAS CONSOLIDADAS,PUNO,210000,7242.542805708355,132519.70580092003,230478.6053337179,22.59,19.75,2.0761714643034073,1.28,1.22,138239117.02341902,75072,21017,113926018.11043076,96315,31422,84314.76807713296,Indicadores_ocupabilidad_2024.csv,2024-11-01,23.811347871766,21.62,-0.5000000000000004,0.8660254037844384,24.223723471579817,24.299155605992585,23.90353950221972,138239117.02341902,113926018.11043076,84314.76807713296,24.142139526597372,0,138
20260330.0,2030,12,TT,TODAS CONSOLIDADAS,TT,TODAS CONSOLIDADAS,PUNO,210000,7597.212311521837,140672.33805939285,244657.68384415668,22.59,19.75,2.1012104248490204,1.28,1.22,165064735.15195468,75072,21017,134456439.40376386,96315,31422,92193.41520482696,Indicadores_ocupabilidad_2024.csv,2024-11-01,23.59638649539098,21.62,-2.4492935982947064e-16,1.0,23.811347871766,24.223723471579817,24.299155605992585,165064735.15195468,134456439.40376386,92193.41520482696,24.1114089831128,0,139
20260330.0,2025,1,TT,TODAS CONSOLIDADAS,TT,TODAS CONSOLIDADAS,SAN MARTÍN,220000,986.832,12052.33,19572.79,26.08,21.32,1.46292,1.44,1.85,89699.61,84266,2821,138725.516,129444,5503,1830.0449999999998,Indicadores_ocupabilidad_2024.csv,2024-11-01,26.01783612316255,23.97,0.49999999999999994,0.8660254037844387,26.31,26.07,27.94,89699.61,138725.516,1830.0449999999998,26.773333333333337,0,68
20260330.0,2025,2,TT,TODAS CONSOLIDADAS,TT,TODAS CONSOLIDADAS,SAN MARTÍN,220000,994.726656,12172.8533,19768.517900000003,26.08,21.32,1.46584584,1.44,1.85,92390.5983,84266,2821,142609.830448,129444,5503,1857.4956749999997,Indicadores_ocupabilidad_2024.csv,2024-11-01,24.682475941810665,23.97,0.8660254037844386,0.5000000000000001,26.01783612316255,26.31,26.07,92390.5983,142609.830448,1857.4956749999997,26.132612041054184,0,69
20260330.0,2025,3,TT,TODAS CONSOLIDADAS,TT,TODAS CONSOLIDADAS,SAN MARTÍN,220000,1002.684469248,12294.581833,19966.203079000003,26.08,21.32,1.46877753168,1.44,1.85,95162.316249,84266,2821,146602.90570054398,129444,5503,1885.3581101249995,Indicadores_ocupabilidad_2024.csv,2024-11-01,24.59764515770728,23.97,1.0,6.123233995736766e-17,24.682475941810665,26.01783612316255,26.31,95162.316249,146602.90570054398,1885.3581101249995,25.67010402165774,0,70
20260330.0,2025,4,TT,TODAS CONSOLIDADAS,TT,TODAS CONSOLIDADAS,SAN MARTÍN,220000,1010.705945001984,12417.52765133,20165.865109790004,26.08,21.32,1.47171508674336,1.44,1.85,98017.18573647,84266,2821,150707.78706015923,129444,5503,1913.6384817768742,Indicadores_ocupabilidad_2024.csv,2024-11-01,24.61577799271819,23.97,0.8660254037844387,-0.4999999999999998,24.59764515770728,24.682475941810665,26.01783612316255,98017.18573647,150707.78706015923,1913.6384817768742,25.09931907422683,0,71
20260330.0,2025,5,TT,TODAS CONSOLIDADAS,TT,TODAS CONSOLIDADAS,SAN MARTÍN,220000,1018.7915925619999,12541.7029278433,20367.523760887903,26.08,21.32,1.4746585169168467,1.44,1.85,100957.7013085641,84266,2821,154927.60509784368,129444,5503,1942.343059003527,Indicadores_ocupabilidad_2024.csv,2024-11-01,25.041837625969524,23.97,0.49999999999999994,-0.8660254037844387,24.61577799271819,24.59764515770728,24.682475941810665,100957.7013085641,154927.60509784368,1942.343059003527,24.63196636407871,0,72
20260330.0,2025,6,TT,TODAS CONSOLIDADAS,TT,TODAS CONSOLIDADAS,SAN MARTÍN,220000,1026.941925302496,12667.119957121733,20571.198998496784,26.08,21.32,1.4776078339506804,1.44,1.85,103986.43234782101,84266,2821,159265.57804058332,129444,5503,1971.4782048885797,Indicadores_ocupabilidad_2024.csv,2024-11-01,26.693737647754396,23.97,1.2246467991473532e-16,-1.0,25.041837625969524,24.61577799271819,24.59764515770728,103986.43234782101,159265.57804058332,1971.4782048885797,24.751753592131664,0,73
20260330.0,2025,7,TT,TODAS CONSOLIDADAS,TT,TODAS CONSOLIDADAS,SAN MARTÍN,220000,1035.157460704916,12793.79115669295,20776.91098848175,26.08,21.32,1.4805630496185818,1.44,1.85,107106.02531825565,84266,2821,163725.01422571967,129444,5503,2001.0503779619082,Indicadores_ocupabilidad_2024.csv,2024-11-01,27.036546532664044,23.97,-0.4999999999999997,-0.8660254037844388,26.693737647754396,25.041837625969524,24.61577799271819,107106.02531825565,163725.01422571967,2001.0503779619082,25.450451088814038,0,74
20260330.0,2025,8,TT,TODAS CONSOLIDADAS,TT,TODAS CONSOLIDADAS,SAN MARTÍN,220000,1043.4387203905553,12921.72906825988,20984.68009836657,26.08,21.32,1.483524175717819,1.44,1.85,110319.20607780332,84266,2821,168309.31462403983,129444,5503,2031.0661336313367,Indicadores_ocupabilidad_2024.csv,2024-11-01,26.834506997526976,23.97,-0.8660254037844385,-0.5000000000000004,27.036546532664044,26.693737647754396,25.041837625969524,110319.20607780332,168309.31462403983,2031.0661336313367,26.257373935462653,0,75
20260330.0,2025,9,TT,TODAS CONSOLIDADAS,TT,TODAS CONSOLIDADAS,SAN MARTÍN,220000,1051.7862301536798,13050.946358942478,21194.526899350236,26.08,21.32,1.4864912240692547,1.44,1.85,113628.78226013742,84266,2821,173021.97543351294,129444,5503,2061.5321256358066,Indicadores_ocupabilidad_2024.csv,2024-11-01,26.611342372196198,23.97,-1.0,-1.8369701987210297e-16,26.834506997526976,27.036546532664044,26.693737647754396,113628.78226013742,173021.97543351294,2061.5321256358066,26.85493039264847,0,76
20260330.0,2025,10,TT,TODAS CONSOLIDADAS,TT,TODAS CONSOLIDADAS,SAN MARTÍN,220000,1060.2005199949092,13181.455822531903,21406.47216834374,26.08,21.32,1.4894642065173933,1.44,1.85,117037.64572794155,84266,2821,177866.5907456513,129444,5503,2092.4551075203435,Indicadores_ocupabilidad_2024.csv,2024-11-01,24.955833475179244,23.97,-0.8660254037844386,0.5000000000000001,26.611342372196198,26.834506997526976,27.036546532664044,117037.64572794155,177866.5907456513,2092.4551075203435,26.82746530079574,0,77
20260330.0,2025,11,TT,TODAS CONSOLIDADAS,TT,TODAS CONSOLIDADAS,SAN MARTÍN,220000,1068.6821241548685,13313.270380757222,21620.536890027175,26.08,21.32,1.4924431349304281,1.44,1.85,120548.7750997798,84266,2821,182846.85528652955,129444,5503,2123.8419341331482,Indicadores_ocupabilidad_2024.csv,2024-11-01,23.99506263320808,23.97,-0.5000000000000004,0.8660254037844384,24.955833475179244,26.611342372196198,26.834506997526976,120548.7750997798,182846.85528652955,2123.8419341331482,26.133894281634138,0,78
20260330.0,2025,12,TT,TODAS CONSOLIDADAS,TT,TODAS CONSOLIDADAS,SAN MARTÍN,220000,1077.2315811481074,13446.403084564794,21836.742258927447,26.08,21.32,1.495428021200289,1.44,1.85,124165.2383527732,84266,2821,187966.56723455238,129444,5503,2155.6995631451455,Indicadores_ocupabilidad_2024.csv,2024-11-01,23.460285972466654,23.97,-2.4492935982947064e-16,1.0,23.99506263320808,24.955833475179244,26.611342372196198,124165.2383527732,187966.56723455238,2155.6995631451455,25.187412826861173,0,79
20260330.0,2026,1,TT,TODAS CONSOLIDADAS,TT,TODAS CONSOLIDADAS,SAN MARTÍN,220000,1094.5362292676707,13716.675786564547,22275.660778331887,26.08,21.32,1.501415714997175,1.44,1.85,131726.9013684571,84266,2821,198640.0607883992,129444,5503,2220.855582441207,Indicadores_ocupabilidad_2024.csv,2024-11-01,23.92980283745884,23.97,0.49999999999999994,0.8660254037844387,23.460285972466654,23.99506263320808,24.955833475179244,131726.9013684571,198640.0607883992,2220.855582441207,24.137060693617993,0,80
20260330.0,2026,2,TT,TODAS CONSOLIDADAS,TT,TODAS CONSOLIDADAS,SAN MARTÍN,220000,1112.1188592546266,13992.380969874494,22723.40155997636,26.08,21.32,1.5074273835200236,1.44,1.85,139749.06966179612,84266,2821,209919.63800020763,129444,5503,2287.980942420492,Indicadores_ocupabilidad_2024.csv,2024-11-01,23.062976260264538,23.97,0.8660254037844386,0.5000000000000001,23.92980283745884,23.460285972466654,23.99506263320808,139749.06966179612,209919.63800020763,2287.980942420492,23.795050481044523,0,81
20260330.0,2026,3,TT,TODAS CONSOLIDADAS,TT,TODAS CONSOLIDADAS,SAN MARTÍN,220000,1129.983936609693,14273.627827368971,23180.141931331884,26.08,21.32,1.5134631227636377,1.44,1.85,148259.7880041995,84266,2821,221839.7147244114,129444,5503,2357.1351664051504,Indicadores_ocupabilidad_2024.csv,2024-11-01,23.13368679730378,23.97,1.0,6.123233995736766e-17,23.062976260264538,23.92980283745884,23.460285972466654,148259.7880041995,221839.7147244114,2357.1351664051504,23.484355023396677,0,82
20260330.0,2026,4,TT,TODAS CONSOLIDADAS,TT,TODAS CONSOLIDADAS,SAN MARTÍN,220000,1148.1359985673912,14560.527746699088,23646.062784151654,26.08,21.32,1.519523029107183,1.44,1.85,157288.80909365526,84266,2821,234436.66108532235,129444,5503,2428.3795768097452,Indicadores_ocupabilidad_2024.csv,2024-11-01,23.907839130936555,23.97,0.8660254037844387,-0.4999999999999998,23.13368679730378,23.062976260264538,23.92980283745884,157288.80909365526,234436.66108532235,2428.3795768097452,23.37548863167572,0,83
20260330.0,2026,5,TT,TODAS CONSOLIDADAS,TT,TODAS CONSOLIDADAS,SAN MARTÍN,220000,1166.5796552483778,14853.19435440774,24121.348646113103,26.08,21.32,1.525607199315728,1.44,1.85,166867.69756745885,84266,2821,247748.9124483913,129444,5503,2501.777349518819,Indicadores_ocupabilidad_2024.csv,2024-11-01,24.37170158586953,23.97,0.49999999999999994,-0.8660254037844387,23.907839130936555,23.13368679730378,23.062976260264538,166867.69756745885,247748.9124483913,2501.777349518819,23.36816739616829,0,84
20260330.0,2026,6,TT,TODAS CONSOLIDADAS,TT,TODAS CONSOLIDADAS,SAN MARTÍN,220000,1185.3195908302878,15151.743560931336,24606.187753899976,26.08,21.32,1.5317157305417881,1.44,1.85,177029.94034931707,84266,2821,261817.08669286073,129444,5503,2577.3935699080243,Indicadores_ocupabilidad_2024.csv,2024-11-01,25.82448394220386,23.97,1.2246467991473532e-16,-1.0,24.37170158586953,23.907839130936555,23.13368679730378,177029.94034931707,261817.08669286073,2577.3935699080243,23.804409171369954,0,85
20260330.0,2026,7,TT,TODAS CONSOLIDADAS,TT,TODAS CONSOLIDADAS,SAN MARTÍN,220000,1204.3605647373856,15456.293606506057,25100.772127753367,26.08,21.32,1.5378487203268774,1.44,1.85,187811.06371659046,84266,2821,276684.1081436281,129444,5503,2655.295290558494,Indicadores_ocupabilidad_2024.csv,2024-11-01,26.441164761390226,23.97,-0.4999999999999997,-0.8660254037844388,25.82448394220386,24.37170158586953,23.907839130936555,187811.06371659046,276684.1081436281,2655.295290558494,24.701341553003314,0,86
20260330.0,2026,8,TT,TODAS CONSOLIDADAS,TT,TODAS CONSOLIDADAS,SAN MARTÍN,220000,1223.707412849327,15766.965107996828,25605.29764752121,26.08,21.32,1.544006266603066,1.44,1.85,199248.7574969308,84266,2821,292395.33854045585,129444,5503,2735.5515907156237,Indicadores_ocupabilidad_2024.csv,2024-11-01,26.354065531067924,23.97,-0.8660254037844385,-0.5000000000000004,26.441164761390226,25.82448394220386,24.37170158586953,199248.7574969308,292395.33854045585,2735.5515907156237,25.545783429821203,0,87
20260330.0,2026,9,TT,TODAS CONSOLIDADAS,TT,TODAS CONSOLIDADAS,SAN MARTÍN,220000,1243.3650487293387,16083.881106667564,26119.964130236385,26.08,21.32,1.5501884676945445,1.44,1.85,211383.00682849388,84266,2821,308998.71544413705,129444,5503,2818.2336375450027,Indicadores_ocupabilidad_2024.csv,2024-11-01,26.456483703837804,23.97,-1.0,-1.8369701987210297e-16,26.354065531067924,26.441164761390226,25.82448394220386,211383.00682849388,308998.71544413705,2818.2336375450027,26.206571411554005,0,88
20260330.0,2026,10,TT,TODAS CONSOLIDADAS,TT,TODAS CONSOLIDADAS,SAN MARTÍN,220000,1263.338464872127,16407.167116911583,26644.975409254137,26.08,21.32,1.5563954223191934,1.44,1.85,224256.23194434913,84266,2821,326544.8985019169,129444,5503,2903.4147492397997,Indicadores_ocupabilidad_2024.csv,2024-11-01,25.048387500733792,23.97,-0.8660254037844386,0.5000000000000001,26.456483703837804,26.354065531067924,26.441164761390226,224256.23194434913,326544.8985019169,2903.4147492397997,26.41723799876532,0,89
20260330.0,2026,11,TT,TODAS CONSOLIDADAS,TT,TODAS CONSOLIDADAS,SAN MARTÍN,220000,1283.6327339718327,16736.951175961505,27180.539414980147,26.08,21.32,1.5626272295901593,1.44,1.85,237913.43646975997,84266,2821,345087.42401844973,129444,5503,2991.170460035572,Indicadores_ocupabilidad_2024.csv,2024-11-01,23.91099064441091,23.97,-0.5000000000000004,0.8660254037844384,25.048387500733792,26.456483703837804,26.354065531067924,237913.43646975997,345087.42401844973,2991.170460035572,25.952978911879843,0,90
20260330.0,2026,12,TT,TODAS CONSOLIDADAS,TT,TODAS CONSOLIDADAS,SAN MARTÍN,220000,1304.2530102103565,17073.363894598333,27726.86825722125,26.08,21.32,1.5688839890174382,1.44,1.85,252402.36475076835,84266,2821,364682.8683039134,129444,5503,3081.578587190146,Indicadores_ocupabilidad_2024.csv,2024-11-01,23.937751379639675,23.97,-2.4492935982947064e-16,1.0,23.91099064441091,25.048387500733792,26.456483703837804,252402.36475076835,364682.8683039134,3081.578587190146,25.1386206163275,0,91
20260330.0,2027,1,TT,TODAS CONSOLIDADAS,TT,TODAS CONSOLIDADAS,SAN MARTÍN,220000,1335.8061668109067,17590.70389396856,28567.020092283314,26.08,21.32,1.5783161321104828,1.44,1.85,275806.87882701284,84266,2821,396181.96886601794,129444,5503,3222.340089487787,Indicadores_ocupabilidad_2024.csv,2024-11-01,24.627020095007026,23.97,0.49999999999999994,0.8660254037844387,23.937751379639675,23.91099064441091,25.048387500733792,275806.87882701284,396181.96886601794,3222.340089487787,24.299043174928126,0,92
20260330.0,2027,2,TT,TODAS CONSOLIDADAS,TT,TODAS CONSOLIDADAS,SAN MARTÍN,220000,1368.1226735311534,18123.719812659703,29432.629368099595,26.08,21.32,1.58780498132326,1.44,1.85,301381.62328000524,84266,2821,430401.7712281169,129444,5503,3369.531348472942,Indicadores_ocupabilidad_2024.csv,2024-11-01,23.780758161834154,23.97,0.8660254037844386,0.5000000000000001,24.627020095007026,23.937751379639675,23.91099064441091,301381.62328000524,430401.7712281169,3369.531348472942,24.158587373019202,0,93
20260330.0,2027,3,TT,TODAS CONSOLIDADAS,TT,TODAS CONSOLIDADAS,SAN MARTÍN,220000,1401.220997728028,18672.886646703108,30324.467470582385,26.08,21.32,1.597350877573415,1.44,1.85,329327.8370618903,84266,2821,467577.2731568892,129444,5503,3523.446064982744,Indicadores_ocupabilidad_2024.csv,2024-11-01,24.30828178064474,23.97,1.0,6.123233995736766e-17,23.780758161834154,24.627020095007026,23.937751379639675,329327.8370618903,467577.2731568892,3523.446064982744,24.11517654549362,0,94
20260330.0,2027,4,TT,TODAS CONSOLIDADAS,TT,TODAS CONSOLIDADAS,SAN MARTÍN,220000,1435.120053530215,19238.693784984862,31243.329159408506,26.08,21.32,1.6069541638281932,1.44,1.85,359865.4194091282,84266,2821,507963.77010483324,129444,5503,3684.3913556312987,Indicadores_ocupabilidad_2024.csv,2024-11-01,24.49220646184953,23.97,0.8660254037844387,-0.4999999999999998,24.30828178064474,23.780758161834154,24.627020095007026,359865.4194091282,507963.77010483324,3684.3913556312987,24.238686679161972,0,95
20260330.0,2027,5,TT,TODAS CONSOLIDADAS,TT,TODAS CONSOLIDADAS,SAN MARTÍN,220000,1469.8392126466854,19821.64544536369,32190.033276267746,26.08,21.32,1.6166151851167614,1.44,1.85,393234.66015467845,84266,2821,551838.6084016071,129444,5503,3852.688365620582,Indicadores_ocupabilidad_2024.csv,2024-11-01,25.121113093704533,23.97,0.49999999999999994,-0.8660254037844387,24.49220646184953,24.30828178064474,23.780758161834154,393234.66015467845,551838.6084016071,3852.688365620582,24.19374880144281,0,96
20260330.0,2027,6,TT,TODAS CONSOLIDADAS,TT,TODAS CONSOLIDADAS,SAN MARTÍN,220000,1505.3983154367108,20422.261124003657,33165.42347457194,26.08,21.32,1.6263342885426046,1.44,1.85,429698.1304868413,84266,2821,599503.0898754343,129444,5503,4028.6729095435344,Indicadores_ocupabilidad_2024.csv,2024-11-01,26.802930861676508,23.97,1.2246467991473532e-16,-1.0,25.121113093704533,24.49220646184953,24.30828178064474,429698.1304868413,599503.0898754343,4028.6729095435344,24.640533778732934,0,97
20260330.0,2027,7,TT,TODAS CONSOLIDADAS,TT,TODAS CONSOLIDADAS,SAN MARTÍN,220000,1541.8176822476933,21041.076058322094,34170.36897127495,26.08,21.32,1.636111823295997,1.44,1.85,469542.74903249467,84266,2821,651284.5409841867,129444,5503,4212.696141458004,Indicadores_ocupabilidad_2024.csv,2024-11-01,27.137320445019284,23.97,-0.4999999999999997,-0.8660254037844388,26.802930861676508,25.121113093704533,24.49220646184953,469542.74903249467,651284.5409841867,4212.696141458004,25.47208347241019,0,98
20260330.0,2027,8,TT,TODAS CONSOLIDADAS,TT,TODAS CONSOLIDADAS,SAN MARTÍN,220000,1579.1181250272828,21678.641703965313,35205.765321473555,26.08,21.32,1.645948140666547,1.44,1.85,513082.0395220308,84266,2821,707538.5606654969,129444,5503,4405.125255568574,Indicadores_ocupabilidad_2024.csv,2024-11-01,26.843165338837117,23.97,-0.8660254037844385,-0.5000000000000004,27.137320445019284,26.802930861676508,25.121113093704533,513082.0395220308,707538.5606654969,4405.125255568574,26.353788133466775,0,99
20260330.0,2027,9,TT,TODAS CONSOLIDADAS,TT,TODAS CONSOLIDADAS,SAN MARTÍN,220000,1617.3209592164228,22335.52622623717,36272.53521647953,26.08,21.32,1.6558435940558194,1.44,1.85,560658.5978007901,84266,2821,768651.4623425675,129444,5503,4606.344218914404,Indicadores_ocupabilidad_2024.csv,2024-11-01,26.658657429187034,23.97,-1.0,-1.8369701987210297e-16,26.843165338837117,27.137320445019284,26.802930861676508,560658.5978007901,768651.4623425675,4606.344218914404,26.92780554851097,0,100
20260330.0,2027,10,TT,TODAS CONSOLIDADAS,TT,TODAS CONSOLIDADAS,SAN MARTÍN,220000,1656.4480159301174,23012.315006418383,37371.629306074086,26.08,21.32,1.6657985389900316,1.44,1.85,612646.787599064,84266,2821,835042.9268556742,129444,5503,4816.754537525057,Indicadores_ocupabilidad_2024.csv,2024-11-01,25.114147582533942,23.97,-0.8660254037844386,0.5000000000000001,26.658657429187034,26.843165338837117,27.137320445019284,612646.787599064,835042.9268556742,4816.754537525057,26.879714404347812,0,101
20260330.0,2027,11,TT,TODAS CONSOLIDADAS,TT,TODAS CONSOLIDADAS,SAN MARTÍN,220000,1696.521654432883,23709.611163427868,38504.027045677445,26.08,21.32,1.6758133331328278,1.44,1.85,669455.6862727624,84266,2821,907168.8845378457,129444,5503,5036.776057573075,Indicadores_ocupabilidad_2024.csv,2024-11-01,24.021576400227712,23.97,-0.5000000000000004,0.8660254037844384,25.114147582533942,26.658657429187034,26.843165338837117,669455.6862727624,907168.8845378457,5036.776057573075,26.20532345018603,0,102
20260330.0,2027,12,TT,TODAS CONSOLIDADAS,TT,TODAS CONSOLIDADAS,SAN MARTÍN,220000,1737.5647749160103,24428.0360912909,39670.737569188525,26.08,21.32,1.6858883362981287,1.44,1.85,731532.3036937768,84266,2821,985524.6462268111,129444,5503,5266.847803121918,Indicadores_ocupabilidad_2024.csv,2024-11-01,24.049633220327873,23.97,-2.4492935982947064e-16,1.0,24.021576400227712,25.114147582533942,26.658657429187034,731532.3036937768,985524.6462268111,5266.847803121918,25.264793803982897,0,103
20260330.0,2028,1,TT,TODAS CONSOLIDADAS,TT,TODAS CONSOLIDADAS,SAN MARTÍN,220000,1793.8376382366146,25419.912313022036,41281.52859415523,26.08,21.32,1.699415958283986,1.44,1.85,823346.0526069414,84266,2821,1100626.457246838,129444,5503,5590.040284922959,Indicadores_ocupabilidad_2024.csv,2024-11-01,24.940381588365714,23.97,0.49999999999999994,0.8660254037844387,24.049633220327873,24.021576400227712,25.114147582533942,823346.0526069414,1100626.457246838,5590.040284922959,24.39511906769651,0,104
20260330.0,2028,2,TT,TODAS CONSOLIDADAS,TT,TODAS CONSOLIDADAS,SAN MARTÍN,220000,1851.9329574403112,26452.062686779107,42957.72419400759,26.08,21.32,1.7130521263417582,1.44,1.85,926683.2358878362,84266,2821,1229171.2876279866,129444,5503,5933.065004942616,Indicadores_ocupabilidad_2024.csv,2024-11-01,23.977791339647293,23.97,0.8660254037844386,0.5000000000000001,24.940381588365714,24.049633220327873,24.021576400227712,926683.2358878362,1229171.2876279866,5933.065004942616,24.337197069640435,0,105
20260330.0,2028,3,TT,TODAS CONSOLIDADAS,TT,TODAS CONSOLIDADAS,SAN MARTÍN,220000,1911.9097546782723,27526.122504633713,44701.980056758315,26.08,21.32,1.7267977114486015,1.44,1.85,1042990.1460710679,84266,2821,1372729.1801692545,129444,5503,6297.138939734826,Indicadores_ocupabilidad_2024.csv,2024-11-01,24.528385919658394,23.97,1.0,6.123233995736766e-17,23.977791339647293,24.940381588365714,24.049633220327873,1042990.1460710679,1372729.1801692545,6297.138939734826,24.32260204944696,0,106
20260330.0,2028,4,TT,TODAS CONSOLIDADAS,TT,TODAS CONSOLIDADAS,SAN MARTÍN,220000,1973.8289635961335,28643.793458073087,46517.059702002734,26.08,21.32,1.7406535915704209,1.44,1.85,1173894.5981461739,84266,2821,1533053.5467718067,129444,5503,6683.5537438559,Indicadores_ocupabilidad_2024.csv,2024-11-01,24.651756814563434,23.97,0.8660254037844387,-0.4999999999999998,24.528385919658394,23.977791339647293,24.940381588365714,1173894.5981461739,1533053.5467718067,6683.5537438559,24.482186282557134,0,107
20260330.0,2028,5,TT,TODAS CONSOLIDADAS,TT,TODAS CONSOLIDADAS,SAN MARTÍN,220000,2037.7534912397514,29806.846334082624,48405.83885931345,26.08,21.32,1.7546206517179475,1.44,1.85,1321228.7122249284,84266,2821,1712102.5845606597,129444,5503,7093.680332371908,Indicadores_ocupabilidad_2024.csv,2024-11-01,25.179097685347763,23.97,0.49999999999999994,-0.8660254037844387,24.651756814563434,24.528385919658394,23.977791339647293,1321228.7122249284,1712102.5845606597,7093.680332371908,24.385978024623043,0,108
20260330.0,2028,6,TT,TODAS CONSOLIDADAS,TT,TODAS CONSOLIDADAS,SAN MARTÍN,220000,2103.748281965848,31017.123820700177,50371.310024415405,26.08,21.32,1.7686997840032672,1.44,1.85,1487054.5556341119,84266,2821,1912063.1932470987,129444,5503,7528.973744564975,Indicadores_ocupabilidad_2024.csv,2024-11-01,26.8948946081237,23.97,1.2246467991473532e-16,-1.0,25.179097685347763,24.651756814563434,24.528385919658394,1487054.5556341119,1912063.1932470987,7528.973744564975,24.786413473189864,0,109
20260330.0,2028,7,TT,TODAS CONSOLIDADAS,TT,TODAS CONSOLIDADAS,SAN MARTÍN,220000,2171.8803834224645,32276.543426487126,52416.58720035987,26.08,21.32,1.7828918876968018,1.44,1.85,1673693.0033168283,84266,2821,2135377.685857795,129444,5503,7990.978306093882,Indicadores_ocupabilidad_2024.csv,2024-11-01,27.310940515411282,23.97,-0.4999999999999997,-0.8660254037844388,26.8948946081237,25.179097685347763,24.651756814563434,1673693.0033168283,2135377.685857795,7990.978306093882,25.575249702678303,0,110
20260330.0,2028,8,TT,TODAS CONSOLIDADAS,TT,TODAS CONSOLIDADAS,SAN MARTÍN,220000,2242.2190146662647,33587.10051854164,54544.910831209156,26.08,21.32,1.797197869284748,1.44,1.85,1883756.2204684496,84266,2821,2384773.6190746906,129444,5503,8481.333107923148,Indicadores_ocupabilidad_2024.csv,2024-11-01,27.020783985503527,23.97,-0.8660254037844385,-0.5000000000000004,27.310940515411282,26.8948946081237,25.179097685347763,1883756.2204684496,2384773.6190746906,8481.333107923148,26.461644269627584,0,111
20260330.0,2028,9,TT,TODAS CONSOLIDADAS,TT,TODAS CONSOLIDADAS,SAN MARTÍN,220000,2314.8356364858882,34950.871483867515,56759.65293604868,26.08,21.32,1.8116186425269758,1.44,1.85,2120184.2220295426,84266,2821,2663297.1075325413,129444,5503,9001.777821458676,Indicadores_ocupabilidad_2024.csv,2024-11-01,26.753820288981363,23.97,-1.0,-1.8369701987210297e-16,27.020783985503527,27.310940515411282,26.8948946081237,2120184.2220295426,2663297.1075325413,9001.777821458676,27.075539703012836,0,112
20260330.0,2028,10,TT,TODAS CONSOLIDADAS,TT,TODAS CONSOLIDADAS,SAN MARTÍN,220000,2389.8040240027976,36370.01701910719,59064.32245146053,26.08,21.32,1.826155128515395,1.44,1.85,2386286.0207172465,84266,2821,2974350.0289739845,129444,5503,9554.158870520754,Indicadores_ocupabilidad_2024.csv,2024-11-01,25.313767271761694,23.97,-0.8660254037844386,0.5000000000000001,26.753820288981363,27.020783985503527,27.310940515411282,2386286.0207172465,2974350.0289739845,9554.158870520754,27.028514929965393,0,113
20260330.0,2028,11,TT,TODAS CONSOLIDADAS,TT,TODAS CONSOLIDADAS,SAN MARTÍN,220000,2467.2003416233824,37846.78555385119,61462.57079092286,26.08,21.32,1.8408082557327852,1.44,1.85,2685785.939497104,84266,2821,3321731.5746848006,129444,5503,10140.435982051244,Indicadores_ocupabilidad_2024.csv,2024-11-01,24.31862785408335,23.97,-0.5000000000000004,0.8660254037844384,25.313767271761694,26.753820288981363,27.020783985503527,2685785.939497104,3321731.5746848006,10140.435982051244,26.362790515415526,0,114
20260330.0,2028,12,TT,TODAS CONSOLIDADAS,TT,TODAS CONSOLIDADAS,SAN MARTÍN,220000,2547.103220418466,39383.516812947615,63958.1976299432,26.08,21.32,1.8555789601121024,1.44,1.85,3022875.736678118,84266,2821,3709684.652705169,129444,5503,10762.689138795413,Indicadores_ocupabilidad_2024.csv,2024-11-01,24.21045363427355,23.97,-2.4492935982947064e-16,1.0,24.31862785408335,25.313767271761694,26.753820288981363,3022875.736678118,3709684.652705169,10762.689138795413,25.462071804942138,0,115
20260330.0,2029,1,TT,TODAS CONSOLIDADAS,TT,TODAS CONSOLIDADAS,SAN MARTÍN,220000,2650.6305887128988,41392.47197869027,67220.70849535232,26.08,21.32,1.8742091214664505,1.44,1.85,3504341.471361456,84266,2821,4258950.246480751,129444,5503,11594.472848004392,Indicadores_ocupabilidad_2024.csv,2024-11-01,25.2435354162842,23.97,0.49999999999999994,0.8660254037844387,24.21045363427355,24.31862785408335,25.313767271761694,3504341.471361456,4258950.246480751,11594.472848004392,24.61428292003953,0,116
20260330.0,2029,2,TT,TODAS CONSOLIDADAS,TT,TODAS CONSOLIDADAS,SAN MARTÍN,220000,2758.365841438576,43503.904048086115,70649.64020345775,26.08,21.32,1.8930263311327,1.44,1.85,4062492.215243652,84266,2821,4889541.537923288,129444,5503,12490.540132626838,Indicadores_ocupabilidad_2024.csv,2024-11-01,24.09382423376861,23.97,0.8660254037844386,0.5000000000000001,25.2435354162842,24.21045363427355,24.31862785408335,4062492.215243652,4889541.537923288,12490.540132626838,24.590872301547034,0,117
20260330.0,2029,3,TT,TODAS CONSOLIDADAS,TT,TODAS CONSOLIDADAS,SAN MARTÍN,220000,2870.4800086494665,45723.04037312459,74253.48188978311,26.08,21.32,1.9120324670908815,1.44,1.85,4709541.9021775415,84266,2821,5613499.822129299,129444,5503,13455.859084754708,Indicadores_ocupabilidad_2024.csv,2024-11-01,24.61735807449419,23.97,1.0,6.123233995736766e-17,24.09382423376861,25.2435354162842,24.21045363427355,4709541.9021775415,5613499.822129299,13455.859084754708,24.51593776144212,0,118
20260330.0,2029,4,TT,TODAS CONSOLIDADAS,TT,TODAS CONSOLIDADAS,SAN MARTÍN,220000,2987.151071940116,48055.37495328201,78041.1557210804,26.08,21.32,1.9312294261760952,1.44,1.85,5459649.829023931,84266,2821,6444649.259780981,129444,5503,14495.781750528486,Indicadores_ocupabilidad_2024.csv,2024-11-01,24.817352572009778,23.97,0.8660254037844387,-0.4999999999999998,24.61735807449419,24.09382423376861,25.2435354162842,5459649.829023931,6444649.259780981,14495.781750528486,24.651572574849002,0,119
20260330.0,2029,5,TT,TODAS CONSOLIDADAS,TT,TODAS CONSOLIDADAS,SAN MARTÍN,220000,3108.5642469919876,50506.68203722322,82022.03898427462,26.08,21.32,1.9506191242678175,1.44,1.85,6329230.501543871,84266,2821,7398860.852878972,129444,5503,15616.073803643374,Indicadores_ocupabilidad_2024.csv,2024-11-01,25.727382460997855,23.97,0.49999999999999994,-0.8660254037844387,24.817352572009778,24.61735807449419,24.09382423376861,6329230.501543871,7398860.852878972,15616.073803643374,24.50951162675753,0,120
20260330.0,2029,6,TT,TODAS CONSOLIDADAS,TT,TODAS CONSOLIDADAS,SAN MARTÍN,220000,3234.9122776039444,53083.03041832675,86205.98730216664,26.08,21.32,1.9702034964811082,1.44,1.85,7337312.830708596,84266,2821,8494355.505411224,129444,5503,16822.94651214283,Indicadores_ocupabilidad_2024.csv,2024-11-01,27.388109585257794,23.97,1.2246467991473532e-16,-1.0,25.727382460997855,24.817352572009778,24.61735807449419,7337312.830708596,8494355.505411224,16822.94651214283,25.05403103583394,0,121
20260330.0,2029,7,TT,TODAS CONSOLIDADAS,TT,TODAS CONSOLIDADAS,SAN MARTÍN,220000,3366.3957416736357,55790.79845942543,90603.35903337014,26.08,21.32,1.9899844973597376,1.44,1.85,8505956.539669221,84266,2821,9752051.95597564,129444,5503,18123.0911757339,Indicadores_ocupabilidad_2024.csv,2024-11-01,27.67177835039499,23.97,-0.4999999999999997,-0.8660254037844388,27.388109585257794,25.727382460997855,24.817352572009778,8505956.539669221,9752051.95597564,18123.0911757339,25.977614872755144,0,122
20260330.0,2029,8,TT,TODAS CONSOLIDADAS,TT,TODAS CONSOLIDADAS,SAN MARTÍN,220000,3503.223369615545,58636.689883959734,95225.04091689065,26.08,21.32,2.0099641010712515,1.44,1.85,9860734.893561069,84266,2821,11195966.226215094,129444,5503,19523.716224556196,Indicadores_ocupabilidad_2024.csv,2024-11-01,27.33584770221659,23.97,-0.8660254037844385,-0.5000000000000004,27.67177835039499,27.388109585257794,25.727382460997855,9860734.893561069,11195966.226215094,19523.716224556196,26.92909013221688,0,123
20260330.0,2029,9,TT,TODAS CONSOLIDADAS,TT,TODAS CONSOLIDADAS,SAN MARTÍN,220000,3645.6123757211817,61627.75037263869,100082.4750248358,26.08,21.32,2.0301443016039964,1.44,1.85,11431294.315650718,84266,2821,12853670.212630497,129444,5503,21032.587185092223,Indicadores_ocupabilidad_2024.csv,2024-11-01,26.975504200677577,23.97,-1.0,-1.8369701987210297e-16,27.33584770221659,27.67177835039499,27.388109585257794,11431294.315650718,12853670.212630497,21032.587185092223,27.465245212623127,0,124
20260330.0,2029,10,TT,TODAS CONSOLIDADAS,TT,TODAS CONSOLIDADAS,SAN MARTÍN,220000,3793.7888029874557,64771.385006697295,105187.6870899847,26.08,21.32,2.050527112966121,1.44,1.85,13252003.13582684,84266,2821,14756818.178694854,129444,5503,22658.069734803335,Indicadores_ocupabilidad_2024.csv,2024-11-01,25.46972718295101,23.97,-0.8660254037844386,0.5000000000000001,26.975504200677577,27.33584770221659,27.67177835039499,13252003.13582684,14756818.178694854,22658.069734803335,27.32771008442972,0,125
20260330.0,2029,11,TT,TODAS CONSOLIDADAS,TT,TODAS CONSOLIDADAS,SAN MARTÍN,220000,3947.9878819606474,68075.37660093533,110553.31627834795,26.08,21.32,2.0711145693865776,1.44,1.85,15362703.667906357,84266,2821,16941751.200764135,129444,5503,24409.176084200306,Indicadores_ocupabilidad_2024.csv,2024-11-01,24.46639742907561,23.97,-0.5000000000000004,0.8660254037844384,25.46972718295101,26.975504200677577,27.33584770221659,15362703.667906357,16941751.200764135,24409.176084200306,26.59369302861506,0,126
20260330.0,2029,12,TT,TODAS CONSOLIDADAS,TT,TODAS CONSOLIDADAS,SAN MARTÍN,220000,4108.454404165644,71547.90497192541,116192.64648042763,26.08,21.32,2.09190872551814,1.44,1.85,17809584.07335736,84266,2821,19450191.1098276,129444,5503,26295.614943506025,Indicadores_ocupabilidad_2024.csv,2024-11-01,24.39362844520009,23.97,-2.4492935982947064e-16,1.0,24.46639742907561,25.46972718295101,26.975504200677577,17809584.07335736,19450191.1098276,26295.614943506025,25.63720960423473,0,127
20260330.0,2030,1,TT,TODAS CONSOLIDADAS,TT,TODAS CONSOLIDADAS,SAN MARTÍN,220000,4309.646655598963,75949.54286098431,123340.83559063231,26.08,21.32,2.1171374799557445,1.44,1.85,21265574.76301866,84266,2821,22955278.221127614,129444,5503,28752.763031206086,Indicadores_ocupabilidad_2024.csv,2024-11-01,25.5677211181578,23.97,0.49999999999999994,0.8660254037844387,24.39362844520009,24.46639742907561,25.46972718295101,21265574.76301866,22955278.221127614,28752.763031206086,24.776584352408904,0,128
20260330.0,2030,2,TT,TODAS CONSOLIDADAS,TT,TODAS CONSOLIDADAS,SAN MARTÍN,220000,4520.691352271972,80621.97017586918,130928.78237142121,26.08,21.32,2.142670497214527,1.44,1.85,25392208.38279158,84266,2821,27092011.34497472,129444,5503,31439.515056211258,Indicadores_ocupabilidad_2024.csv,2024-11-01,24.14108047400476,23.97,0.8660254037844386,0.5000000000000001,25.5677211181578,24.39362844520009,24.46639742907561,25392208.38279158,27092011.34497472,31439.515056211258,24.809248997477834,0,129
20260330.0,2030,3,TT,TODAS CONSOLIDADAS,TT,TODAS CONSOLIDADAS,SAN MARTÍN,220000,4742.070971399921,85581.845922838,138983.5407809166,26.08,21.32,2.1685114467528663,1.44,1.85,30319624.733415212,84266,2821,31974218.375654444,129444,5503,34377.325959837406,Indicadores_ocupabilidad_2024.csv,2024-11-01,24.646903404591754,23.97,1.0,6.123233995736766e-17,24.14108047400476,25.5677211181578,24.39362844520009,30319624.733415212,31974218.375654444,34377.325959837406,24.700810012454216,0,130
20260330.0,2030,4,TT,TODAS CONSOLIDADAS,TT,TODAS CONSOLIDADAS,SAN MARTÍN,220000,4974.291617252821,90846.85397272257,147533.82914081885,26.08,21.32,2.1946640422833963,1.44,1.85,36203217.542831905,84266,2821,37736239.946011744,129444,5503,37589.65550314466,Indicadores_ocupabilidad_2024.csv,2024-11-01,24.77859644671443,23.97,0.8660254037844387,-0.4999999999999998,24.646903404591754,24.14108047400476,25.5677211181578,36203217.542831905,37736239.946011744,37589.65550314466,24.785234998918103,0,131
20260330.0,2030,5,TT,TODAS CONSOLIDADAS,TT,TODAS CONSOLIDADAS,SAN MARTÍN,220000,5217.884178179446,96435.76611075153,156610.13252830424,26.08,21.32,2.2211320423067216,1.44,1.85,43228535.04875742,84266,2821,44536625.994499415,129444,5503,41102.15560383791,Indicadores_ocupabilidad_2024.csv,2024-11-01,25.800781064559118,23.97,0.49999999999999994,-0.8660254037844387,24.77859644671443,24.646903404591754,24.14108047400476,43228535.04875742,44536625.994499415,41102.15560383791,24.522193441770316,0,132
20260330.0,2030,6,TT,TODAS CONSOLIDADAS,TT,TODAS CONSOLIDADAS,SAN MARTÍN,220000,5473.405540291146,102368.50896520779,166244.81146708812,26.08,21.32,2.2479192506515653,1.44,1.85,51617131.550553165,84266,2821,52562498.48452518,129444,5503,44942.875178538794,Indicadores_ocupabilidad_2024.csv,2024-11-01,27.326744191298264,23.97,1.2246467991473532e-16,-1.0,25.800781064559118,24.77859644671443,24.646903404591754,51617131.550553165,52562498.48452518,44942.875178538794,25.0754269719551,0,133
20260330.0,2030,7,TT,TODAS CONSOLIDADAS,TT,TODAS CONSOLIDADAS,SAN MARTÍN,220000,5741.43986058012,108666.2350535472,176472.21730517826,26.08,21.32,2.2750295170214354,1.44,1.85,61633554.46817752,84266,2821,62034700.32231312,129444,5503,49142.484126188116,Indicadores_ocupabilidad_2024.csv,2024-11-01,27.390113266822233,23.97,-0.4999999999999997,-0.8660254037844388,27.326744191298264,25.800781064559118,24.77859644671443,61633554.46817752,62034700.32231312,49142.484126188116,25.968707234190603,0,134
20260330.0,2030,8,TT,TODAS CONSOLIDADAS,TT,TODAS CONSOLIDADAS,SAN MARTÍN,220000,6022.599902382678,115351.3981992851,187328.81469068525,26.08,21.32,2.3024667375478804,1.44,1.85,73593687.25597258,84266,2821,73213872.15282711,129444,5503,53734.5182411885,Indicadores_ocupabilidad_2024.csv,2024-11-01,27.186566311334257,23.97,-0.8660254037844385,-0.5000000000000004,27.390113266822233,27.326744191298264,25.800781064559118,73593687.25597258,73213872.15282711,53734.5182411885,26.839212840893207,0,135
20260330.0,2030,9,TT,TODAS CONSOLIDADAS,TT,TODAS CONSOLIDADAS,SAN MARTÍN,220000,6317.528436240542,122447.83358854106,198853.31158236307,26.08,21.32,2.3302348553504197,1.44,1.85,87874711.27803107,84266,2821,86407624.24514349,129444,5503,58755.64701203048,Indicadores_ocupabilidad_2024.csv,2024-11-01,26.627436450128037,23.97,-1.0,-1.8369701987210297e-16,27.186566311334257,27.390113266822233,27.326744191298264,87874711.27803107,86407624.24514349,58755.64701203048,27.301141256484915,0,136
20260330.0,2030,10,TT,TODAS CONSOLIDADAS,TT,TODAS CONSOLIDADAS,SAN MARTÍN,220000,6626.899709362746,129980.84275167431,211086.79725841765,26.08,21.32,2.358337861103226,1.44,1.85,104927000.80835582,84266,2821,101979000.81155047,129444,5503,64245.96644389623,Indicadores_ocupabilidad_2024.csv,2024-11-01,25.316177380000113,23.97,-0.8660254037844386,0.5000000000000001,26.627436450128037,27.186566311334257,27.390113266822233,104927000.80835582,101979000.81155047,64245.96644389623,27.06803867609484,0,137
20260330.0,2030,11,TT,TODAS CONSOLIDADAS,TT,TODAS CONSOLIDADAS,SAN MARTÍN,220000,6951.420987047526,137977.28377300224,224072.8888156383,26.08,21.32,2.3867797936086426,1.44,1.85,125288326.28311752,84266,2821,120356469.66774143,129444,5503,70249.31924356321,Indicadores_ocupabilidad_2024.csv,2024-11-01,24.602272981920656,23.97,-0.5000000000000004,0.8660254037844384,25.316177380000113,26.627436450128037,27.186566311334257,125288326.28311752,120356469.66774143,70249.31924356321,26.3767267138208,0,138
20260330.0,2030,12,TT,TODAS CONSOLIDADAS,TT,TODAS CONSOLIDADAS,SAN MARTÍN,220000,7291.834169588113,146465.66705023427,237857.8866811775,26.08,21.32,2.415564740377615,1.44,1.85,149600813.72663116,84266,2821,142045712.1133243,129444,5503,76813.64492343026,Indicadores_ocupabilidad_2024.csv,2024-11-01,24.601282306445043,23.97,-2.4492935982947064e-16,1.0,24.602272981920656,25.316177380000113,26.627436450128037,149600813.72663116,142045712.1133243,76813.64492343026,25.51529560401627,0,139
20260330.0,2025,1,TT,TODAS CONSOLIDADAS,TT,TODAS CONSOLIDADAS,TACNA,230000,523.152,6424.61,11942.24,11.96,10.53,1.32264,1.25,1.43,34357.71,18352,15005,50629.0,25374,23876,952.0699999999999,Indicadores_ocupabilidad_2024.csv,2024-11-01,13.740190378302508,12.6,0.49999999999999994,0.8660254037844387,10.96,14.86,15.27,34357.71,50629.0,952.0699999999999,13.696666666666664,0,68
20260330.0,2025,2,TT,TODAS CONSOLIDADAS,TT,TODAS CONSOLIDADAS,TACNA,230000,527.337216,6488.8561,12061.6624,11.96,10.53,1.3252852800000001,1.25,1.43,35388.4413,18352,15005,52046.612,25374,23876,966.3510499999999,Indicadores_ocupabilidad_2024.csv,2024-11-01,13.879613371383323,12.6,0.8660254037844386,0.5000000000000001,13.740190378302508,10.96,14.86,35388.4413,52046.612,966.3510499999999,13.186730126100835,0,69
20260330.0,2025,3,TT,TODAS CONSOLIDADAS,TT,TODAS CONSOLIDADAS,TACNA,230000,531.5559137280001,6553.744661,12182.279024,11.96,10.53,1.32793585056,1.25,1.43,36450.094539,18352,15005,53503.917136000004,25374,23876,980.8463157499998,Indicadores_ocupabilidad_2024.csv,2024-11-01,14.099609039090456,12.6,1.0,6.123233995736766e-17,13.879613371383323,13.740190378302508,10.96,36450.094539,53503.917136000004,980.8463157499998,12.85993458322861,0,70
20260330.0,2025,4,TT,TODAS CONSOLIDADAS,TT,TODAS CONSOLIDADAS,TACNA,230000,535.808361037824,6619.28210761,12304.101814239999,11.96,10.53,1.33059172226112,1.25,1.43,37543.59737517,18352,15005,55002.02681580801,25374,23876,995.5590104862497,Indicadores_ocupabilidad_2024.csv,2024-11-01,14.486602088166258,12.6,0.8660254037844387,-0.4999999999999998,14.099609039090456,13.879613371383323,13.740190378302508,37543.59737517,55002.02681580801,995.5590104862497,13.906470929592096,0,71
20260330.0,2025,5,TT,TODAS CONSOLIDADAS,TT,TODAS CONSOLIDADAS,TACNA,230000,540.0948279261266,6685.4749286861,12427.142832382398,11.96,10.53,1.3332529057056424,1.25,1.43,38669.9052964251,18352,15005,56542.08356665063,25374,23876,1010.4923956435433,Indicadores_ocupabilidad_2024.csv,2024-11-01,14.793232522329724,12.6,0.49999999999999994,-0.8660254037844387,14.486602088166258,14.099609039090456,13.879613371383323,38669.9052964251,56542.08356665063,1010.4923956435433,14.155274832880012,0,72
20260330.0,2025,6,TT,TODAS CONSOLIDADAS,TT,TODAS CONSOLIDADAS,TACNA,230000,544.4155865495356,6752.329677972961,12551.414260706222,11.96,10.53,1.3359194115170536,1.25,1.43,39830.00245531786,18352,15005,58125.26190651685,25374,23876,1025.6497815781963,Indicadores_ocupabilidad_2024.csv,2024-11-01,15.604988323770153,12.6,1.2246467991473532e-16,-1.0,14.793232522329724,14.486602088166258,14.099609039090456,39830.00245531786,58125.26190651685,1025.6497815781963,14.459814549862145,0,73
20260330.0,2025,7,TT,TODAS CONSOLIDADAS,TT,TODAS CONSOLIDADAS,TACNA,230000,548.7709112419319,6819.852974752691,12676.928403313284,11.96,10.53,1.3385912503400876,1.25,1.43,41024.90252897739,18352,15005,59752.769239899324,25374,23876,1041.0345283018692,Indicadores_ocupabilidad_2024.csv,2024-11-01,16.5225942445493,12.6,-0.4999999999999997,-0.8660254037844388,15.604988323770153,14.793232522329724,14.486602088166258,41024.90252897739,59752.769239899324,1041.0345283018692,14.961607644755377,0,74
20260330.0,2025,8,TT,TODAS CONSOLIDADAS,TT,TODAS CONSOLIDADAS,TACNA,230000,553.1610785318674,6888.051504500218,12803.697687346417,11.96,10.53,1.3412684328407678,1.25,1.43,42255.649604846716,18352,15005,61425.846778616506,25374,23876,1056.650046226397,Indicadores_ocupabilidad_2024.csv,2024-11-01,17.012024852916593,12.6,-0.8660254037844385,-0.5000000000000004,16.5225942445493,15.604988323770153,14.793232522329724,42255.649604846716,61425.846778616506,1056.650046226397,15.64027169688306,0,75
20260330.0,2025,9,TT,TODAS CONSOLIDADAS,TT,TODAS CONSOLIDADAS,TACNA,230000,557.5863671601223,6956.93201954522,12931.73466421988,11.96,10.53,1.3439509697064493,1.25,1.43,43523.31909299212,18352,15005,63145.77048841777,25374,23876,1072.499796919793,Indicadores_ocupabilidad_2024.csv,2024-11-01,17.134720300577623,12.6,-1.0,-1.8369701987210297e-16,17.012024852916593,16.5225942445493,15.604988323770153,43523.31909299212,63145.77048841777,1072.499796919793,16.379869140412016,0,76
20260330.0,2025,10,TT,TODAS CONSOLIDADAS,TT,TODAS CONSOLIDADAS,TACNA,230000,562.0470580974034,7026.501339740672,13061.05201086208,11.96,10.53,1.3466388716458622,1.25,1.43,44829.018665781885,18352,15005,64913.85206209347,25374,23876,1088.5872938735897,Indicadores_ocupabilidad_2024.csv,2024-11-01,16.914368551653173,12.6,-0.8660254037844386,0.5000000000000001,17.134720300577623,17.012024852916593,16.5225942445493,44829.018665781885,64913.85206209347,1088.5872938735897,16.88977979934784,0,77
20260330.0,2025,11,TT,TODAS CONSOLIDADAS,TT,TODAS CONSOLIDADAS,TACNA,230000,566.5434345621826,7096.766353138079,13191.662530970701,11.96,10.53,1.349332149389154,1.25,1.43,46173.889225755345,18352,15005,66731.43991983209,25374,23876,1104.9161032816935,Indicadores_ocupabilidad_2024.csv,2024-11-01,16.91165022918146,12.6,-0.5000000000000004,0.8660254037844384,16.914368551653173,17.134720300577623,17.012024852916593,46173.889225755345,66731.43991983209,1104.9161032816935,17.02037123504913,0,78
20260330.0,2025,12,TT,TODAS CONSOLIDADAS,TT,TODAS CONSOLIDADAS,TACNA,230000,571.07578203868,7167.734016669459,13323.579156280408,11.96,10.53,1.3520308136879322,1.25,1.43,47559.105902528005,18352,15005,68599.92023758739,25374,23876,1121.4898448309189,Indicadores_ocupabilidad_2024.csv,2024-11-01,17.177801392537575,12.6,-2.4492935982947064e-16,1.0,16.91165022918146,16.914368551653173,17.134720300577623,47559.105902528005,68599.92023758739,1121.4898448309189,16.98691302713742,0,79
20260330.0,2026,1,TT,TODAS CONSOLIDADAS,TT,TODAS CONSOLIDADAS,TACNA,230000,580.2495434013495,7311.805470404515,13591.383097321645,11.96,10.53,1.3574443450659386,1.25,1.43,50455.455451991955,18352,15005,72495.29810835855,25374,23876,1155.386875390933,Indicadores_ocupabilidad_2024.csv,2024-11-01,16.634902930528604,12.6,0.49999999999999994,0.8660254037844387,17.177801392537575,16.91165022918146,16.914368551653173,50455.455451991955,72495.29810835855,1155.386875390933,17.00127339112407,0,80
20260330.0,2026,2,TT,TODAS CONSOLIDADAS,TT,TODAS CONSOLIDADAS,TACNA,230000,589.5706720665488,7458.772760359646,13864.56989757781,11.96,10.53,1.3628795522235824,1.25,1.43,53528.192689018266,18352,15005,76611.87111614358,25374,23876,1190.3084436996237,Indicadores_ocupabilidad_2024.csv,2024-11-01,17.05093811424049,12.6,0.8660254037844386,0.5000000000000001,16.634902930528604,17.177801392537575,16.91165022918146,53528.192689018266,76611.87111614358,1190.3084436996237,16.908118184082547,0,81
20260330.0,2026,3,TT,TODAS CONSOLIDADAS,TT,TODAS CONSOLIDADAS,TACNA,230000,599.0415353426259,7608.694092842875,14143.247752519124,11.96,10.53,1.3683365219506856,1.25,1.43,56788.059623779474,18352,15005,80962.19960560267,25374,23876,1226.2855164104444,Indicadores_ocupabilidad_2024.csv,2024-11-01,16.998620771067316,12.6,1.0,6.123233995736766e-17,17.05093811424049,16.634902930528604,17.177801392537575,56788.059623779474,80962.19960560267,1226.2855164104444,16.95454747910222,0,82
20260330.0,2026,4,TT,TODAS CONSOLIDADAS,TT,TODAS CONSOLIDADAS,TACNA,230000,608.66453856637,7761.628844109016,14427.527032344758,11.96,10.53,1.373815341384576,1.25,1.43,60246.45245486764,18352,15005,85559.55714800721,25374,23876,1263.3499961439497,Indicadores_ocupabilidad_2024.csv,2024-11-01,17.182974059852206,12.6,0.8660254037844387,-0.4999999999999998,16.998620771067316,17.05093811424049,16.634902930528604,60246.45245486764,85559.55714800721,1263.3499961439497,16.894820605278802,0,83
20260330.0,2026,5,TT,TODAS CONSOLIDADAS,TT,TODAS CONSOLIDADAS,TACNA,230000,618.4421257139002,7917.637583875608,14717.520325694888,11.96,10.53,1.3793160980114796,1.25,1.43,63915.461409369076,18352,15005,90417.97104109965,25374,23876,1301.5347497774003,Indicadores_ocupabilidad_2024.csv,2024-11-01,17.28134256861035,12.6,0.49999999999999994,-0.8660254037844387,17.182974059852206,16.998620771067316,17.05093811424049,63915.461409369076,90417.97104109965,1301.5347497774003,17.077510981720007,0,84
20260330.0,2026,6,TT,TODAS CONSOLIDADAS,TT,TODAS CONSOLIDADAS,TACNA,230000,628.3767800213683,8076.782099311507,15013.342484241355,11.96,10.53,1.3848388796679174,1.25,1.43,67807.91300919965,18352,15005,95552.26510869745,25374,23876,1340.8736375894218,Indicadores_ocupabilidad_2024.csv,2024-11-01,18.09143010574539,12.6,1.2246467991473532e-16,-1.0,17.28134256861035,17.182974059852206,16.998620771067316,67807.91300919965,95552.26510869745,1340.8736375894218,17.154312466509957,0,85
20260330.0,2026,7,TT,TODAS CONSOLIDADAS,TT,TODAS CONSOLIDADAS,TACNA,230000,638.4710246156316,8239.125419507669,15315.110668174606,11.96,10.53,1.3903837745421077,1.25,1.43,71937.4149114599,18352,15005,100978.10493062972,25374,23876,1381.4015432855617,Indicadores_ocupabilidad_2024.csv,2024-11-01,18.346430484918635,12.6,-0.4999999999999997,-0.8660254037844388,18.09143010574539,17.28134256861035,17.182974059852206,71937.4149114599,100978.10493062972,1381.4015432855617,17.51858224473598,0,86
20260330.0,2026,8,TT,TODAS CONSOLIDADAS,TT,TODAS CONSOLIDADAS,TACNA,230000,648.7274231550571,8404.731840439774,15622.944392604915,11.96,10.53,1.395950871175374,1.25,1.43,76318.4034795678,18352,15005,106712.0456410106,25374,23876,1423.1544049313675,Indicadores_ocupabilidad_2024.csv,2024-11-01,18.821433689962994,12.6,-0.8660254037844385,-0.5000000000000004,18.346430484918635,18.09143010574539,17.28134256861035,76318.4034795678,106712.0456410106,1423.1544049313675,17.906401053091457,0,87
20260330.0,2026,9,TT,TODAS CONSOLIDADAS,TT,TODAS CONSOLIDADAS,TACNA,230000,659.1485804806199,8573.666950432613,15936.965574896274,11.96,10.53,1.4015402584635601,1.25,1.43,80966.19425147348,18352,15005,112771.58244068974,25374,23876,1466.1692468204176,Indicadores_ocupabilidad_2024.csv,2024-11-01,19.49894504051685,12.6,-1.0,-1.8369701987210297e-16,18.821433689962994,18.346430484918635,18.09143010574539,80966.19425147348,112771.58244068974,1466.1692468204176,18.419764760209006,0,88
20260330.0,2026,10,TT,TODAS CONSOLIDADAS,TT,TODAS CONSOLIDADAS,TACNA,230000,669.7371432774606,8745.99765613631,16257.29858295169,11.96,10.53,1.407152025658448,1.25,1.43,85897.03548138821,18352,15005,119175.20397800187,25374,23876,1510.4842123055644,Indicadores_ocupabilidad_2024.csv,2024-11-01,18.952356154093852,12.6,-0.8660254037844386,0.5000000000000001,19.49894504051685,18.821433689962994,18.346430484918635,85897.03548138821,119175.20397800187,1510.4842123055644,18.888936405132828,0,89
20260330.0,2026,11,TT,TODAS CONSOLIDADAS,TT,TODAS CONSOLIDADAS,TACNA,230000,680.4958007470698,8921.792209024648,16584.070284469017,11.96,10.53,1.4127862623691843,1.25,1.43,91128.16494220475,18352,15005,125942.44876068871,25374,23876,1556.1385976224997,Indicadores_ocupabilidad_2024.csv,2024-11-01,18.622198902329938,12.6,-0.5000000000000004,0.8660254037844384,18.952356154093852,19.49894504051685,18.821433689962994,91128.16494220475,125942.44876068871,1556.1385976224997,19.090911628191233,0,90
20260330.0,2026,12,TT,TODAS CONSOLIDADAS,TT,TODAS CONSOLIDADAS,TACNA,230000,691.4272852902708,9101.120232426043,16917.410097186843,11.96,10.53,1.4184430585637102,1.25,1.43,96677.87018718502,18352,15005,133093.96477111566,25374,23876,1603.1728867356394,Indicadores_ocupabilidad_2024.csv,2024-11-01,18.544875856282445,12.6,-2.4492935982947064e-16,1.0,18.622198902329938,18.952356154093852,19.49894504051685,96677.87018718502,133093.96477111566,1603.1728867356394,19.024500032313547,0,91
20260330.0,2027,1,TT,TODAS CONSOLIDADAS,TT,TODAS CONSOLIDADAS,TACNA,230000,708.154648186783,9376.893276588786,17430.024540541704,11.96,10.53,1.4269707495793396,1.25,1.43,105642.51905603212,18352,15005,144589.81649574568,25374,23876,1676.4032190457817,Indicadores_ocupabilidad_2024.csv,2024-11-01,18.72331483092151,12.6,0.49999999999999994,0.8660254037844387,18.544875856282445,18.622198902329938,18.952356154093852,105642.51905603212,144589.81649574568,1676.4032190457817,18.706476970902077,0,92
20260330.0,2027,2,TT,TODAS CONSOLIDADAS,TT,TODAS CONSOLIDADAS,TACNA,230000,725.2866880108975,9661.022519762704,17958.17171414466,11.96,10.53,1.4355497091415763,1.25,1.43,115438.43292054081,18352,15005,157078.610365438,25374,23876,1752.9785939365613,Indicadores_ocupabilidad_2024.csv,2024-11-01,18.92775616969891,12.6,0.8660254037844386,0.5000000000000001,18.72331483092151,18.544875856282445,18.622198902329938,115438.43292054081,157078.610365438,1752.9785939365613,18.630129863177967,0,93
20260330.0,2027,3,TT,TODAS CONSOLIDADAS,TT,TODAS CONSOLIDADAS,TACNA,230000,742.8331949140413,9953.761163134035,18502.32227525496,11.96,10.53,1.444180245477333,1.25,1.43,126142.6924899638,18352,15005,170646.11071736907,25374,23876,1833.0518075173675,Indicadores_ocupabilidad_2024.csv,2024-11-01,19.52111245879641,12.6,1.0,6.123233995736766e-17,18.92775616969891,18.72331483092151,18.544875856282445,126142.6924899638,170646.11071736907,1833.0518075173675,18.731982285634288,0,94
20260330.0,2027,4,TT,TODAS CONSOLIDADAS,TT,TODAS CONSOLIDADAS,TACNA,230000,760.8041958959975,10255.37008013816,19062.961142517463,11.96,10.53,1.4528626686665844,1.25,1.43,137839.52593648067,18352,15005,185385.48969345778,25374,23876,1916.782635375573,Indicadores_ocupabilidad_2024.csv,2024-11-01,19.812107803514692,12.6,0.8660254037844387,-0.4999999999999998,19.52111245879641,18.92775616969891,18.72331483092151,137839.52593648067,185385.48969345778,1916.782635375573,19.057394486472276,0,95
20260330.0,2027,5,TT,TODAS CONSOLIDADAS,TT,TODAS CONSOLIDADAS,TACNA,230000,779.2099605348617,10566.118048936429,19640.587928096887,11.96,10.53,1.461597290653509,1.25,1.43,150620.97165799272,18352,15005,201397.967081737,25374,23876,2004.338151387746,Indicadores_ocupabilidad_2024.csv,2024-11-01,20.300379986826247,12.6,0.49999999999999994,-0.8660254037844387,19.812107803514692,19.52111245879641,18.92775616969891,150620.97165799272,201397.967081737,2004.338151387746,19.42032547733667,0,96
20260330.0,2027,6,TT,TODAS CONSOLIDADAS,TT,TODAS CONSOLIDADAS,TACNA,230000,798.0610068556208,10886.281991937252,20235.717382906154,11.96,10.53,1.470384425257696,1.25,1.43,164587.6024969234,18352,15005,218793.50542335253,25374,23876,2095.8930610936413,Indicadores_ocupabilidad_2024.csv,2024-11-01,21.896615529173424,12.6,1.2246467991473532e-16,-1.0,20.300379986826247,19.812107803514692,19.52111245879641,164587.6024969234,218793.50542335253,2095.8930610936413,19.87786674971245,0,97
20260330.0,2027,7,TT,TODAS CONSOLIDADAS,TT,TODAS CONSOLIDADAS,TACNA,230000,817.3681073407074,11216.147222574944,20848.879855325595,11.96,10.53,1.4792243881854206,1.25,1.43,179849.31711365562,18352,15005,237691.56515870092,25374,23876,2191.630050298174,Indicadores_ocupabilidad_2024.csv,2024-11-01,21.970364196197377,12.6,-0.4999999999999997,-0.8660254037844388,21.896615529173424,20.300379986826247,19.812107803514692,179849.31711365562,237691.56515870092,2191.630050298174,20.66970110650479,0,98
20260330.0,2027,8,TT,TODAS CONSOLIDADAS,TT,TODAS CONSOLIDADAS,TACNA,230000,837.1422950859647,11556.00769956619,21480.62176382182,11.96,10.53,1.4881174970409863,1.25,1.43,196526.20474165358,18352,15005,258221.9249985234,25374,23876,2291.740149596962,Indicadores_ocupabilidad_2024.csv,2024-11-01,21.913238308101704,12.6,-0.8660254037844385,-0.5000000000000004,21.970364196197377,21.896615529173424,20.300379986826247,196526.20474165358,258221.9249985234,2291.740149596962,21.38911990406568,0,99
20260330.0,2027,9,TT,TODAS CONSOLIDADAS,TT,TODAS CONSOLIDADAS,TACNA,230000,857.3948701055394,11906.166288870745,22131.506083887387,11.96,10.53,1.4970640713381365,1.25,1.43,214749.4901287329,18352,15005,280525.57315369346,25374,23876,2396.4231155528073,Indicadores_ocupabilidad_2024.csv,2024-11-01,21.88267384799009,12.6,-1.0,-1.8369701987210297e-16,21.913238308101704,21.970364196197377,21.896615529173424,214749.4901287329,280525.57315369346,2396.4231155528073,21.92673934449083,0,100
20260330.0,2027,10,TT,TODAS CONSOLIDADAS,TT,TODAS CONSOLIDADAS,TACNA,230000,878.1374057893061,12266.93503358982,22802.112849735262,11.96,10.53,1.5060644325115338,1.25,1.43,234662.5660998999,18352,15005,304755.6755440431,25374,23876,2505.8878292836957,Indicadores_ocupabilidad_2024.csv,2024-11-01,21.414682094985725,12.6,-0.8660254037844386,0.5000000000000001,21.88267384799009,21.913238308101704,21.970364196197377,234662.5660998999,304755.6755440431,2505.8878292836957,21.922092117429724,0,101
20260330.0,2027,11,TT,TODAS CONSOLIDADAS,TT,TODAS CONSOLIDADAS,TACNA,230000,899.3817555165126,12638.635432042627,23493.039671195093,11.96,10.53,1.5151189039283084,1.25,1.43,256422.12186664532,18352,15005,331078.6276352118,25374,23876,2620.3527132576514,Indicadores_ocupabilidad_2024.csv,2024-11-01,20.14603856200997,12.6,-0.5000000000000004,0.8660254037844384,21.414682094985725,21.88267384799009,21.913238308101704,256422.12186664532,331078.6276352118,2620.3527132576514,21.73686475035917,0,102
20260330.0,2027,12,TT,TODAS CONSOLIDADAS,TT,TODAS CONSOLIDADAS,TACNA,230000,921.1400594294269,13021.598724268952,24204.90226627198,11.96,10.53,1.5242278108996765,1.25,1.43,280199.37596097373,18352,15005,359675.1971268015,25374,23876,2740.046167126101,Indicadores_ocupabilidad_2024.csv,2024-11-01,19.568769604638387,12.6,-2.4492935982947064e-16,1.0,20.14603856200997,21.414682094985725,21.88267384799009,280199.37596097373,359675.1971268015,2740.046167126101,21.147798168328595,0,103
20260330.0,2028,1,TT,TODAS CONSOLIDADAS,TT,TODAS CONSOLIDADAS,TACNA,230000,950.9721493818208,13550.327849085155,25187.71835994071,11.96,10.53,1.5364582636540132,1.25,1.43,315366.86620057817,18352,15005,401682.5347685151,25374,23876,2908.18512881738,Indicadores_ocupabilidad_2024.csv,2024-11-01,19.30070420330223,12.6,0.49999999999999994,0.8660254037844387,19.568769604638387,20.14603856200997,21.414682094985725,315366.86620057817,401682.5347685151,2908.18512881738,20.376496753878026,0,104
20260330.0,2028,2,TT,TODAS CONSOLIDADAS,TT,TODAS CONSOLIDADAS,TACNA,230000,981.7703829535455,14100.525496572687,26210.440728104928,11.96,10.53,1.548786853952821,1.25,1.43,354948.186290842,18352,15005,448596.011142733,25374,23876,3086.641694196436,Indicadores_ocupabilidad_2024.csv,2024-11-01,19.010515059723033,12.6,0.8660254037844386,0.5000000000000001,19.30070420330223,19.568769604638387,20.14603856200997,354948.186290842,448596.011142733,3086.641694196436,19.6718374566502,0,105
20260330.0,2028,3,TT,TODAS CONSOLIDADAS,TT,TODAS CONSOLIDADAS,TACNA,230000,1013.566049722189,14673.06337484078,27274.68972553331,11.96,10.53,1.5612143692548983,1.25,1.43,399497.31076386396,18352,15005,500988.6260779108,25374,23876,3276.048988059494,Indicadores_ocupabilidad_2024.csv,2024-11-01,19.307121735572604,12.6,1.0,6.123233995736766e-17,19.010515059723033,19.30070420330223,19.568769604638387,399497.31076386396,500988.6260779108,3276.048988059494,19.293329622554552,0,106
20260330.0,2028,4,TT,TODAS CONSOLIDADAS,TT,TODAS CONSOLIDADAS,TACNA,230000,1046.3914526112287,15268.848586843449,28382.15149989576,11.96,10.53,1.573741603337639,1.25,1.43,449637.7428360368,18352,15005,559500.3014406511,25374,23876,3477.0789859882616,Indicadores_ocupabilidad_2024.csv,2024-11-01,19.57944243599722,12.6,0.8660254037844387,-0.4999999999999998,19.307121735572604,19.010515059723033,19.30070420330223,449637.7428360368,559500.3014406511,3477.0789859882616,19.20611366619929,0,107
20260330.0,2028,5,TT,TODAS CONSOLIDADAS,TT,TODAS CONSOLIDADAS,TACNA,230000,1080.279940708305,15888.825067552127,29534.580663219043,11.96,10.53,1.5863693563477315,1.25,1.43,506071.24087047385,18352,15005,624845.6971226671,25374,23876,3690.444898372075,Indicadores_ocupabilidad_2024.csv,2024-11-01,19.92265117307333,12.6,0.49999999999999994,-0.8660254037844387,19.57944243599722,19.307121735572604,19.010515059723033,506071.24087047385,624845.6971226671,3690.444898372075,19.29902641043095,0,108
20260330.0,2028,6,TT,TODAS CONSOLIDADAS,TT,TODAS CONSOLIDADAS,TACNA,230000,1115.265943146348,16533.975079483265,30733.803071814196,11.96,10.53,1.5990984348522672,1.25,1.43,569587.6400873505,18352,15005,697822.9398758007,25374,23876,3916.9037007221013,Indicadores_ocupabilidad_2024.csv,2024-11-01,21.33566137102329,12.6,1.2246467991473532e-16,-1.0,19.92265117307333,19.57944243599722,19.307121735572604,569587.6400873505,697822.9398758007,3916.9037007221013,19.603071781547715,0,109
20260330.0,2028,7,TT,TODAS CONSOLIDADAS,TT,TODAS CONSOLIDADAS,TACNA,230000,1151.3850040819802,17205.320768950354,31981.71871908017,11.96,10.53,1.6119296518902575,1.25,1.43,641075.9069854222,18352,15005,779323.3716088278,25374,23876,4157.258819254611,Indicadores_ocupabilidad_2024.csv,2024-11-01,21.926155958660676,12.6,-0.4999999999999997,-0.8660254037844388,21.33566137102329,19.92265117307333,19.57944243599722,641075.9069854222,779323.3716088278,4157.258819254611,20.279251660031278,0,110
20260330.0,2028,8,TT,TODAS CONSOLIDADAS,TT,TODAS CONSOLIDADAS,TACNA,230000,1188.6738188067325,17903.925785506024,33280.30474576689,11.96,10.53,1.6248638270245648,1.25,1.43,721536.5811908334,18352,15005,870342.4362114652,25374,23876,4412.362981271168,Indicadores_ocupabilidad_2024.csv,2024-11-01,21.98887678364684,12.6,-0.8660254037844385,-0.5000000000000004,21.926155958660676,21.33566137102329,19.92265117307333,721536.5811908334,870342.4362114652,4412.362981271168,21.061489500919098,0,111
20260330.0,2028,9,TT,TODAS CONSOLIDADAS,TT,TODAS CONSOLIDADAS,TACNA,230000,1227.1702710277586,18630.89696713997,34631.61857246706,11.96,10.53,1.6379017863942504,1.25,1.43,812095.7788675633,18352,15005,971991.8378769275,25374,23876,4683.121240448276,Indicadores_ocupabilidad_2024.csv,2024-11-01,21.91885735209814,12.6,-1.0,-1.8369701987210297e-16,21.98887678364684,21.926155958660676,21.33566137102329,812095.7788675633,971991.8378769275,4683.121240448276,21.75023137111027,0,112
20260330.0,2028,10,TT,TODAS CONSOLIDADAS,TT,TODAS CONSOLIDADAS,TACNA,230000,1266.913471355926,19387.38609390269,36037.8011592997,11.96,10.53,1.6510443627673417,1.25,1.43,914020.9536792545,18352,15005,1085513.119424432,25374,23876,4970.494187769535,Indicadores_ocupabilidad_2024.csv,2024-11-01,21.506102978580415,12.6,-0.8660254037844386,0.5000000000000001,21.91885735209814,21.98887678364684,21.926155958660676,914020.9536792545,1085513.119424432,4970.494187769535,21.944630031468552,0,113
20260330.0,2028,11,TT,TODAS CONSOLIDADAS,TT,TODAS CONSOLIDADAS,TACNA,230000,1307.9437970403833,20174.591712733374,37501.08039794992,11.96,10.53,1.6642923955940234,1.25,1.43,1028738.635890603,18352,15005,1212292.8264668835,25374,23876,5275.501359491997,Indicadores_ocupabilidad_2024.csv,2024-11-01,20.401340345407068,12.6,-0.5000000000000004,0.8660254037844384,21.506102978580415,21.91885735209814,21.98887678364684,1028738.635890603,1212292.8264668835,5275.501359491997,21.804612371441802,0,114
20260330.0,2028,12,TT,TODAS CONSOLIDADAS,TT,TODAS CONSOLIDADAS,TACNA,230000,1350.3029329899732,20993.76103638312,39023.77464143908,11.96,10.53,1.6776467310602554,1.25,1.43,1157854.397882256,18352,15005,1353879.442638441,25374,23876,5599.224854237439,Indicadores_ocupabilidad_2024.csv,2024-11-01,19.714531533366916,12.6,-2.4492935982947064e-16,1.0,20.401340345407068,21.506102978580415,21.91885735209814,1157854.397882256,1353879.442638441,5599.224854237439,21.27543355869521,0,115
20260330.0,2029,1,TT,TODAS CONSOLIDADAS,TT,TODAS CONSOLIDADAS,TACNA,230000,1405.1861854361537,22064.653838636452,41014.37934099,11.96,10.53,1.6944904385861044,1.25,1.43,1342270.5852791362,18352,15005,1554338.3672047332,25374,23876,6031.955369621812,Indicadores_ocupabilidad_2024.csv,2024-11-01,19.44276101001361,12.6,0.49999999999999994,0.8660254037844387,19.714531533366916,20.401340345407068,21.506102978580415,1342270.5852791362,1554338.3672047332,6031.955369621812,20.5406582857848,0,116
20260330.0,2029,2,TT,TODAS CONSOLIDADAS,TT,TODAS CONSOLIDADAS,TACNA,230000,1462.3001753898068,23190.172936384457,43106.52488599432,11.96,10.53,1.7115032582843575,1.25,1.43,1556059.49020959,18352,15005,1784477.7634384024,25374,23876,6498.129031838038,Indicadores_ocupabilidad_2024.csv,2024-11-01,18.804178467099653,12.6,0.8660254037844386,0.5000000000000001,19.44276101001361,19.714531533366916,20.401340345407068,1556059.49020959,1784477.7634384024,6498.129031838038,19.852877629595863,0,117
20260330.0,2029,3,TT,TODAS CONSOLIDADAS,TT,TODAS CONSOLIDADAS,TACNA,230000,1521.735571490371,24373.104819697095,45305.39088006579,11.96,10.53,1.7286868880547681,1.25,1.43,1803899.4250684525,18352,15005,2048692.199455106,25374,23876,7000.330461175776,Indicadores_ocupabilidad_2024.csv,2024-11-01,19.14528851354475,12.6,1.0,6.123233995736766e-17,18.804178467099653,19.44276101001361,19.714531533366916,1803899.4250684525,2048692.199455106,7000.330461175776,19.320490336826726,0,118
20260330.0,2029,4,TT,TODAS CONSOLIDADAS,TT,TODAS CONSOLIDADAS,TACNA,230000,1583.5867276168747,25616.378117642398,47616.421138658035,11.96,10.53,1.7460430428441394,1.25,1.43,2091213.8361265326,18352,15005,2352026.914597683,25374,23876,7541.344027729189,Indicadores_ocupabilidad_2024.csv,2024-11-01,19.39752580777399,12.6,0.8660254037844387,-0.4999999999999998,19.14528851354475,18.804178467099653,19.44276101001361,2091213.8361265326,2352026.914597683,7541.344027729189,19.13074266355267,0,119
20260330.0,2029,5,TT,TODAS CONSOLIDADAS,TT,TODAS CONSOLIDADAS,TACNA,230000,1647.9518326750172,26923.070848803884,50045.337166523685,11.96,10.53,1.7635734548174773,1.25,1.43,2424289.9840389383,18352,15005,2700274.1595166223,25374,23876,8124.169288861616,Indicadores_ocupabilidad_2024.csv,2024-11-01,19.532515885652895,12.6,0.49999999999999994,-0.8660254037844387,19.39752580777399,19.14528851354475,18.804178467099653,2424289.9840389383,2700274.1595166223,8124.169288861616,19.11566426280613,0,120
20260330.0,2029,6,TT,TODAS CONSOLIDADAS,TT,TODAS CONSOLIDADAS,TACNA,230000,1714.933066472367,28296.418041647223,52598.15232265946,11.96,10.53,1.7812798735308635,1.25,1.43,2810416.527081502,18352,15005,3100083.8006143384,25374,23876,8752.037619739314,Indicadores_ocupabilidad_2024.csv,2024-11-01,20.674872117833626,12.6,1.2246467991473532e-16,-1.0,19.532515885652895,19.39752580777399,19.14528851354475,2810416.527081502,3100083.8006143384,8752.037619739314,19.35844340232388,0,121
20260330.0,2029,7,TT,TODAS CONSOLIDADAS,TT,TODAS CONSOLIDADAS,TACNA,230000,1784.6367619291286,29739.819743602195,55281.186707805755,11.96,10.53,1.7991640661060626,1.25,1.43,3258043.0178298294,18352,15005,3559090.3008721992,25374,23876,9428.430129139439,Indicadores_ocupabilidad_2024.csv,2024-11-01,21.846748585153044,12.6,-0.4999999999999997,-0.8660254037844388,20.674872117833626,19.532515885652895,19.39752580777399,3258043.0178298294,3559090.3008721992,9428.430129139439,19.868304603753504,0,122
20260330.0,2029,8,TT,TODAS CONSOLIDADAS,TT,TODAS CONSOLIDADAS,TACNA,230000,1857.1735738819896,31256.849438688318,58101.08281135839,11.96,10.53,1.8172278174068834,1.25,1.43,3776964.803524254,18352,15005,4086058.501790287,25374,23876,10157.096959863404,Indicadores_ocupabilidad_2024.csv,2024-11-01,22.0877451336316,12.6,-0.8660254037844385,-0.5000000000000004,21.846748585153044,20.674872117833626,19.532515885652895,3776964.803524254,4086058.501790287,10157.096959863404,20.684712196213187,0,123
20260330.0,2029,9,TT,TODAS CONSOLIDADAS,TT,TODAS CONSOLIDADAS,TACNA,230000,1932.6586547490228,32851.26289452397,61064.82195643004,11.96,10.53,1.8354729302173103,1.25,1.43,4378537.376269261,18352,15005,4691050.99018172,25374,23876,10942.078080763456,Indicadores_ocupabilidad_2024.csv,2024-11-01,22.00748744305748,12.6,-1.0,-1.8369701987210297e-16,22.0877451336316,21.846748585153044,20.674872117833626,4378537.376269261,4691050.99018172,10942.078080763456,21.536455278872754,0,124
20260330.0,2029,10,TT,TODAS CONSOLIDADAS,TT,TODAS CONSOLIDADAS,TACNA,230000,2011.2118373345143,34527.00746062191,64179.741583775125,11.96,10.53,1.853901225421423,1.25,1.43,5075924.863662499,18352,15005,5385620.245731452,25374,23876,11787.725685660309,Indicadores_ocupabilidad_2024.csv,2024-11-01,21.593332037270184,12.6,-0.8660254037844386,0.5000000000000001,22.00748744305748,22.0877451336316,21.846748585153044,5075924.863662499,5385620.245731452,11787.725685660309,21.98066038728071,0,125
20260330.0,2029,11,TT,TODAS CONSOLIDADAS,TT,TODAS CONSOLIDADAS,TACNA,230000,2092.9578250639183,36288.23184099131,67453.55341736856,11.96,10.53,1.8725145421851237,1.25,1.43,5884388.0975386975,18352,15005,6183029.2384242285,25374,23876,12698.72832333882,Indicadores_ocupabilidad_2024.csv,2024-11-01,20.525473282069548,12.6,-0.5000000000000004,0.8660254037844384,21.593332037270184,22.00748744305748,22.0877451336316,5884388.0975386975,6183029.2384242285,12698.72832333882,21.89618820465309,0,126
20260330.0,2029,12,TT,TODAS CONSOLIDADAS,TT,TODAS CONSOLIDADAS,TACNA,230000,2178.0263899509387,38139.2963652407,70894.36255661157,11.96,10.53,1.8913147381396869,1.25,1.43,6821618.564596112,18352,15005,7098504.688203593,25374,23876,13680.136892406355,Indicadores_ocupabilidad_2024.csv,2024-11-01,20.534804143006497,12.6,-2.4492935982947064e-16,1.0,20.525473282069548,21.593332037270184,22.00748744305748,6821618.564596112,7098504.688203593,13680.136892406355,21.375430920799072,0,127
20260330.0,2030,1,TT,TODAS CONSOLIDADAS,TT,TODAS CONSOLIDADAS,TACNA,230000,2284.6849992398993,40485.63162144648,75255.79441785622,11.96,10.53,1.9141242969462882,1.25,1.43,8145369.313100849,18352,15005,8377714.601958814,25374,23876,14958.453534814927,Indicadores_ocupabilidad_2024.csv,2024-11-01,21.40640602992153,12.6,0.49999999999999994,0.8660254037844387,20.534804143006497,20.525473282069548,21.593332037270184,8145369.313100849,8377714.601958814,14958.453534814927,20.88453648744874,0,128
20260330.0,2030,2,TT,TODAS CONSOLIDADAS,TT,TODAS CONSOLIDADAS,TACNA,230000,2396.5667127979095,42976.313775974486,79885.54222404063,11.96,10.53,1.937208942687105,1.25,1.43,9725996.934384914,18352,15005,9887448.840952419,25374,23876,16356.220256642353,Indicadores_ocupabilidad_2024.csv,2024-11-01,21.496433599036525,12.6,0.8660254037844386,0.5000000000000001,21.40640602992153,20.534804143006497,20.525473282069548,9725996.934384914,9887448.840952419,16356.220256642353,20.822227818332525,0,129
20260330.0,2030,3,TT,TODAS CONSOLIDADAS,TT,TODAS CONSOLIDADAS,TACNA,230000,2513.9273076165055,45620.223071748274,84800.11281250617,11.96,10.53,1.9605719929546443,1.25,1.43,11613348.975536322,18352,15005,11669249.816601945,25374,23876,17884.598863187737,Indicadores_ocupabilidad_2024.csv,2024-11-01,21.955764545646108,12.6,1.0,6.123233995736766e-17,21.496433599036525,21.40640602992153,20.534804143006497,11613348.975536322,11669249.816601945,17884.598863187737,21.145881257321516,0,130
20260330.0,2030,4,TT,TODAS CONSOLIDADAS,TT,TODAS CONSOLIDADAS,TACNA,230000,2637.0350861636502,48426.78606557345,90017.02852371335,11.96,10.53,1.9842168053521099,1.25,1.43,13866946.014631856,18352,15005,13772146.230305823,25374,23876,19555.794155268828,Indicadores_ocupabilidad_2024.csv,2024-11-01,22.096852675882193,12.6,0.8660254037844387,-0.4999999999999998,21.955764545646108,21.496433599036525,21.40640602992153,13866946.014631856,13772146.230305823,19555.794155268828,21.619534724868057,0,131
20260330.0,2030,5,TT,TODAS CONSOLIDADAS,TT,TODAS CONSOLIDADAS,TACNA,230000,2766.171489760094,51406.00923744994,95554.88967514673,11.96,10.53,2.008146777975938,1.25,1.43,16557858.734614834,18352,15005,16254002.165510146,25374,23876,21383.151390127547,Indicadores_ocupabilidad_2024.csv,2024-11-01,22.1257220323103,12.6,0.49999999999999994,-0.8660254037844387,22.096852675882193,21.955764545646108,21.496433599036525,16557858.734614834,16254002.165510146,21383.151390127547,21.849683606854942,0,132
20260330.0,2030,6,TT,TODAS CONSOLIDADAS,TT,TODAS CONSOLIDADAS,TACNA,230000,2901.6317419929564,54568.51466753427,101433.4408786237,11.96,10.53,2.0323653499041527,1.25,1.43,19770949.247669607,18352,15005,19183109.297449123,25374,23876,23381.262849400664,Indicadores_ocupabilidad_2024.csv,2024-11-01,23.195485710924817,12.6,1.2246467991473532e-16,-1.0,22.1257220323103,22.096852675882193,21.955764545646108,19770949.247669607,19183109.297449123,23381.262849400664,22.0594464179462,0,133
20260330.0,2030,7,TT,TODAS CONSOLIDADAS,TT,TODAS CONSOLIDADAS,TACNA,230000,3043.7255236374685,57925.57790795386,107673.64143745428,11.96,10.53,2.0568760016906107,1.25,1.43,23607547.353738204,18352,15005,22640066.032397337,25374,23876,25566.08436514945,Indicadores_ocupabilidad_2024.csv,2024-11-01,23.715409630125603,12.6,-0.4999999999999997,-0.8660254037844388,23.195485710924817,22.1257220323103,22.096852675882193,23607547.353738204,22640066.032397337,25566.08436514945,22.472686806372437,0,134
20260330.0,2030,8,TT,TODAS CONSOLIDADAS,TT,TODAS CONSOLIDADAS,TACNA,230000,3192.7776806298357,61489.16818450115,114297.74007444456,11.96,10.53,2.081682255865205,1.25,1.43,28188646.133148223,18352,15005,26719995.283531595,25374,23876,27955.06273446191,Indicadores_ocupabilidad_2024.csv,2024-11-01,23.931082118862335,12.6,-0.8660254037844385,-0.5000000000000004,23.715409630125603,23.195485710924817,22.1257220323103,28188646.133148223,26719995.283531595,27955.06273446191,23.012205791120238,0,135
20260330.0,2030,9,TT,TODAS CONSOLIDADAS,TT,TODAS CONSOLIDADAS,TACNA,230000,3349.1289667097453,65271.99107154189,121329.35425717836,11.96,10.53,2.1067876774401033,1.25,1.43,33658717.65132896,18352,15005,31535161.908551656,25374,23876,30567.275040091292,Indicadores_ocupabilidad_2024.csv,2024-11-01,24.2942961380277,12.6,-1.0,-1.8369701987210297e-16,23.931082118862335,23.715409630125603,23.195485710924817,33658717.65132896,31535161.908551656,30567.275040091292,23.613992486637585,0,136
20260330.0,2030,10,TT,TODAS CONSOLIDADAS,TT,TODAS CONSOLIDADAS,TACNA,230000,3513.1368224303005,69287.53379229028,128793.55440340207,11.96,10.53,2.132195874422093,1.25,1.43,40190269.109790534,18352,15005,37218061.83145135,25374,23876,33423.58098966981,Indicadores_ocupabilidad_2024.csv,2024-11-01,24.233748440851056,12.6,-0.8660254037844386,0.5000000000000001,24.2942961380277,23.931082118862335,23.715409630125603,40190269.109790534,37218061.83145135,33423.58098966981,23.980262629005214,0,137
20260330.0,2030,11,TT,TODAS CONSOLIDADAS,TT,TODAS CONSOLIDADAS,TACNA,230000,3685.1761923163076,73550.11330596387,136716.95326673746,11.96,10.53,2.1579104983310993,1.25,1.43,47989283.12866392,18352,15005,43925067.84986899,25374,23876,36546.78948999573,Indicadores_ocupabilidad_2024.csv,2024-11-01,23.813371564461512,12.6,-0.5000000000000004,0.8660254037844384,24.233748440851056,24.2942961380277,23.931082118862335,47989283.12866392,43925067.84986899,36546.78948999573,24.15304223258036,0,138
20260330.0,2030,12,TT,TODAS CONSOLIDADAS,TT,TODAS CONSOLIDADAS,TACNA,230000,3865.6403820390497,78074.92735326738,145127.80082141704,11.96,10.53,2.1839352447249647,1.25,1.43,57301713.72856156,18352,15005,51840732.447414376,25374,23876,39961.8407865655,Indicadores_ocupabilidad_2024.csv,2024-11-01,23.62299018492094,12.6,-2.4492935982947064e-16,1.0,23.813371564461512,24.233748440851056,24.2942961380277,57301713.72856156,51840732.447414376,39961.8407865655,24.113805381113423,0,139
20260330.0,2025,1,TT,TODAS CONSOLIDADAS,TT,TODAS CONSOLIDADAS,TUMBES,240000,287.28000000000003,3810.73,7689.13,18.9,14.3,1.6032000000000002,1.58,1.78,25640.82,20900,3994,51564.48,41844,8316,1178.415,Indicadores_ocupabilidad_2024.csv,2024-11-01,18.608750384685038,18.35,0.49999999999999994,0.8660254037844387,18.16,15.5,20.12,25640.82,51564.48,1178.415,17.926666666666666,0,68
20260330.0,2025,2,TT,TODAS CONSOLIDADAS,TT,TODAS CONSOLIDADAS,TUMBES,240000,289.57824000000005,3848.8373,7766.0213,18.9,14.3,1.6064064000000002,1.58,1.78,26410.0446,20900,3994,53008.28544000001,41844,8316,1196.091225,Indicadores_ocupabilidad_2024.csv,2024-11-01,18.629807640285797,18.35,0.8660254037844386,0.5000000000000001,18.608750384685038,18.16,15.5,26410.0446,53008.28544000001,1196.091225,17.422916794895013,0,69
20260330.0,2025,3,TT,TODAS CONSOLIDADAS,TT,TODAS CONSOLIDADAS,TUMBES,240000,291.89486592000003,3887.3256730000003,7843.681513,18.9,14.3,1.6096192128000002,1.58,1.78,27202.345938000002,20900,3994,54492.51743232001,41844,8316,1214.0325933749998,Indicadores_ocupabilidad_2024.csv,2024-11-01,18.996666510795603,18.35,1.0,6.123233995736766e-17,18.629807640285797,18.608750384685038,18.16,27202.345938000002,54492.51743232001,1214.0325933749998,18.466186008323614,0,70
20260330.0,2025,4,TT,TODAS CONSOLIDADAS,TT,TODAS CONSOLIDADAS,TUMBES,240000,294.23002484736,3926.19892973,7922.118328130001,18.9,14.3,1.6128384512256002,1.58,1.78,28018.416316140003,20900,3994,56018.30792042497,41844,8316,1232.2430822756246,Indicadores_ocupabilidad_2024.csv,2024-11-01,19.13358623641648,18.35,0.8660254037844387,-0.4999999999999998,18.996666510795603,18.629807640285797,18.608750384685038,28018.416316140003,56018.30792042497,1232.2430822756246,18.745074845255477,0,71
20260330.0,2025,5,TT,TODAS CONSOLIDADAS,TT,TODAS CONSOLIDADAS,TUMBES,240000,296.5838650461389,3965.4609190273004,8001.339511411301,18.9,14.3,1.6160641281280514,1.58,1.78,28858.968805624205,20900,3994,57586.820542196874,41844,8316,1250.726728509759,Indicadores_ocupabilidad_2024.csv,2024-11-01,19.423024964868546,18.35,0.49999999999999994,-0.8660254037844387,19.13358623641648,18.996666510795603,18.629807640285797,28858.968805624205,57586.820542196874,1250.726728509759,18.92002012916596,0,72
20260330.0,2025,6,TT,TODAS CONSOLIDADAS,TT,TODAS CONSOLIDADAS,TUMBES,240000,298.956535966508,4005.1155282175732,8081.352906525414,18.9,14.3,1.6192962563843076,1.58,1.78,29724.73786979293,20900,3994,59199.25151737839,41844,8316,1269.487629437405,Indicadores_ocupabilidad_2024.csv,2024-11-01,20.42214467024329,18.35,1.2246467991473532e-16,-1.0,19.423024964868546,19.13358623641648,18.996666510795603,29724.73786979293,59199.25151737839,1269.487629437405,19.184425904026877,0,73
20260330.0,2025,7,TT,TODAS CONSOLIDADAS,TT,TODAS CONSOLIDADAS,TUMBES,240000,301.3481882542401,4045.166683499749,8162.166435590669,18.9,14.3,1.6225348488970763,1.58,1.78,30616.48000588672,20900,3994,60856.83055986499,41844,8316,1288.529943878966,Indicadores_ocupabilidad_2024.csv,2024-11-01,21.10757415098019,18.35,-0.4999999999999997,-0.8660254037844388,20.42214467024329,19.423024964868546,19.13358623641648,30616.48000588672,60856.83055986499,1288.529943878966,19.65958529050944,0,74
20260330.0,2025,8,TT,TODAS CONSOLIDADAS,TT,TODAS CONSOLIDADAS,TUMBES,240000,303.758973760274,4085.6183503347465,8243.788099946576,18.9,14.3,1.6257799185948705,1.58,1.78,31534.97440606332,20900,3994,62560.82181554121,41844,8316,1307.8578930371502,Indicadores_ocupabilidad_2024.csv,2024-11-01,20.855263004406574,18.35,-0.8660254037844385,-0.5000000000000004,21.10757415098019,20.42214467024329,19.423024964868546,31534.97440606332,62560.82181554121,1307.8578930371502,20.317581262030675,0,75
20260330.0,2025,9,TT,TODAS CONSOLIDADAS,TT,TODAS CONSOLIDADAS,TUMBES,240000,306.1890455503562,4126.474533838094,8326.225980946041,18.9,14.3,1.6290314784320603,1.58,1.78,32481.02363824522,20900,3994,64312.524826376364,41844,8316,1327.4757614327073,Indicadores_ocupabilidad_2024.csv,2024-11-01,20.665208594650686,18.35,-1.0,-1.8369701987210297e-16,20.855263004406574,21.10757415098019,20.42214467024329,32481.02363824522,64312.524826376364,1327.4757614327073,20.794993941876687,0,76
20260330.0,2025,10,TT,TODAS CONSOLIDADAS,TT,TODAS CONSOLIDADAS,TUMBES,240000,308.638557914759,4167.739279176475,8409.488240755501,18.9,14.3,1.6322895413889245,1.58,1.78,33455.45434739258,20900,3994,66113.27552151491,41844,8316,1347.3878978541977,Indicadores_ocupabilidad_2024.csv,2024-11-01,20.32468605423603,18.35,-0.8660254037844386,0.5000000000000001,20.665208594650686,20.855263004406574,21.10757415098019,33455.45434739258,66113.27552151491,1347.3878978541977,20.876015250012482,0,77
20260330.0,2025,11,TT,TODAS CONSOLIDADAS,TT,TODAS CONSOLIDADAS,TUMBES,240000,311.1076663780771,4209.41667196824,8493.583123163056,18.9,14.3,1.6355541204717023,1.58,1.78,34459.117977814356,20900,3994,67964.44723611732,41844,8316,1367.5987163220107,Indicadores_ocupabilidad_2024.csv,2024-11-01,19.018000835159082,18.35,-0.5000000000000004,0.8660254037844384,20.32468605423603,20.665208594650686,20.855263004406574,34459.117977814356,67964.44723611732,1367.5987163220107,20.615052551097765,0,78
20260330.0,2025,12,TT,TODAS CONSOLIDADAS,TT,TODAS CONSOLIDADAS,TUMBES,240000,313.59652770910174,4251.510838687922,8578.518954394687,18.9,14.3,1.6388252287126457,1.58,1.78,35492.89151714879,20900,3994,69867.45175872861,41844,8316,1388.1126970668406,Indicadores_ocupabilidad_2024.csv,2024-11-01,18.51384731201783,18.35,-2.4492935982947064e-16,1.0,19.018000835159082,20.32468605423603,20.665208594650686,35492.89151714879,69867.45175872861,1388.1126970668406,20.002631828015264,0,79
20260330.0,2026,1,TT,TODAS CONSOLIDADAS,TT,TODAS CONSOLIDADAS,TUMBES,240000,318.63414233022075,4336.9662065455495,8750.94718537802,18.9,14.3,1.645387084928411,1.58,1.78,37654.40861054315,20900,3994,73834.80513939625,41844,8316,1430.0684033356854,Indicadores_ocupabilidad_2024.csv,2024-11-01,18.986916726392085,18.35,0.49999999999999994,0.8660254037844387,18.51384731201783,19.018000835159082,20.32468605423603,37654.40861054315,73834.80513939625,1430.0684033356854,19.28551140047098,0,80
20260330.0,2026,2,TT,TODAS CONSOLIDADAS,TT,TODAS CONSOLIDADAS,TUMBES,240000,323.75268119261347,4424.139227297115,8926.841223804118,18.9,14.3,1.6519752148164641,1.58,1.78,39947.562094925226,20900,3994,78027.44071443172,41844,8316,1473.292220826506,Indicadores_ocupabilidad_2024.csv,2024-11-01,18.801708322552102,18.35,0.8660254037844386,0.5000000000000001,18.986916726392085,18.51384731201783,19.018000835159082,39947.562094925226,78027.44071443172,1473.292220826506,18.839588291189667,0,81
20260330.0,2026,3,TT,TODAS CONSOLIDADAS,TT,TODAS CONSOLIDADAS,TUMBES,240000,328.95344426329166,4513.064425765787,9106.270732402581,18.9,14.3,1.6585897235765892,1.58,1.78,42380.36862650617,20900,3994,82458.15090796001,41844,8316,1517.8224782009868,Indicadores_ocupabilidad_2024.csv,2024-11-01,19.20049151269146,18.35,1.0,6.123233995736766e-17,18.801708322552102,18.986916726392085,18.51384731201783,42380.36862650617,82458.15090796001,1517.8224782009868,18.767490786987338,0,82
20260330.0,2026,4,TT,TODAS CONSOLIDADAS,TT,TODAS CONSOLIDADAS,TUMBES,240000,334.2377523919372,4603.777020723679,9289.306774123874,18.9,14.3,1.6652307168297897,1.58,1.78,44961.33307586039,20900,3994,87140.45454911761,41844,8316,1563.6986626046112,Indicadores_ocupabilidad_2024.csv,2024-11-01,19.522435124134603,18.35,0.8660254037844387,-0.4999999999999998,19.20049151269146,18.801708322552102,18.986916726392085,44961.33307586039,87140.45454911761,1563.6986626046112,18.99637218721188,0,83
20260330.0,2026,5,TT,TODAS CONSOLIDADAS,TT,TODAS CONSOLIDADAS,TUMBES,240000,339.6069476463613,4696.312938840225,9476.021840283764,18.9,14.3,1.6718983006199761,1.58,1.78,47699.47826018029,20900,3994,92088.6381202347,41844,8316,1610.9614546818352,Indicadores_ocupabilidad_2024.csv,2024-11-01,19.733073781775527,18.35,0.49999999999999994,-0.8660254037844387,19.522435124134603,19.20049151269146,18.801708322552102,47699.47826018029,92088.6381202347,1610.9614546818352,19.17487831979272,0,84
20260330.0,2026,6,TT,TODAS CONSOLIDADAS,TT,TODAS CONSOLIDADAS,TUMBES,240000,345.06239365335244,4790.708828910913,9666.489879273468,18.9,14.3,1.6785925814156584,1.58,1.78,50604.376486225265,20900,3994,97317.7993472541,41844,8316,1659.6527646495933,Indicadores_ocupabilidad_2024.csv,2024-11-01,21.090549937288422,18.35,1.2246467991473532e-16,-1.0,19.733073781775527,19.522435124134603,19.20049151269146,50604.376486225265,97317.7993472541,1659.6527646495933,19.485333472867197,0,85
20260330.0,2026,7,TT,TODAS CONSOLIDADAS,TT,TODAS CONSOLIDADAS,TUMBES,240000,350.6054759449999,4887.002076372023,9860.786325846864,18.9,14.3,1.6853136661116466,1.58,1.78,53686.18301423638,20900,3994,102843.89326538857,41844,8316,1709.8157694611268,Indicadores_ocupabilidad_2024.csv,2024-11-01,21.255937631134746,18.35,-0.4999999999999997,-0.8660254037844388,21.090549937288422,19.733073781775527,19.522435124134603,53686.18301423638,102843.89326538857,1709.8157694611268,20.11535294773285,0,86
20260330.0,2026,8,TT,TODAS CONSOLIDADAS,TT,TODAS CONSOLIDADAS,TUMBES,240000,356.2376023105804,4985.230818107101,10058.988130996386,18.9,14.3,1.6920616620307574,1.58,1.78,56955.67155980338,20900,3994,108683.78090057039,41844,8316,1761.494951093089,Indicadores_ocupabilidad_2024.csv,2024-11-01,21.018714424325772,18.35,-0.8660254037844385,-0.5000000000000004,21.255937631134746,21.090549937288422,19.733073781775527,56955.67155980338,108683.78090057039,1761.494951093089,20.6931871167329,0,87
20260330.0,2026,9,TT,TODAS CONSOLIDADAS,TT,TODAS CONSOLIDADAS,TUMBES,240000,361.9602031540976,5085.433957551054,10261.173792429414,18.9,14.3,1.6988366769255283,1.58,1.78,60424.2719577954,20900,3994,114855.28071522838,41844,8316,1814.736135989877,Indicadores_ocupabilidad_2024.csv,2024-11-01,20.979160469375994,18.35,-1.0,-1.8369701987210297e-16,21.018714424325772,21.255937631134746,21.090549937288422,60424.2719577954,114855.28071522838,1814.736135989877,21.121733997582982,0,88
20260330.0,2026,10,TT,TODAS CONSOLIDADAS,TT,TODAS CONSOLIDADAS,TUMBES,240000,367.77473185756503,5187.651180097831,10467.423385657245,18.9,14.3,1.7056388189799379,1.58,1.78,64104.110120025136,20900,3994,121377.2229753619,41844,8316,1869.5865357001705,Indicadores_ocupabilidad_2024.csv,2024-11-01,20.56416786063744,18.35,-0.8660254037844386,0.5000000000000001,20.979160469375994,21.018714424325772,21.255937631134746,64104.110120025136,121377.2229753619,1869.5865357001705,21.0846041749455,0,89
20260330.0,2026,11,TT,TODAS CONSOLIDADAS,TT,TODAS CONSOLIDADAS,TUMBES,240000,373.682665150125,5291.922968817797,10677.818595708955,18.9,14.3,1.7124681968111333,1.58,1.78,68008.05042633467,20900,3994,128269.50720479485,41844,8316,1926.0947887417076,Indicadores_ocupabilidad_2024.csv,2024-11-01,20.051800005803816,18.35,-0.5000000000000004,0.8660254037844384,20.56416786063744,20.979160469375994,21.018714424325772,68008.05042633467,128269.50720479485,1926.0947887417076,20.854014251446404,0,90
20260330.0,2026,12,TT,TODAS CONSOLIDADAS,TT,TODAS CONSOLIDADAS,TUMBES,240000,379.6855034830966,5398.290620491034,10892.442749482705,18.9,14.3,1.7193249194711648,1.58,1.78,72149.74069729845,20900,3994,135553.1629019119,41844,8316,1984.3110037314252,Indicadores_ocupabilidad_2024.csv,2024-11-01,19.502968565028915,18.35,-2.4492935982947064e-16,1.0,20.051800005803816,20.56416786063744,20.979160469375994,72149.74069729845,135553.1629019119,1984.3110037314252,20.531709445272416,0,91
20260330.0,2027,1,TT,TODAS CONSOLIDADAS,TT,TODAS CONSOLIDADAS,TUMBES,240000,388.87104958233743,5561.864224582534,11222.494657234782,18.9,14.3,1.7296615146416248,1.58,1.78,78839.96970293684,20900,3994,147261.42528784982,41844,8316,2074.9511058764947,Indicadores_ocupabilidad_2024.csv,2024-11-01,19.692990692673558,18.35,0.49999999999999994,0.8660254037844387,19.502968565028915,20.051800005803816,20.56416786063744,78839.96970293684,147261.42528784982,2074.9511058764947,20.039645477156725,0,92
20260330.0,2027,2,TT,TODAS CONSOLIDADAS,TT,TODAS CONSOLIDADAS,TUMBES,240000,398.2788171158107,5730.39427245161,11562.547467843655,18.9,14.3,1.740060253504942,1.58,1.78,86150.56357358106,20900,3994,159980.97656711415,41844,8316,2169.731500597385,Indicadores_ocupabilidad_2024.csv,2024-11-01,19.606529300008425,18.35,0.8660254037844386,0.5000000000000001,19.692990692673558,19.502968565028915,20.051800005803816,86150.56357358106,159980.97656711415,2169.731500597385,19.749253087835427,0,93
20260330.0,2027,3,TT,TODAS CONSOLIDADAS,TT,TODAS CONSOLIDADAS,TUMBES,240000,407.9141821782307,5904.030949301167,11912.904218666787,18.9,14.3,1.7505215096694957,1.58,1.78,94139.04688206852,20900,3994,173799.16575803517,41844,8316,2268.8413097309844,Indicadores_ocupabilidad_2024.csv,2024-11-01,19.915570205298447,18.35,1.0,6.123233995736766e-17,19.606529300008425,19.692990692673558,19.502968565028915,94139.04688206852,173799.16575803517,2268.8413097309844,19.600829519236964,0,94
20260330.0,2027,4,TT,TODAS CONSOLIDADAS,TT,TODAS CONSOLIDADAS,TUMBES,240000,417.7826509255477,6082.928991095942,12273.877129396611,18.9,14.3,1.7610456589898007,1.58,1.78,102868.27828230208,20900,3994,188810.88655885975,41844,8316,2372.4782938923668,Indicadores_ocupabilidad_2024.csv,2024-11-01,19.977711617800995,18.35,0.8660254037844387,-0.4999999999999998,19.915570205298447,19.606529300008425,19.692990692673558,102868.27828230208,188810.88655885975,2372.4782938923668,19.73836339932681,0,95
20260330.0,2027,5,TT,TODAS CONSOLIDADAS,TT,TODAS CONSOLIDADAS,TUMBES,240000,427.8898627214558,6267.247822455141,12645.78788029446,18.9,14.3,1.7716330795800124,1.58,1.78,112406.94512258511,20900,3994,205119.22901157214,41844,8316,2480.8492470801416,Indicadores_ocupabilidad_2024.csv,2024-11-01,20.189351193771337,18.35,0.49999999999999994,-0.8660254037844387,19.977711617800995,19.915570205298447,19.606529300008425,112406.94512258511,205119.22901157214,2480.8492470801416,19.833270374369288,0,96
20260330.0,2027,6,TT,TODAS CONSOLIDADAS,TT,TODAS CONSOLIDADAS,TUMBES,240000,438.241593360023,6457.151698723355,13028.967898855264,18.9,14.3,1.7822841518275119,1.58,1.78,122830.10392296706,20900,3994,222836.18745249466,41844,8316,2594.170409306735,Indicadores_ocupabilidad_2024.csv,2024-11-01,21.57109948642674,18.35,1.2246467991473532e-16,-1.0,20.189351193771337,19.977711617800995,19.915570205298447,122830.10392296706,222836.18745249466,2594.170409306735,20.02754433895693,0,97
20260330.0,2027,7,TT,TODAS CONSOLIDADAS,TT,TODAS CONSOLIDADAS,TUMBES,240000,448.8437583662844,6652.809852346372,13423.758655158479,18.9,14.3,1.792999258406572,1.58,1.78,134219.77096943202,20900,3994,242083.42961137943,41844,8316,2712.6678980769507,Indicadores_ocupabilidad_2024.csv,2024-11-01,21.487956972436795,18.35,-0.4999999999999997,-0.8660254037844388,21.57109948642674,20.189351193771337,19.977711617800995,134219.77096943202,242083.42961137943,2712.6678980769507,20.579387432666355,0,98
20260330.0,2027,8,TT,TODAS CONSOLIDADAS,TT,TODAS CONSOLIDADAS,TUMBES,240000,459.70241637668585,6854.39664368232,13830.511966168438,18.9,14.3,1.803778784292106,1.58,1.78,146665.56767211456,20900,3994,262993.13214062806,41844,8316,2836.5781595757703,Indicadores_ocupabilidad_2024.csv,2024-11-01,21.468769053866403,18.35,-0.8660254037844385,-0.5000000000000004,21.487956972436795,21.57109948642674,20.189351193771337,146665.56767211456,262993.13214062806,2836.5781595757703,21.08280255087829,0,99
20260330.0,2027,9,TT,TODAS CONSOLIDADAS,TT,TODAS CONSOLIDADAS,TUMBES,240000,470.8237726013078,7062.091716382539,14249.59030925531,18.9,14.3,1.8146231167735003,1.58,1.78,160265.42576564674,20900,3994,285708.8883124723,41844,8316,2966.1484404656812,Indicadores_ocupabilidad_2024.csv,2024-11-01,21.42250343617348,18.35,-1.0,-1.8369701987210297e-16,21.468769053866403,21.487956972436795,21.57109948642674,160265.42576564674,285708.8883124723,2966.1484404656812,21.509275170909984,0,100
20260330.0,2027,10,TT,TODAS CONSOLIDADAS,TT,TODAS CONSOLIDADAS,TUMBES,240000,482.21418236985016,7276.080157480647,14681.367145216058,18.9,14.3,1.8255326454685274,1.58,1.78,175126.35790061788,20900,3994,310386.6941175472,41844,8316,3101.637281234937,Indicadores_ocupabilidad_2024.csv,2024-11-01,20.904114940525503,18.35,-0.8660254037844386,0.5000000000000001,21.42250343617348,21.468769053866403,21.487956972436795,175126.35790061788,310386.6941175472,3101.637281234937,21.45974315415889,0,101
20260330.0,2027,11,TT,TODAS CONSOLIDADAS,TT,TODAS CONSOLIDADAS,TUMBES,240000,493.8801547634029,7496.5526623324695,15126.227251083252,18.9,14.3,1.8365077623373451,1.58,1.78,191365.29968966846,20900,3994,337196.01953669486,41844,8316,3243.3150320811656,Indicadores_ocupabilidad_2024.csv,2024-11-01,20.223937371850557,18.35,-0.5000000000000004,0.8660254037844384,20.904114940525503,21.42250343617348,21.468769053866403,191365.29968966846,337196.01953669486,3243.3150320811656,21.265129143521794,0,102
20260330.0,2027,12,TT,TODAS CONSOLIDADAS,TT,TODAS CONSOLIDADAS,TUMBES,240000,505.82835633407836,7723.705704553807,15584.567063018327,18.9,14.3,1.8475488616965792,1.58,1.78,209110.02983399236,20900,3994,366320.97234274837,41844,8316,3391.4643923597046,Indicadores_ocupabilidad_2024.csv,2024-11-01,19.55401612964221,18.35,-2.4492935982947064e-16,1.0,20.223937371850557,20.904114940525503,21.42250343617348,209110.02983399236,366320.97234274837,3391.4643923597046,20.85018524951651,0,103
20260330.0,2028,1,TT,TODAS CONSOLIDADAS,TT,TODAS CONSOLIDADAS,TUMBES,240000,522.2101398339479,8037.319128218567,16217.362979890793,18.9,14.3,1.8623736529139572,1.58,1.78,235355.18083752127,20900,3994,409104.4861723596,41844,8316,3599.576689293153,Indicadores_ocupabilidad_2024.csv,2024-11-01,19.51380324330482,18.35,0.49999999999999994,0.8660254037844387,19.55401612964221,20.223937371850557,20.904114940525503,235355.18083752127,409104.4861723596,3599.576689293153,20.227356147339425,0,104
20260330.0,2028,2,TT,TODAS CONSOLIDADAS,TT,TODAS CONSOLIDADAS,TUMBES,240000,539.1224646276696,8363.666514473945,16875.85294849991,18.9,14.3,1.877317398730694,1.58,1.78,264894.3295117734,20900,3994,456884.79023186764,41844,8316,3820.459495695162,Indicadores_ocupabilidad_2024.csv,2024-11-01,19.279972254500564,18.35,0.8660254037844386,0.5000000000000001,19.51380324330482,19.55401612964221,20.223937371850557,264894.3295117734,456884.79023186764,3820.459495695162,19.76391891493253,0,105
20260330.0,2028,3,TT,TODAS CONSOLIDADAS,TT,TODAS CONSOLIDADAS,TUMBES,240000,556.5825128532252,8703.264913264311,17561.080250379327,18.9,14.3,1.8923810536423031,1.58,1.78,298140.90158454404,20900,3994,510245.4717577259,41844,8316,4054.8964553700125,Indicadores_ocupabilidad_2024.csv,2024-11-01,19.708929956446323,18.35,1.0,6.123233995736766e-17,19.279972254500564,19.51380324330482,19.55401612964221,298140.90158454404,510245.4717577259,4054.8964553700125,19.449263875815863,0,106
20260330.0,2028,4,TT,TODAS CONSOLIDADAS,TT,TODAS CONSOLIDADAS,TUMBES,240000,574.6080231102123,9056.652368835144,18274.130528476533,18.9,14.3,1.907565579803201,1.58,1.78,335560.2113547473,20900,3994,569838.2765535645,41844,8316,4303.719299288242,Indicadores_ocupabilidad_2024.csv,2024-11-01,20.074342069168047,18.35,0.8660254037844387,-0.4999999999999998,19.708929956446323,19.279972254500564,19.51380324330482,335560.2113547473,569838.2765535645,4303.719299288242,19.500901818083904,0,107
20260330.0,2028,5,TT,TODAS CONSOLIDADAS,TT,TODAS CONSOLIDADAS,TUMBES,240000,593.2173084814392,9424.38877218585,19016.1335071961,18.9,14.3,1.9228719470881617,1.58,1.78,377675.9741652302,20900,3994,636391.0693943751,41844,8316,4567.810796385904,Indicadores_ocupabilidad_2024.csv,2024-11-01,20.843252372471508,18.35,0.49999999999999994,-0.8660254037844387,20.074342069168047,19.708929956446323,19.279972254500564,377675.9741652302,636391.0693943751,4567.810796385904,19.687748093371642,0,108
20260330.0,2028,6,TT,TODAS CONSOLIDADAS,TT,TODAS CONSOLIDADAS,TUMBES,240000,612.429275138168,9807.056748135572,19788.264782283626,18.9,14.3,1.9383011331542654,1.58,1.78,425077.63624829904,20900,3994,710716.7241455868,41844,8316,4848.10788543535,Indicadores_ocupabilidad_2024.csv,2024-11-01,22.659275139807846,18.35,1.2246467991473532e-16,-1.0,20.843252372471508,20.074342069168047,19.708929956446323,425077.63624829904,710716.7241455868,4848.10788543535,20.208841466028627,0,109
20260330.0,2028,7,TT,TODAS CONSOLIDADAS,TT,TODAS CONSOLIDADAS,TUMBES,240000,632.2634415479082,10205.262578407437,20591.74768338612,18.9,14.3,1.9538541235033446,1.58,1.78,478428.62453143595,20900,3994,793723.0521806862,41844,8316,5145.604999098722,Indicadores_ocupabilidad_2024.csv,2024-11-01,22.37034545723506,18.35,-0.4999999999999997,-0.8660254037844388,22.659275139807846,20.843252372471508,20.074342069168047,478428.62453143595,793723.0521806862,5145.604999098722,21.192289860482468,0,110
20260330.0,2028,8,TT,TODAS CONSOLIDADAS,TT,TODAS CONSOLIDADAS,TUMBES,240000,652.739958304275,10619.637162193718,21427.855212239807,18.9,14.3,1.9695319115449292,1.58,1.78,538475.6318663134,20900,3994,886423.8903627833,41844,8316,5461.357591957168,Indicadores_ocupabilidad_2024.csv,2024-11-01,22.30307043844388,18.35,-0.8660254037844385,-0.5000000000000004,22.37034545723506,22.659275139807846,20.843252372471508,538475.6318663134,886423.8903627833,5461.357591957168,21.957624323171473,0,111
20260330.0,2028,9,TT,TODAS CONSOLIDADAS,TT,TODAS CONSOLIDADAS,TUMBES,240000,673.879628599058,11050.837015723804,22297.912059556144,18.9,14.3,1.9853354986596996,1.58,1.78,606059.0676358525,20900,3994,989951.4840184095,41844,8316,5796.485885032457,Indicadores_ocupabilidad_2024.csv,2024-11-01,22.27568984562546,18.35,-1.0,-1.8369701987210297e-16,22.30307043844388,22.37034545723506,22.659275139807846,606059.0676358525,989951.4840184095,5796.485885032457,22.444230345162264,0,112
20260330.0,2028,10,TT,TODAS CONSOLIDADAS,TT,TODAS CONSOLIDADAS,TUMBES,240000,695.7039293573002,11499.545312418624,23203.296703801483,18.9,14.3,2.0012658942634465,1.58,1.78,682124.8200045379,20900,3994,1105570.3161488222,41844,8316,6152.178840085742,Indicadores_ocupabilidad_2024.csv,2024-11-01,21.744265006705515,18.35,-0.8660254037844386,0.5000000000000001,22.27568984562546,22.30307043844388,22.37034545723506,682124.8200045379,1105570.3161488222,6152.178840085742,22.3163685804348,0,113
20260330.0,2028,11,TT,TODAS CONSOLIDADAS,TT,TODAS CONSOLIDADAS,TUMBES,240000,718.2350330568577,11966.472965279523,24145.443595195607,18.9,14.3,2.0173241158715456,1.58,1.78,767737.4944347718,20900,3994,1234692.5517884032,41844,8316,6529.698377793396,Indicadores_ocupabilidad_2024.csv,2024-11-01,20.580811390651615,18.35,-0.5000000000000004,0.8660254037844384,21.744265006705515,22.27568984562546,22.30307043844388,767737.4944347718,1234692.5517884032,6529.698377793396,22.10767509692495,0,114
20260330.0,2028,12,TT,TODAS CONSOLIDADAS,TT,TODAS CONSOLIDADAS,TUMBES,240000,741.4958302546094,12452.359753226463,25125.845428389366,18.9,14.3,2.033511189163948,1.58,1.78,864095.3137536618,20900,3994,1378895.28614709,41844,8316,6930.3838547650985,Indicadores_ocupabilidad_2024.csv,2024-11-01,20.31226922480426,18.35,-2.4492935982947064e-16,1.0,20.580811390651615,21.744265006705515,22.27568984562546,864095.3137536618,1378895.28614709,6930.3838547650985,21.53358874766086,0,115
20260330.0,2029,1,TT,TODAS CONSOLIDADAS,TT,TODAS CONSOLIDADAS,TUMBES,240000,771.6340324649397,13087.555248101771,26407.51606249637,18.9,14.3,2.0539278043467952,1.58,1.78,1001723.2949587444,20900,3994,1583058.1218068912,41844,8316,7465.991667516971,Indicadores_ocupabilidad_2024.csv,2024-11-01,19.930894111003333,18.35,0.49999999999999994,0.8660254037844387,20.31226922480426,20.580811390651615,21.744265006705515,1001723.2949587444,1583058.1218068912,7465.991667516971,20.87911520738713,0,116
20260330.0,2029,2,TT,TODAS CONSOLIDADAS,TT,TODAS CONSOLIDADAS,TUMBES,240000,802.997206138911,13755.152096993963,27754.564779860866,18.9,14.3,2.0745494039810413,1.58,1.78,1161271.8454680443,20900,3994,1817449.8398795987,41844,8316,8042.9933965500595,Indicadores_ocupabilidad_2024.csv,2024-11-01,19.364893542393816,18.35,0.8660254037844386,0.5000000000000001,19.930894111003333,20.31226922480426,20.580811390651615,1161271.8454680443,1817449.8398795987,8042.9933965500595,20.27465824215307,0,117
20260330.0,2029,3,TT,TODAS CONSOLIDADAS,TT,TODAS CONSOLIDADAS,TUMBES,240000,835.6351404137873,14456.803094594747,29170.326519785267,18.9,14.3,2.0953780461269935,1.58,1.78,1346232.3436656198,20900,3994,2086546.2076074737,41844,8316,8664.588129451033,Indicadores_ocupabilidad_2024.csv,2024-11-01,19.330595266108688,18.35,1.0,6.123233995736766e-17,19.364893542393816,19.930894111003333,20.31226922480426,1346232.3436656198,2086546.2076074737,8664.588129451033,19.869352292733804,0,118
20260330.0,2029,4,TT,TODAS CONSOLIDADAS,TT,TODAS CONSOLIDADAS,TUMBES,240000,869.5996481133125,15194.245344735862,30658.306336992875,18.9,14.3,2.1164158095080494,1.58,1.78,1560652.253995681,20900,3994,2395485.686014614,41844,8316,9334.222192104031,Indicadores_ocupabilidad_2024.csv,2024-11-01,19.36311357559065,18.35,0.8660254037844387,-0.4999999999999998,19.330595266108688,19.364893542393816,19.930894111003333,1560652.253995681,2395485.686014614,9334.222192104031,19.54212763983528,0,119
20260330.0,2029,5,TT,TODAS CONSOLIDADAS,TT,TODAS CONSOLIDADAS,TUMBES,240000,904.9446480007318,15969.304561002533,32222.188079224034,18.9,14.3,2.137664793718156,1.58,1.78,1809223.6970550516,20900,3994,2750167.550078248,41844,8316,10055.608256256213,Indicadores_ocupabilidad_2024.csv,2024-11-01,19.085072775524882,18.35,0.49999999999999994,-0.8660254037844387,19.36311357559065,19.330595266108688,19.364893542393816,1809223.6970550516,2750167.550078248,10055.608256256213,19.352867461364383,0,120
20260330.0,2029,6,TT,TODAS CONSOLIDADAS,TT,TODAS CONSOLIDADAS,TUMBES,240000,941.726250374999,16783.899586721433,33865.84350747688,18.9,14.3,2.1591271194313513,1.58,1.78,2097386.1266051186,20900,3994,3157364.536828734,41844,8316,10832.745923792467,Indicadores_ocupabilidad_2024.csv,2024-11-01,19.882649182878264,18.35,1.2246467991473532e-16,-1.0,19.085072775524882,19.36311357559065,19.330595266108688,2097386.1266051186,3157364.536828734,10832.745923792467,19.25959387240807,0,121
20260330.0,2029,7,TT,TODAS CONSOLIDADAS,TT,TODAS CONSOLIDADAS,TUMBES,240000,980.0028461460531,17640.047145513465,35593.341881472035,18.9,14.3,2.180804928613411,1.58,1.78,2431445.3603698118,20900,3994,3624852.1724213087,41844,8316,11669.943901845287,Indicadores_ocupabilidad_2024.csv,2024-11-01,19.23840175859198,18.35,-0.4999999999999997,-0.8660254037844388,19.882649182878264,19.085072775524882,19.36311357559065,2431445.3603698118,3624852.1724213087,11669.943901845287,19.4436118446646,0,122
20260330.0,2029,8,TT,TODAS CONSOLIDADAS,TT,TODAS CONSOLIDADAS,TUMBES,240000,1019.8351995305721,18539.86683417247,37408.960034072355,18.9,14.3,2.2027003847356177,1.58,1.78,2818711.5693537435,20900,3994,4161557.2477116897,41844,8316,12571.84389168593,Indicadores_ocupabilidad_2024.csv,2024-11-01,18.871039499925555,18.35,-0.8660254037844385,-0.5000000000000004,19.23840175859198,19.882649182878264,19.085072775524882,2818711.5693537435,4161557.2477116897,12571.84389168593,19.402041238998375,0,123
20260330.0,2029,9,TT,TODAS CONSOLIDADAS,TT,TODAS CONSOLIDADAS,TUMBES,240000,1061.286544515359,19485.58637023094,39317.19295959929,18.9,14.3,2.2248156729906805,1.58,1.78,3267659.2452812614,20900,3994,4777728.277512995,41844,8316,13543.446323844735,Indicadores_ocupabilidad_2024.csv,2024-11-01,18.922938344646244,18.35,-1.0,-1.8369701987210297e-16,18.871039499925555,19.23840175859198,19.882649182878264,3267659.2452812614,4777728.277512995,13543.446323844735,19.3306968137986,0,124
20260330.0,2029,10,TT,TODAS CONSOLIDADAS,TT,TODAS CONSOLIDADAS,TUMBES,240000,1104.422685241496,20479.5471072043,41322.764942259826,18.9,14.3,2.247153000510817,1.58,1.78,3788112.646701271,20900,3994,5485131.1984952185,41844,8316,14590.13808214457,Indicadores_ocupabilidad_2024.csv,2024-11-01,18.270343829139588,18.35,-0.8660254037844386,0.5000000000000001,18.922938344646244,18.871039499925555,19.23840175859198,3788112.646701271,5485131.1984952185,14590.13808214457,19.010793201054593,0,125
20260330.0,2029,11,TT,TODAS CONSOLIDADAS,TT,TODAS CONSOLIDADAS,TUMBES,240000,1149.3121004686254,21524.209831168104,43430.64125223503,18.9,14.3,2.26971459658803,1.58,1.78,4391460.781848739,20900,3994,6297274.042626582,41844,8316,15717.72237035859,Indicadores_ocupabilidad_2024.csv,2024-11-01,19.100531709084255,18.35,-0.5000000000000004,0.8660254037844384,18.270343829139588,18.922938344646244,18.871039499925555,4391460.781848739,6297274.042626582,15717.72237035859,18.688107224570462,0,126
20260330.0,2029,12,TT,TODAS CONSOLIDADAS,TT,TODAS CONSOLIDADAS,TUMBES,240000,1196.0260522851975,22622.160853018904,45646.04043838667,18.9,14.3,2.2925027128965914,1.58,1.78,5090906.632702451,20900,3994,7229664.876351108,41844,8316,16932.4508870829,Indicadores_ocupabilidad_2024.csv,2024-11-01,17.902588676958874,18.35,-2.4492935982947064e-16,1.0,19.100531709084255,18.270343829139588,18.922938344646244,5090906.632702451,7229664.876351108,16932.4508870829,18.76460462762336,0,127
20260330.0,2030,1,TT,TODAS CONSOLIDADAS,TT,TODAS CONSOLIDADAS,TUMBES,240000,1254.5958088311586,24013.879595616676,48454.19172049556,18.9,14.3,2.320150662965199,1.58,1.78,6078808.756193081,20900,3994,8532510.952979775,41844,8316,18514.674364520375,Indicadores_ocupabilidad_2024.csv,2024-11-01,18.927114513042426,18.35,0.49999999999999994,0.8660254037844387,17.902588676958874,19.100531709084255,18.270343829139588,6078808.756193081,8532510.952979775,18514.674364520375,18.42448807172757,0,128
20260330.0,2030,2,TT,TODAS CONSOLIDADAS,TT,TODAS CONSOLIDADAS,TUMBES,240000,1316.0337440219735,25491.2170848533,51435.10089239018,18.9,14.3,2.348132051741947,1.58,1.78,7258415.555492943,20900,3994,10070140.789079657,41844,8316,20244.74596797628,Indicadores_ocupabilidad_2024.csv,2024-11-01,17.95357784768546,18.35,0.8660254037844386,0.5000000000000001,18.927114513042426,17.902588676958874,19.100531709084255,7258415.555492943,10070140.789079657,20244.74596797628,18.643411633028517,0,129
20260330.0,2030,3,TT,TODAS CONSOLIDADAS,TT,TODAS CONSOLIDADAS,TUMBES,240000,1380.480313431029,27059.440598916262,54599.39604546766,18.9,14.3,2.3764509005510854,1.58,1.78,8666927.763198167,20900,3994,11884864.381741185,41844,8316,22136.481108913584,Indicadores_ocupabilidad_2024.csv,2024-11-01,19.32347053586374,18.35,1.0,6.123233995736766e-17,17.95357784768546,18.927114513042426,17.902588676958874,8666927.763198167,11884864.381741185,22136.481108913584,18.26109367922892,0,130
20260330.0,2030,4,TT,TODAS CONSOLIDADAS,TT,TODAS CONSOLIDADAS,TUMBES,240000,1448.0828507835074,28724.141459740407,57958.35911290849,18.9,14.3,2.40511127921468,1.58,1.78,10348764.999497721,20900,3994,14026616.343393702,41844,8316,24204.986155935057,Indicadores_ocupabilidad_2024.csv,2024-11-01,18.31039369960516,18.35,0.8660254037844387,-0.4999999999999998,19.32347053586374,17.95357784768546,18.927114513042426,10348764.999497721,14026616.343393702,24204.986155935057,18.734720965530542,0,131
20260330.0,2030,5,TT,TODAS CONSOLIDADAS,TT,TODAS CONSOLIDADAS,TUMBES,240000,1518.9959047815546,30491.25496822807,61523.96609412147,18.9,14.3,2.434117306637502,1.58,1.78,12356966.613889191,20900,3994,16554329.921258653,41844,8316,26466.779066032042,Indicadores_ocupabilidad_2024.csv,2024-11-01,19.44178307186704,18.35,0.49999999999999994,-0.8660254037844387,18.31039369960516,19.32347053586374,17.95357784768546,12356966.613889191,16554329.921258653,26466.779066032042,18.529147361051454,0,132
20260330.0,2030,6,TT,TODAS CONSOLIDADAS,TT,TODAS CONSOLIDADAS,TUMBES,240000,1593.3815924238777,32367.081565886954,65308.929753802644,18.9,14.3,2.4634731513989747,1.58,1.78,14754864.363446571,20900,3994,19537558.626599953,41844,8316,28939.92128801081,Indicadores_ocupabilidad_2024.csv,2024-11-01,19.54304213173533,18.35,1.2246467991473532e-16,-1.0,19.44178307186704,18.31039369960516,19.32347053586374,14754864.363446571,19537558.626599953,28939.92128801081,19.02521576911198,0,133
20260330.0,2030,7,TT,TODAS CONSOLIDADAS,TT,TODAS CONSOLIDADAS,TUMBES,240000,1671.4099696275114,34358.309298335174,69326.74494784672,18.9,14.3,2.493183032352257,1.58,1.78,17618079.678147282,20900,3994,23058390.095127918,41844,8316,31644.16199140563,Indicadores_ocupabilidad_2024.csv,2024-11-01,18.575559158767934,18.35,-0.4999999999999997,-0.8660254037844388,19.54304213173533,19.44178307186704,18.31039369960516,17618079.678147282,23058390.095127918,31644.16199140563,19.098406301069176,0,134
20260330.0,2030,8,TT,TODAS CONSOLIDADAS,TT,TODAS CONSOLIDADAS,TUMBES,240000,1753.2594199990426,36472.0376607645,73591.73673771537,18.9,14.3,2.523251219230553,1.58,1.78,21036908.50012267,20900,3994,27213704.841054708,41844,8316,34601.0957726122,Indicadores_ocupabilidad_2024.csv,2024-11-01,19.27584427526608,18.35,-0.8660254037844385,-0.5000000000000004,18.575559158767934,19.54304213173533,19.44178307186704,21036908.50012267,27213704.841054708,34601.0957726122,19.186794787456765,0,135
20260330.0,2030,9,TT,TODAS CONSOLIDADAS,TT,TODAS CONSOLIDADAS,TUMBES,240000,1839.1170626440796,38715.80291038008,78119.11146480878,18.9,14.3,2.553682033260733,1.58,1.78,25119168.90644192,20900,3994,32117842.05752184,41844,8316,37834.335097596966,Indicadores_ocupabilidad_2024.csv,2024-11-01,18.62466128017326,18.35,-1.0,-1.8369701987210297e-16,19.27584427526608,18.575559158767934,19.54304213173533,25119168.90644192,32117842.05752184,37834.335097596966,19.13148185525645,0,136
20260330.0,2030,10,TT,TODAS CONSOLIDADAS,TT,TODAS CONSOLIDADAS,TUMBES,240000,1929.1791799472746,41097.604936065305,82925.01096694013,18.9,14.3,2.584479847784357,1.58,1.78,29993601.319636825,20900,3994,37905745.81656039,41844,8316,41369.698858216005,Indicadores_ocupabilidad_2024.csv,2024-11-01,18.26768330810878,18.35,-0.8660254037844386,0.5000000000000001,18.62466128017326,19.27584427526608,18.575559158767934,29993601.319636825,37905745.81656039,41369.698858216005,18.825354904735757,0,137
20260330.0,2030,11,TT,TODAS CONSOLIDADAS,TT,TODAS CONSOLIDADAS,TUMBES,240000,2023.6516663008624,43625.93578107245,88026.57013021587,18.9,14.3,2.615649088886183,1.58,1.78,35813928.5368876,20900,3994,44736678.240597524,41844,8316,45235.41854785181,Indicadores_ocupabilidad_2024.csv,2024-11-01,18.981757097697976,18.35,-0.5000000000000004,0.8660254037844384,18.26768330810878,18.62466128017326,19.27584427526608,35813928.5368876,44736678.240597524,45235.41854785181,18.722729621182708,0,138
20260330.0,2030,12,TT,TODAS CONSOLIDADAS,TT,TODAS CONSOLIDADAS,TUMBES,240000,2122.7504988075702,46309.80992043358,93441.97798151625,18.9,14.3,2.6471942360302627,1.58,1.78,42763703.617196135,20900,3994,52798601.81852395,41844,8316,49462.36370277452,Indicadores_ocupabilidad_2024.csv,2024-11-01,17.87445950130817,18.35,-2.4492935982947064e-16,1.0,18.981757097697976,18.26768330810878,18.62466128017326,42763703.617196135,52798601.81852395,49462.36370277452,18.624700561993336,0,139
20260330.0,2025,1,TT,TODAS CONSOLIDADAS,TT,TODAS CONSOLIDADAS,UCAYALI,250000,583.632,6676.1,10602.98,36.81,26.12,3.3867599999999998,3.42,1.61,28044.84,25726,1502,84912.8,79523,3077,1388.5199999999998,Indicadores_ocupabilidad_2024.csv,2024-11-01,35.3475998432231,35.88,0.49999999999999994,0.8660254037844387,35.5,36.9,28.05,28044.84,84912.8,1388.5199999999998,33.483333333333334,0,68
20260330.0,2025,2,TT,TODAS CONSOLIDADAS,TT,TODAS CONSOLIDADAS,UCAYALI,250000,588.3010559999999,6742.861000000001,10709.0098,36.81,26.12,3.3935335199999996,3.42,1.61,28886.1852,25726,1502,87290.35840000001,79523,3077,1409.3477999999996,Indicadores_ocupabilidad_2024.csv,2024-11-01,32.74107329059245,35.88,0.8660254037844386,0.5000000000000001,35.3475998432231,35.5,36.9,28886.1852,87290.35840000001,1409.3477999999996,35.9158666144077,0,69
20260330.0,2025,3,TT,TODAS CONSOLIDADAS,TT,TODAS CONSOLIDADAS,UCAYALI,250000,593.007464448,6810.289610000001,10816.099898,36.81,26.12,3.4003205870399995,3.42,1.61,29752.770756,25726,1502,89734.48843520001,79523,3077,1430.4880169999994,Indicadores_ocupabilidad_2024.csv,2024-11-01,32.06019794428374,35.88,1.0,6.123233995736766e-17,32.74107329059245,35.3475998432231,35.5,29752.770756,89734.48843520001,1430.4880169999994,34.52955771127185,0,70
20260330.0,2025,4,TT,TODAS CONSOLIDADAS,TT,TODAS CONSOLIDADAS,UCAYALI,250000,597.751524163584,6878.392506100001,10924.26089698,36.81,26.12,3.4071212282140797,3.42,1.61,30645.35387868,25726,1502,92247.05411138562,79523,3077,1451.9453372549992,Indicadores_ocupabilidad_2024.csv,2024-11-01,30.25280333126597,35.88,0.8660254037844387,-0.4999999999999998,32.06019794428374,32.74107329059245,35.3475998432231,30645.35387868,92247.05411138562,1451.9453372549992,33.3829570260331,0,71
20260330.0,2025,5,TT,TODAS CONSOLIDADAS,TT,TODAS CONSOLIDADAS,UCAYALI,250000,602.5335363568927,6947.176431161001,11033.5035059498,36.81,26.12,3.413935470670508,3.42,1.61,31564.714495040404,25726,1502,94829.97162650441,79523,3077,1473.724517313824,Indicadores_ocupabilidad_2024.csv,2024-11-01,30.25796265678391,35.88,0.49999999999999994,-0.8660254037844387,30.25280333126597,32.06019794428374,32.74107329059245,31564.714495040404,94829.97162650441,1473.724517313824,31.684691522047387,0,72
20260330.0,2025,6,TT,TODAS CONSOLIDADAS,TT,TODAS CONSOLIDADAS,UCAYALI,250000,607.3538046477478,7016.648195472611,11143.838541009298,36.81,26.12,3.420763341611849,3.42,1.61,32511.655929891618,25726,1502,97485.21083204653,79523,3077,1495.8303850735313,Indicadores_ocupabilidad_2024.csv,2024-11-01,30.351447162366426,35.88,1.2246467991473532e-16,-1.0,30.25796265678391,30.25280333126597,32.06019794428374,32511.655929891618,97485.21083204653,1495.8303850735313,30.856987977444543,0,73
20260330.0,2025,7,TT,TODAS CONSOLIDADAS,TT,TODAS CONSOLIDADAS,UCAYALI,250000,612.2126350849297,7086.814677427337,11255.27692641939,36.81,26.12,3.427604868295073,3.42,1.61,33487.00560778837,25726,1502,100214.79673534384,79523,3077,1518.267840849634,Indicadores_ocupabilidad_2024.csv,2024-11-01,30.222713376416166,35.88,-0.4999999999999997,-0.8660254037844388,30.351447162366426,30.25796265678391,30.25280333126597,33487.00560778837,100214.79673534384,1518.267840849634,30.287404383472104,0,74
20260330.0,2025,8,TT,TODAS CONSOLIDADAS,TT,TODAS CONSOLIDADAS,UCAYALI,250000,617.1103361656092,7157.682824201611,11367.829695683584,36.81,26.12,3.434460078031663,3.42,1.61,34491.61577602202,25726,1502,103020.81104393347,79523,3077,1541.0418584623783,Indicadores_ocupabilidad_2024.csv,2024-11-01,29.710190138766745,35.88,-0.8660254037844385,-0.5000000000000004,30.222713376416166,30.351447162366426,30.25796265678391,34491.61577602202,103020.81104393347,1541.0418584623783,30.27737439852217,0,75
20260330.0,2025,9,TT,TODAS CONSOLIDADAS,TT,TODAS CONSOLIDADAS,UCAYALI,250000,622.047218854934,7229.259652443627,11481.50799264042,36.81,26.12,3.441328998187726,3.42,1.61,35526.364249302685,25726,1502,105905.3937531636,79523,3077,1564.157486339314,Indicadores_ocupabilidad_2024.csv,2024-11-01,29.525791641337587,35.88,-1.0,-1.8369701987210297e-16,29.710190138766745,30.222713376416166,30.351447162366426,35526.364249302685,105905.3937531636,1564.157486339314,30.094783559183114,0,76
20260330.0,2025,10,TT,TODAS CONSOLIDADAS,TT,TODAS CONSOLIDADAS,UCAYALI,250000,627.0235966057735,7301.552248968063,11596.323072566824,36.81,26.12,3.448211656184102,3.42,1.61,36592.155176781765,25726,1502,108870.74477825219,79523,3077,1587.6198486344035,Indicadores_ocupabilidad_2024.csv,2024-11-01,29.26967490990231,35.88,-0.8660254037844386,0.5000000000000001,29.525791641337587,29.710190138766745,30.222713376416166,36592.155176781765,108870.74477825219,1587.6198486344035,29.8195650521735,0,77
20260330.0,2025,11,TT,TODAS CONSOLIDADAS,TT,TODAS CONSOLIDADAS,UCAYALI,250000,632.0397853786197,7374.567771457744,11712.286303292492,36.81,26.12,3.45510807949647,3.42,1.61,37689.91983208522,25726,1502,111919.12563204326,79523,3077,1611.4341463639194,Indicadores_ocupabilidad_2024.csv,2024-11-01,28.98266110961031,35.88,-0.5000000000000004,0.8660254037844384,29.26967490990231,29.525791641337587,29.710190138766745,37689.91983208522,111919.12563204326,1611.4341463639194,29.50188556333555,0,78
20260330.0,2025,12,TT,TODAS CONSOLIDADAS,TT,TODAS CONSOLIDADAS,UCAYALI,250000,637.0961036616487,7448.313449172321,11829.409166325417,36.81,26.12,3.462018295655463,3.42,1.61,38820.61742704778,25726,1502,115052.86114974048,79523,3077,1635.605658559378,Indicadores_ocupabilidad_2024.csv,2024-11-01,29.089192522222973,35.88,-2.4492935982947064e-16,1.0,28.98266110961031,29.26967490990231,29.525791641337587,38820.61742704778,115052.86114974048,1635.605658559378,29.259375886950068,0,79
20260330.0,2026,1,TT,TODAS CONSOLIDADAS,TT,TODAS CONSOLIDADAS,UCAYALI,250000,647.3304154708695,7598.024549500685,12067.180290568558,36.81,26.12,3.475880216911267,3.42,1.61,41184.79302835499,25726,1502,121586.02281726734,79523,3077,1685.0418395893348,Indicadores_ocupabilidad_2024.csv,2024-11-01,29.09685316152254,35.88,0.49999999999999994,0.8660254037844387,29.089192522222973,28.98266110961031,29.26967490990231,41184.79302835499,121586.02281726734,1685.0418395893348,29.113842847245195,0,80
20260330.0,2026,2,TT,TODAS CONSOLIDADAS,TT,TODAS CONSOLIDADAS,UCAYALI,250000,657.7291312649936,7750.744842945649,12309.730614408987,36.81,26.12,3.4897976412997793,3.42,1.61,43692.946923781805,25726,1502,128490.16353692304,79523,3077,1735.972229190922,Indicadores_ocupabilidad_2024.csv,2024-11-01,29.097246244608595,35.88,0.8660254037844386,0.5000000000000001,29.09685316152254,29.089192522222973,28.98266110961031,43692.946923781805,128490.16353692304,1735.972229190922,29.056235597785275,0,81
20260330.0,2026,3,TT,TODAS CONSOLIDADAS,TT,TODAS CONSOLIDADAS,UCAYALI,250000,668.2948920296345,7906.534814288857,12557.156199758609,36.81,26.12,3.503770791055543,3.42,1.61,46353.84739144011,25726,1502,135786.34898320367,79523,3077,1788.441989818217,Indicadores_ocupabilidad_2024.csv,2024-11-01,29.482072038862547,35.88,1.0,6.123233995736766e-17,29.097246244608595,29.09685316152254,29.089192522222973,46353.84739144011,135786.34898320367,1788.441989818217,29.0944306427847,0,82
20260330.0,2026,4,TT,TODAS CONSOLIDADAS,TT,TODAS CONSOLIDADAS,UCAYALI,250000,679.0303811751986,8065.456164056063,12809.555039373758,36.81,26.12,3.517799889302929,3.42,1.61,49176.796697578815,25726,1502,143496.8410238659,79523,3077,1842.4976489604721,Indicadores_ocupabilidad_2024.csv,2024-11-01,29.469487720782013,35.88,0.8660254037844387,-0.4999999999999998,29.482072038862547,29.097246244608595,29.09685316152254,49176.796697578815,143496.8410238659,1842.4976489604721,29.22539048166456,0,83
20260330.0,2026,5,TT,TODAS CONSOLIDADAS,TT,TODAS CONSOLIDADAS,UCAYALI,250000,689.938325218397,8227.57183295359,13067.02709566517,36.81,26.12,3.531885160059698,3.42,1.61,52171.66361646136,25726,1502,151645.1656445651,79523,3077,1898.1871404003018,Indicadores_ocupabilidad_2024.csv,2024-11-01,29.832376353820163,35.88,0.49999999999999994,-0.8660254037844387,29.469487720782013,29.482072038862547,29.097246244608595,52171.66361646136,151645.1656445651,1898.1871404003018,29.34960200141772,0,84
20260330.0,2026,6,TT,TODAS CONSOLIDADAS,TT,TODAS CONSOLIDADAS,UCAYALI,250000,701.0214944747054,8392.946026795957,13329.67434028804,36.81,26.12,3.5460268282405765,3.42,1.61,55348.91793070385,25726,1502,160256.1847305261,79523,3077,1955.5598467189004,Indicadores_ocupabilidad_2024.csv,2024-11-01,30.074125688126376,35.88,1.2246467991473532e-16,-1.0,29.832376353820163,29.469487720782013,29.482072038862547,55348.91793070385,160256.1847305261,1955.5598467189004,29.59464537115491,0,85
20260330.0,2026,7,TT,TODAS CONSOLIDADAS,TT,TODAS CONSOLIDADAS,UCAYALI,250000,712.2827037619471,8561.644241934555,13597.60079452783,36.81,26.12,3.5602251196608514,3.42,1.61,58719.66703268371,25726,1502,169356.1719242643,79523,3077,2014.6666430859786,Indicadores_ocupabilidad_2024.csv,2024-11-01,29.956607240987456,35.88,-0.4999999999999997,-0.8660254037844388,30.074125688126376,29.832376353820163,29.469487720782013,58719.66703268371,169356.1719242643,2014.6666430859786,29.791996587576183,0,86
20260330.0,2026,8,TT,TODAS CONSOLIDADAS,TT,TODAS CONSOLIDADAS,UCAYALI,250000,723.7248131151791,8733.733291197439,13870.91257049784,36.81,26.12,3.574480261039973,3.42,1.61,62295.694754974145,25726,1502,178972.8927908117,79523,3077,2075.559942373252,Indicadores_ocupabilidad_2024.csv,2024-11-01,29.516378560583835,35.88,-0.8660254037844385,-0.5000000000000004,29.956607240987456,30.074125688126376,29.832376353820163,62295.694754974145,178972.8927908117,2075.559942373252,29.954369760977997,0,87
20260330.0,2026,9,TT,TODAS CONSOLIDADAS,TT,TODAS CONSOLIDADAS,UCAYALI,250000,735.3507285130614,8909.281330350508,14149.717913164846,36.81,26.12,3.5887924800051767,3.42,1.61,66089.50256555207,25726,1502,189135.68953504512,79523,3077,2138.293741631483,Indicadores_ocupabilidad_2024.csv,2024-11-01,29.415346773817443,35.88,-1.0,-1.8369701987210297e-16,29.516378560583835,29.956607240987456,30.074125688126376,66089.50256555207,189135.68953504512,2138.293741631483,29.849037163232556,0,88
20260330.0,2026,10,TT,TODAS CONSOLIDADAS,TT,TODAS CONSOLIDADAS,UCAYALI,250000,747.1634026158953,9088.357885090554,14434.12724321946,36.81,26.12,3.603162005095117,3.42,1.61,70114.35327179419,25726,1502,199875.5705296031,79523,3077,2202.923669972294,Indicadores_ocupabilidad_2024.csv,2024-11-01,29.426275312861502,35.88,-0.8660254037844386,0.5000000000000001,29.415346773817443,29.516378560583835,29.956607240987456,70114.35327179419,199875.5705296031,2202.923669972294,29.629444191796242,0,89
20260330.0,2026,11,TT,TODAS CONSOLIDADAS,TT,TODAS CONSOLIDADAS,UCAYALI,250000,759.1658355155171,9271.033878580874,14724.25320080817,36.81,26.12,3.6175890657635175,3.42,1.61,74384.31738604644,25726,1502,211225.30492655607,79523,3077,2269.5070378972064,Indicadores_ocupabilidad_2024.csv,2024-11-01,29.259292084515078,35.88,-0.5000000000000004,0.8660254037844384,29.426275312861502,29.415346773817443,29.516378560583835,74384.31738604644,211225.30492655607,2269.5070378972064,29.452666882420928,0,90
20260330.0,2026,12,TT,TODAS CONSOLIDADAS,TT,TODAS CONSOLIDADAS,UCAYALI,250000,771.3610754972384,9457.38165954035,15020.210690144415,36.81,26.12,3.6320738923828344,3.42,1.61,78914.32231485668,25726,1502,223219.5226415056,79523,3077,2338.102888117649,Indicadores_ocupabilidad_2024.csv,2024-11-01,29.497231134431676,35.88,-2.4492935982947064e-16,1.0,29.259292084515078,29.426275312861502,29.415346773817443,78914.32231485668,223219.5226415056,2338.102888117649,29.366971390398007,0,91
20260330.0,2027,1,TT,TODAS CONSOLIDADAS,TT,TODAS CONSOLIDADAS,UCAYALI,250000,790.0222375725382,9743.949781206084,15475.338094266483,36.81,26.12,3.653909949680431,3.42,1.61,86231.81068014639,25726,1502,242499.87497560593,79523,3077,2444.903628629669,Indicadores_ocupabilidad_2024.csv,2024-11-01,29.080330923200933,35.88,0.49999999999999994,0.8660254037844387,29.497231134431676,29.259292084515078,29.426275312861502,86231.81068014639,242499.87497560593,2444.903628629669,29.39426617726942,0,92
20260330.0,2027,2,TT,TODAS CONSOLIDADAS,TT,TODAS CONSOLIDADAS,UCAYALI,250000,809.1348600352786,10039.20120352641,15944.256313860853,36.81,26.12,3.675877285529189,3.42,1.61,94227.82778908432,25726,1502,263445.5475367549,79523,3077,2556.582853417075,Indicadores_ocupabilidad_2024.csv,2024-11-01,28.51110419035301,35.88,0.8660254037844386,0.5000000000000001,29.080330923200933,29.497231134431676,29.259292084515078,94227.82778908432,263445.5475367549,2556.582853417075,29.278951380715895,0,93
20260330.0,2027,3,TT,TODAS CONSOLIDADAS,TT,TODAS CONSOLIDADAS,UCAYALI,250000,828.7098648463003,10343.399039194466,16427.383224427154,36.81,26.12,3.697976689176808,3.42,1.61,102965.29157648273,25726,1502,286200.3806143083,79523,3077,2673.363403714029,Indicadores_ocupabilidad_2024.csv,2024-11-01,28.566170803731737,35.88,1.0,6.123233995736766e-17,28.51110419035301,29.080330923200933,29.497231134431676,102965.29157648273,286200.3806143083,2673.363403714029,29.029555415995205,0,94
20260330.0,2027,4,TT,TODAS CONSOLIDADAS,TT,TODAS CONSOLIDADAS,UCAYALI,250000,848.7584381961128,10656.814373481098,16925.149363510525,36.81,26.12,3.7202089546159525,3.42,1.61,112512.95416849524,25726,1502,310920.6385518703,79523,3077,2795.478299780154,Indicadores_ocupabilidad_2024.csv,2024-11-01,28.847022675868562,35.88,0.8660254037844387,-0.4999999999999998,28.566170803731737,28.51110419035301,29.080330923200933,112512.95416849524,310920.6385518703,2795.478299780154,28.71920197242856,0,95
20260330.0,2027,5,TT,TODAS CONSOLIDADAS,TT,TODAS CONSOLIDADAS,UCAYALI,250000,869.2920368972735,10979.72650581195,17437.99831437426,36.81,26.12,3.742574880612775,3.42,1.61,122945.9428696773,25726,1502,337776.0828619589,79523,3077,2923.171205861873,Indicadores_ocupabilidad_2024.csv,2024-11-01,29.53250729266037,35.88,0.49999999999999994,-0.8660254037844387,28.847022675868562,28.566170803731737,28.51110419035301,122945.9428696773,337776.0828619589,2923.171205861873,28.6414325566511,0,96
20260330.0,2027,6,TT,TODAS CONSOLIDADAS,TT,TODAS CONSOLIDADAS,UCAYALI,250000,890.3223949314153,11312.42319866456,17966.387101298118,36.81,26.12,3.765075270735618,3.42,1.61,134346.35131415387,25726,1502,366951.13802982576,79523,3077,3056.6969163924327,Indicadores_ocupabilidad_2024.csv,2024-11-01,30.25630508171152,35.88,1.2246467991473532e-16,-1.0,29.53250729266037,28.847022675868562,28.566170803731737,134346.35131415387,366951.13802982576,3056.6969163924327,28.98190025742022,0,97
20260330.0,2027,7,TT,TODAS CONSOLIDADAS,TT,TODAS CONSOLIDADAS,UCAYALI,250000,911.8615301546622,11655.200934007295,18510.786596854556,36.81,26.12,3.7877109333838823,3.42,1.61,146803.88543246142,25726,1502,398646.1580123593,79523,3077,3196.321864400749,Indicadores_ocupabilidad_2024.csv,2024-11-01,30.17389884215967,35.88,-0.4999999999999997,-0.8660254037844388,30.25630508171152,29.53250729266037,28.847022675868562,146803.88543246142,398646.1580123593,3196.321864400749,29.54527835008015,0,98
20260330.0,2027,8,TT,TODAS CONSOLIDADAS,TT,TODAS CONSOLIDADAS,UCAYALI,250000,933.9217511652672,12008.365177508651,19071.681941525847,36.81,26.12,3.8104826818170734,3.42,1.61,160416.56931695726,25726,1502,433078.8021295032,79523,3077,3342.3246531435443,Indicadores_ocupabilidad_2024.csv,2024-11-01,29.869276263516614,35.88,-0.8660254037844385,-0.5000000000000004,30.17389884215967,30.25630508171152,29.53250729266037,160416.56931695726,433078.8021295032,3342.3246531435443,29.98757040551052,0,99
20260330.0,2027,9,TT,TODAS CONSOLIDADAS,TT,TODAS CONSOLIDADAS,UCAYALI,250000,956.5156643373939,12372.230650752343,19649.572976036023,36.81,26.12,3.833391334184019,3.42,1.61,175291.51654001075,25726,1502,470485.5297968544,79523,3077,3494.9966120215786,Indicadores_ocupabilidad_2024.csv,2024-11-01,29.66616820217429,35.88,-1.0,-1.8369701987210297e-16,29.869276263516614,30.17389884215967,30.25630508171152,175291.51654001075,470485.5297968544,3494.9966120215786,30.099826729129266,0,100
20260330.0,2027,10,TT,TODAS CONSOLIDADAS,TT,TODAS CONSOLIDADAS,UCAYALI,250000,979.6561810250643,12747.121611700792,20244.974686782894,36.81,26.12,3.8564377135522636,3.42,1.61,191545.77299421633,25726,1502,511123.2243642225,79523,3077,3654.6423778892286,Indicadores_ocupabilidad_2024.csv,2024-11-01,29.530688212632757,35.88,-0.8660254037844386,0.5000000000000001,29.66616820217429,29.869276263516614,30.17389884215967,191545.77299421633,511123.2243642225,3654.6423778892286,29.90311443595019,0,101
20260330.0,2027,11,TT,TODAS CONSOLIDADAS,TT,TODAS CONSOLIDADAS,UCAYALI,250000,1003.3565249403872,13133.37214365694,20858.417664767105,36.81,26.12,3.8796226479376412,3.42,1.61,209307.237886651,25726,1502,555270.9572115431,79523,3077,3821.580502917343,Indicadores_ocupabilidad_2024.csv,2024-11-01,29.515464426695573,35.88,-0.5000000000000004,0.8660254037844384,29.530688212632757,29.66616820217429,29.869276263516614,209307.237886651,555270.9572115431,3821.580502917343,29.68871089277455,0,102
20260330.0,2027,12,TT,TODAS CONSOLIDADAS,TT,TODAS CONSOLIDADAS,UCAYALI,250000,1027.6302397102857,13531.32645298189,21490.448578427215,36.81,26.12,3.902946970334023,3.42,1.61,228715.6701341665,25726,1502,603231.904216727,79523,3077,3996.1440902222885,Indicadores_ocupabilidad_2024.csv,2024-11-01,29.743142323740788,35.88,-2.4492935982947064e-16,1.0,29.515464426695573,29.530688212632757,29.66616820217429,228715.6701341665,603231.904216727,3996.1440902222885,29.570773613834206,0,103
20260330.0,2028,1,TT,TODAS CONSOLIDADAS,TT,TODAS CONSOLIDADAS,UCAYALI,250000,1060.911126188968,14080.752567592031,22363.04696741016,36.81,26.12,3.9342643417807337,3.42,1.61,257421.5017210583,25726,1502,673684.8197335908,79523,3077,4241.361680407437,Indicadores_ocupabilidad_2024.csv,2024-11-01,29.242702299926034,35.88,0.49999999999999994,0.8660254037844387,29.743142323740788,29.515464426695573,29.530688212632757,257421.5017210583,673684.8197335908,4241.361680407437,29.59643165435637,0,104
20260330.0,2028,2,TT,TODAS CONSOLIDADAS,TT,TODAS CONSOLIDADAS,UCAYALI,250000,1095.2698491909498,14652.487585654064,23271.07635010535,36.81,26.12,3.96583300481859,3.42,1.61,289730.16807048133,25726,1502,752366.1019368477,79523,3077,4501.626692602053,Indicadores_ocupabilidad_2024.csv,2024-11-01,28.35048868006581,35.88,0.8660254037844386,0.5000000000000001,29.242702299926034,29.743142323740788,29.515464426695573,289730.16807048133,752366.1019368477,4501.626692602053,29.500436350120797,0,105
20260330.0,2028,3,TT,TODAS CONSOLIDADAS,TT,TODAS CONSOLIDADAS,UCAYALI,250000,1130.7413155860258,15247.437338106838,24215.975366935792,36.81,26.12,3.9976549758193642,3.42,1.61,326093.85668610747,25726,1502,840236.7617063033,79523,3077,4777.862490048388,Indicadores_ocupabilidad_2024.csv,2024-11-01,28.16314057751572,35.88,1.0,6.123233995736766e-17,28.35048868006581,29.242702299926034,29.743142323740788,326093.85668610747,840236.7617063033,4777.862490048388,29.11211110124421,0,106
20260330.0,2028,4,TT,TODAS CONSOLIDADAS,TT,TODAS CONSOLIDADAS,UCAYALI,250000,1167.3615627396944,15866.544436257702,25199.24107289461,36.81,26.12,4.029732287334261,3.42,1.61,367021.5085870914,25726,1502,938370.0487106148,79523,3077,5071.04909683576,Indicadores_ocupabilidad_2024.csv,2024-11-01,28.29276044939291,35.88,0.8660254037844387,-0.4999999999999998,28.16314057751572,28.35048868006581,29.242702299926034,367021.5085870914,938370.0487106148,5071.04909683576,28.58544385250252,0,107
20260330.0,2028,5,TT,TODAS CONSOLIDADAS,TT,TODAS CONSOLIDADAS,UCAYALI,250000,1205.16779512545,16510.789765212954,26222.431309410833,36.81,26.12,4.062066988223741,3.42,1.61,413085.9413742621,25726,1502,1047964.5600473564,79523,3077,5382.2266748113,Indicadores_ocupabilidad_2024.csv,2024-11-01,28.169183909099242,35.88,0.49999999999999994,-0.8660254037844387,28.29276044939291,28.16314057751572,28.35048868006581,413085.9413742621,1047964.5600473564,5382.2266748113,28.26879656899148,0,108
20260330.0,2028,6,TT,TODAS CONSOLIDADAS,TT,TODAS CONSOLIDADAS,UCAYALI,250000,1244.1984221228045,17181.19403794756,27287.167172522462,36.81,26.12,4.094661143788385,3.42,1.61,464931.8663038756,25726,1502,1170358.8798729165,79523,3077,5712.499213846307,Indicadores_ocupabilidad_2024.csv,2024-11-01,28.515144904488995,35.88,1.2246467991473532e-16,-1.0,28.169183909099242,28.29276044939291,28.16314057751572,464931.8663038756,1170358.8798729165,5712.499213846307,28.20836164533596,0,109
20260330.0,2028,7,TT,TODAS CONSOLIDADAS,TT,TODAS CONSOLIDADAS,UCAYALI,250000,1284.4930970394346,17878.819412476325,28395.135581267237,36.81,26.12,4.127516835900814,3.42,1.61,523284.91157475417,25726,1502,1307047.9288302371,79523,3077,6063.0384485504355,Indicadores_ocupabilidad_2024.csv,2024-11-01,29.074900535069435,35.88,-0.4999999999999997,-0.8660254037844388,28.515144904488995,28.169183909099242,28.29276044939291,523284.91157475417,1307047.9288302371,6063.0384485504355,28.32569642099372,0,110
20260330.0,2028,8,TT,TODAS CONSOLIDADAS,TT,TODAS CONSOLIDADAS,UCAYALI,250000,1326.092757397106,18604.771174688707,29548.09195036037,36.81,26.12,4.160636163138662,3.42,1.61,588961.7781174568,25726,1502,1459701.222965828,79523,3077,6435.088015329379,Indicadores_ocupabilidad_2024.csv,2024-11-01,29.690952132705156,35.88,-0.8660254037844385,-0.5000000000000004,29.074900535069435,28.515144904488995,28.169183909099242,588961.7781174568,1459701.222965828,6435.088015329379,28.58640978288589,0,111
20260330.0,2028,9,TT,TODAS CONSOLIDADAS,TT,TODAS CONSOLIDADAS,UCAYALI,250000,1369.039666522297,19360.19948951348,30747.862971393723,36.81,26.12,4.194021240918614,3.42,1.61,662881.670024463,25726,1502,1630183.2651499333,79523,3077,6829.967864534372,Indicadores_ocupabilidad_2024.csv,2024-11-01,29.592476959027106,35.88,-1.0,-1.8369701987210297e-16,29.690952132705156,29.074900535069435,28.515144904488995,662881.670024463,1630183.2651499333,6829.967864534372,29.093665857421197,0,112
20260330.0,2028,10,TT,TODAS CONSOLIDADAS,TT,TODAS CONSOLIDADAS,UCAYALI,250000,1413.3774564837786,20146.301223187682,31996.349506962822,36.81,26.12,4.22767420163153,3.42,1.61,746079.1596000461,25726,1502,1820576.3180600628,79523,3077,7249.078943356848,Indicadores_ocupabilidad_2024.csv,2024-11-01,29.410139218886858,35.88,-0.8660254037844386,0.5000000000000001,29.592476959027106,29.690952132705156,29.074900535069435,746079.1596000461,1820576.3180600628,7249.078943356848,29.45277654226723,0,113
20260330.0,2028,11,TT,TODAS CONSOLIDADAS,TT,TODAS CONSOLIDADAS,UCAYALI,250000,1459.1511724207742,20964.321839517008,33295.52960230703,36.81,26.12,4.261597194778639,3.42,1.61,839718.6670872481,25726,1502,2033205.8368764382,79523,3077,7693.908166082145,Indicadores_ocupabilidad_2024.csv,2024-11-01,29.409797100722322,35.88,-0.5000000000000004,0.8660254037844384,29.410139218886858,29.592476959027106,29.690952132705156,839718.6670872481,2033205.8368764382,7693.908166082145,29.564522770206377,0,114
20260330.0,2028,12,TT,TODAS CONSOLIDADAS,TT,TODAS CONSOLIDADAS,UCAYALI,250000,1506.4073183067328,21815.557373131975,34647.461619234404,36.81,26.12,4.295792387108839,3.42,1.61,945110.7577281549,25726,1502,2270668.8723235577,79523,3077,8166.033689335624,Indicadores_ocupabilidad_2024.csv,2024-11-01,29.756959207315393,35.88,-2.4492935982947064e-16,1.0,29.409797100722322,29.410139218886858,29.592476959027106,945110.7577281549,2270668.8723235577,8166.033689335624,29.470804426212098,0,115
20260330.0,2029,1,TT,TODAS CONSOLIDADAS,TT,TODAS CONSOLIDADAS,UCAYALI,250000,1567.6354554287723,22928.370047694865,36414.83037226938,36.81,26.12,4.338922486682604,3.42,1.61,1095642.3987762784,25726,1502,2606870.033119004,79523,3077,8797.137468702173,Indicadores_ocupabilidad_2024.csv,2024-11-01,29.292153159578174,35.88,0.49999999999999994,0.8660254037844387,29.756959207315393,29.409797100722322,29.410139218886858,1095642.3987762784,2606870.033119004,8797.137468702173,29.52563184230819,0,116
20260330.0,2029,2,TT,TODAS CONSOLIDADAS,TT,TODAS CONSOLIDADAS,UCAYALI,250000,1631.3522187874719,24097.947352539122,38272.35269394185,36.81,26.12,4.382485615909949,3.42,1.61,1270149.8276052016,25726,1502,2992850.0154317166,79523,3077,9477.015475004728,Indicadores_ocupabilidad_2024.csv,2024-11-01,28.254173867949582,35.88,0.8660254037844386,0.5000000000000001,29.292153159578174,29.756959207315393,29.409797100722322,1270149.8276052016,2992850.0154317166,9477.015475004728,29.486303155871962,0,117
20260330.0,2029,3,TT,TODAS CONSOLIDADAS,TT,TODAS CONSOLIDADAS,UCAYALI,250000,1697.6587589459048,25327.18485429931,40224.6273223047,36.81,26.12,4.426486122443273,3.42,1.61,1472451.7656193248,25726,1502,3435979.2015226753,79523,3077,10209.43717578727,Indicadores_ocupabilidad_2024.csv,2024-11-01,27.766646608098355,35.88,1.0,6.123233995736766e-17,28.254173867949582,29.292153159578174,29.756959207315393,1472451.7656193248,3435979.2015226753,10209.43717578727,29.10109541161438,0,118
20260330.0,2029,4,TT,TODAS CONSOLIDADAS,TT,TODAS CONSOLIDADAS,UCAYALI,250000,1766.6603377459926,26619.125822609083,42276.4875772693,36.81,26.12,4.4709283975857534,3.42,1.61,1706975.1575397435,25726,1502,3944719.2516907332,79523,3077,10998.463358138091,Indicadores_ocupabilidad_2024.csv,2024-11-01,27.539672928922105,35.88,0.8660254037844387,-0.4999999999999998,27.766646608098355,28.254173867949582,29.292153159578174,1706975.1575397435,3944719.2516907332,10998.463358138091,28.437657878542037,0,119
20260330.0,2029,5,TT,TODAS CONSOLIDADAS,TT,TODAS CONSOLIDADAS,UCAYALI,250000,1838.4664954120128,27976.96876443858,44433.01332663784,36.81,26.12,4.515816876729604,3.42,1.61,1978852.045609983,25726,1502,4528784.681747675,79523,3077,11848.468643030586,Indicadores_ocupabilidad_2024.csv,2024-11-01,27.594965105890132,35.88,0.49999999999999994,-0.8660254037844387,27.539672928922105,27.766646608098355,28.254173867949582,1978852.045609983,4528784.681747675,11848.468643030586,27.853497801656676,0,120
20260330.0,2029,6,TT,TODAS CONSOLIDADAS,TT,TODAS CONSOLIDADAS,UCAYALI,250000,1913.1912244460505,29404.075342758733,46699.54356252361,36.81,26.12,4.561156039798729,3.42,1.61,2294031.8733511744,25726,1502,5199328.364076027,79523,3077,12764.165739662452,Indicadores_ocupabilidad_2024.csv,2024-11-01,27.996496825444908,35.88,1.2246467991473532e-16,-1.0,27.594965105890132,27.539672928922105,27.766646608098355,2294031.8733511744,5199328.364076027,12764.165739662452,27.633761547636865,0,121
20260330.0,2029,7,TT,TODAS CONSOLIDADAS,TT,TODAS CONSOLIDADAS,UCAYALI,250000,1990.9531505914551,30903.978699137035,49081.68961929508,36.81,26.12,4.60695041169583,3.42,1.61,2659411.6763938777,25726,1502,5969154.4944577385,79523,3077,13750.631574267325,Indicadores_ocupabilidad_2024.csv,2024-11-01,27.654229879983394,35.88,-0.4999999999999997,-0.8660254037844388,27.996496825444908,27.594965105890132,27.539672928922105,2659411.6763938777,5969154.4944577385,13750.631574267325,27.710378286752384,0,122
20260330.0,2029,8,TT,TODAS CONSOLIDADAS,TT,TODAS CONSOLIDADAS,UCAYALI,250000,2071.875721151583,32480.39220086935,51585.34906576798,36.81,26.12,4.653204562753992,3.42,1.61,3082987.009334124,25726,1502,6852963.091327465,79523,3077,14813.335438265603,Indicadores_ocupabilidad_2024.csv,2024-11-01,26.7387279255886,35.88,-0.8660254037844385,-0.5000000000000004,27.654229879983394,27.996496825444908,27.594965105890132,3082987.009334124,6852963.091327465,14813.335438265603,27.748563937106145,0,123
20260330.0,2029,9,TT,TODAS CONSOLIDADAS,TT,TODAS CONSOLIDADAS,UCAYALI,250000,2156.087400962782,34137.21863430335,54216.7203060388,36.81,26.12,4.699923109192813,3.42,1.61,3574026.9113247423,25726,1502,7867630.696223553,79523,3077,15958.169311817064,Indicadores_ocupabilidad_2024.csv,2024-11-01,25.973218803500366,35.88,-1.0,-1.8369701987210297e-16,26.7387279255886,27.654229879983394,27.996496825444908,3574026.9113247423,7867630.696223553,15958.169311817064,27.4631515436723,0,124
20260330.0,2029,10,TT,TODAS CONSOLIDADAS,TT,TODAS CONSOLIDADAS,UCAYALI,250000,2243.7218763327232,35878.55986711383,56982.317925107534,36.81,26.12,4.747110713579102,3.42,1.61,4143276.739149279,25726,1502,9032532.635480566,79523,3077,17191.48053089904,Indicadores_ocupabilidad_2024.csv,2024-11-01,24.671958180010275,35.88,-0.8660254037844386,0.5000000000000001,25.973218803500366,26.7387279255886,27.654229879983394,4143276.739149279,9032532.635480566,17191.48053089904,26.78872553635745,0,125
20260330.0,2029,11,TT,TODAS CONSOLIDADAS,TT,TODAS CONSOLIDADAS,UCAYALI,250000,2334.9182672678385,37708.72700345116,59888.9888172814,36.81,26.12,4.794772085292213,3.42,1.61,4803193.306346003,25726,1502,10369912.996829264,79523,3077,18520.10697902719,Indicadores_ocupabilidad_2024.csv,2024-11-01,24.33685184341662,35.88,-0.5000000000000004,0.8660254037844384,24.671958180010275,25.973218803500366,26.7387279255886,4803193.306346003,10369912.996829264,18520.10697902719,25.794634969699747,0,126
20260330.0,2029,12,TT,TODAS CONSOLIDADAS,TT,TODAS CONSOLIDADAS,UCAYALI,250000,2429.8213483267687,39632.25105710443,62943.92913728928,36.81,26.12,4.8429119809940495,3.42,1.61,5568217.473898219,25726,1502,11905309.385697803,79523,3077,19951.41499873336,Indicadores_ocupabilidad_2024.csv,2024-11-01,24.32992187073939,35.88,-2.4492935982947064e-16,1.0,24.33685184341662,24.671958180010275,25.973218803500366,5568217.473898219,11905309.385697803,19951.41499873336,24.994009608975755,0,127
20260330.0,2030,1,TT,TODAS CONSOLIDADAS,TT,TODAS CONSOLIDADAS,UCAYALI,250000,2548.810432678037,42070.43311079415,66816.24913723399,36.81,26.12,4.901318275513983,3.42,1.61,6648742.862281077,25726,1502,14050745.708056813,79523,3077,21815.740336489143,Indicadores_ocupabilidad_2024.csv,2024-11-01,25.44278198256992,35.88,0.49999999999999994,0.8660254037844387,24.32992187073939,24.33685184341662,24.671958180010275,6648742.862281077,14050745.708056813,21815.740336489143,24.446243964722097,0,128
20260330.0,2030,2,TT,TODAS CONSOLIDADAS,TT,TODAS CONSOLIDADAS,UCAYALI,250000,2673.626448381482,44658.612491619504,70926.79484675056,36.81,26.12,4.960428959304863,3.42,1.61,7938946.683737517,25726,1502,16582807.599242028,79523,3077,23854.274318855794,Indicadores_ocupabilidad_2024.csv,2024-11-01,24.284539045205456,35.88,0.8660254037844386,0.5000000000000001,25.44278198256992,24.32992187073939,24.33685184341662,7938946.683737517,16582807.599242028,23854.274318855794,24.703185232241978,0,129
20260330.0,2030,3,TT,TODAS CONSOLIDADAS,TT,TODAS CONSOLIDADAS,UCAYALI,250000,2804.554742023037,47406.01705773564,75290.2219473689,36.81,26.12,5.0202525274141685,3.42,1.61,9479517.519738073,25726,1502,19571168.220331386,79523,3077,26083.29557019277,Indicadores_ocupabilidad_2024.csv,2024-11-01,24.81158560544673,35.88,1.0,6.123233995736766e-17,24.284539045205456,25.44278198256992,24.32992187073939,9479517.519738073,19571168.220331386,26083.29557019277,24.685747632838257,0,130
20260330.0,2030,4,TT,TODAS CONSOLIDADAS,TT,TODAS CONSOLIDADAS,UCAYALI,250000,2941.8946336970193,50322.44236652112,79922.08774035376,36.81,26.12,5.080797577341012,3.42,1.61,11319039.664430138,25726,1502,23098056.41874642,79523,3077,28520.603842652185,Indicadores_ocupabilidad_2024.csv,2024-11-01,24.85055208550159,35.88,0.8660254037844387,-0.4999999999999998,24.81158560544673,24.284539045205456,25.44278198256992,11319039.664430138,23098056.41874642,28520.603842652185,24.846302211074033,0,131
20260330.0,2030,5,TT,TODAS CONSOLIDADAS,TT,TODAS CONSOLIDADAS,UCAYALI,250000,3085.960101293052,53418.28659951965,84838.90661448667,36.81,26.12,5.142072810271723,3.42,1.61,13515525.305815648,25726,1502,27260519.367941894,79523,3077,31185.662155324604,Indicadores_ocupabilidad_2024.csv,2024-11-01,25.311768043327064,35.88,0.49999999999999994,-0.8660254037844387,24.85055208550159,24.81158560544673,24.284539045205456,13515525.305815648,27260519.367941894,31185.662155324604,24.64889224538459,0,132
20260330.0,2030,6,TT,TODAS CONSOLIDADAS,TT,TODAS CONSOLIDADAS,UCAYALI,250000,3237.080498292719,56704.58763596948,90058.20892623407,36.81,26.12,5.204087032330334,3.42,1.61,16138244.03020499,25726,1502,32173092.953691326,79523,3077,34099.7522153306,Indicadores_ocupabilidad_2024.csv,2024-11-01,26.38329979914859,35.88,1.2246467991473532e-16,-1.0,25.311768043327064,24.85055208550159,24.81158560544673,16138244.03020499,32173092.953691326,34099.7522153306,24.991301911425126,0,133
20260330.0,2030,7,TT,TODAS CONSOLIDADAS,TT,TODAS CONSOLIDADAS,UCAYALI,250000,3395.601306716943,60193.062407101934,95598.60350223233,36.81,26.12,5.2668491558441435,3.42,1.61,19269907.346211694,25726,1502,37970953.38631513,79523,3077,37286.144361966355,Indicadores_ocupabilidad_2024.csv,2024-11-01,26.290522593834552,35.88,-0.4999999999999997,-0.8660254037844388,26.38329979914859,25.311768043327064,24.85055208550159,19269907.346211694,37970953.38631513,37286.144361966355,25.51520664265908,0,134
20260330.0,2030,8,TT,TODAS CONSOLIDADAS,TT,TODAS CONSOLIDADAS,UCAYALI,250000,3561.8849269454217,63896.14867152224,101479.84398693497,36.81,26.12,5.330368200624544,3.42,1.61,23009277.120645124,25726,1502,44813636.75979106,79523,3077,40770.28339098495,Indicadores_ocupabilidad_2024.csv,2024-11-01,25.889861419632368,35.88,-0.8660254037844385,-0.5000000000000004,26.290522593834552,26.38329979914859,25.311768043327064,23009277.120645124,44813636.75979106,40770.28339098495,25.9951968121034,0,135
20260330.0,2030,9,TT,TODAS CONSOLIDADAS,TT,TODAS CONSOLIDADAS,UCAYALI,250000,3736.31150621376,67827.04936061818,107722.8992719772,36.81,26.12,5.394653295263299,3.42,1.61,27474280.187378492,25726,1502,52889428.90652521,79523,3077,44579.99174290498,Indicadores_ocupabilidad_2024.csv,2024-11-01,25.769967589906653,35.88,-1.0,-1.8369701987210297e-16,25.889861419632368,26.290522593834552,26.38329979914859,27474280.187378492,52889428.90652521,44579.99174290498,26.18789460420517,0,136
20260330.0,2030,10,TT,TODAS CONSOLIDADAS,TT,TODAS CONSOLIDADAS,UCAYALI,250000,3919.279807682356,71999.77965210489,114350.02825836561,36.81,26.12,5.459713678444454,3.42,1.61,32805727.353220496,25726,1502,62420546.340667635,79523,3077,48745.69167789796,Indicadores_ocupabilidad_2024.csv,2024-11-01,24.681803977041568,35.88,-0.8660254037844386,0.5000000000000001,25.769967589906653,25.889861419632368,26.290522593834552,32805727.353220496,62420546.340667635,48745.69167789796,25.98345053445786,0,137
20260330.0,2030,11,TT,TODAS CONSOLIDADAS,TT,TODAS CONSOLIDADAS,UCAYALI,250000,4111.208122063856,76429.2169395412,121384.85921804888,36.81,26.12,5.525558700272062,3.42,1.61,39171754.085417174,25726,1502,73669250.85074474,79523,3077,53300.648211422325,Indicadores_ocupabilidad_2024.csv,2024-11-01,24.395068911082067,35.88,-0.5000000000000004,0.8660254037844384,24.681803977041568,25.769967589906653,25.889861419632368,39171754.085417174,73669250.85074474,53300.648211422325,25.447210995526863,0,138
20260330.0,2030,12,TT,TODAS CONSOLIDADAS,TT,TODAS CONSOLIDADAS,UCAYALI,250000,4312.535223893273,81131.15387597829,128852.47403782445,36.81,26.12,5.59219782361393,3.42,1.61,46773122.92476162,25726,1502,86945065.9930239,79523,3077,58281.23475055606,Indicadores_ocupabilidad_2024.csv,2024-11-01,24.347647884447902,35.88,-2.4492935982947064e-16,1.0,24.395068911082067,24.681803977041568,25.769967589906653,46773122.92476162,86945065.9930239,58281.23475055606,24.948946826010097,0,139
20260330.0,2025,1,TT,TODAS CONSOLIDADAS,TT,TODAS CONSOLIDADAS,ÁNCASH,20000,1078.56,13238.07,22901.75,18.19,15.71,1.28256,1.27,1.42,95523.23,89811,2930,121507.54400000001,113769,4429,1979.2499999999998,Indicadores_ocupabilidad_2024.csv,2024-11-01,18.659655223077614,18.26,0.49999999999999994,0.8660254037844387,19.18,18.11,20.1,95523.23,121507.54400000001,1979.2499999999998,19.13,0,68
20260330.0,2025,2,TT,TODAS CONSOLIDADAS,TT,TODAS CONSOLIDADAS,ÁNCASH,20000,1087.18848,13370.4507,23130.7675,18.19,15.71,1.28512512,1.27,1.42,98388.92689999999,89811,2930,124909.75523200001,113769,4429,2008.9387499999996,Indicadores_ocupabilidad_2024.csv,2024-11-01,18.868204353249666,18.26,0.8660254037844386,0.5000000000000001,18.659655223077614,19.18,18.11,98388.92689999999,124909.75523200001,2008.9387499999996,18.649885074359204,0,69
20260330.0,2025,3,TT,TODAS CONSOLIDADAS,TT,TODAS CONSOLIDADAS,ÁNCASH,20000,1095.88598784,13504.155207,23362.075175,18.19,15.71,1.28769537024,1.27,1.42,101340.594707,89811,2930,128407.22837849602,113769,4429,2039.0728312499994,Indicadores_ocupabilidad_2024.csv,2024-11-01,19.545458351782337,18.26,1.0,6.123233995736766e-17,18.868204353249666,18.659655223077614,19.18,101340.594707,128407.22837849602,2039.0728312499994,18.90261985877576,0,70
20260330.0,2025,4,TT,TODAS CONSOLIDADAS,TT,TODAS CONSOLIDADAS,ÁNCASH,20000,1104.6530757427201,13639.19675907,23595.695926750002,18.19,15.71,1.29027076098048,1.27,1.42,104380.81254821,89811,2930,132002.6307730939,113769,4429,2069.658923718749,Indicadores_ocupabilidad_2024.csv,2024-11-01,20.03182926868763,18.26,0.8660254037844387,-0.4999999999999998,19.545458351782337,18.868204353249666,18.659655223077614,104380.81254821,132002.6307730939,2069.658923718749,19.02443930936987,0,71
20260330.0,2025,5,TT,TODAS CONSOLIDADAS,TT,TODAS CONSOLIDADAS,ÁNCASH,20000,1113.490300348662,13775.5887266607,23831.652886017502,18.19,15.71,1.2928513025024408,1.27,1.42,107512.2369246563,89811,2930,135698.70443474053,113769,4429,2100.70380757453,Indicadores_ocupabilidad_2024.csv,2024-11-01,20.963928536847483,18.26,0.49999999999999994,-0.8660254037844387,20.03182926868763,19.545458351782337,18.868204353249666,107512.2369246563,135698.70443474053,2100.70380757453,19.481830657906546,0,72
20260330.0,2025,6,TT,TODAS CONSOLIDADAS,TT,TODAS CONSOLIDADAS,ÁNCASH,20000,1122.3982227514514,13913.344613927307,24069.969414877676,18.19,15.71,1.2954370051074457,1.27,1.42,110737.60403239599,89811,2930,139498.26815891327,113769,4429,2132.2143646881477,Indicadores_ocupabilidad_2024.csv,2024-11-01,22.945030336729722,18.26,1.2246467991473532e-16,-1.0,20.963928536847483,20.03182926868763,19.545458351782337,110737.60403239599,139498.26815891327,2132.2143646881477,20.180405385772485,0,73
20260330.0,2025,7,TT,TODAS CONSOLIDADAS,TT,TODAS CONSOLIDADAS,ÁNCASH,20000,1131.377408533463,14052.47806006658,24310.669109026454,18.19,15.71,1.2980278791176607,1.27,1.42,114059.73215336788,89811,2930,143404.21966736284,113769,4429,2164.19758015847,Indicadores_ocupabilidad_2024.csv,2024-11-01,22.617417466416086,18.26,-0.4999999999999997,-0.8660254037844388,22.945030336729722,20.963928536847483,20.03182926868763,114059.73215336788,143404.21966736284,2164.19758015847,21.313596047421612,0,74
20260330.0,2025,8,TT,TODAS CONSOLIDADAS,TT,TODAS CONSOLIDADAS,ÁNCASH,20000,1140.4284278017308,14193.002840667246,24553.77580011672,18.19,15.71,1.3006239348758961,1.27,1.42,117481.52411796892,89811,2930,147419.537818049,113769,4429,2196.6605438608467,Indicadores_ocupabilidad_2024.csv,2024-11-01,22.484960267534852,18.26,-0.8660254037844385,-0.5000000000000004,22.617417466416086,22.945030336729722,20.963928536847483,117481.52411796892,147419.537818049,2196.6605438608467,22.175458779997765,0,75
20260330.0,2025,9,TT,TODAS CONSOLIDADAS,TT,TODAS CONSOLIDADAS,ÁNCASH,20000,1149.5518552241447,14334.932869073918,24799.313558117887,18.19,15.71,1.3032251827456478,1.27,1.42,121005.96984150799,89811,2930,151547.28487695436,113769,4429,2229.610452018759,Indicadores_ocupabilidad_2024.csv,2024-11-01,22.42256303821044,18.26,-1.0,-1.8369701987210297e-16,22.484960267534852,22.617417466416086,22.945030336729722,121005.96984150799,151547.28487695436,2229.610452018759,22.682469356893552,0,76
20260330.0,2025,10,TT,TODAS CONSOLIDADAS,TT,TODAS CONSOLIDADAS,ÁNCASH,20000,1158.7482700659377,14478.282197764658,25047.306693699065,18.19,15.71,1.305831633111139,1.27,1.42,124636.14893675323,89811,2930,155790.6088535091,113769,4429,2263.05460879904,Indicadores_ocupabilidad_2024.csv,2024-11-01,21.618956357237565,18.26,-0.8660254037844386,0.5000000000000001,22.42256303821044,22.484960267534852,22.617417466416086,124636.14893675323,155790.6088535091,2263.05460879904,22.508313590720462,0,77
20260330.0,2025,11,TT,TODAS CONSOLIDADAS,TT,TODAS CONSOLIDADAS,ÁNCASH,20000,1168.0182562264652,14623.065019742306,25297.779760636055,18.19,15.71,1.3084432963773613,1.27,1.42,128375.23340485584,89811,2930,160152.74590140735,113769,4429,2297.0004279310256,Indicadores_ocupabilidad_2024.csv,2024-11-01,20.1732623720612,18.26,-0.5000000000000004,0.8660254037844384,21.618956357237565,22.42256303821044,22.484960267534852,128375.23340485584,160152.74590140735,2297.0004279310256,22.175493220994287,0,78
20260330.0,2025,12,TT,TODAS CONSOLIDADAS,TT,TODAS CONSOLIDADAS,ÁNCASH,20000,1177.362402276277,14769.29566993973,25550.757558242414,18.19,15.71,1.311060182970116,1.27,1.42,132226.49040700152,89811,2930,164637.02278664676,113769,4429,2331.455434349991,Indicadores_ocupabilidad_2024.csv,2024-11-01,19.370829740183996,18.26,-2.4492935982947064e-16,1.0,20.1732623720612,21.618956357237565,22.42256303821044,132226.49040700152,164637.02278664676,2331.455434349991,21.4049272558364,0,79
20260330.0,2026,1,TT,TODAS CONSOLIDADAS,TT,TODAS CONSOLIDADAS,ÁNCASH,20000,1196.275551906443,15066.158512905518,26064.32778516309,18.19,15.71,1.3163096679427282,1.27,1.42,140279.0836727879,89811,2930,173985.7714885637,113769,4429,2401.9236748532185,Indicadores_ocupabilidad_2024.csv,2024-11-01,19.353423946511633,18.26,0.49999999999999994,0.8660254037844387,19.370829740183996,20.1732623720612,21.618956357237565,140279.0836727879,173985.7714885637,2401.9236748532185,20.38768282316092,0,80
20260330.0,2026,2,TT,TODAS CONSOLIDADAS,TT,TODAS CONSOLIDADAS,ÁNCASH,20000,1215.4925223722682,15368.98829901492,26588.220773644865,18.19,15.71,1.3215801718531708,1.27,1.42,148822.07986846069,89811,2930,183865.3795367703,113769,4429,2474.5218179256563,Indicadores_ocupabilidad_2024.csv,2024-11-01,19.180765615534444,18.26,0.8660254037844386,0.5000000000000001,19.353423946511633,19.370829740183996,20.1732623720612,148822.07986846069,183865.3795367703,2474.5218179256563,19.632505352918944,0,81
20260330.0,2026,3,TT,TODAS CONSOLIDADAS,TT,TODAS CONSOLIDADAS,ÁNCASH,20000,1235.0181942516565,15677.90496382512,27122.644011195127,18.19,15.71,1.3268717788612707,1.27,1.42,157885.34453244993,89811,2930,194305.99124838627,113769,4429,2549.3142398724585,Indicadores_ocupabilidad_2024.csv,2024-11-01,19.74304834340433,18.26,1.0,6.123233995736766e-17,19.180765615534444,19.353423946511633,19.370829740183996,157885.34453244993,194305.99124838627,2549.3142398724585,19.301673100743358,0,82
20260330.0,2026,4,TT,TODAS CONSOLIDADAS,TT,TODAS CONSOLIDADAS,ÁNCASH,20000,1254.8575265241152,15993.030853598006,27667.80915582015,18.19,15.71,1.3321845734638311,1.27,1.42,167500.56201447613,89811,2930,205339.46265543462,113769,4429,2626.3672627726028,Indicadores_ocupabilidad_2024.csv,2024-11-01,20.269722983812233,18.26,0.8660254037844387,-0.4999999999999998,19.74304834340433,19.180765615534444,19.353423946511633,167500.56201447613,205339.46265543462,2626.3672627726028,19.42574596848347,0,83
20260330.0,2026,5,TT,TODAS CONSOLIDADAS,TT,TODAS CONSOLIDADAS,ÁNCASH,20000,1275.0155578301988,16314.490773755326,28223.932119852132,18.19,15.71,1.3375186404959802,1.27,1.42,177701.34624115773,89811,2930,216999.4587028608,113769,4429,2705.7492132899038,Indicadores_ocupabilidad_2024.csv,2024-11-01,20.98321218743648,18.26,0.49999999999999994,-0.8660254037844387,20.269722983812233,19.74304834340433,19.180765615534444,177701.34624115773,216999.4587028608,2705.7492132899038,19.731178980917004,0,84
20260330.0,2026,6,TT,TODAS CONSOLIDADAS,TT,TODAS CONSOLIDADAS,ÁNCASH,20000,1295.4974077511831,16642.412038307808,28791.23315546116,18.19,15.71,1.342874065132526,1.27,1.42,188523.35822724423,89811,2930,229321.55596584405,113769,4429,2787.5304832615902,Indicadores_ocupabilidad_2024.csv,2024-11-01,23.167285830826238,18.26,1.2246467991473532e-16,-1.0,20.98321218743648,20.269722983812233,19.74304834340433,188523.35822724423,229321.55596584405,2787.5304832615902,20.331994504884346,0,85
20260330.0,2026,7,TT,TODAS CONSOLIDADAS,TT,TODAS CONSOLIDADAS,ÁNCASH,20000,1316.3082781092983,16976.924520277797,29369.936941885928,18.19,15.71,1.3482509328893164,1.27,1.42,200004.4307432834,89811,2930,242343.35119980853,113769,4429,2871.783592118171,Indicadores_ocupabilidad_2024.csv,2024-11-01,23.198655447189694,18.26,-0.4999999999999997,-0.8660254037844388,23.167285830826238,20.98321218743648,20.269722983812233,200004.4307432834,242343.35119980853,2871.783592118171,21.47340700069165,0,86
20260330.0,2026,8,TT,TODAS CONSOLIDADAS,TT,TODAS CONSOLIDADAS,ÁNCASH,20000,1337.4534542888462,17318.16070313538,29960.272674417836,18.19,15.71,1.353649329624605,1.27,1.42,212184.70057554933,89811,2930,256104.57605433845,113769,4429,2958.5832511899416,Indicadores_ocupabilidad_2024.csv,2024-11-01,23.146197535833675,18.26,-0.8660254037844385,-0.5000000000000004,23.198655447189694,23.167285830826238,20.98321218743648,212184.70057554933,256104.57605433845,2958.5832511899416,22.449717821817472,0,87
20260330.0,2026,9,TT,TODAS CONSOLIDADAS,TT,TODAS CONSOLIDADAS,ÁNCASH,20000,1358.9383065785423,17666.255733268405,30562.474155173633,18.19,15.71,1.3590693415404218,1.27,1.42,225106.74884060028,89811,2930,270647.218301008,113769,4429,3048.006429957157,Indicadores_ocupabilidad_2024.csv,2024-11-01,23.348309678531212,18.26,-1.0,-1.8369701987210297e-16,23.146197535833675,23.198655447189694,23.167285830826238,225106.74884060028,270647.218301008,3048.006429957157,23.170712937949872,0,88
20260330.0,2026,10,TT,TODAS CONSOLIDADAS,TT,TODAS CONSOLIDADAS,ÁNCASH,20000,1380.76829153542,18021.3474735071,31176.779885692624,18.19,15.71,1.3645110551839494,1.27,1.42,238815.74984499282,89811,2930,286015.6499450124,113769,4429,3140.132424302611,Indicadores_ocupabilidad_2024.csv,2024-11-01,22.70962531169169,18.26,-0.8660254037844386,0.5000000000000001,23.348309678531212,23.146197535833675,23.198655447189694,238815.74984499282,286015.6499450124,3140.132424302611,23.231054220518192,0,89
20260330.0,2026,11,TT,TODAS CONSOLIDADAS,TT,TODAS CONSOLIDADAS,ÁNCASH,20000,1402.948953370645,18383.57655772459,31803.433161395045,18.19,15.71,1.3699745574489057,1.27,1.42,253359.6290105529,89811,2930,302256.76261149,113769,4429,3235.0429268271564,Indicadores_ocupabilidad_2024.csv,2024-11-01,21.049513149491798,18.26,-0.5000000000000004,0.8660254037844384,22.70962531169169,23.348309678531212,23.146197535833675,253359.6290105529,302256.76261149,3235.0429268271564,23.068044175352195,0,90
20260330.0,2026,12,TT,TODAS CONSOLIDADAS,TT,TODAS CONSOLIDADAS,ÁNCASH,20000,1425.4859253575912,18753.086446534857,32442.682167939085,18.19,15.71,1.375459935576931,1.27,1.42,268789.23041729553,89811,2930,319420.1106196208,113769,4429,3332.8220992905062,Indicadores_ocupabilidad_2024.csv,2024-11-01,20.36019718737095,18.26,-2.4492935982947064e-16,1.0,21.049513149491798,22.70962531169169,23.348309678531212,268789.23041729553,319420.1106196208,3332.8220992905062,22.369149379904897,0,91
20260330.0,2027,1,TT,TODAS CONSOLIDADAS,TT,TODAS CONSOLIDADAS,ÁNCASH,20000,1459.9720107126357,19321.323718951313,33425.72788030981,18.19,15.71,1.3837292117132989,1.27,1.42,293713.2493862001,89811,2930,347009.6879221146,113769,4429,3485.059996950184,Indicadores_ocupabilidad_2024.csv,2024-11-01,20.251819631073477,18.26,0.49999999999999994,0.8660254037844387,20.36019718737095,21.049513149491798,22.70962531169169,293713.2493862001,347009.6879221146,3485.059996950184,21.373111882851475,0,92
20260330.0,2027,2,TT,TODAS CONSOLIDADAS,TT,TODAS CONSOLIDADAS,ÁNCASH,20000,1495.2924011014652,19906.77914895926,34438.56086081108,18.19,15.71,1.3920482028039527,1.27,1.42,320948.39786203427,89811,2930,376982.28605023434,113769,4429,3644.251874388372,Indicadores_ocupabilidad_2024.csv,2024-11-01,20.067451991735556,18.26,0.8660254037844386,0.5000000000000001,20.251819631073477,20.36019718737095,21.049513149491798,320948.39786203427,376982.28605023434,3644.251874388372,20.55384332264541,0,93
20260330.0,2027,3,TT,TODAS CONSOLIDADAS,TT,TODAS CONSOLIDADAS,ÁNCASH,20000,1531.4672804586212,20509.974463951876,35482.08369345452,18.19,15.71,1.4004172077355956,1.27,1.42,350708.97995058715,89811,2930,409543.7359303875,113769,4429,3810.7153781011357,Indicadores_ocupabilidad_2024.csv,2024-11-01,20.85183433158779,18.26,1.0,6.123233995736766e-17,20.067451991735556,20.251819631073477,20.36019718737095,350708.97995058715,409543.7359303875,3810.7153781011357,20.22648960339333,0,94
20260330.0,2027,4,TT,TODAS CONSOLIDADAS,TT,TODAS CONSOLIDADAS,ÁNCASH,20000,1568.5173210187236,21131.447200184084,36557.22631144989,18.19,15.71,1.4088365271918395,1.27,1.42,383229.1715344652,89811,2930,444917.6469195395,113769,4429,3984.7826641603046,Indicadores_ocupabilidad_2024.csv,2024-11-01,21.630180276444097,18.26,0.8660254037844387,-0.4999999999999998,20.85183433158779,20.067451991735556,20.251819631073477,383229.1715344652,444917.6469195395,3984.7826641603046,20.390368651465607,0,95
20260330.0,2027,5,TT,TODAS CONSOLIDADAS,TT,TODAS CONSOLIDADAS,ÁNCASH,20000,1606.4636951296768,21771.751181796866,37664.94682591314,18.19,15.71,1.417306463664009,1.27,1.42,418764.86292334157,89811,2930,483346.9423985207,113769,4429,4166.801060987316,Indicadores_ocupabilidad_2024.csv,2024-11-01,21.951457045600687,18.26,0.49999999999999994,-0.8660254037844387,21.630180276444097,20.85183433158779,20.067451991735556,418764.86292334157,483346.9423985207,4166.801060987316,20.84982219992248,0,96
20260330.0,2027,6,TT,TODAS CONSOLIDADAS,TT,TODAS CONSOLIDADAS,ÁNCASH,20000,1645.3280873516658,22431.457014356496,38806.23237968514,18.19,15.71,1.4258273214620085,1.27,1.42,457595.67236763425,89811,2930,525095.5280005973,113769,4429,4357.133762401491,Indicadores_ocupabilidad_2024.csv,2024-11-01,23.03298541826945,18.26,1.2246467991473532e-16,-1.0,21.951457045600687,21.630180276444097,20.85183433158779,457595.67236763425,525095.5280005973,4357.133762401491,21.477823884544193,0,97
20260330.0,2027,7,TT,TODAS CONSOLIDADAS,TT,TODAS CONSOLIDADAS,ÁNCASH,20000,1685.1327068488579,23111.152593348514,39982.10002702199,18.19,15.71,1.4343994067252566,1.27,1.42,500027.14627926785,89811,2930,570450.1039315355,113769,4429,4556.160552325626,Indicadores_ocupabilidad_2024.csv,2024-11-01,22.45225326449124,18.26,-0.4999999999999997,-0.8660254037844388,23.03298541826945,21.951457045600687,21.630180276444097,500027.14627926785,570450.1039315355,4556.160552325626,22.20487424677141,0,98
20260330.0,2027,8,TT,TODAS CONSOLIDADAS,TT,TODAS CONSOLIDADAS,ÁNCASH,20000,1725.9003000808912,23811.44362807957,41193.59763994079,18.19,15.71,1.443023027433684,1.27,1.42,546393.1634723055,89811,2930,619722.133826913,113769,4429,4764.278562594961,Indicadores_ocupabilidad_2024.csv,2024-11-01,22.228807454907994,18.26,-0.8660254037844385,-0.5000000000000004,22.45225326449124,23.03298541826945,21.951457045600687,546393.1634723055,619722.133826913,4764.278562594961,22.47889857612046,0,99
20260330.0,2027,9,TT,TODAS CONSOLIDADAS,TT,TODAS CONSOLIDADAS,ÁNCASH,20000,1767.6541638014016,24532.954181454013,42441.804842028636,18.19,15.71,1.4516984934187993,1.27,1.42,597058.5623416019,89811,2930,673249.9836674163,113769,4429,4981.903065381633,Indicadores_ocupabilidad_2024.csv,2024-11-01,22.17796276565572,18.26,-1.0,-1.8369701987210297e-16,22.228807454907994,22.45225326449124,23.03298541826945,597058.5623416019,673249.9836674163,4981.903065381633,22.57134871255623,0,100
20260330.0,2027,10,TT,TODAS CONSOLIDADAS,TT,TODAS CONSOLIDADAS,ÁNCASH,20000,1810.418158371017,25276.327226106256,43727.83397054695,18.19,15.71,1.460426116374821,1.27,1.42,652422.0116518517,89811,2930,731401.2454407065,113769,4429,5209.468301815782,Indicadores_ocupabilidad_2024.csv,2024-11-01,21.704186385809205,18.26,-0.8660254037844386,0.5000000000000001,22.17796276565572,22.228807454907994,22.45225326449124,652422.0116518517,731401.2454407065,5209.468301815782,22.286341161684987,0,101
20260330.0,2027,11,TT,TODAS CONSOLIDADAS,TT,TODAS CONSOLIDADAS,ÁNCASH,20000,1854.2167213924256,26042.225217384505,45052.831067688494,18.19,15.71,1.469206209869875,1.27,1.42,712919.147526293,89811,2930,794575.2615071423,113769,4429,5447.428348456734,Indicadores_ocupabilidad_2024.csv,2024-11-01,20.638153253125054,18.26,-0.5000000000000004,0.8660254037844384,21.704186385809205,22.17796276565572,22.228807454907994,712919.147526293,794575.2615071423,5447.428348456734,22.036985535457642,0,102
20260330.0,2027,12,TT,TODAS CONSOLIDADAS,TT,TODAS CONSOLIDADAS,ÁNCASH,20000,1899.0748816753123,26831.330683696477,46417.97690187053,18.19,15.71,1.4780390893572624,1.27,1.42,779026.0013189635,89811,2930,863205.8670049476,113769,4429,5696.258023343169,Indicadores_ocupabilidad_2024.csv,2024-11-01,20.530510648225512,18.26,-2.4492935982947064e-16,1.0,20.638153253125054,21.704186385809205,22.17796276565572,779026.0013189635,863205.8670049476,5696.258023343169,21.50676746819666,0,103
20260330.0,2028,1,TT,TODAS CONSOLIDADAS,TT,TODAS CONSOLIDADAS,ÁNCASH,20000,1960.578419727454,27920.790303090595,48302.73290017385,18.19,15.71,1.4898989223311647,1.27,1.42,876800.6277035652,89811,2930,964021.7714633286,113769,4429,6045.800640931648,Indicadores_ocupabilidad_2024.csv,2024-11-01,21.37678756124296,18.26,0.49999999999999994,0.8660254037844387,20.530510648225512,20.638153253125054,21.704186385809205,876800.6277035652,964021.7714633286,6045.800640931648,20.957616762386593,0,104
20260330.0,2028,2,TT,TODAS CONSOLIDADAS,TT,TODAS CONSOLIDADAS,ÁNCASH,20000,2024.0738145670407,29054.48635176519,50264.017549879834,18.19,15.71,1.5018539189845541,1.27,1.42,986846.8310938928,89811,2930,1076612.2096456597,113769,4429,6416.792434630112,Indicadores_ocupabilidad_2024.csv,2024-11-01,21.489597707461442,18.26,0.8660254037844386,0.5000000000000001,21.37678756124296,20.530510648225512,20.638153253125054,986846.8310938928,1076612.2096456597,6416.792434630112,20.84848382086451,0,105
20260330.0,2028,3,TT,TODAS CONSOLIDADAS,TT,TODAS CONSOLIDADAS,ÁNCASH,20000,2089.625574571758,30234.21500613713,52304.938221115335,18.19,15.71,1.5139048429138413,1.27,1.42,1110704.8025167584,89811,2930,1202352.3578712058,113769,4429,6810.549602042652,Indicadores_ocupabilidad_2024.csv,2024-11-01,22.0222656531972,18.26,1.0,6.123233995736766e-17,21.489597707461442,21.37678756124296,20.530510648225512,1110704.8025167584,1202352.3578712058,6810.549602042652,21.13229863897664,0,106
20260330.0,2028,4,TT,TODAS CONSOLIDADAS,TT,TODAS CONSOLIDADAS,ÁNCASH,20000,2157.300297290973,31461.845374588473,54428.72845569489,18.19,15.71,1.5260524638425597,1.27,1.42,1250108.040541922,89811,2930,1342778.002633138,113769,4429,7228.469107331667,Indicadores_ocupabilidad_2024.csv,2024-11-01,22.10877613937025,18.26,0.8660254037844387,-0.4999999999999998,22.0222656531972,21.489597707461442,21.37678756124296,1250108.040541922,1342778.002633138,7228.469107331667,21.629550307300534,0,107
20260330.0,2028,5,TT,TODAS CONSOLIDADAS,TT,TODAS CONSOLIDADAS,ÁNCASH,20000,2227.1667371057547,32739.322458796716,56638.753090197206,18.19,15.71,1.5382975576705282,1.27,1.42,1407007.6130817705,89811,2930,1499604.2986498473,113769,4429,7672.03363734066,Indicadores_ocupabilidad_2024.csv,2024-11-01,22.1176747036553,18.26,0.49999999999999994,-0.8660254037844387,22.10877613937025,22.0222656531972,21.489597707461442,1407007.6130817705,1499604.2986498473,7672.03363734066,21.873546500009628,0,108
20260330.0,2028,6,TT,TODAS CONSOLIDADAS,TT,TODAS CONSOLIDADAS,ÁNCASH,20000,2299.29587508014,34068.67023530693,58938.513587059104,18.19,15.71,1.5506409065234112,1.27,1.42,1583599.4642606042,89811,2930,1674746.717714515,113769,4429,8142.816861842313,Indicadores_ocupabilidad_2024.csv,2024-11-01,23.15009411086759,18.26,1.2246467991473532e-16,-1.0,22.1176747036553,22.10877613937025,22.0222656531972,1583599.4642606042,1674746.717714515,8142.816861842313,22.082905498740914,0,109
20260330.0,2028,7,TT,TODAS CONSOLIDADAS,TT,TODAS CONSOLIDADAS,ÁNCASH,20000,2373.760991074603,35451.994862228035,61331.653582133185,18.19,15.71,1.5630832988026746,1.27,1.42,1782355.1485365904,89811,2930,1870344.4442115778,113769,4429,8642.489016574074,Indicadores_ocupabilidad_2024.csv,2024-11-01,23.56852401541591,18.26,-0.4999999999999997,-0.8660254037844388,23.15009411086759,22.1176747036553,22.10877613937025,1782355.1485365904,1870344.4442115778,8642.489016574074,22.45884831796438,0,110
20260330.0,2028,8,TT,TODAS CONSOLIDADAS,TT,TODAS CONSOLIDADAS,ÁNCASH,20000,2450.637738194998,36891.488016133895,63821.96465749866,18.19,15.71,1.5756255292359422,1.27,1.42,2006056.4222267913,89811,2930,2088786.5030522381,113769,4429,9172.82282886862,Indicadores_ocupabilidad_2024.csv,2024-11-01,23.636341769784913,18.26,-0.8660254037844385,-0.5000000000000004,23.56852401541591,23.15009411086759,22.1176747036553,2006056.4222267913,2088786.5030522381,9172.82282886862,22.94543094331293,0,111
20260330.0,2028,9,TT,TODAS CONSOLIDADAS,TT,TODAS CONSOLIDADAS,ÁNCASH,20000,2530.0042196526047,38389.430364455875,66413.39234867139,18.19,15.71,1.5882683989277586,1.27,1.42,2257834.176573334,89811,2930,2332740.939154864,113769,4429,9735.699806902052,Indicadores_ocupabilidad_2024.csv,2024-11-01,23.93192113040919,18.26,-1.0,-1.8369701987210297e-16,23.636341769784913,23.56852401541591,23.15009411086759,2257834.176573334,2332740.939154864,9735.699806902052,23.451653298689468,0,112
20260330.0,2028,10,TT,TODAS CONSOLIDADAS,TT,TODAS CONSOLIDADAS,ÁNCASH,20000,2611.9410681133736,39948.19517886855,69110.04239573076,18.19,15.71,1.601012715410756,1.27,1.42,2541212.257252383,89811,2930,2605187.4048675937,113769,4429,10333.116914872686,Indicadores_ocupabilidad_2024.csv,2024-11-01,23.63537158087395,18.26,-0.8660254037844386,0.5000000000000001,23.93192113040919,23.636341769784913,23.56852401541591,2541212.257252383,2605187.4048675937,10333.116914872686,23.712262305203335,0,113
20260330.0,2028,11,TT,TODAS CONSOLIDADAS,TT,TODAS CONSOLIDADAS,ÁNCASH,20000,2696.5315276169754,41570.252095393276,71916.18724826744,18.19,15.71,1.6138592926972353,1.27,1.42,2860156.783617544,89811,2930,2909453.553354978,113769,4429,10967.193657792515,Indicadores_ocupabilidad_2024.csv,2024-11-01,23.137769202042744,18.26,-0.5000000000000004,0.8660254037844384,23.63537158087395,23.93192113040919,23.636341769784913,2860156.783617544,2909453.553354978,10967.193657792515,23.734544827022688,0,114
20260330.0,2028,12,TT,TODAS CONSOLIDADAS,TT,TODAS CONSOLIDADAS,ÁNCASH,20000,2783.8615381488853,43258.171027177144,74836.27283445797,18.19,15.71,1.6268089513311572,1.27,1.42,3219131.6579428096,89811,2930,3249255.682456414,113769,4429,11640.17960102664,Indicadores_ocupabilidad_2024.csv,2024-11-01,23.135644441533724,18.26,-2.4492935982947064e-16,1.0,23.137769202042744,23.63537158087395,23.93192113040919,3219131.6579428096,3249255.682456414,11640.17960102664,23.568353971108632,0,115
20260330.0,2029,1,TT,TODAS CONSOLIDADAS,TT,TODAS CONSOLIDADAS,ÁNCASH,20000,2897.0119815350376,45464.772498507824,78653.67486104094,18.19,15.71,1.643142243477435,1.27,1.42,3731855.8728114753,89811,2930,3730348.9609515737,113769,4429,12539.7792865272,Indicadores_ocupabilidad_2024.csv,2024-11-01,23.58005201180748,18.26,0.49999999999999994,0.8660254037844387,23.135644441533724,23.137769202042744,23.63537158087395,3731855.8728114753,3730348.9609515737,12539.7792865272,23.302928408150137,0,116
20260330.0,2029,2,TT,TODAS CONSOLIDADAS,TT,TODAS CONSOLIDADAS,ÁNCASH,20000,3014.761440591702,47783.93282144182,82665.80275625177,18.19,15.71,1.6596395231848318,1.27,1.42,4326243.762374542,89811,2930,4282674.166150096,113769,4429,13508.903637616368,Indicadores_ocupabilidad_2024.csv,2024-11-01,22.795036441260212,18.26,0.8660254037844386,0.5000000000000001,23.58005201180748,23.135644441533724,23.137769202042744,4326243.762374542,4282674.166150096,13508.903637616368,23.284488551794652,0,117
20260330.0,2029,3,TT,TODAS CONSOLIDADAS,TT,TODAS CONSOLIDADAS,ÁNCASH,20000,3137.296842957027,50221.39362863861,86882.5894964049,18.19,15.71,1.6763024369015935,1.27,1.42,5015302.232822896,89811,2930,4916778.08306994,113769,4429,14552.925798819551,Indicadores_ocupabilidad_2024.csv,2024-11-01,22.77357289702546,18.26,1.0,6.123233995736766e-17,22.795036441260212,23.58005201180748,23.135644441533724,5015302.232822896,4916778.08306994,14552.925798819551,23.170244298200473,0,118
20260330.0,2029,4,TT,TODAS CONSOLIDADAS,TT,TODAS CONSOLIDADAS,ÁNCASH,20000,3264.8127139692792,52783.18943372729,91314.47473943426,18.19,15.71,1.6931326476064383,1.27,1.42,5814109.853290486,89811,2930,5644769.081251103,113769,4429,15677.634172784536,Indicadores_ocupabilidad_2024.csv,2024-11-01,22.897550087224143,18.26,0.8660254037844387,-0.4999999999999998,22.77357289702546,22.795036441260212,23.58005201180748,5814109.853290486,5644769.081251103,15677.634172784536,23.049553783364384,0,119
20260330.0,2029,5,TT,TODAS CONSOLIDADAS,TT,TODAS CONSOLIDADAS,ÁNCASH,20000,3397.5114854764324,55475.66257117952,95972.430670748,18.19,15.71,1.7101318349745236,1.27,1.42,6740146.818051837,89811,2930,6480548.327036459,113769,4429,16889.264513091817,Indicadores_ocupabilidad_2024.csv,2024-11-01,22.586145548367288,18.26,0.49999999999999994,-0.8660254037844387,22.897550087224143,22.77357289702546,22.795036441260212,6740146.818051837,6480548.327036459,16889.264513091817,22.822053141836605,0,120
20260330.0,2029,6,TT,TODAS CONSOLIDADAS,TT,TODAS CONSOLIDADAS,ÁNCASH,20000,3535.6038171973655,58305.47889826609,100867.98916748165,18.19,15.71,1.72730169554508,1.27,1.42,7813677.4631431345,89811,2930,7440075.229746466,113769,4429,18194.534497325832,Indicadores_ocupabilidad_2024.csv,2024-11-01,23.39075940042793,18.26,1.2246467991473532e-16,-1.0,22.586145548367288,22.897550087224143,22.77357289702546,7813677.4631431345,7440075.229746466,18194.534497325832,22.75242284420563,0,121
20260330.0,2029,7,TT,TODAS CONSOLIDADAS,TT,TODAS CONSOLIDADAS,ÁNCASH,20000,3679.3089311448316,61279.64429797114,106013.27034840116,18.19,15.71,1.7446439428907277,1.27,1.42,9058193.707964031,89811,2930,8541672.190507453,113769,4429,19600.680972091548,Indicadores_ocupabilidad_2024.csv,2024-11-01,23.870972941359458,18.26,-0.4999999999999997,-0.8660254037844388,23.39075940042793,22.586145548367288,22.897550087224143,9058193.707964031,8541672.190507453,19600.680972091548,22.95815167867312,0,122
20260330.0,2029,8,TT,TODAS CONSOLIDADAS,TT,TODAS CONSOLIDADAS,ÁNCASH,20000,3828.8549596410962,64405.52202372084,111421.01258013796,18.19,15.71,1.7621603077884933,1.27,1.42,10500929.125630088,89811,2930,9806374.472986968,113769,4429,21115.50007647506,Indicadores_ocupabilidad_2024.csv,2024-11-01,24.073656082754905,18.26,-0.8660254037844385,-0.5000000000000004,23.870972941359458,23.39075940042793,22.586145548367288,10500929.125630088,9806374.472986968,21115.50007647506,23.28262596338489,0,123
20260330.0,2029,9,TT,TODAS CONSOLIDADAS,TT,TODAS CONSOLIDADAS,ÁNCASH,20000,3984.4793074787176,67690.8509288675,117104.60401404355,18.19,15.71,1.7798525383925436,1.27,1.42,12173454.89140473,89811,2930,11258331.876903526,113769,4429,22747.39046640587,Indicadores_ocupabilidad_2024.csv,2024-11-01,24.37661475052595,18.26,-1.0,-1.8369701987210297e-16,24.073656082754905,23.870972941359458,23.39075940042793,12173454.89140473,11258331.876903526,22747.39046640587,23.778462808180763,0,124
20260330.0,2029,10,TT,TODAS CONSOLIDADAS,TT,TODAS CONSOLIDADAS,ÁNCASH,20000,4146.429028801407,71143.76462606067,123078.11573174059,18.19,15.71,1.797722400408653,1.27,1.42,14112370.650266025,89811,2930,12925269.88436479,113769,4429,24505.399879570963,Indicadores_ocupabilidad_2024.csv,2024-11-01,24.265976222900296,18.26,-0.8660254037844386,0.5000000000000001,24.37661475052595,24.073656082754905,23.870972941359458,14112370.650266025,12925269.88436479,24505.399879570963,24.107081258213437,0,125
20260330.0,2029,11,TT,TODAS CONSOLIDADAS,TT,TODAS CONSOLIDADAS,ÁNCASH,20000,4314.961219303261,74772.81162393864,129356.3365814303,18.19,15.71,1.815771677270423,1.27,1.42,16360105.421765637,89811,2930,14839019.084736379,113769,4429,26399.275299051875,Indicadores_ocupabilidad_2024.csv,2024-11-01,23.794297859865292,18.26,-0.5000000000000004,0.8660254037844384,24.265976222900296,24.37661475052595,24.073656082754905,16360105.421765637,14839019.084736379,26399.275299051875,24.23874901872705,0,126
20260330.0,2029,12,TT,TODAS CONSOLIDADAS,TT,TODAS CONSOLIDADAS,ÁNCASH,20000,4490.343424368987,78586.97649099362,135954.80979120155,18.19,15.71,1.8340021703172722,1.27,1.42,18965846.06826777,89811,2930,17036122.98753884,113769,4429,28439.516993808473,Indicadores_ocupabilidad_2024.csv,2024-11-01,23.503211152564404,18.26,-2.4492935982947064e-16,1.0,23.794297859865292,24.265976222900296,24.37661475052595,18965846.06826777,17036122.98753884,28439.516993808473,24.145629611097178,0,127
20260330.0,2030,1,TT,TODAS CONSOLIDADAS,TT,TODAS CONSOLIDADAS,ÁNCASH,20000,4710.236896313472,83421.65911999681,144318.7701644866,18.19,15.71,1.8561205303721584,1.27,1.42,22646212.05343064,89811,2930,20106174.83294066,113769,4429,31096.99828666211,Indicadores_ocupabilidad_2024.csv,2024-11-01,24.01902309505476,18.26,0.49999999999999994,0.8660254037844387,23.503211152564404,23.794297859865292,24.265976222900296,22646212.05343064,20106174.83294066,31096.99828666211,23.854495078443332,0,128
20260330.0,2030,2,TT,TODAS CONSOLIDADAS,TT,TODAS CONSOLIDADAS,ÁNCASH,20000,4940.898617907058,88553.7721524443,153197.28263955694,18.19,15.71,1.8785056413935568,1.27,1.42,27040761.510081578,89811,2930,23729475.69752068,113769,4429,34002.8033053865,Indicadores_ocupabilidad_2024.csv,2024-11-01,23.298140758207737,18.26,0.8660254037844386,0.5000000000000001,24.01902309505476,23.503211152564404,23.794297859865292,27040761.510081578,23729475.69752068,34002.8033053865,23.772177369161486,0,129
20260330.0,2030,3,TT,TODAS CONSOLIDADAS,TT,TODAS CONSOLIDADAS,ÁNCASH,20000,5182.855913583161,94001.61355154932,162622.00253920647,18.19,15.71,1.9011607204408676,1.27,1.42,32288083.3810059,89811,2930,28005725.681679517,113769,4429,37180.1362294414,Indicadores_ocupabilidad_2024.csv,2024-11-01,23.928684805383558,18.26,1.0,6.123233995736766e-17,23.298140758207737,24.01902309505476,23.503211152564404,32288083.3810059,28005725.681679517,37180.1362294414,23.606791668608967,0,130
20260330.0,2030,4,TT,TODAS CONSOLIDADAS,TT,TODAS CONSOLIDADAS,ÁNCASH,20000,5436.661931011765,99784.60697397766,172626.5326264547,18.19,15.71,1.9240890233717431,1.27,1.42,38553660.11160994,89811,2930,33052591.677760147,113769,4429,40654.3695125524,Indicadores_ocupabilidad_2024.csv,2024-11-01,24.182400673385704,18.26,0.8660254037844387,-0.4999999999999998,23.928684805383558,23.298140758207737,24.01902309505476,38553660.11160994,33052591.677760147,40654.3695125524,23.748616219548683,0,131
20260330.0,2030,5,TT,TODAS CONSOLIDADAS,TT,TODAS CONSOLIDADAS,ÁNCASH,20000,5702.896905671099,105923.37102267837,183246.54291136263,18.19,15.71,1.9472938453100008,1.27,1.42,46035086.39586636,89811,2930,39008945.1362227,113769,4429,44453.24649333545,Indicadores_ocupabilidad_2024.csv,2024-11-01,24.725527172137024,18.26,0.49999999999999994,-0.8660254037844387,24.182400673385704,23.928684805383558,23.298140758207737,46035086.39586636,39008945.1362227,44453.24649333545,23.803075412325665,0,132
20260330.0,2030,6,TT,TODAS CONSOLIDADAS,TT,TODAS CONSOLIDADAS,ÁNCASH,20000,5982.169487345786,112439.79276015917,194519.8978283823,18.19,15.71,1.970778521119179,1.27,1.42,54968300.631895155,89811,2930,46038683.30436327,113769,4429,48607.10293851943,Indicadores_ocupabilidad_2024.csv,2024-11-01,26.658576253237833,18.26,1.2246467991473532e-16,-1.0,24.725527172137024,24.182400673385704,23.928684805383558,54968300.631895155,46038683.30436327,48607.10293851943,24.27887088363543,0,133
20260330.0,2030,7,TT,TODAS CONSOLIDADAS,TT,TODAS CONSOLIDADAS,ÁNCASH,20000,6275.11813158399,119357.1057443094,206486.79123767553,18.19,15.71,1.9945464258818049,1.27,1.42,65635025.605810896,89811,2930,54335239.08420914,113769,4429,53149.10928789057,Indicadores_ocupabilidad_2024.csv,2024-11-01,26.836334361611843,18.26,-0.4999999999999997,-0.8660254037844388,26.658576253237833,24.725527172137024,24.182400673385704,65635025.605810896,54335239.08420914,53149.10928789057,25.188834699586852,0,134
20260330.0,2030,8,TT,TODAS CONSOLIDADAS,TT,TODAS CONSOLIDADAS,ÁNCASH,20000,6582.412559294651,126699.97286499881,219189.8897317346,18.19,15.71,2.0186009753844414,1.27,1.42,78371653.05735824,89811,2930,64126903.604525216,113769,4429,58115.535535395145,Indicadores_ocupabilidad_2024.csv,2024-11-01,26.475002941634575,18.26,-0.8660254037844385,-0.5000000000000004,26.836334361611843,26.658576253237833,24.725527172137024,78371653.05735824,64126903.604525216,58115.535535395145,26.0734792623289,0,135
20260330.0,2030,9,TT,TODAS CONSOLIDADAS,TT,TODAS CONSOLIDADAS,ÁNCASH,20000,6904.755287821632,134494.57427679616,232674.48475824753,18.19,15.71,2.0429456266085855,1.27,1.42,93579852.31591263,89811,2930,75683107.96481194,113769,4429,63546.04086159694,Indicadores_ocupabilidad_2024.csv,2024-11-01,26.438175425969295,18.26,-1.0,-1.8369701987210297e-16,26.475002941634575,26.836334361611843,26.658576253237833,93579852.31591263,75683107.96481194,63546.04086159694,26.656637852161413,0,136
20260330.0,2030,10,TT,TODAS CONSOLIDADAS,TT,TODAS CONSOLIDADAS,ÁNCASH,20000,7242.883236995031,142768.70074132207,246988.65410158504,18.19,15.71,2.0675838782274845,1.27,1.42,111739237.56666015,89811,2930,89321837.00210935,113769,4429,69483.99033033692,Indicadores_ocupabilidad_2024.csv,2024-11-01,25.2926281969324,18.26,-0.8660254037844386,0.5000000000000001,26.438175425969295,26.475002941634575,26.836334361611843,111739237.56666015,89321837.00210935,69483.99033033692,26.58317090973857,0,137
20260330.0,2030,11,TT,TODAS CONSOLIDADAS,TT,TODAS CONSOLIDADAS,ÁNCASH,20000,7597.569413831308,151551.85271203733,262183.4332986529,18.19,15.71,2.0925192711089453,1.27,1.42,133422493.22887008,89811,2930,105418379.08058506,113769,4429,75976.80117856244,Indicadores_ocupabilidad_2024.csv,2024-11-01,24.09641254023204,18.26,-0.5000000000000004,0.8660254037844384,25.2926281969324,26.438175425969295,26.475002941634575,133422493.22887008,105418379.08058506,75976.80117856244,26.068602188178758,0,138
20260330.0,2030,12,TT,TODAS CONSOLIDADAS,TT,TODAS CONSOLIDADAS,ÁNCASH,20000,7969.624679733686,160875.34551474245,278312.9976002733,18.19,15.71,2.1177553888242087,1.27,1.42,159313434.4485573,89811,2930,124415652.66638546,113769,4429,83076.32146460832,Indicadores_ocupabilidad_2024.csv,2024-11-01,24.251238203402263,18.26,-2.4492935982947064e-16,1.0,24.09641254023204,25.2926281969324,26.438175425969295,159313434.4485573,124415652.66638546,83076.32146460832,25.27573872104458,0,139
